chr	pos	PN1_SID10	PN1_SID11	PN1_SID12	PN1_SID13	PN1_SID14	PN1_SID15	PN1_SID16	PN1_SID17	PN1_SID18	PN1_SID19	PN1_SID1	PN1_SID20	PN1_SID21	PN1_SID22	PN1_SID23	PN1_SID24	PN1_SID25	PN1_SID26	PN1_SID27	PN1_SID28	PN1_SID29	PN1_SID2	PN1_SID30	PN1_SID31	PN1_SID32	PN1_SID33	PN1_SID34	PN1_SID35	PN1_SID36	PN1_SID37	PN1_SID38	PN1_SID39	PN1_SID3	PN1_SID40	PN1_SID41	PN1_SID42	PN1_SID43	PN1_SID44	PN1_SID45	PN1_SID46	PN1_SID47	PN1_SID48	PN1_SID49	PN1_SID4	PN1_SID50	PN1_SID51	PN1_SID52	PN1_SID53	PN1_SID54	PN1_SID55	PN1_SID56	PN1_SID57	PN1_SID58	PN1_SID59	PN1_SID5	PN1_SID60	PN1_SID61	PN1_SID62	PN1_SID63	PN1_SID64	PN1_SID65	PN1_SID66	PN1_SID67	PN1_SID68	PN1_SID69	PN1_SID6	PN1_SID70	PN1_SID71	PN1_SID72	PN1_SID73	PN1_SID74	PN1_SID75	PN1_SID76	PN1_SID77	PN1_SID78	PN1_SID79	PN1_SID7	PN1_SID80	PN1_SID81	PN1_SID82	PN1_SID83	PN1_SID84	PN1_SID85	PN1_SID86	PN1_SID87	PN1_SID88	PN1_SID89	PN1_SID8	PN1_SID90	PN1_SID91	PN1_SID92	PN1_SID93	PN1_SID94	PN1_SID95	PN1_SID96	PN1_SID9	PN2_SID100	PN2_SID101	PN2_SID102	PN2_SID103	PN2_SID104	PN2_SID105	PN2_SID106	PN2_SID107	PN2_SID108	PN2_SID109	PN2_SID110	PN2_SID111	PN2_SID112	PN2_SID113	PN2_SID114	PN2_SID115	PN2_SID116	PN2_SID117	PN2_SID118	PN2_SID119	PN2_SID120	PN2_SID121	PN2_SID122	PN2_SID123	PN2_SID124	PN2_SID125	PN2_SID126	PN2_SID127	PN2_SID128	PN2_SID129	PN2_SID130	PN2_SID131	PN2_SID132	PN2_SID133	PN2_SID134	PN2_SID135	PN2_SID136	PN2_SID137	PN2_SID138	PN2_SID139	PN2_SID140	PN2_SID141	PN2_SID142	PN2_SID143	PN2_SID144	PN2_SID145	PN2_SID146	PN2_SID147	PN2_SID148	PN2_SID149	PN2_SID150	PN2_SID151	PN2_SID152	PN2_SID153	PN2_SID154	PN2_SID155	PN2_SID156	PN2_SID157	PN2_SID158	PN2_SID159	PN2_SID160	PN2_SID161	PN2_SID162	PN2_SID163	PN2_SID164	PN2_SID165	PN2_SID166	PN2_SID167	PN2_SID168	PN2_SID169	PN2_SID170	PN2_SID171	PN2_SID172	PN2_SID173	PN2_SID174	PN2_SID175	PN2_SID176	PN2_SID177	PN2_SID178	PN2_SID179	PN2_SID180	PN2_SID181	PN2_SID182	PN2_SID183	PN2_SID184	PN2_SID185	PN2_SID186	PN2_SID187	PN2_SID188	PN2_SID189	PN2_SID190	PN2_SID191	PN2_SID192	PN2_SID97	PN2_SID98	PN2_SID99	PN3_SID193	PN3_SID194	PN3_SID195	PN3_SID196	PN3_SID197	PN3_SID198	PN3_SID199	PN3_SID200	PN3_SID201	PN3_SID202	PN3_SID203	PN3_SID204	PN3_SID205	PN3_SID206	PN3_SID207	PN3_SID208	PN3_SID209	PN3_SID210	PN3_SID211	PN3_SID212	PN3_SID213	PN3_SID214	PN3_SID215	PN3_SID216	PN3_SID217	PN3_SID218	PN3_SID219	PN3_SID220	PN3_SID221	PN3_SID222	PN3_SID223	PN3_SID224	PN3_SID225	PN3_SID226	PN3_SID227	PN3_SID228	PN3_SID229	PN3_SID230	PN3_SID231	PN3_SID232	PN3_SID233	PN3_SID234	PN3_SID235	PN3_SID236	PN3_SID237	PN3_SID238	PN3_SID239	PN3_SID240	PN3_SID241	PN3_SID242	PN3_SID243	PN3_SID244	PN3_SID245	PN3_SID246	PN3_SID247	PN3_SID248	PN3_SID249	PN3_SID250	PN3_SID251	PN3_SID252	PN3_SID253	PN3_SID254	PN3_SID255	PN3_SID256	PN3_SID257	PN3_SID258	PN3_SID259	PN3_SID260	PN3_SID261	PN3_SID262	PN3_SID263	PN3_SID264	PN3_SID265	PN3_SID266	PN3_SID267	PN3_SID268	PN3_SID269	PN3_SID270	PN3_SID271	PN3_SID272	PN3_SID273	PN3_SID274	PN3_SID275	PN3_SID276	PN3_SID277	PN3_SID278	PN3_SID279	PN3_SID280	PN3_SID281	PN3_SID282	PN3_SID283	PN3_SID284	PN3_SID285	PN3_SID286	PN3_SID287	PN3_SID288	PN4_SID289	PN4_SID290	PN4_SID291	PN4_SID292	PN4_SID293	PN4_SID294	PN4_SID295	PN4_SID296	PN4_SID297	PN4_SID298	PN4_SID299	PN4_SID300	PN4_SID301	PN4_SID302	PN4_SID303	PN4_SID304	PN4_SID305	PN4_SID306	PN4_SID307	PN4_SID308	PN4_SID309	PN4_SID310	PN4_SID311	PN4_SID312	PN4_SID313	PN4_SID314	PN4_SID315	PN4_SID316	PN4_SID317	PN4_SID318	PN4_SID319	PN4_SID320	PN4_SID321	PN4_SID322	PN4_SID323	PN4_SID324	PN4_SID325	PN4_SID326	PN4_SID327	PN4_SID328	PN4_SID329	PN4_SID330	PN4_SID331	PN4_SID332	PN4_SID333	PN4_SID334	PN4_SID335	PN4_SID336	PN4_SID337	PN4_SID338	PN4_SID339	PN4_SID340	PN4_SID341	PN4_SID342	PN4_SID343	PN4_SID344	PN4_SID345	PN4_SID346	PN4_SID347	PN4_SID348	PN4_SID349	PN4_SID350	PN4_SID351	PN4_SID352	PN4_SID353	PN4_SID354	PN4_SID355	PN4_SID356	PN4_SID357	PN4_SID358	PN4_SID359	PN4_SID360	PN4_SID361	PN4_SID362	PN4_SID363	PN4_SID364	PN4_SID365	PN4_SID366	PN4_SID367	PN4_SID368	PN4_SID369	PN4_SID370	PN4_SID371	PN4_SID372	PN4_SID373	PN4_SID374	PN4_SID375	PN4_SID376	PN4_SID377	PN4_SID378	PN4_SID379	PN4_SID380	PN4_SID381	PN4_SID382	PN4_SID383	PN4_SID384
chr9	17933600	0	0	0	0	0	0	0	0	0	0	0	0	0	0	0	0	0	0	0	0	0	0	0	0	0	0	0	0	0	0	0	0	0	0	0	0	0	0	0	0	0	0	0	0	0	0	0	0	0	0	0	0	0	0	0	0	0	0	0	0	0	0	0	0	0	0	0	0	0	0	0	0	0	0	0	0	0	0	0	0	0	0	0	0	0	0	0	0	0	0	0	0	2	0	0	0	0	0	0	0	0	0	0	0	0	0	0	0	0	0	0	0	0	1	0	0	0	0	0	0	0	0	0	0	0	0	0	0	0	0	0	0	0	0	0	0	0	0	0	0	0	0	0	0	0	0	0	0	0	0	0	0	0	0	0	0	0	0	0	0	0	0	0	0	0	0	0	0	0	0	0	0	0	0	0	0	0	0	0	0	0	0	0	0	0	0	0	0	0	0	0	0	0	0	0	0	0	0	0	0	0	0	0	0	0	0	0	0	0	0	0	0	0	0	0	0	0	0	0	0	0	0	0	0	0	0	0	0	0	0	0	0	0	0	0	0	0	0	0	0	0	0	0	0	0	0	0	0	0	0	0	0	0	0	0	0	0	0	0	0	0	0	0	0	0	0	0	0	0	0	0	0	0	0	0	0	0	0	0	0	0	0	0	0	0	0	0	0	0	0	0	0	0	0	0	0	0	0	0	0	0	0	0	0	0	0	0	0	0	0	0	0	0	0	0	0	0	0	0	0	0	0	0	0	0	0	0	0	0	0	0	0	0	0	0	0	0	0	0	0	0	0	0	0	0	0	0	0	0	0	0	0	0	0	0	0	0	0	0	0	0	0	0	0	0	0	0	0	0	0	0	0	0	0	0	0	0	0	0	0	0	0	0	0
chr9	17933601	0	0	0	0	0	0	0	0	0	0	0	0	0	0	0	0	0	0	0	0	0	0	0	0	0	0	0	0	0	0	0	0	0	0	0	0	0	0	0	0	0	0	0	0	0	0	0	0	0	0	0	0	0	0	0	0	0	0	0	0	0	0	0	0	0	0	0	0	0	0	0	0	0	0	0	0	0	0	0	0	0	0	0	0	0	0	0	0	0	0	0	0	2	0	0	0	0	0	0	0	0	0	0	0	0	0	0	0	0	0	0	0	0	1	0	0	0	0	0	0	0	0	0	0	0	0	0	0	0	0	0	0	0	0	0	0	0	0	0	0	0	0	0	0	0	0	0	0	0	0	0	0	0	0	0	0	0	0	0	0	0	0	0	0	0	0	0	0	0	0	0	0	0	0	0	0	0	0	0	0	0	0	0	0	0	0	0	0	0	0	0	0	0	0	0	0	0	0	0	0	0	0	0	0	0	0	0	0	0	0	0	0	0	0	0	0	0	0	0	0	0	0	0	0	0	0	0	0	0	0	0	0	0	0	0	0	0	0	0	0	0	0	0	0	0	0	0	0	0	0	0	0	0	0	0	0	0	0	0	0	0	0	0	0	0	0	0	0	0	0	0	0	0	0	0	0	0	0	0	0	0	0	0	0	0	0	0	0	0	0	0	0	0	0	0	0	0	0	0	0	0	0	0	0	0	0	0	0	0	0	0	0	0	0	0	0	0	0	0	0	0	0	0	0	0	0	0	0	0	0	0	0	0	0	0	0	0	0	0	0	0	0	0	0	0	0	0	0	0	0	0	0	0	0	0	0	0	0	0	0	0	0	0	0	0	0	0	0	0	0	0	0	0	0	0	0	0	0	0	0	0	0	0	0
chr9	17933602	0	0	0	0	0	0	0	0	0	0	0	0	0	0	0	0	0	0	0	0	0	0	0	0	0	0	0	0	0	0	0	0	0	0	0	0	0	0	0	0	0	0	0	0	0	0	0	0	0	0	0	0	0	0	0	0	0	0	0	0	0	0	0	0	0	0	0	0	0	0	0	0	0	0	0	0	0	0	0	0	0	0	0	0	0	0	0	0	0	0	0	0	2	0	0	0	0	0	0	0	0	0	0	0	0	0	0	0	0	0	0	0	0	1	0	0	0	0	0	0	0	0	0	0	0	0	0	0	0	0	0	0	0	0	0	0	0	0	0	0	0	0	0	0	0	0	0	0	0	0	0	0	0	0	0	0	0	0	0	0	0	0	0	0	0	0	0	0	0	0	0	0	0	0	0	0	0	0	0	0	0	0	0	0	0	0	0	0	0	0	0	0	0	0	0	0	0	0	0	0	0	0	0	0	0	0	0	0	0	0	0	0	0	0	0	0	0	0	0	0	0	0	0	0	0	0	0	0	0	0	0	0	0	0	0	0	0	0	0	0	0	0	0	0	0	0	0	0	0	0	0	0	0	0	0	0	0	0	0	0	0	0	0	0	0	0	0	0	0	0	0	0	0	0	0	0	0	0	0	0	0	0	0	0	0	0	0	0	0	0	0	0	0	0	0	0	0	0	0	0	0	0	0	0	0	0	0	0	0	0	0	0	0	0	0	0	0	0	0	0	0	0	0	0	0	0	0	0	0	0	0	0	0	0	0	0	0	0	0	0	0	0	0	0	0	0	0	0	0	0	0	0	0	0	0	0	0	0	0	0	0	0	0	0	0	0	0	0	0	0	0	0	0	0	0	0	0	0	0	0	0	0	0	0
chr9	17933603	0	0	0	0	0	0	0	0	0	0	0	0	0	0	0	0	0	0	0	0	0	0	0	0	0	0	0	0	0	0	0	0	0	0	0	0	0	0	0	0	0	0	0	0	0	0	0	0	0	0	0	0	0	0	0	0	0	0	0	0	0	0	0	0	0	0	0	0	0	0	0	0	0	0	0	0	0	0	0	0	0	0	0	0	0	0	0	0	0	0	0	0	2	0	0	0	0	0	0	0	0	0	0	0	0	0	0	0	0	0	0	0	0	1	0	0	0	0	0	0	0	0	0	0	0	0	0	0	0	0	0	0	0	0	0	0	0	0	0	0	0	0	0	0	0	0	0	0	0	0	0	0	0	0	0	0	0	0	0	0	0	0	0	0	0	0	0	0	0	0	0	0	0	0	0	0	0	0	0	0	0	0	0	0	0	0	0	0	0	0	0	0	0	0	0	0	0	0	0	0	0	0	0	0	0	0	0	0	0	0	0	0	0	0	0	0	0	0	0	0	0	0	0	0	0	0	0	0	0	0	0	0	0	0	0	0	0	0	0	0	0	0	0	0	0	0	0	0	0	0	0	0	0	0	0	0	0	0	0	0	0	0	0	0	0	0	0	0	0	0	0	0	0	0	0	0	0	0	0	0	0	0	0	0	0	0	0	0	0	0	0	0	0	0	0	0	0	0	0	0	0	0	0	0	0	0	0	0	0	0	0	0	0	0	0	0	0	0	0	0	0	0	0	0	0	0	0	0	0	0	0	0	0	0	0	0	0	0	0	0	0	0	0	0	0	0	0	0	0	0	0	0	0	0	0	0	0	0	0	0	0	0	0	0	0	0	0	0	0	0	0	0	0	0	0	0	0	0	0	0	0	0	0	0
chr9	17933604	0	0	0	0	0	0	0	0	0	0	0	0	0	0	0	0	0	0	0	0	0	0	0	0	0	0	0	0	0	0	0	0	0	0	0	0	0	0	0	0	0	0	0	0	0	0	0	0	0	0	0	0	0	0	0	0	0	0	0	0	0	0	0	0	0	0	0	0	0	0	0	0	0	0	0	0	0	0	0	0	0	0	0	0	0	0	0	0	0	0	0	0	2	0	0	0	0	0	0	0	0	0	0	0	0	0	0	0	0	0	0	0	0	1	0	0	0	0	0	0	0	0	0	0	0	0	0	0	0	0	0	0	0	0	0	0	0	0	0	0	0	0	0	0	0	0	0	0	0	0	0	0	0	0	0	0	0	0	0	0	0	0	0	0	0	0	0	0	0	0	0	0	0	0	0	0	0	0	0	0	0	0	0	0	0	0	0	0	0	0	0	0	0	0	0	0	0	0	0	0	0	0	0	0	0	0	0	0	0	0	0	0	0	0	0	0	0	0	0	0	0	0	0	0	0	0	0	0	0	0	0	0	0	0	0	0	0	0	0	0	0	0	0	0	0	0	0	0	0	0	0	0	0	0	0	0	0	0	0	0	0	0	0	0	0	0	0	0	0	0	0	0	0	0	0	0	0	0	0	0	0	0	0	0	0	0	0	0	0	0	0	0	0	0	0	0	0	0	0	0	0	0	0	0	0	0	0	0	0	0	0	0	0	0	0	0	0	0	0	0	0	0	0	0	0	0	0	0	0	0	0	0	0	0	0	0	0	0	0	0	0	0	0	0	0	0	0	0	0	0	0	0	0	0	0	0	0	0	0	0	0	0	0	0	0	0	0	0	0	0	0	0	0	0	0	0	0	0	0	0	0	0	0	0
chr9	17933605	0	0	0	0	0	0	0	0	0	0	0	0	0	0	0	0	0	0	0	0	0	0	0	0	0	0	0	0	0	0	0	0	0	0	0	0	0	0	0	0	0	0	0	0	0	0	0	0	0	0	0	0	0	0	0	0	0	0	0	0	0	0	0	0	0	0	0	0	0	0	0	0	0	0	0	0	0	0	0	0	0	0	0	0	0	0	0	0	0	0	0	0	2	0	0	0	0	0	0	0	0	0	0	0	0	0	0	0	0	0	0	0	0	1	0	0	0	0	0	0	0	0	0	0	0	0	0	0	0	0	0	0	0	0	0	0	0	0	0	0	0	0	0	0	0	0	0	0	0	0	0	0	0	0	0	0	0	0	0	0	0	0	0	0	0	0	0	0	0	0	0	0	0	0	0	0	0	0	0	0	0	0	0	0	0	0	0	0	0	0	0	0	0	0	0	0	0	0	0	0	0	0	0	0	0	0	0	0	0	0	0	0	0	0	0	0	0	0	0	0	0	0	0	0	0	0	0	0	0	0	0	0	0	0	0	0	0	0	0	0	0	0	0	0	0	0	0	0	0	0	0	0	0	0	0	0	0	0	0	0	0	0	0	0	0	0	0	0	0	0	0	0	0	0	0	0	0	0	0	0	0	0	0	0	0	0	0	0	0	0	0	0	0	0	0	0	0	0	0	0	0	0	0	0	0	0	0	0	0	0	0	0	0	0	0	0	0	0	0	0	0	0	0	0	0	0	0	0	0	0	0	0	0	0	0	0	0	0	0	0	0	0	0	0	0	0	0	0	0	0	0	0	0	0	0	0	0	0	0	0	0	0	0	0	0	0	0	0	0	0	0	0	0	0	0	0	0	0	0	0	0	0	0	0
chr9	17933606	0	0	0	0	0	0	0	0	0	0	0	0	0	0	0	0	0	0	0	0	0	0	0	0	0	0	0	0	0	0	0	0	0	0	0	0	0	0	0	0	0	0	0	0	0	0	0	0	0	0	0	0	0	0	0	0	0	0	0	0	0	0	0	0	0	0	0	0	0	0	0	0	0	0	0	0	0	0	0	0	0	0	0	0	0	0	0	0	0	0	0	0	2	0	0	0	0	0	0	0	0	0	0	0	0	0	0	0	0	0	0	0	0	1	0	0	0	0	0	0	0	0	0	0	0	0	0	0	0	0	0	0	0	0	0	0	0	0	0	0	0	0	0	0	0	0	0	0	0	0	0	0	0	0	0	0	0	0	0	0	0	0	0	0	0	0	0	0	0	0	0	0	0	0	0	0	0	0	0	0	0	0	0	0	0	0	0	0	0	0	0	0	0	0	0	0	0	0	0	0	0	0	0	0	0	0	0	0	0	0	0	0	0	0	0	0	0	0	0	0	0	0	0	0	0	0	0	0	0	0	0	0	0	0	0	0	0	0	0	0	0	0	0	0	0	0	0	0	0	0	0	0	0	0	0	0	0	0	0	0	0	0	0	0	0	0	0	0	0	0	0	0	0	0	0	0	0	0	0	0	0	0	0	0	0	0	0	0	0	0	0	0	0	0	0	0	0	0	0	0	0	0	0	0	0	0	0	0	0	0	0	0	0	0	0	0	0	0	0	0	0	0	0	0	0	0	0	0	0	0	0	0	0	0	0	0	0	1	0	0	0	0	0	0	0	0	0	0	0	0	0	0	0	0	0	0	0	0	0	0	0	0	0	0	0	0	0	0	0	0	0	0	0	0	0	0	0	0	0	0	0	0	0	0
chr9	17933607	0	0	0	0	0	0	0	0	0	0	0	0	0	0	0	0	0	0	0	0	0	0	0	0	0	0	0	0	0	0	0	0	0	0	0	0	0	0	0	0	0	0	0	0	0	0	0	0	0	0	0	0	0	0	0	0	0	0	0	0	0	0	0	0	0	0	0	0	0	0	0	0	0	0	0	0	0	0	0	0	0	0	0	0	0	0	0	0	0	0	0	0	2	0	0	0	0	0	0	0	0	0	0	0	0	0	0	0	0	0	0	0	0	1	0	0	0	0	0	0	0	0	0	0	0	0	0	0	0	0	0	0	0	0	0	0	0	0	0	0	0	0	0	0	0	0	0	0	0	0	0	0	0	0	0	0	0	0	0	0	0	0	0	0	0	0	0	0	0	0	0	0	0	0	0	0	0	0	0	0	0	0	0	0	0	0	0	0	0	0	0	0	0	0	0	0	0	0	0	0	0	0	0	0	0	0	0	0	0	0	0	0	0	0	0	0	0	0	0	0	0	0	0	0	0	0	0	0	0	0	0	0	0	0	0	0	0	0	0	0	0	0	0	0	0	0	0	0	0	0	0	0	0	0	0	0	0	0	0	0	0	0	0	0	0	0	0	0	0	0	0	0	0	0	0	0	0	0	0	0	0	0	0	0	0	0	0	0	0	0	0	0	0	0	0	0	0	0	0	0	0	0	0	0	0	0	0	0	0	0	0	0	0	0	0	0	0	0	0	0	0	0	0	0	0	0	0	0	0	0	0	0	0	0	0	0	0	1	0	0	0	0	0	0	0	0	0	0	0	0	0	0	0	0	0	0	0	0	0	0	0	0	0	0	0	0	0	0	0	0	0	0	0	0	0	0	0	0	0	0	0	0	0	0
chr9	17933608	0	0	0	0	0	0	0	0	0	0	0	0	0	0	0	0	0	0	0	0	0	0	0	0	0	0	0	0	0	0	0	0	0	0	0	0	0	0	0	0	0	0	0	0	0	0	0	0	0	0	0	0	0	0	0	0	0	0	0	0	0	0	0	0	0	0	0	0	0	0	0	0	0	0	0	0	0	0	0	0	0	0	0	0	0	0	0	0	0	0	0	0	2	0	0	0	0	0	0	0	0	0	0	0	0	0	0	0	0	0	0	0	0	1	0	0	0	0	0	0	0	0	0	0	0	0	0	0	0	0	0	0	0	0	0	0	0	0	0	0	0	0	0	0	0	0	0	0	0	0	0	0	0	0	0	0	0	0	0	0	0	0	0	0	0	0	0	0	0	0	0	0	0	0	0	0	0	0	0	0	0	0	0	0	0	0	0	0	0	0	0	0	0	0	0	0	0	0	0	0	0	0	0	0	0	0	0	0	0	0	0	0	0	0	0	0	0	0	0	0	0	0	0	0	0	0	0	0	0	0	0	0	0	0	0	0	0	0	0	0	0	0	0	0	0	0	0	0	0	0	0	0	0	0	0	0	0	0	0	0	0	0	0	0	0	0	0	0	0	0	0	0	0	0	0	0	0	0	0	0	0	0	0	0	0	0	0	0	0	0	0	0	0	0	0	0	0	0	0	0	0	0	0	0	0	0	0	0	0	0	0	0	0	0	0	0	0	0	0	0	0	0	0	0	0	0	0	0	0	0	0	0	0	0	0	0	0	1	0	0	0	0	0	0	0	0	0	0	0	0	0	0	0	0	0	0	0	0	0	0	0	0	0	0	0	0	0	0	0	0	0	0	0	0	0	0	0	0	0	0	0	0	0	0
chr9	17933609	0	0	0	0	0	0	0	0	0	0	0	0	0	0	0	0	0	0	0	0	0	0	0	0	0	0	0	0	0	0	0	0	0	0	0	0	0	0	0	0	0	0	0	0	0	0	0	0	0	0	0	0	0	0	0	0	0	0	0	0	0	0	0	0	0	0	0	0	0	0	0	0	0	0	0	0	0	0	0	0	0	0	0	0	0	0	0	0	0	0	0	0	2	0	0	0	0	0	0	0	0	0	0	0	0	0	0	0	0	0	0	0	0	1	0	0	0	0	0	0	0	0	0	0	0	0	0	0	0	0	0	0	0	0	0	0	0	0	0	0	0	0	0	0	0	0	0	0	0	0	0	0	0	0	0	0	0	0	0	0	0	0	0	0	0	0	0	0	0	0	0	0	0	0	0	0	0	0	0	0	0	0	0	0	0	0	0	0	0	0	0	0	0	0	0	0	0	0	0	0	0	0	0	0	0	0	0	0	0	0	0	0	0	0	0	0	0	0	0	0	0	0	0	0	0	0	0	0	0	0	0	0	0	0	0	0	0	0	0	0	0	0	0	0	0	0	0	0	0	0	0	0	0	0	0	0	0	0	0	0	0	0	0	0	0	0	0	0	0	0	0	0	0	0	0	0	0	0	0	0	0	0	0	0	0	0	0	0	0	0	0	0	0	0	0	0	0	0	0	0	0	0	0	0	0	0	0	0	0	0	0	0	0	0	0	0	0	0	0	0	0	0	0	0	0	0	0	0	0	0	0	0	0	0	0	0	0	1	0	0	0	0	0	0	0	0	0	0	0	0	0	0	0	0	0	0	0	0	0	0	0	0	0	0	0	0	0	0	0	0	0	0	0	0	0	0	0	0	0	0	0	0	0	0
chr9	17933610	0	0	0	0	0	0	0	0	0	0	0	0	0	0	0	0	0	0	0	0	0	0	0	0	0	0	0	0	0	0	0	0	0	0	0	0	0	0	0	0	0	0	0	0	0	0	0	0	0	0	0	0	0	0	0	0	0	0	0	0	0	0	0	0	0	0	0	0	0	0	0	0	0	0	0	0	0	0	0	0	0	0	0	0	0	0	0	0	0	0	0	0	2	0	0	0	0	0	0	0	0	0	0	0	0	0	0	0	0	0	0	0	0	1	0	0	0	0	0	0	0	0	0	0	0	0	0	0	0	0	0	0	0	0	0	0	0	0	0	0	0	0	0	0	0	0	0	0	0	0	0	0	0	0	0	0	0	0	0	0	0	0	0	0	0	0	0	0	0	0	0	0	0	0	0	0	0	0	0	0	0	0	0	0	0	0	0	0	0	0	0	0	0	0	0	0	0	0	0	0	0	0	0	0	0	0	0	0	0	0	0	0	0	0	0	0	0	0	0	0	0	0	0	0	0	0	0	0	0	0	0	0	0	0	0	0	0	0	0	0	0	0	0	0	0	0	0	0	0	0	0	0	0	0	0	0	0	0	0	0	0	0	0	0	0	0	0	0	0	0	0	0	0	0	0	0	0	0	0	0	0	0	0	0	0	0	0	0	0	0	0	0	0	0	0	0	0	0	0	0	0	0	0	0	0	0	0	0	0	0	0	0	0	0	0	0	0	0	0	0	0	0	0	0	0	0	0	0	0	0	0	0	0	0	0	0	0	1	0	0	0	0	0	0	0	0	0	0	0	0	0	0	0	0	0	0	0	0	0	0	0	0	0	0	0	0	0	0	0	0	0	0	0	0	0	0	0	0	0	0	0	0	0	0
chr9	17933611	0	0	0	0	0	0	0	0	0	0	0	0	0	0	0	0	0	0	0	0	0	0	0	0	0	0	0	0	0	0	0	0	0	0	0	0	0	0	0	0	0	0	0	0	0	0	0	0	0	0	0	0	0	0	0	0	0	0	0	0	0	0	0	0	0	0	0	0	0	0	0	0	0	0	0	0	0	0	0	0	0	0	0	0	0	0	0	0	0	0	0	0	2	0	0	0	0	0	0	0	0	0	0	0	0	0	0	0	0	0	0	0	0	1	0	0	0	0	0	0	0	0	0	0	0	0	0	0	0	0	0	0	0	0	0	0	0	0	0	0	0	0	0	0	0	0	0	0	0	0	0	0	0	0	0	0	0	0	0	0	0	0	0	0	0	0	0	0	0	0	0	0	0	0	0	0	0	0	0	0	0	0	0	0	0	0	0	0	0	0	0	0	0	0	0	0	0	0	0	0	0	0	0	0	0	0	0	0	0	0	0	0	0	0	0	0	0	0	0	0	0	0	0	0	0	0	0	0	0	0	0	0	0	0	0	0	0	0	0	0	0	0	0	0	0	0	0	0	0	0	0	0	0	0	0	0	0	0	0	0	0	0	0	0	0	0	0	0	0	0	0	0	0	0	0	0	0	0	0	0	0	0	0	0	0	0	0	0	0	0	0	0	0	0	0	0	0	0	0	0	0	0	0	0	0	0	0	0	0	0	0	0	0	0	0	0	0	0	0	0	0	0	0	0	0	0	0	0	0	0	0	0	0	0	0	0	0	1	0	0	0	0	0	0	0	0	0	0	0	0	0	0	0	0	0	0	0	0	0	0	0	0	0	0	0	0	0	0	0	0	0	0	0	0	0	0	0	0	0	0	0	0	0	0
chr9	17933612	0	0	0	0	0	0	0	0	0	0	0	0	0	0	0	0	0	0	0	0	0	0	0	0	0	0	0	0	0	0	0	0	0	0	0	0	0	0	0	0	0	0	0	0	0	0	0	0	0	0	0	0	0	0	0	0	0	0	0	0	0	0	0	0	0	0	0	0	0	0	0	0	0	0	0	0	0	0	0	0	0	0	0	0	0	0	0	0	0	0	0	0	2	0	0	0	0	0	0	0	0	0	0	0	0	0	0	0	0	0	0	0	0	1	0	0	0	0	0	0	0	0	0	0	0	0	0	0	0	0	0	0	0	0	0	0	0	0	0	0	0	0	0	0	0	0	0	0	0	0	0	0	0	0	0	0	0	0	0	0	0	0	0	0	0	0	0	0	0	0	0	0	0	0	0	0	0	0	0	0	0	0	0	0	0	0	0	0	0	0	0	0	0	0	0	0	0	0	0	0	0	0	0	0	0	0	0	0	0	0	0	0	0	0	0	0	0	0	0	0	0	0	0	0	0	0	0	0	0	0	0	0	0	0	0	0	0	0	0	0	0	0	0	0	0	0	0	0	0	0	0	0	0	0	0	0	0	0	0	0	0	0	0	0	0	0	0	0	0	0	0	0	0	0	0	0	0	0	0	0	0	0	0	0	0	0	0	0	0	0	0	0	0	0	0	0	0	0	0	0	0	0	0	0	0	0	0	0	0	0	0	0	0	0	0	0	0	0	0	0	0	0	0	0	0	0	0	0	0	0	0	0	0	0	0	0	0	1	0	0	0	0	0	0	0	0	0	0	0	0	0	0	0	0	0	0	0	0	0	0	0	0	0	0	0	0	0	0	0	0	0	0	0	0	0	0	0	0	0	0	0	0	0	0
chr9	17933613	0	0	0	0	0	0	0	0	0	0	0	0	0	0	0	0	0	0	0	0	0	0	0	0	0	0	0	0	0	0	0	0	0	0	0	0	0	0	0	0	0	0	0	0	0	0	0	0	0	0	0	0	0	0	0	0	0	0	0	0	0	0	0	0	0	0	0	0	0	0	0	0	0	0	0	0	0	0	0	0	0	0	0	0	0	0	0	0	0	0	0	0	2	0	0	0	0	0	0	0	0	0	0	0	0	0	0	0	0	0	0	0	0	1	0	0	0	0	0	0	0	0	0	0	0	0	0	0	0	0	0	0	0	0	0	0	0	0	0	0	0	0	0	0	0	0	0	0	0	0	0	0	0	0	0	0	0	0	0	0	0	0	0	0	0	0	0	0	0	0	0	0	0	0	0	0	0	0	0	0	0	0	0	0	0	0	0	0	0	0	0	0	0	0	0	0	0	0	0	0	0	0	0	0	0	0	0	0	0	0	0	0	0	0	0	0	0	0	0	0	0	0	0	0	0	0	0	0	0	0	0	0	0	0	0	0	0	0	0	0	0	0	0	0	0	0	0	0	0	0	0	0	0	0	0	0	0	0	0	0	0	0	0	0	0	0	0	0	0	0	0	0	0	0	0	0	0	0	0	0	0	0	0	0	0	0	0	0	0	0	0	0	0	0	0	0	0	0	0	0	0	0	0	0	0	0	0	0	0	0	0	0	0	0	0	0	0	0	0	0	0	0	0	0	0	0	0	0	0	0	0	0	0	0	0	0	0	1	0	0	0	0	0	0	0	0	0	0	0	0	0	0	0	0	0	0	0	0	0	0	0	0	0	0	0	0	0	0	0	0	0	0	0	0	0	0	0	0	0	0	0	0	0	0
chr9	17933614	0	0	0	0	0	0	0	0	0	0	0	0	0	0	0	0	0	0	0	0	0	0	0	0	0	0	0	0	0	0	0	0	0	0	0	0	0	0	0	0	0	0	0	0	0	0	0	0	0	0	0	0	0	0	0	0	0	0	0	0	0	0	0	0	0	0	0	0	0	0	0	0	0	0	0	0	0	0	0	0	0	0	0	0	0	0	0	0	0	0	0	0	2	0	0	0	0	0	0	0	0	0	0	0	0	0	0	0	0	0	0	0	0	1	0	0	0	0	0	0	0	0	0	0	0	0	0	0	0	0	0	0	0	0	0	0	0	0	0	0	0	0	0	0	0	0	0	0	0	0	0	0	0	0	0	0	0	0	0	0	0	0	0	0	0	0	0	0	0	0	0	0	0	0	0	0	0	0	0	0	0	0	0	0	0	0	0	0	0	0	0	0	0	0	0	0	0	0	0	0	0	0	0	0	0	0	0	0	0	0	0	0	0	0	0	0	0	0	0	0	0	0	0	0	0	0	0	0	0	0	0	0	0	0	0	0	0	0	0	0	0	0	0	0	0	0	0	0	0	0	0	0	0	0	0	0	0	0	0	0	0	0	0	0	0	0	0	0	0	0	0	0	0	0	0	0	0	0	0	0	0	0	0	0	0	0	0	0	0	0	0	0	0	0	0	0	0	0	0	0	0	0	0	0	0	0	0	0	0	0	0	0	0	0	0	0	0	0	0	0	0	0	0	0	0	0	0	0	0	0	0	0	0	0	0	0	0	1	0	0	0	0	0	0	0	0	0	0	0	0	0	0	0	0	0	0	0	0	0	0	0	0	0	0	0	0	0	0	0	0	0	0	0	0	0	0	0	0	0	0	0	0	0	0
chr9	17933615	0	0	0	0	0	0	0	0	0	0	0	0	0	0	0	0	0	0	0	0	0	0	0	0	0	0	0	0	0	0	0	0	0	0	0	0	0	0	0	0	0	0	0	0	0	0	0	0	0	0	0	0	0	0	0	0	0	0	0	0	0	0	0	0	0	0	0	0	0	0	0	0	0	0	0	0	0	0	0	0	0	0	0	0	0	0	0	0	0	0	0	0	2	0	0	0	0	0	0	0	0	0	0	0	0	0	0	0	0	0	0	0	0	1	0	0	0	0	0	0	0	0	0	0	0	0	0	0	0	0	0	0	0	0	0	0	0	0	0	0	0	0	0	0	0	0	0	0	0	0	0	0	0	0	0	0	0	0	0	0	0	0	0	0	0	0	0	0	0	0	0	0	0	0	0	0	0	0	0	0	0	0	0	0	0	0	0	0	0	0	0	0	0	0	0	0	0	0	0	0	0	0	0	0	0	0	0	0	0	0	0	0	0	0	0	0	0	0	0	0	0	0	0	0	0	0	0	0	0	0	0	0	0	0	0	0	0	0	0	0	0	0	0	0	0	0	0	0	0	0	0	0	0	0	0	0	0	0	0	0	0	0	0	0	0	0	0	0	0	0	0	0	0	0	0	0	0	0	0	0	0	0	0	0	0	0	0	0	0	0	0	0	0	0	0	0	0	0	0	0	0	0	0	0	0	0	0	0	0	0	0	0	0	0	0	0	0	0	0	0	0	0	0	0	0	0	0	0	0	0	0	0	0	0	0	0	0	1	0	0	0	0	0	0	0	0	0	0	0	0	0	0	0	0	0	0	0	0	0	0	0	0	0	0	0	0	0	0	0	0	0	0	0	0	0	0	0	0	0	0	0	0	0	0
chr9	17933616	0	0	0	0	0	0	0	0	0	0	0	0	0	0	0	0	0	0	0	0	0	0	0	0	0	0	0	0	0	0	0	0	0	0	0	0	0	0	0	0	0	0	0	0	0	0	0	0	0	0	0	0	0	0	0	0	0	0	0	0	0	0	0	0	0	0	0	0	0	0	0	0	0	0	0	0	0	0	0	0	0	0	0	0	0	0	0	0	0	0	0	0	2	0	0	0	0	0	0	0	0	0	0	0	0	0	0	0	0	0	0	0	0	1	0	0	0	0	0	0	0	0	0	0	0	0	0	0	0	0	0	0	0	0	0	0	0	0	0	0	0	0	0	0	0	0	0	0	0	0	0	0	0	0	0	0	0	0	0	0	0	0	0	0	0	0	0	0	0	0	0	0	0	0	0	0	0	0	0	0	0	0	0	0	0	0	0	0	0	0	0	0	0	0	0	0	0	0	0	0	0	0	0	0	0	0	0	0	0	0	0	0	0	0	0	0	0	0	0	0	0	0	0	0	0	0	0	0	0	0	0	0	0	0	0	0	0	0	0	0	0	0	0	0	0	0	0	0	0	0	0	0	0	0	0	0	0	0	0	0	0	0	0	0	0	0	0	0	0	0	0	0	0	0	0	0	0	0	0	0	0	0	0	0	0	0	0	0	0	0	0	0	0	0	0	0	0	0	0	0	0	0	0	0	0	0	0	0	0	0	0	0	0	0	0	0	0	0	0	0	0	0	0	0	0	0	0	0	0	0	0	0	0	0	0	0	0	1	0	0	0	0	0	0	0	0	0	0	0	0	0	0	0	0	0	0	0	0	0	0	0	0	0	0	0	0	0	0	0	0	0	0	0	0	0	0	0	0	0	0	0	0	0	0
chr9	17933617	0	0	0	0	0	0	0	0	0	0	0	0	0	0	0	0	0	0	0	0	0	0	0	0	0	0	0	0	0	0	0	0	0	0	0	0	0	0	0	0	0	0	0	0	0	0	0	0	0	0	0	0	0	0	0	0	0	0	0	0	0	0	0	0	0	0	0	0	0	0	0	0	0	0	0	0	0	0	0	0	0	0	0	0	0	0	0	0	0	0	0	0	2	0	0	0	0	0	0	0	0	0	0	0	0	0	0	0	0	0	0	0	0	1	0	0	0	0	0	0	0	0	0	0	0	0	0	0	0	0	0	0	0	0	0	0	0	0	0	0	0	0	0	0	0	0	0	0	0	0	0	0	0	0	0	0	0	0	0	0	0	0	0	0	0	0	0	0	0	0	0	0	0	0	0	0	0	0	0	0	0	0	0	0	0	0	0	0	0	0	0	0	0	0	0	0	0	0	0	0	0	0	0	0	0	0	0	0	0	0	0	0	0	0	0	0	0	0	0	0	0	0	0	0	0	0	0	0	0	0	0	0	0	0	0	0	0	0	0	0	0	0	0	0	0	0	0	0	0	0	0	0	0	0	0	0	0	0	0	0	0	0	0	0	0	0	0	0	0	0	0	0	0	0	0	0	0	0	0	0	0	0	0	0	0	0	0	0	0	0	0	0	0	0	0	0	0	0	0	0	0	0	0	0	0	0	0	0	0	0	0	0	0	0	0	0	0	0	0	0	0	0	0	0	0	0	0	0	0	0	0	0	0	0	0	0	0	1	0	0	0	0	0	0	0	0	0	0	0	0	0	0	0	0	0	0	0	0	0	0	0	0	0	0	0	0	0	0	0	0	0	0	0	0	0	0	0	0	0	0	0	0	0	0
chr9	17933618	0	0	0	0	0	0	0	0	0	0	0	0	0	0	0	0	0	0	0	0	0	0	0	0	0	0	0	0	0	0	0	0	0	0	0	0	0	0	0	0	0	0	0	0	0	0	0	0	0	0	0	0	0	0	0	0	0	0	0	0	0	0	0	0	0	0	0	0	0	0	0	0	0	0	0	0	0	0	0	0	0	0	0	0	0	0	0	0	0	0	0	0	2	0	0	0	0	0	0	0	0	0	0	0	0	0	0	0	0	0	0	0	0	1	0	0	0	0	0	0	0	0	0	0	0	0	0	0	0	0	0	0	0	0	0	0	0	0	0	0	0	0	0	0	0	0	0	0	0	0	0	0	0	0	0	0	0	0	0	0	0	0	0	0	0	0	0	0	0	0	0	0	0	0	0	0	0	0	0	0	0	0	0	0	0	0	0	0	0	0	0	0	0	0	0	0	0	0	0	0	0	0	0	0	0	0	0	0	0	0	0	0	0	0	0	0	0	0	0	0	0	0	0	0	0	0	0	0	0	0	0	0	0	0	0	0	0	0	0	0	0	0	0	0	0	0	0	0	0	0	0	0	0	0	0	0	0	0	0	0	0	0	0	0	0	0	0	0	0	0	0	0	0	0	0	0	0	0	0	0	0	0	0	0	0	0	0	0	0	0	0	0	0	0	0	0	0	0	0	0	0	0	0	0	0	0	0	0	0	0	0	0	0	0	0	0	0	0	0	0	0	0	0	0	0	0	0	0	0	0	0	0	0	0	0	0	0	1	0	0	0	0	0	0	0	0	0	0	0	0	0	0	0	0	0	0	0	0	0	0	0	0	0	0	0	0	0	0	0	0	0	0	0	0	0	0	0	0	0	0	0	0	0	0
chr9	17933619	0	0	0	0	0	0	0	0	0	0	0	0	0	0	0	0	0	0	0	0	0	0	0	0	0	0	0	0	0	0	0	0	0	0	0	0	0	0	0	0	0	0	0	0	0	0	0	0	0	0	0	0	0	0	0	0	0	0	0	0	0	0	0	0	0	0	0	0	0	0	0	0	0	0	0	0	0	0	0	0	0	0	0	0	0	0	0	0	0	0	0	0	2	0	0	0	0	0	0	0	0	0	0	0	0	0	0	0	0	0	0	0	0	1	0	0	0	0	0	0	0	0	0	0	0	0	0	0	0	0	0	0	0	0	0	0	0	0	0	0	0	0	0	0	0	0	0	0	0	0	0	0	0	0	0	0	0	0	0	0	0	0	0	0	0	0	0	0	0	0	0	0	0	0	0	0	0	0	0	0	0	0	0	0	0	0	0	0	0	0	0	0	0	0	0	0	0	0	0	0	0	0	0	0	0	0	0	0	0	0	0	0	0	0	0	0	0	0	0	0	0	0	0	0	0	0	0	0	0	0	0	0	0	0	0	0	0	0	0	0	0	0	0	0	0	0	0	0	0	0	0	0	0	0	0	0	0	0	0	0	0	0	0	0	0	0	0	0	0	0	0	0	0	0	0	0	0	0	0	0	0	0	0	0	0	0	0	0	0	0	0	0	0	0	0	0	0	0	0	0	0	0	0	0	0	0	0	0	0	0	0	0	0	0	0	0	0	0	0	0	0	0	0	0	0	0	0	0	0	0	0	0	0	0	0	0	0	1	0	0	0	0	0	0	0	0	0	0	0	0	0	0	0	0	0	0	0	0	0	0	0	0	0	0	0	0	0	0	0	0	0	0	0	0	0	0	0	0	0	0	0	0	0	0
chr9	17933620	0	0	0	0	0	0	0	0	0	0	0	0	0	0	0	0	0	0	0	0	0	0	0	0	0	0	0	0	0	0	0	0	0	0	0	0	0	0	0	0	0	0	0	0	0	0	0	0	0	0	0	0	0	0	0	0	0	0	0	0	0	0	0	0	0	0	0	0	0	0	0	0	0	0	0	0	0	0	0	0	0	0	0	0	0	0	0	0	0	0	0	0	2	0	0	0	0	0	0	0	0	0	0	0	0	0	0	0	0	0	0	0	0	1	0	0	0	0	0	0	0	0	0	0	0	0	0	0	0	0	0	0	0	0	0	0	0	0	0	0	0	0	0	0	0	0	0	0	0	0	0	0	0	0	0	0	0	0	0	0	0	0	0	0	0	0	0	0	0	0	0	0	0	0	0	0	0	0	0	0	0	0	0	0	0	0	0	0	0	0	0	0	0	0	0	0	0	0	0	0	0	0	0	0	0	0	0	0	0	0	0	0	0	0	0	0	0	0	0	0	0	0	0	0	0	0	0	0	0	0	0	0	0	0	0	0	0	0	0	0	0	0	0	0	0	0	0	0	0	0	0	0	0	0	0	0	0	0	0	0	0	0	0	0	0	0	0	0	0	0	0	0	0	0	0	0	0	0	0	0	0	0	0	0	0	0	0	0	0	0	0	0	0	0	0	0	0	0	0	0	0	0	0	0	0	0	0	0	0	0	0	0	0	0	0	0	0	0	0	0	0	0	0	0	0	0	0	0	0	0	0	0	0	0	0	0	0	1	0	0	0	0	0	0	0	0	0	0	0	0	0	0	0	0	0	0	0	0	0	0	0	0	0	0	0	0	0	0	0	0	0	0	0	0	0	0	0	0	0	0	0	0	0	0
chr9	17933621	0	0	0	0	0	0	0	0	0	0	0	0	0	0	0	0	0	0	0	0	0	0	0	0	0	0	0	0	0	0	0	0	0	0	0	0	0	0	0	0	0	0	0	0	0	0	0	0	0	0	0	0	0	0	0	0	0	0	0	0	0	0	0	0	0	0	0	0	0	0	0	0	0	0	0	0	0	0	0	0	0	0	0	0	0	0	0	0	0	0	0	0	2	0	0	0	0	0	0	0	0	0	0	0	0	0	0	0	0	0	0	0	0	1	0	0	0	0	0	0	0	0	0	0	0	0	0	0	0	0	0	0	0	0	0	0	0	0	0	0	0	0	0	0	0	0	0	0	0	0	0	0	0	0	0	0	0	0	0	0	0	0	0	0	0	0	0	0	0	0	0	0	0	0	0	0	0	0	0	0	0	0	0	0	0	0	0	0	0	0	0	0	0	0	0	0	0	0	0	0	0	0	0	0	0	0	0	0	0	0	0	0	0	0	0	0	0	0	0	0	0	0	0	0	0	0	0	0	0	0	0	0	0	0	0	0	0	0	0	0	0	0	0	0	0	0	0	0	0	0	0	0	0	0	0	0	0	0	0	0	0	0	0	0	0	0	0	0	0	0	0	0	0	0	0	0	0	0	0	0	0	0	0	0	0	0	0	0	0	0	0	0	0	0	0	0	0	0	0	0	0	0	0	0	0	0	0	0	0	0	0	0	0	0	0	0	0	0	0	0	0	0	0	0	0	0	0	0	0	0	0	0	0	0	0	0	0	1	0	0	0	0	0	0	0	0	0	0	0	0	0	0	0	0	0	0	0	0	0	0	0	0	0	0	0	0	0	0	0	0	0	0	0	0	0	0	0	0	0	0	0	0	0	0
chr9	17933622	0	0	0	0	0	0	0	0	0	0	0	0	0	0	0	0	0	0	0	0	0	0	0	0	0	0	0	0	0	0	0	0	0	0	0	0	0	0	0	0	0	0	0	0	0	0	0	0	0	0	0	0	0	0	0	0	0	0	0	0	0	0	0	0	0	0	0	0	0	0	0	0	0	0	0	0	0	0	0	0	0	0	0	0	0	0	0	0	0	0	0	0	2	0	0	0	0	0	0	0	0	0	0	0	0	0	0	0	0	0	0	0	0	1	0	0	0	0	0	0	0	0	0	0	0	0	0	0	0	0	0	0	0	0	0	0	0	0	0	0	0	0	0	0	0	0	0	0	0	0	0	0	0	0	0	0	0	0	0	0	0	0	0	0	0	0	0	0	0	0	0	0	0	0	0	0	0	0	0	0	0	0	0	0	0	0	0	0	0	0	0	0	0	0	0	0	0	0	0	0	0	0	0	0	0	0	0	0	0	0	0	0	0	0	0	0	0	0	0	0	0	0	0	0	0	0	0	0	0	0	0	0	0	0	0	0	0	0	0	0	0	0	0	0	0	0	0	0	0	0	0	0	0	0	0	0	0	0	0	0	0	0	0	0	0	0	0	0	0	0	0	0	0	0	0	0	0	0	0	0	0	0	0	0	0	0	0	0	0	0	0	0	0	0	0	0	0	0	0	0	0	0	0	0	0	0	0	0	0	0	0	0	0	0	0	0	0	0	0	0	0	0	0	0	0	0	0	0	0	0	0	0	0	0	0	0	0	1	0	0	0	0	0	0	0	0	0	0	0	0	0	0	0	0	0	0	0	0	0	0	0	0	0	0	0	0	0	0	0	0	0	0	0	0	0	0	0	0	0	0	0	0	0	0
chr9	17933623	0	0	0	0	0	0	0	0	0	0	0	0	0	0	0	0	0	0	0	0	0	0	0	0	0	0	0	0	0	0	0	0	0	0	0	0	0	0	0	0	0	0	0	0	0	0	0	0	0	0	0	0	0	0	0	0	0	0	0	0	0	0	0	0	0	0	0	0	0	0	0	0	0	0	0	0	0	0	0	0	0	0	0	0	0	0	0	0	0	0	0	0	2	0	0	0	0	0	0	0	0	0	0	0	0	0	0	0	0	0	0	0	0	1	0	0	0	0	0	0	0	0	0	0	0	0	0	0	0	0	0	0	0	0	0	0	0	0	0	0	0	0	0	0	0	0	0	0	0	0	0	0	0	0	0	0	0	0	0	0	0	0	0	0	0	0	0	0	0	0	0	0	0	0	0	0	0	0	0	0	0	0	0	0	0	0	0	0	0	0	0	0	0	0	0	0	0	0	0	0	0	0	0	0	0	0	0	0	0	0	0	0	0	0	0	0	0	0	0	0	0	0	0	0	0	0	0	0	0	0	0	0	0	0	0	0	0	0	0	0	0	0	0	0	0	0	0	0	0	0	0	0	0	0	0	0	0	0	0	0	0	0	0	0	0	0	0	0	0	0	0	0	0	0	0	0	0	0	0	0	0	0	0	0	0	0	0	0	0	0	0	0	0	0	0	0	0	0	0	0	0	0	0	0	0	0	0	0	0	0	0	0	0	0	0	0	0	0	0	0	0	0	0	0	0	0	0	0	0	0	0	0	0	0	0	0	0	1	0	0	0	0	0	0	0	0	0	0	0	0	0	0	0	0	0	0	0	0	0	0	0	0	0	0	0	0	0	0	0	0	0	0	0	0	0	0	0	0	0	0	0	0	0	0
chr9	17933624	0	0	0	0	0	0	0	0	0	0	0	0	0	0	0	0	0	0	0	0	0	0	0	0	0	0	0	0	0	0	0	0	0	0	0	0	0	0	0	0	0	0	0	0	0	0	0	0	0	0	0	0	0	0	0	0	0	0	0	0	0	0	0	0	0	0	0	0	0	0	0	0	0	0	0	0	0	0	0	0	0	0	0	0	0	0	0	0	0	0	0	0	2	0	0	0	0	0	0	0	0	0	0	0	0	0	0	0	0	0	0	0	0	1	0	0	0	0	0	0	0	0	0	0	0	0	0	0	0	0	0	0	0	0	0	0	0	0	0	0	0	0	0	0	0	0	0	0	0	0	0	0	0	0	0	0	0	0	0	0	0	0	0	0	0	0	0	0	0	0	0	0	0	0	0	0	0	0	0	0	0	0	0	0	0	0	0	0	0	0	0	0	0	0	0	0	0	0	0	0	0	0	0	0	0	0	0	0	0	0	0	0	0	0	0	0	0	0	0	0	0	0	0	0	0	0	0	0	0	0	0	0	0	0	0	0	0	0	0	0	0	0	0	0	0	0	0	0	0	0	0	0	0	0	0	0	0	0	0	0	0	0	0	0	0	0	0	0	0	0	0	0	0	0	0	0	0	0	0	0	0	0	0	0	0	0	0	0	0	0	0	0	0	0	0	0	0	0	0	0	0	0	0	0	0	0	0	0	0	0	0	0	0	0	0	0	0	0	0	0	0	0	0	0	0	0	0	0	0	0	0	0	0	0	0	0	0	1	0	0	0	0	0	0	0	0	0	0	0	0	0	0	0	0	0	0	0	0	0	0	0	0	0	0	0	0	0	0	0	0	0	0	0	0	0	0	0	0	0	0	0	0	0	0
chr9	17933625	0	0	0	0	0	0	0	0	0	0	0	0	0	0	0	0	0	0	0	0	0	0	0	0	0	0	0	0	0	0	0	0	0	0	0	0	0	0	0	0	0	0	0	0	0	0	0	0	0	0	0	0	0	0	0	0	0	0	0	0	0	0	0	0	0	0	0	0	0	0	0	0	0	0	0	0	0	0	0	0	0	0	0	0	0	0	0	0	0	0	0	0	2	0	0	0	0	0	0	0	0	0	0	0	0	0	0	0	0	0	0	0	0	1	0	0	0	0	0	0	0	0	0	0	0	0	0	0	0	0	0	0	0	0	0	0	0	0	0	0	0	0	0	0	0	0	0	0	0	0	0	0	0	0	0	0	0	0	0	0	0	0	0	0	0	0	0	0	0	0	0	0	0	0	0	0	0	0	0	0	0	0	0	0	0	0	0	0	0	0	0	0	0	0	0	0	0	0	0	0	0	0	0	0	0	0	0	0	0	0	0	0	0	0	0	0	0	0	0	0	0	0	0	0	0	0	0	0	0	0	0	0	0	0	0	0	0	0	0	0	0	0	0	0	0	0	0	0	0	0	0	0	0	0	0	0	0	0	0	0	0	0	0	0	0	0	0	0	0	0	0	0	0	0	0	0	0	0	0	0	0	0	0	0	0	0	0	0	0	0	0	0	0	0	0	0	0	0	0	0	0	0	0	0	0	0	0	0	0	0	0	0	0	0	0	0	0	0	0	0	0	0	0	0	0	0	0	0	0	0	0	0	0	0	0	0	0	1	0	0	0	0	0	0	0	0	0	0	0	0	0	0	0	0	0	0	0	0	0	0	0	0	0	0	0	0	0	0	0	0	0	0	0	0	0	0	0	0	0	0	0	0	0	0
chr9	17933626	0	0	0	0	0	0	0	0	0	0	0	0	0	0	0	0	0	0	0	0	0	0	0	0	0	0	0	0	0	0	0	0	0	0	0	0	0	0	0	0	0	0	0	0	0	0	0	0	0	0	0	0	0	0	0	0	0	0	0	0	0	0	0	0	0	0	0	0	0	0	0	0	0	0	0	0	0	0	0	0	0	0	0	0	0	0	0	0	0	0	0	0	2	0	0	0	0	0	0	0	0	0	0	0	0	0	0	0	0	0	0	0	0	1	0	0	0	0	0	0	0	0	0	0	0	0	0	0	0	0	0	0	0	0	0	0	0	0	0	0	0	0	0	0	0	0	0	0	0	0	0	0	0	0	0	0	0	0	0	0	0	0	0	0	0	0	0	0	0	0	0	0	0	0	0	0	0	0	0	0	0	0	0	0	0	0	0	0	0	0	0	0	0	0	0	0	0	0	0	0	0	0	0	0	0	0	0	0	0	0	0	0	0	0	0	0	0	0	0	0	0	0	0	0	0	0	0	0	0	0	0	0	0	0	0	0	0	0	0	0	0	0	0	0	0	0	0	0	0	0	0	0	0	0	0	0	0	0	0	0	0	0	0	0	0	0	0	0	0	0	0	0	0	0	0	0	0	0	0	0	0	0	0	0	0	0	0	0	0	0	0	0	0	0	0	0	0	0	0	0	0	0	0	0	0	0	0	0	0	0	0	0	0	0	0	0	0	0	0	0	0	0	0	0	0	0	0	0	0	0	0	0	0	0	0	0	0	1	0	0	0	0	0	0	0	0	0	0	0	0	0	0	0	0	0	0	0	0	0	0	0	0	0	0	0	0	0	0	0	0	0	0	0	0	0	0	0	0	0	0	0	0	0	0
chr9	17933627	0	0	0	0	0	0	0	0	0	0	0	0	0	0	0	0	0	0	0	0	0	0	0	0	0	0	0	0	0	0	0	0	0	0	0	0	0	0	0	0	0	0	0	0	0	0	0	0	0	0	0	0	0	0	0	0	0	0	0	0	0	0	0	0	0	0	0	0	0	0	0	0	0	0	0	0	0	0	0	0	0	0	0	0	0	0	0	0	0	0	0	0	2	0	0	0	0	0	0	0	0	0	0	0	0	0	0	0	0	0	0	0	0	1	0	0	0	0	0	0	0	0	0	0	0	0	0	0	0	0	0	0	0	0	0	0	0	0	0	0	0	0	0	0	0	0	0	0	0	0	0	0	0	0	0	0	0	0	0	0	0	0	0	0	0	0	0	0	0	0	0	0	0	0	0	0	0	0	0	0	0	0	0	0	0	0	0	0	0	0	0	0	0	0	0	0	0	0	0	0	0	0	0	0	0	0	0	0	0	0	0	0	0	0	0	0	0	0	0	0	0	0	0	0	0	0	0	0	0	0	0	0	0	0	0	0	0	0	0	0	0	0	0	0	0	0	0	0	0	0	0	0	0	0	0	0	0	0	0	0	0	0	0	0	0	0	0	0	0	0	0	0	0	0	0	0	0	0	0	0	0	0	0	0	0	0	0	0	0	0	0	0	0	0	0	0	0	0	0	0	0	0	0	0	0	0	0	0	0	0	0	0	0	0	0	0	0	0	0	0	0	0	0	0	0	0	0	0	0	0	0	0	0	0	0	0	0	1	0	0	0	0	0	0	0	0	0	0	0	0	0	0	0	0	0	0	0	0	0	0	0	0	0	0	0	0	0	0	0	0	0	0	0	0	0	0	0	0	0	0	0	0	0	0
chr9	17933628	0	0	0	0	0	0	0	0	0	0	0	0	0	0	0	0	0	0	0	0	0	0	0	0	0	0	0	0	0	0	0	0	0	0	0	0	0	0	0	0	0	0	0	0	0	0	0	0	0	0	0	0	0	0	0	0	0	0	0	0	0	0	0	0	0	0	0	0	0	0	0	0	0	0	0	0	0	0	0	0	0	0	0	0	0	0	0	0	0	0	0	0	2	0	0	0	0	0	0	0	0	0	0	0	0	0	0	0	0	0	0	0	0	1	0	0	0	0	0	0	0	0	0	0	0	0	0	0	0	0	0	0	0	0	0	0	0	0	0	0	0	0	0	0	0	0	0	0	0	0	0	0	0	0	0	0	0	0	0	0	0	0	0	0	0	0	0	0	0	0	0	0	0	0	0	0	0	0	0	0	0	0	0	0	0	0	0	0	0	0	0	0	0	0	0	0	0	0	0	0	0	0	0	0	0	0	0	0	0	0	0	0	0	0	0	0	0	0	0	0	0	0	0	0	0	0	0	0	0	0	0	0	0	0	0	0	0	0	0	0	0	0	0	0	0	0	0	0	0	0	0	0	0	0	0	0	0	0	0	0	0	0	0	0	0	0	0	0	0	0	0	0	0	0	0	0	0	0	0	0	0	0	0	0	0	0	0	0	0	0	0	0	0	0	0	0	0	0	0	0	0	0	0	0	0	0	0	0	0	0	0	0	0	0	0	0	0	0	0	0	0	0	0	0	0	0	0	0	0	0	0	0	0	0	0	0	0	1	0	0	0	0	0	0	0	0	0	0	0	0	0	0	0	0	0	0	0	0	0	0	0	0	0	0	0	0	0	0	0	0	0	0	0	0	0	0	0	0	0	0	0	0	0	0
chr9	17933629	0	0	0	0	0	0	0	0	0	0	0	0	0	0	0	0	0	0	0	0	0	0	0	0	0	0	0	0	0	0	0	0	0	0	0	0	0	0	0	0	0	0	0	0	0	0	0	0	0	0	0	0	0	0	0	0	0	0	0	0	0	0	0	0	0	0	0	0	0	0	0	0	0	0	0	0	0	0	0	0	0	0	0	0	0	0	0	0	0	0	0	0	2	0	0	0	0	0	0	0	0	0	0	0	0	0	0	0	0	0	0	0	0	1	0	0	0	0	0	0	0	0	0	0	0	0	0	0	0	0	0	0	0	0	0	0	0	0	0	0	0	0	0	0	0	0	0	0	0	0	0	0	0	0	0	0	0	0	0	0	0	0	0	0	0	0	0	0	0	0	0	0	0	0	0	0	0	0	0	0	0	0	0	0	0	0	0	0	0	0	0	0	0	0	0	0	0	0	0	0	0	0	0	0	0	0	0	0	0	0	0	0	0	0	0	0	0	0	0	0	0	0	0	0	0	0	0	0	0	0	0	0	0	0	0	0	0	0	0	0	0	0	0	0	0	0	0	0	0	0	0	0	0	0	0	0	0	0	0	0	0	0	0	0	0	0	0	0	0	0	0	0	0	0	0	0	0	0	0	0	0	0	0	0	0	0	0	0	0	0	0	0	0	0	0	0	0	0	0	0	0	0	0	0	0	0	0	0	0	0	0	0	0	0	0	0	0	0	0	0	0	0	0	0	0	0	0	0	0	0	0	0	0	0	0	0	0	1	0	0	0	0	0	0	0	0	0	0	0	0	0	0	0	0	0	0	0	0	0	0	0	0	0	0	0	0	0	0	0	0	0	0	0	0	0	0	0	0	0	0	0	0	0	0
chr9	17933630	0	0	0	0	0	0	0	0	0	0	0	0	0	0	0	0	0	0	0	0	0	0	0	0	0	0	0	0	0	0	0	0	0	0	0	0	0	0	0	0	0	0	0	0	0	0	0	0	0	0	0	0	0	0	0	0	0	0	0	0	0	0	0	0	0	0	0	0	0	0	0	0	0	0	0	0	0	0	0	0	0	0	0	0	0	0	0	0	0	0	0	0	2	0	0	0	0	0	0	0	0	0	0	0	0	0	0	0	0	0	0	0	0	1	0	0	0	0	0	0	0	0	0	0	0	0	0	0	0	0	0	0	0	0	0	0	0	0	0	0	0	0	0	0	0	0	0	0	0	0	0	0	0	0	0	0	0	0	0	0	0	0	0	0	0	0	0	0	0	0	0	0	0	0	0	0	0	0	0	0	0	0	0	0	0	0	0	0	0	0	0	0	0	0	0	0	0	0	0	0	0	0	0	0	0	0	0	0	0	0	0	0	0	0	0	0	0	0	0	0	0	0	0	0	0	0	0	0	0	0	0	0	0	0	0	0	0	0	0	0	0	0	0	0	0	0	0	0	0	0	0	0	0	0	0	0	0	0	0	0	0	0	0	0	0	0	0	0	0	0	0	0	0	0	0	0	0	0	0	0	0	0	0	0	0	0	0	0	0	0	0	0	0	0	0	0	0	0	0	0	0	0	0	0	0	0	0	0	0	0	0	0	0	0	0	0	0	0	0	0	0	0	0	0	0	0	0	0	0	0	0	0	0	0	0	0	0	1	0	0	0	0	0	0	0	0	0	0	0	0	0	0	0	0	0	0	0	0	0	0	0	0	0	0	0	0	0	0	0	0	0	0	0	0	0	0	0	0	0	0	0	0	0	0
chr9	17933631	0	0	0	0	0	0	0	0	0	0	0	0	0	0	0	0	0	0	0	0	0	0	0	0	0	0	0	0	0	0	0	0	0	0	0	0	0	0	0	0	0	0	0	0	0	0	0	0	0	0	0	0	0	0	0	0	0	0	0	0	0	0	0	0	0	0	0	0	0	0	0	0	0	0	0	0	0	0	0	0	0	0	0	0	0	0	0	0	0	0	0	0	2	0	0	0	0	0	0	0	0	0	0	0	0	0	0	0	0	0	0	0	0	1	0	0	0	0	0	0	0	0	0	0	0	0	0	0	0	0	0	0	0	0	0	0	0	0	0	0	0	0	0	0	0	0	0	0	0	0	0	0	0	0	0	0	0	0	0	0	0	0	0	0	0	0	0	0	0	0	0	0	0	0	0	0	0	0	0	0	0	0	0	0	0	0	0	0	0	0	0	0	0	0	0	0	0	0	0	0	0	0	0	0	0	0	0	0	0	0	0	0	0	0	0	0	0	0	0	0	0	0	0	0	0	0	0	0	0	0	0	0	0	0	0	0	0	0	0	0	0	0	0	0	0	0	0	0	0	0	0	0	0	0	0	0	0	0	0	0	0	0	0	0	0	0	0	0	0	0	0	0	0	0	0	0	0	0	0	0	0	0	0	0	0	0	0	0	0	0	0	0	0	0	0	0	0	0	0	0	0	0	0	0	0	0	0	0	0	0	0	0	0	0	0	0	0	0	0	0	0	0	0	0	0	0	0	0	0	0	0	0	0	0	0	0	0	1	0	0	0	0	0	0	0	0	0	0	0	0	0	0	0	0	0	0	0	0	0	0	0	0	0	0	0	0	0	0	0	0	0	0	0	0	0	0	0	0	0	0	0	0	0	0
chr9	17933632	0	0	0	0	0	0	0	0	0	0	0	0	0	0	0	0	0	0	0	0	0	0	0	0	0	0	0	0	0	0	0	0	0	0	0	0	0	0	0	0	0	0	0	0	0	0	0	0	0	0	0	0	0	0	0	0	0	0	0	0	0	0	0	0	0	0	0	0	0	0	0	0	0	0	0	0	0	0	0	0	0	0	0	0	0	0	0	0	0	0	0	0	2	0	0	0	0	0	0	0	0	0	0	0	0	0	0	0	0	0	0	0	0	1	0	0	0	0	0	0	0	0	0	0	0	0	0	0	0	0	0	0	0	0	0	0	0	0	0	0	0	0	0	0	0	0	0	0	0	0	0	0	0	0	0	0	0	0	0	0	0	0	0	0	0	0	0	0	0	0	0	0	0	0	0	0	0	0	0	0	0	0	0	0	0	0	0	0	0	0	0	0	0	0	0	0	0	0	0	0	0	0	0	0	0	0	0	0	0	0	0	0	0	0	0	0	0	0	0	0	0	0	0	0	0	0	0	0	0	0	0	0	0	0	0	0	0	0	0	0	0	0	0	0	0	0	0	0	0	0	0	0	0	0	0	0	0	0	0	0	0	0	0	0	0	0	0	0	0	0	0	0	0	0	0	0	0	0	0	0	0	0	0	0	0	0	0	0	0	0	0	0	0	0	0	0	0	0	0	0	0	0	0	0	0	0	0	0	0	0	0	0	0	0	0	0	0	0	0	0	0	0	0	0	0	0	0	0	0	0	0	0	0	0	0	0	0	1	0	0	0	0	0	0	0	0	0	0	0	0	0	0	0	0	0	0	0	0	0	0	0	0	0	0	0	0	0	0	0	0	0	0	0	0	0	0	0	0	0	0	0	0	0	0
chr9	17933633	0	0	0	0	0	0	0	0	0	0	0	0	0	0	0	0	0	0	0	0	0	0	0	0	0	0	0	0	0	0	0	0	0	0	0	0	0	0	0	0	0	0	0	0	0	0	0	0	0	0	0	0	0	0	0	0	0	0	0	0	0	0	0	0	0	0	0	0	0	0	0	0	0	0	0	0	0	0	0	0	0	0	0	0	0	0	0	0	0	0	0	0	2	0	0	0	0	0	0	0	0	0	0	0	0	0	0	0	0	0	0	0	0	1	0	0	0	0	0	0	0	0	0	0	0	0	0	0	0	0	0	0	0	0	0	0	0	0	0	0	0	0	0	0	0	0	0	0	0	0	0	0	0	0	0	0	0	0	0	0	0	0	0	0	0	0	0	0	0	0	0	0	0	0	0	0	0	0	0	0	0	0	0	0	0	0	0	0	0	0	0	0	0	0	0	0	0	0	0	0	0	0	0	0	0	0	0	0	0	0	0	0	0	0	0	0	0	0	0	0	0	0	0	0	0	0	0	0	0	0	0	0	0	0	0	0	0	0	0	0	0	0	0	0	0	0	0	0	0	0	0	0	0	0	0	0	0	0	0	0	0	0	0	0	0	0	0	0	0	0	0	0	0	0	0	0	0	0	0	0	0	0	0	0	0	0	0	0	0	0	0	0	0	0	0	0	0	0	0	0	0	0	0	0	0	0	0	0	0	0	0	0	0	0	0	0	0	0	0	0	0	0	0	0	0	0	0	0	0	0	0	0	0	0	0	0	0	1	0	0	0	0	0	0	0	0	0	0	0	0	0	0	0	0	0	0	0	0	0	0	0	0	0	0	0	0	0	0	0	0	0	0	0	0	0	0	0	0	0	0	0	0	0	0
chr9	17933634	0	0	0	0	0	0	0	0	0	0	0	0	0	0	0	0	0	0	0	0	0	0	0	0	0	0	0	0	0	0	0	0	0	0	0	0	0	0	0	0	0	0	0	0	0	0	0	0	0	0	0	0	0	0	0	0	0	0	0	0	0	0	0	0	0	0	0	0	0	0	0	0	0	0	0	0	0	0	0	0	0	0	0	0	0	0	0	0	0	0	0	0	2	0	0	0	0	0	0	0	0	0	0	0	0	0	0	0	0	0	0	0	0	1	0	0	0	0	0	0	0	0	0	0	0	0	0	0	0	0	0	0	0	0	0	0	0	0	0	0	0	0	0	0	0	0	0	0	0	0	0	0	0	0	0	0	0	0	0	0	0	0	0	0	0	0	0	0	0	0	0	0	0	0	0	0	0	0	0	0	0	0	0	0	0	0	0	0	0	0	0	0	0	0	0	0	0	0	0	0	0	0	0	0	0	0	0	0	0	0	0	0	0	0	0	0	0	0	0	0	0	0	0	0	0	0	0	0	0	0	0	0	0	0	0	0	0	0	0	0	0	0	0	0	0	0	0	0	0	0	0	0	0	0	0	0	0	0	0	0	0	0	0	0	0	0	0	0	0	0	0	0	0	0	0	0	0	0	0	0	0	0	0	0	0	0	0	0	0	0	0	0	0	0	0	0	0	0	0	0	0	0	0	0	0	0	0	0	0	0	0	0	0	0	0	0	0	0	0	0	0	0	0	0	0	0	0	0	0	0	0	0	0	0	0	0	0	1	0	0	0	0	0	0	0	0	0	0	0	0	0	0	0	0	0	0	0	0	0	0	0	0	0	0	0	0	0	0	0	0	0	0	0	0	0	0	0	0	0	0	0	0	0	0
chr9	17933635	0	0	0	0	0	0	0	0	0	0	0	0	0	0	0	0	0	0	0	0	0	0	0	0	0	0	0	0	0	0	0	0	0	0	0	0	0	0	0	0	0	0	0	0	0	0	0	0	0	0	0	0	0	0	0	0	0	0	0	0	0	0	0	0	0	0	0	0	0	0	0	0	0	0	0	0	0	0	0	0	0	0	0	0	0	0	0	0	0	0	0	0	2	0	0	0	0	0	0	0	0	0	0	0	0	0	0	0	0	0	0	0	0	1	0	0	0	0	0	0	0	0	0	0	0	0	0	0	0	0	0	0	0	0	0	0	0	0	0	0	0	0	0	0	0	0	0	0	0	0	0	0	0	0	0	0	0	0	0	0	0	0	0	0	0	0	0	0	0	0	0	0	0	0	0	0	0	0	0	0	0	0	0	0	0	0	0	0	0	0	0	0	0	0	0	0	0	0	0	0	0	0	0	0	0	0	0	0	0	0	0	0	0	0	0	0	0	0	0	0	0	0	0	0	0	0	0	0	0	0	0	0	0	0	0	0	0	0	0	0	0	0	0	0	0	0	0	0	0	0	0	0	0	0	0	0	0	0	0	0	0	0	0	0	0	0	0	0	0	0	0	0	0	0	0	0	0	0	0	0	0	0	0	0	0	0	0	0	0	0	0	0	0	0	0	0	0	0	0	0	0	0	0	0	0	0	0	0	0	0	0	0	0	0	0	0	0	0	0	0	0	0	0	0	0	0	0	0	0	0	0	0	0	0	0	0	0	1	0	0	0	0	0	0	0	0	0	0	0	0	0	0	0	0	0	0	0	0	0	0	0	0	0	0	0	0	0	0	0	0	0	0	0	0	0	0	0	0	0	0	0	0	0	0
chr9	17933636	0	0	0	0	0	0	0	0	0	0	0	0	0	0	0	0	0	0	0	0	0	0	0	0	0	0	0	0	0	0	0	0	0	0	0	0	0	0	0	0	0	0	0	0	0	0	0	0	0	0	0	0	0	0	0	0	0	0	0	0	0	0	0	0	0	0	0	0	0	0	0	0	0	0	0	0	0	0	0	0	0	0	0	0	0	0	0	0	0	0	0	0	2	0	0	0	0	0	0	0	0	0	0	0	0	0	0	0	0	0	0	0	0	1	0	0	0	0	0	0	0	0	0	0	0	0	0	0	0	0	0	0	0	0	0	0	0	0	0	0	0	0	0	0	0	0	0	0	0	0	0	0	0	0	0	0	0	0	0	0	0	0	0	0	0	0	0	0	0	0	0	0	0	0	0	0	0	0	0	0	0	0	0	0	0	0	0	0	0	0	0	0	0	0	0	0	0	0	0	0	0	0	0	0	0	0	0	0	0	0	0	0	0	0	0	0	0	0	0	0	0	0	0	0	0	0	0	0	0	0	0	0	0	0	0	0	0	0	0	0	0	0	0	0	0	0	0	0	0	0	0	0	0	0	0	0	0	0	0	0	0	0	0	0	0	0	0	0	0	0	0	0	0	0	0	0	0	0	0	0	0	0	0	0	0	0	0	0	0	0	0	0	0	0	0	0	0	0	0	0	0	0	0	0	0	0	0	0	0	0	0	0	0	0	0	0	0	0	0	0	0	0	0	0	0	0	0	0	0	0	0	0	0	0	0	0	0	1	0	0	0	0	0	0	0	0	0	0	0	0	0	0	0	0	0	0	0	0	0	0	0	0	0	0	0	0	0	0	0	0	0	0	0	0	0	0	0	0	0	0	0	0	0	0
chr9	17933637	0	0	0	0	0	0	0	0	0	0	0	0	0	0	0	0	0	0	0	0	0	0	0	0	0	0	0	0	0	0	0	0	0	0	0	0	0	0	0	0	0	0	0	0	0	0	0	0	0	0	0	0	0	0	0	0	0	0	0	0	0	0	0	0	0	0	0	0	0	0	0	0	0	0	0	0	0	0	0	0	0	0	0	0	0	0	0	0	0	0	0	0	2	0	0	0	0	0	0	0	0	0	0	0	0	0	0	0	0	0	0	0	0	1	0	0	0	0	0	0	0	0	0	0	0	0	0	0	0	0	0	0	0	0	0	0	0	0	0	0	0	0	0	0	0	0	0	0	0	0	0	0	0	0	0	0	0	0	0	0	0	0	0	0	0	0	0	0	0	0	0	0	0	0	0	0	0	0	0	0	0	0	0	0	0	0	0	0	0	0	0	0	0	0	0	0	0	0	0	0	0	0	0	0	0	0	0	0	0	0	0	0	0	0	0	0	0	0	0	0	0	0	0	0	0	0	0	0	0	0	0	0	0	0	0	0	0	0	0	0	0	0	0	0	0	0	0	0	0	0	0	0	0	0	0	0	0	0	0	0	0	0	0	0	0	0	0	0	0	0	0	0	0	0	0	0	0	0	0	0	0	0	0	0	0	0	0	0	0	0	0	0	0	0	0	0	0	0	0	0	0	0	0	0	0	0	0	0	0	0	0	0	0	0	0	0	0	0	0	0	0	0	0	0	0	0	0	0	0	0	0	0	0	0	0	0	0	1	0	0	0	0	0	0	0	0	0	0	0	0	0	0	0	0	0	0	0	0	0	0	0	0	0	0	0	0	0	0	0	0	0	0	0	0	0	0	0	0	0	0	0	0	0	0
chr9	17933638	0	0	0	0	0	0	0	0	0	0	0	0	0	0	0	0	0	0	0	0	0	0	0	0	0	0	0	0	0	0	0	0	0	0	0	0	0	0	0	0	0	0	0	0	0	0	0	0	0	0	0	0	0	0	0	0	0	0	0	0	0	0	0	0	0	0	0	0	0	0	0	0	0	0	0	0	0	0	0	0	0	0	0	0	0	0	0	0	0	0	0	0	2	0	0	0	0	0	0	0	0	0	0	0	0	0	0	0	0	0	0	0	0	1	0	0	0	0	0	0	0	0	0	0	0	0	0	0	0	0	0	0	0	0	0	0	0	0	0	0	0	0	0	0	0	0	0	0	0	0	0	0	0	0	0	0	0	0	0	0	0	0	0	0	0	0	0	0	0	0	0	0	0	0	0	0	0	0	0	0	0	0	0	0	0	0	0	0	0	0	0	0	0	0	0	0	0	0	0	0	0	0	0	0	0	0	0	0	0	0	0	0	0	0	0	0	0	0	0	0	0	0	0	0	0	0	0	0	0	0	0	0	0	0	0	0	0	0	0	0	0	0	0	0	0	0	0	0	0	0	0	0	0	0	0	0	0	0	0	0	0	0	0	0	0	0	0	0	0	0	0	0	0	0	0	0	0	0	0	0	0	0	0	0	0	0	0	0	0	0	0	0	0	0	0	0	0	0	0	0	0	0	0	0	0	0	0	0	0	0	0	0	0	0	0	0	0	0	0	0	0	0	0	0	0	0	0	0	0	0	0	0	0	0	0	0	0	1	0	0	0	0	0	0	0	0	0	0	0	0	0	0	0	0	0	0	0	0	0	0	0	0	0	0	0	0	0	0	0	0	0	0	0	0	0	0	0	0	0	0	0	0	0	0
chr9	17933639	0	0	0	0	0	0	0	0	0	0	0	0	0	0	0	0	0	0	0	0	0	0	0	0	0	0	0	0	0	0	0	0	0	0	0	0	0	0	0	0	0	0	0	0	0	0	0	0	0	0	0	0	0	0	0	0	0	0	0	0	0	0	0	0	0	0	0	0	0	0	0	0	0	0	0	0	0	0	0	0	0	0	0	0	0	0	0	0	0	0	0	0	2	0	0	0	0	0	0	0	0	0	0	0	0	0	0	0	0	0	0	0	0	1	0	0	0	0	0	0	0	0	0	0	0	0	0	0	0	0	0	0	0	0	0	0	0	0	0	0	0	0	0	0	0	0	0	0	0	0	0	0	0	0	0	0	0	0	0	0	0	0	0	0	0	0	0	0	0	0	0	0	0	0	0	0	0	0	0	0	0	0	0	0	0	0	0	0	0	0	0	0	0	0	0	0	0	0	0	0	0	0	0	0	0	0	0	0	0	0	0	0	0	0	0	0	0	0	0	0	0	0	0	0	0	0	0	0	0	0	0	0	0	0	0	0	0	0	0	0	0	0	0	0	0	0	0	0	0	0	0	0	0	0	0	0	0	0	0	0	0	0	0	0	0	0	0	0	0	0	0	0	0	0	0	0	0	0	0	0	0	0	0	0	0	0	0	0	0	0	0	0	0	0	0	0	0	0	0	0	0	0	0	0	0	0	0	0	0	0	0	0	0	0	0	0	0	0	0	0	0	0	0	0	0	0	0	0	0	0	0	0	0	0	0	0	0	1	0	0	0	0	0	0	0	0	0	0	0	0	0	0	0	0	0	0	0	0	0	0	0	0	0	0	0	0	0	0	0	0	0	0	0	0	0	0	0	0	0	0	0	0	0	0
chr9	17933640	0	0	0	0	0	0	0	0	0	0	0	0	0	0	0	0	0	0	0	0	0	0	0	0	0	0	0	0	0	0	0	0	0	0	0	0	0	0	0	0	0	0	0	0	0	0	0	0	0	0	0	0	0	0	0	0	0	0	0	0	0	0	0	0	0	0	0	0	0	0	0	0	0	0	0	0	0	0	0	0	0	0	0	0	0	0	0	0	0	0	0	0	2	0	0	0	0	0	0	0	0	0	0	0	0	0	0	0	0	0	0	0	0	1	0	0	0	0	0	0	0	0	0	0	0	0	0	0	0	0	0	0	0	0	0	0	0	0	0	0	0	0	0	0	0	0	0	0	0	0	0	0	0	0	0	0	0	0	0	0	0	0	0	0	0	0	0	0	0	0	0	0	0	0	0	0	0	0	0	0	0	0	0	0	0	0	0	0	0	0	0	0	0	0	0	0	0	0	0	0	0	0	0	0	0	0	0	0	0	0	0	0	0	0	0	0	0	0	0	0	0	0	0	0	0	0	0	0	0	0	0	0	0	0	0	0	0	0	0	0	0	0	0	0	0	0	0	0	0	0	0	0	0	0	0	0	0	0	0	0	0	0	0	0	0	0	0	0	0	0	0	0	0	0	0	0	0	0	0	0	0	0	0	0	0	0	0	0	0	0	0	0	0	0	0	0	0	0	0	0	0	0	0	0	0	0	0	0	0	0	0	0	0	0	0	0	0	0	0	0	0	0	0	0	0	0	0	0	0	0	0	0	0	0	0	0	0	1	0	0	0	0	0	0	0	0	0	0	0	0	0	0	0	0	0	0	0	0	0	0	0	0	0	0	0	0	0	0	0	0	0	0	0	0	0	0	0	0	0	0	0	0	0	0
chr9	17933641	0	0	0	0	0	0	0	0	0	0	0	0	0	0	0	0	0	0	0	0	0	0	0	0	0	0	0	0	0	0	0	0	0	0	0	0	0	0	0	0	0	0	0	0	0	0	0	0	0	0	0	0	0	0	0	0	0	0	0	0	0	0	0	0	0	0	0	0	0	0	0	0	0	0	0	0	0	0	0	0	0	0	0	0	0	0	0	0	0	0	0	0	2	0	0	0	0	0	0	0	0	0	0	0	0	0	0	0	0	0	0	0	0	1	0	0	0	0	0	0	0	0	0	0	0	0	0	0	0	0	0	0	0	0	0	0	0	0	0	0	0	0	0	0	0	0	0	0	0	0	0	0	0	0	0	0	0	0	0	0	0	0	0	0	0	0	0	0	0	0	0	0	0	0	0	0	0	0	0	0	0	0	0	0	0	0	0	0	0	0	0	0	0	0	0	0	0	0	0	0	0	0	0	0	0	0	0	0	0	0	0	0	0	0	0	0	0	0	0	0	0	0	0	0	0	0	0	0	0	0	0	0	0	0	0	0	0	0	0	0	0	0	0	0	0	0	0	0	0	0	0	0	0	0	0	0	0	0	0	0	0	0	0	0	0	0	0	0	0	0	0	0	0	0	0	0	0	0	0	0	0	0	0	0	0	0	0	0	0	0	0	0	0	0	0	0	0	0	0	0	0	0	0	0	0	0	0	0	0	0	0	0	0	0	0	0	0	0	0	0	0	0	0	0	0	0	0	0	0	0	0	0	0	0	0	0	0	1	0	0	0	0	0	0	0	0	0	0	0	0	0	0	0	0	0	0	0	0	0	0	0	0	0	0	0	0	0	0	0	0	0	0	0	0	0	0	0	0	0	0	0	0	0	0
chr9	17933642	0	0	0	0	0	0	0	0	0	0	0	0	0	0	0	0	0	0	0	0	0	0	0	0	0	0	0	0	0	0	0	0	0	0	0	0	0	0	0	0	0	0	0	0	0	0	0	0	0	0	0	0	0	0	0	0	0	0	0	0	0	0	0	0	0	0	0	0	0	0	0	0	0	0	0	0	0	0	0	0	0	0	0	0	0	0	0	0	0	0	0	0	2	0	0	0	0	0	0	0	0	0	0	0	0	0	0	0	0	0	0	0	0	1	0	0	0	0	0	0	0	0	0	0	0	0	0	0	0	0	0	0	0	0	0	0	0	0	0	0	0	0	0	0	0	0	0	0	0	0	0	0	0	0	0	0	0	0	0	0	0	0	0	0	0	0	0	0	0	0	0	0	0	0	0	0	0	0	0	0	0	0	0	0	0	0	0	0	0	0	0	0	0	0	0	0	0	0	0	0	0	0	0	0	0	0	0	0	0	0	0	0	0	0	0	0	0	0	0	0	0	0	0	0	0	0	0	0	0	0	0	0	0	0	0	0	0	0	0	0	0	0	0	0	0	0	0	0	0	0	0	0	0	0	0	0	0	0	0	0	0	0	0	0	0	0	0	0	0	0	0	0	0	0	0	0	0	0	0	0	0	0	0	0	0	0	0	0	0	0	0	0	0	0	0	0	0	0	0	0	0	0	0	0	0	0	0	0	0	0	0	0	0	0	0	0	0	0	0	0	0	0	0	0	0	0	0	0	0	0	0	0	0	0	0	0	0	1	0	0	0	0	0	0	0	0	0	0	0	0	0	0	0	0	0	0	0	0	0	0	0	0	0	0	0	0	0	0	0	0	0	0	0	0	0	0	0	0	0	0	0	0	0	0
chr9	17933643	0	0	0	0	0	0	0	0	0	0	0	0	0	0	0	0	0	0	0	0	0	0	0	0	0	0	0	0	0	0	0	0	0	0	0	0	0	0	0	0	0	0	0	0	0	0	0	0	0	0	0	0	0	0	0	0	0	0	0	0	0	0	0	0	0	0	0	0	0	0	0	0	0	0	0	0	0	0	0	0	0	0	0	0	0	0	0	0	0	0	0	0	0	0	0	0	0	0	0	0	0	0	0	0	0	0	0	0	0	0	0	0	0	1	0	0	0	0	0	0	0	0	0	0	0	0	0	0	0	0	0	0	0	0	0	0	0	0	0	0	0	0	0	0	0	0	0	0	0	0	0	0	0	0	0	0	0	0	0	0	0	0	0	0	0	0	0	0	0	0	0	0	0	0	0	0	0	0	0	0	0	0	0	0	0	0	0	0	0	0	0	0	0	0	0	0	0	0	0	0	0	0	0	0	0	0	0	0	0	0	0	0	0	0	0	0	0	0	0	0	0	0	0	0	0	0	0	0	0	0	0	0	0	0	0	0	0	0	0	0	0	0	0	0	0	0	0	0	0	0	0	0	0	0	0	0	0	0	0	0	0	0	0	0	0	0	0	0	0	0	0	0	0	0	0	0	0	0	0	0	0	0	0	0	0	0	0	0	0	0	0	0	0	0	0	0	0	0	0	0	0	0	0	0	0	0	0	0	0	0	0	0	0	0	0	0	0	0	0	0	0	0	0	0	0	0	0	0	0	0	0	0	0	0	0	0	0	1	0	0	0	0	0	0	0	0	0	0	0	0	0	0	0	0	0	0	0	0	0	0	0	0	0	0	0	0	0	0	0	0	0	0	0	0	0	0	0	0	0	0	0	0	0	0
chr9	17933644	0	0	0	0	0	0	0	0	0	0	0	0	0	0	0	0	0	0	0	0	0	0	0	0	0	0	0	0	0	0	0	0	0	0	0	0	0	0	0	0	0	0	0	0	0	0	0	0	0	0	0	0	0	0	0	0	0	0	0	0	0	0	0	0	0	0	0	0	0	0	0	0	0	0	0	0	0	0	0	0	0	0	0	0	0	0	0	0	0	0	0	0	0	0	0	0	0	0	0	0	0	0	0	0	0	0	0	0	0	0	0	0	0	1	0	0	0	0	0	0	0	0	0	0	0	0	0	0	0	0	0	0	0	0	0	0	0	0	0	0	0	0	0	0	0	0	0	0	0	0	0	0	0	0	0	0	0	0	0	0	0	0	0	0	0	0	0	0	0	0	0	0	0	0	0	0	0	0	0	0	0	0	0	0	0	0	0	0	0	0	0	0	0	0	0	0	0	0	0	0	0	0	0	0	0	0	0	0	0	0	0	0	0	0	0	0	0	0	0	0	0	0	0	0	0	0	0	0	0	0	0	0	0	0	0	0	0	0	0	0	0	0	0	0	0	0	0	0	0	0	0	0	0	0	0	0	0	0	0	0	0	0	0	0	0	0	0	0	0	0	0	0	0	0	0	0	0	0	0	0	0	0	0	0	0	0	0	0	0	0	0	0	0	0	0	0	0	0	0	0	0	0	0	0	0	0	0	0	0	0	0	0	0	0	0	0	0	0	0	0	0	0	0	0	0	0	0	0	0	0	0	0	0	0	0	0	0	1	0	0	0	0	0	0	0	0	0	0	0	0	0	0	0	0	0	0	0	0	0	0	0	0	0	0	0	0	0	0	0	0	0	0	0	0	0	0	0	0	0	0	0	0	0	0
chr9	17933645	0	0	0	0	0	0	0	0	0	0	0	0	0	0	0	0	0	0	0	0	0	0	0	0	0	0	0	0	0	0	0	0	0	0	0	0	0	0	0	0	0	0	0	0	0	0	0	0	0	0	0	0	0	0	0	0	0	0	0	0	0	0	0	0	0	0	0	0	0	0	0	0	0	0	0	0	0	0	0	0	0	0	0	0	0	0	0	0	0	0	0	0	0	0	0	0	0	0	0	0	0	0	0	0	0	0	0	0	0	0	0	0	0	1	0	0	0	0	0	0	0	0	0	0	0	0	0	0	0	0	0	0	0	0	0	0	0	0	0	0	0	0	0	0	0	0	0	0	0	0	0	0	0	0	0	0	0	0	0	0	0	0	0	0	0	0	0	0	0	0	0	0	0	0	0	0	0	0	0	0	0	0	0	0	0	0	0	0	0	0	0	0	0	0	0	0	0	0	0	0	0	0	0	0	0	0	0	0	0	0	0	0	0	0	0	0	0	0	0	0	0	0	0	0	0	0	0	0	0	0	0	0	0	0	0	0	0	0	0	0	0	0	0	0	0	0	0	0	0	0	0	0	0	0	0	0	0	0	0	0	0	0	0	0	0	0	0	0	0	0	0	0	0	0	0	0	0	0	0	0	0	0	0	0	0	0	0	0	0	0	0	0	0	0	0	0	0	0	0	0	0	0	0	0	0	0	0	0	0	0	0	0	0	0	0	0	0	0	0	0	0	0	0	0	0	0	0	0	0	0	0	0	0	0	0	0	0	1	0	0	0	0	0	0	0	0	0	0	0	0	0	0	0	0	0	0	0	0	0	0	0	0	0	0	0	0	0	0	0	0	0	0	0	0	0	0	0	0	0	0	0	0	0	0
chr9	17933646	0	0	0	0	0	0	0	0	0	0	0	0	0	0	0	0	0	0	0	0	0	0	0	0	0	0	0	0	0	0	0	0	0	0	0	0	0	0	0	0	0	0	0	0	0	0	0	0	0	0	0	0	0	0	0	0	0	0	0	0	0	0	0	0	0	0	0	0	0	0	0	0	0	0	0	0	0	0	0	0	0	0	0	0	0	0	0	0	0	0	0	0	0	0	0	0	0	0	0	0	0	0	0	0	0	0	0	0	0	0	0	0	0	1	0	0	0	0	0	0	0	0	0	0	0	0	0	0	0	0	0	0	0	0	0	0	0	0	0	0	0	0	0	0	0	0	0	0	0	0	0	0	0	0	0	0	0	0	0	0	0	0	0	0	0	0	0	0	0	0	0	0	0	0	0	0	0	0	0	0	0	0	0	0	0	0	0	0	0	0	0	0	0	0	0	0	0	0	0	0	0	0	0	0	0	0	0	0	0	0	0	0	0	0	0	0	0	0	0	0	0	0	0	0	0	0	0	0	0	0	0	0	0	0	0	0	0	0	0	0	0	0	0	0	0	0	0	0	0	0	0	0	0	0	0	0	0	0	0	0	0	0	0	0	0	0	0	0	0	0	0	0	0	0	0	0	0	0	0	0	0	0	0	0	0	0	0	0	0	0	0	0	0	0	0	0	0	0	0	0	0	0	0	0	0	0	0	0	0	0	0	0	0	0	0	0	0	0	0	0	0	0	0	0	0	0	0	0	0	0	0	0	0	0	0	0	0	1	0	0	0	0	0	0	0	0	0	0	0	0	0	0	0	0	0	0	0	0	0	0	0	0	0	0	0	0	0	0	0	0	0	0	0	0	0	0	0	0	0	0	0	0	0	0
chr9	17933647	0	0	0	0	0	0	0	0	0	0	0	0	0	0	0	0	0	0	0	0	0	0	0	0	0	0	0	0	0	0	0	0	0	0	0	0	0	0	0	0	0	0	0	0	0	0	0	0	0	0	0	0	0	0	0	0	0	0	0	0	0	0	0	0	0	0	0	0	0	0	0	0	0	0	0	0	0	0	0	0	0	0	0	0	0	0	0	0	0	0	0	0	0	0	0	0	0	0	0	0	0	0	0	0	0	0	0	0	0	0	0	0	0	1	0	0	0	0	0	0	0	0	0	0	0	0	0	0	0	0	0	0	0	0	0	0	0	0	0	0	0	0	0	0	0	0	0	0	0	0	0	0	0	0	0	0	0	0	0	0	0	0	0	0	0	0	0	0	0	0	0	0	0	0	0	0	0	0	0	0	0	0	0	0	0	0	0	0	0	0	0	0	0	0	0	0	0	0	0	0	0	0	0	0	0	0	0	0	0	0	0	0	0	0	0	0	0	0	0	0	0	0	0	0	0	0	0	0	0	0	0	0	0	0	0	0	0	0	0	0	0	0	0	0	0	0	0	0	0	0	0	0	0	0	0	0	0	0	0	0	0	0	0	0	0	0	0	0	0	0	0	0	0	0	0	0	0	0	0	0	0	0	0	0	0	0	0	0	0	0	0	0	0	0	0	0	0	0	0	0	0	0	0	0	0	0	0	0	0	0	0	0	0	0	0	0	0	0	0	0	0	0	0	0	0	0	0	0	0	0	0	0	0	0	0	0	0	1	0	0	0	0	0	0	0	0	0	0	0	0	0	0	0	0	0	0	0	0	0	0	0	0	0	0	0	0	0	0	0	0	0	0	0	0	0	0	0	0	0	0	0	0	0	0
chr9	17933648	0	0	0	0	0	0	0	0	0	0	0	0	0	0	0	0	0	0	0	0	0	0	0	0	0	0	0	0	0	0	0	0	0	0	0	0	0	0	0	0	0	0	0	0	0	0	0	0	0	0	0	0	0	0	0	0	0	0	0	0	0	0	0	0	0	0	0	0	0	0	0	0	0	0	0	0	0	0	0	0	0	0	0	0	0	0	0	0	0	0	0	0	0	0	0	0	0	0	0	0	0	0	0	0	0	0	0	0	0	0	0	0	0	1	0	0	0	0	0	0	0	0	0	0	0	0	0	0	0	0	0	0	0	0	0	0	0	0	0	0	0	0	0	0	0	0	0	0	0	0	0	0	0	0	0	0	0	0	0	0	0	0	0	0	0	0	0	0	0	0	0	0	0	0	0	0	0	0	0	0	0	0	0	0	0	0	0	0	0	0	0	0	0	0	0	0	0	0	0	0	0	0	0	0	0	0	0	0	0	0	0	0	0	0	0	0	0	0	0	0	0	0	0	0	0	0	0	0	0	0	0	0	0	0	0	0	0	0	0	0	0	0	0	0	0	0	0	0	0	0	0	0	0	0	0	0	0	0	0	0	0	0	0	0	0	0	0	0	0	0	0	0	0	0	0	0	0	0	0	0	0	0	0	0	0	0	0	0	0	0	0	0	0	0	0	0	0	0	0	0	0	0	0	0	0	0	0	0	0	0	0	0	0	0	0	0	0	0	0	0	0	0	0	0	0	0	0	0	0	0	0	0	0	0	0	0	0	1	0	0	0	0	0	0	0	0	0	0	0	0	0	0	0	0	0	0	0	0	0	0	0	0	0	0	0	0	0	0	0	0	0	0	0	0	0	0	0	0	0	0	0	0	0	0
chr9	17933649	0	0	0	0	0	0	0	0	0	0	0	0	0	0	0	0	0	0	0	0	0	0	0	0	0	0	0	0	0	0	0	0	0	0	0	0	0	0	0	0	0	0	0	0	0	0	0	0	0	0	0	0	0	0	0	0	0	0	0	0	0	0	0	0	0	0	0	0	0	0	0	0	0	0	0	0	0	0	0	0	0	0	0	0	0	0	0	0	0	0	0	0	0	0	0	0	0	0	0	0	0	0	0	0	0	0	0	0	0	0	0	0	0	1	0	0	0	0	0	0	0	0	0	0	0	0	0	0	0	0	0	0	0	0	0	0	0	0	0	0	0	0	0	0	0	0	0	0	0	0	0	0	0	0	0	0	0	0	0	0	0	0	0	0	0	0	0	0	0	0	0	0	0	0	0	0	0	0	0	0	0	0	0	0	0	0	0	0	0	0	0	0	0	0	0	0	0	0	0	0	0	0	0	0	0	0	0	0	0	0	0	0	0	0	0	0	0	0	0	0	0	0	0	0	0	0	0	0	0	0	0	0	0	0	0	0	0	0	0	0	0	0	0	0	0	0	0	0	0	0	0	0	0	0	0	0	0	0	0	0	0	0	0	0	0	0	0	0	0	0	0	0	0	0	0	0	0	0	0	0	0	0	0	0	0	0	0	0	0	0	0	0	0	0	0	0	0	0	0	0	0	0	0	0	0	0	0	0	0	0	0	0	0	0	0	0	0	0	0	0	0	0	0	0	0	0	0	0	0	0	0	0	0	0	0	0	0	1	0	0	0	0	0	0	0	0	0	0	0	0	0	0	0	0	0	0	0	0	0	0	0	0	0	0	0	0	0	0	0	0	0	0	0	0	0	0	0	0	0	0	0	0	0	0
chr9	17933650	0	0	0	0	0	0	0	0	0	0	0	0	0	0	0	0	0	0	0	0	0	0	0	0	0	0	0	0	0	0	0	0	0	0	0	0	0	0	0	0	0	0	0	0	0	0	0	0	0	0	0	0	0	0	0	0	0	0	0	0	0	0	0	0	0	0	0	0	0	0	0	0	0	0	0	0	0	0	0	0	0	0	0	0	0	0	0	0	0	0	0	0	0	0	0	0	0	0	0	0	0	0	0	0	0	0	0	0	0	0	0	0	0	1	0	0	0	0	0	0	0	0	0	0	0	0	0	0	0	0	0	0	0	0	0	0	0	0	0	0	0	0	0	0	0	0	0	0	0	0	0	0	0	0	0	0	0	0	0	0	0	0	0	0	0	0	0	0	0	0	0	0	0	0	0	0	0	0	0	0	0	0	0	0	0	0	0	0	0	0	0	0	0	0	0	0	0	0	0	0	0	0	0	0	0	0	0	0	0	0	0	0	0	0	0	0	0	0	0	0	0	0	0	0	0	0	0	0	0	0	0	0	0	0	0	0	0	0	0	0	0	0	0	0	0	0	0	0	0	0	0	0	0	0	0	0	0	0	0	0	0	0	0	0	0	0	0	0	0	0	0	0	0	0	0	0	0	0	0	0	0	0	0	0	0	0	0	0	0	0	0	0	0	0	0	0	0	0	0	0	0	0	0	0	0	0	0	0	0	0	0	0	0	0	0	0	0	0	0	0	0	0	0	0	0	0	0	0	0	0	0	0	0	0	0	0	0	1	0	0	0	0	0	0	0	0	0	0	0	0	0	0	0	0	0	0	0	0	0	0	0	0	0	0	0	0	0	0	0	0	0	0	0	0	0	0	0	0	0	0	0	0	0	0
chr9	17933651	0	0	0	0	0	0	0	0	0	0	0	0	0	0	0	0	0	0	0	0	0	0	0	0	0	0	0	0	0	0	0	0	0	0	0	0	0	0	0	0	0	0	0	0	0	0	0	0	0	0	0	0	0	0	0	0	0	0	0	0	0	0	0	0	0	0	0	0	0	0	0	0	0	0	0	0	0	0	0	0	0	0	0	0	0	0	0	0	0	0	0	0	0	0	0	0	0	0	0	0	0	0	0	0	0	0	0	0	0	0	0	0	0	1	0	0	0	0	0	0	0	0	0	0	0	0	0	0	0	0	0	0	0	0	0	0	0	0	0	0	0	0	0	0	0	0	0	0	0	0	0	0	0	0	0	0	0	0	0	0	0	0	0	0	0	0	0	0	0	0	0	0	0	0	0	0	0	0	0	0	0	0	0	0	0	0	0	0	0	0	0	0	0	0	0	0	0	0	0	0	0	0	0	0	0	0	0	0	0	0	0	0	0	0	0	0	0	0	0	0	0	0	0	0	0	0	0	0	0	0	0	0	0	0	0	0	0	0	0	0	0	0	0	0	0	0	0	0	0	0	0	0	0	0	0	0	0	0	0	0	0	0	0	0	0	0	0	0	0	0	0	0	0	0	0	0	0	0	0	0	0	0	0	0	0	0	0	0	0	0	0	0	0	0	0	0	0	0	0	0	0	0	0	0	0	0	0	0	0	0	0	0	0	0	0	0	0	0	0	0	0	0	0	0	0	0	0	0	0	0	0	0	0	0	0	0	0	1	0	0	0	0	0	0	0	0	0	0	0	0	0	0	0	0	0	0	0	0	0	0	0	0	0	0	0	0	0	0	0	0	0	0	0	0	0	0	0	0	0	0	0	0	0	0
chr9	17933652	0	0	0	0	0	0	0	0	0	0	0	0	0	0	0	0	0	0	0	0	0	0	0	0	0	0	0	0	0	0	0	0	0	0	0	0	0	0	0	0	0	0	0	0	0	0	0	0	0	0	0	0	0	0	0	0	0	0	0	0	0	0	0	0	0	0	0	0	0	0	0	0	0	0	0	0	0	0	0	0	0	0	0	0	0	0	0	0	0	0	0	0	0	0	0	0	0	0	0	0	0	0	0	0	0	0	0	0	0	0	0	0	0	1	0	0	0	0	0	0	0	0	0	0	0	0	0	0	0	0	0	0	0	0	0	0	0	0	0	0	0	0	0	0	0	0	0	0	0	0	0	0	0	0	0	0	0	0	0	0	0	0	0	0	0	0	0	0	0	0	0	0	0	0	0	0	0	0	0	0	0	0	0	0	0	0	0	0	0	0	0	0	0	0	0	0	0	0	0	0	0	0	0	0	0	0	0	0	0	0	0	0	0	0	0	0	0	0	0	0	0	0	0	0	0	0	0	0	0	0	0	0	0	0	0	0	0	0	0	0	0	0	0	0	0	0	0	0	0	0	0	0	0	0	0	0	0	0	0	0	0	0	0	0	0	0	0	0	0	0	0	0	0	0	0	0	0	0	0	0	0	0	0	0	0	0	0	0	0	0	0	0	0	0	0	0	0	0	0	0	0	0	0	0	0	0	0	0	0	0	0	0	0	0	0	0	0	0	0	0	0	0	0	0	0	0	0	0	0	0	0	0	0	0	0	0	0	1	0	0	0	0	0	0	0	0	0	0	0	0	0	0	0	0	0	0	0	0	0	0	0	0	0	0	0	0	0	0	0	0	0	0	0	0	0	0	0	0	0	0	0	0	0	0
chr9	17933653	0	0	0	0	0	0	0	0	0	0	0	0	0	0	0	0	0	0	0	0	0	0	0	0	0	0	0	0	0	0	0	0	0	0	0	0	0	0	0	0	0	0	0	0	0	0	0	0	0	0	0	0	0	0	0	0	0	0	0	0	0	0	0	0	0	0	0	0	0	0	0	0	0	0	0	0	0	0	0	0	0	0	0	0	0	0	0	0	0	0	0	0	0	0	0	0	0	0	0	0	0	0	0	0	0	0	0	0	0	0	0	0	0	1	0	0	0	0	0	0	0	0	0	0	0	0	0	0	0	0	0	0	0	0	0	0	0	0	0	0	0	0	0	0	0	0	0	0	0	0	0	0	0	0	0	0	0	0	0	0	0	0	0	0	0	0	0	0	0	0	0	0	0	0	0	0	0	0	0	0	0	0	0	0	0	0	0	0	0	0	0	0	0	0	0	0	0	0	0	0	0	0	0	0	0	0	0	0	0	0	0	0	0	0	0	0	0	0	0	0	0	0	0	0	0	0	0	0	0	0	0	0	0	0	0	0	0	0	0	0	0	0	0	0	0	0	0	0	0	0	0	0	0	0	0	0	0	0	0	0	0	0	0	0	0	0	0	0	0	0	0	0	0	0	0	0	0	0	0	0	0	0	0	0	0	0	0	0	0	0	0	0	0	0	0	0	0	0	0	0	0	0	0	0	0	0	0	0	0	0	0	0	0	0	0	0	0	0	0	0	0	0	0	0	0	0	0	0	0	0	0	0	0	0	0	0	0	1	0	0	0	0	0	0	0	0	0	0	0	0	0	0	0	0	0	0	0	0	0	0	0	0	0	0	0	0	0	0	0	0	0	0	0	0	0	0	0	0	0	0	0	0	0	0
chr9	17933654	0	0	0	0	0	0	0	0	0	0	0	0	0	0	0	0	0	0	0	0	0	0	0	0	0	0	0	0	0	0	0	0	0	0	0	0	0	0	0	0	0	0	0	0	0	0	0	0	0	0	0	0	0	0	0	0	0	0	0	0	0	0	0	0	0	0	0	0	0	0	0	0	0	0	0	0	0	0	0	0	0	0	0	0	0	0	0	0	0	0	0	0	0	0	0	0	0	0	0	0	0	0	0	0	0	0	0	0	0	0	0	0	0	1	0	0	0	0	0	0	0	0	0	0	0	0	0	0	0	0	0	0	0	0	0	0	0	0	0	0	0	0	0	0	0	0	0	0	0	0	0	0	0	0	0	0	0	0	0	0	0	0	0	0	0	0	0	0	0	0	0	0	0	0	0	0	0	0	0	0	0	0	0	0	0	0	0	0	0	0	0	0	0	0	0	0	0	0	0	0	0	0	0	0	0	0	0	0	0	0	0	0	0	0	0	0	0	0	0	0	0	0	0	0	0	0	0	0	0	0	0	0	0	0	0	0	0	0	0	0	0	0	0	0	0	0	0	0	0	0	0	0	0	0	0	0	0	0	0	0	0	0	0	0	0	0	0	0	0	0	0	0	0	0	0	0	0	0	0	0	0	0	0	0	0	0	0	0	0	0	0	0	0	0	0	0	0	0	0	0	0	0	0	0	0	0	0	0	0	0	0	0	0	0	0	0	0	0	0	0	0	0	0	0	0	0	0	0	0	0	0	0	0	0	0	0	0	1	0	0	0	0	0	0	0	0	0	0	0	0	0	0	0	0	0	0	0	0	0	0	0	0	0	0	0	0	0	0	0	0	0	0	0	0	0	0	0	0	0	0	0	0	0	0
chr9	17933655	0	0	0	0	0	0	0	0	0	0	0	0	0	0	0	0	0	0	0	0	0	0	0	0	0	0	0	0	0	0	0	0	0	0	0	0	0	0	0	0	0	0	0	0	0	0	0	0	0	0	0	0	0	0	0	0	0	0	0	0	0	0	0	0	0	0	0	0	0	0	0	0	0	0	0	0	0	0	0	0	0	0	0	0	0	0	0	0	0	0	0	0	0	0	0	0	0	0	0	0	0	0	0	0	0	0	0	0	0	0	0	0	0	1	0	0	0	0	0	0	0	0	0	0	0	0	0	0	0	0	0	0	0	0	0	0	0	0	0	0	0	0	0	0	0	0	0	0	0	0	0	0	0	0	0	0	0	0	0	0	0	0	0	0	0	0	0	0	0	0	0	0	0	0	0	0	0	0	0	0	0	0	0	0	0	0	0	0	0	0	0	0	0	0	0	0	0	0	0	0	0	0	0	0	0	0	0	0	0	0	0	0	0	0	0	0	0	0	0	0	0	0	0	0	0	0	0	0	0	0	0	0	0	0	0	0	0	0	0	0	0	0	0	0	0	0	0	0	0	0	0	0	0	0	0	0	0	0	0	0	0	0	0	0	0	0	0	0	0	0	0	0	0	0	0	0	0	0	0	0	0	0	0	0	0	0	0	0	0	0	0	0	0	0	0	0	0	0	0	0	0	0	0	0	0	0	0	0	0	0	0	0	0	0	0	0	0	0	0	0	0	0	0	0	0	0	0	0	0	0	0	0	0	0	0	0	0	1	0	0	0	0	0	0	0	0	0	0	0	0	0	0	0	0	0	0	0	0	0	0	0	0	0	0	0	0	0	0	0	0	0	0	0	0	0	0	0	0	0	0	0	0	0	0
chr9	17933656	0	0	0	0	0	0	0	0	0	0	0	0	0	0	0	0	0	0	0	0	0	0	0	0	0	0	0	0	0	0	0	0	0	0	0	0	0	0	0	0	0	0	0	0	0	0	0	0	0	0	0	0	0	0	0	0	0	0	0	0	0	0	0	0	0	0	0	0	0	0	0	0	0	0	0	0	0	0	0	0	0	0	0	0	0	0	0	0	0	0	0	0	0	0	0	0	0	0	0	0	0	0	0	0	0	0	0	0	0	0	0	0	0	1	0	0	0	0	0	0	0	0	0	0	0	0	0	0	0	0	0	0	0	0	0	0	0	0	0	0	0	0	0	0	0	0	0	0	0	0	0	0	0	0	0	0	0	0	0	0	0	0	0	0	0	0	0	0	0	0	0	0	0	0	0	0	0	0	0	0	0	0	0	0	0	0	0	0	0	0	0	0	0	0	0	0	0	0	0	0	0	0	0	0	0	0	0	0	0	0	0	0	0	0	0	0	0	0	0	0	0	0	0	0	0	0	0	0	0	0	0	0	0	0	0	0	0	0	0	0	0	0	0	0	0	0	0	0	0	0	0	0	0	0	0	0	0	0	0	0	0	0	0	0	0	0	0	0	0	0	0	0	0	0	0	0	0	0	0	0	0	0	0	0	0	0	0	0	0	0	0	0	0	0	0	0	0	0	0	0	0	0	0	0	0	0	0	0	0	0	0	0	0	0	0	0	0	0	0	0	0	0	0	0	0	0	0	0	0	0	0	0	0	0	0	0	0	1	0	0	0	0	0	0	0	0	0	0	0	0	0	0	0	0	0	0	0	0	0	0	0	0	0	0	0	0	0	0	0	0	0	0	0	0	0	0	0	0	0	0	0	0	0	0
chr9	17933657	0	0	0	0	0	0	0	0	0	0	0	0	0	0	0	0	0	0	0	0	0	0	0	0	0	0	0	0	0	0	0	0	0	0	0	0	0	0	0	0	0	0	0	0	0	0	0	0	0	0	0	0	0	0	0	0	0	0	0	0	0	0	0	0	0	0	0	0	0	0	0	0	0	0	0	0	0	0	0	0	0	0	0	0	0	0	0	0	0	0	0	0	0	0	0	0	0	0	0	0	0	0	0	0	0	0	0	0	0	0	0	0	0	1	0	0	0	0	0	0	0	0	0	0	0	0	0	0	0	0	0	0	0	0	0	0	0	0	0	0	0	0	0	0	0	0	0	0	0	0	0	0	0	0	0	0	0	0	0	0	0	0	0	0	0	0	0	0	0	0	0	0	0	0	0	0	0	0	0	0	0	0	0	0	0	0	0	0	0	0	0	0	0	0	0	0	0	0	0	0	0	0	0	0	0	0	0	0	0	0	0	0	0	0	0	0	0	0	0	0	0	0	0	0	0	0	0	0	0	0	0	0	0	0	0	0	0	0	0	0	0	0	0	0	0	0	0	0	0	0	0	0	0	0	0	0	0	0	0	0	0	0	0	0	0	0	0	0	0	0	0	0	0	0	0	0	0	0	0	0	0	0	0	0	0	0	0	0	0	0	0	0	0	0	0	0	0	0	0	0	0	0	0	0	0	0	0	0	0	0	0	0	0	0	0	0	0	0	0	0	0	0	0	0	0	0	0	0	0	0	0	0	0	0	0	0	0	1	0	0	0	0	0	0	0	0	0	0	0	0	0	0	0	0	0	0	0	0	0	0	0	0	0	0	0	0	0	0	0	0	0	0	0	0	0	0	0	0	0	0	0	0	0	0
chr9	17933658	0	0	0	0	0	0	0	0	0	0	0	0	0	0	0	0	0	0	0	0	0	0	0	0	0	0	0	0	0	0	0	0	0	0	0	0	0	0	0	0	0	0	0	0	0	0	0	0	0	0	0	0	0	0	0	0	0	0	0	0	0	0	0	0	0	0	0	0	0	0	0	0	0	0	0	0	0	0	0	0	0	0	0	0	0	0	0	0	0	0	0	0	0	0	0	0	0	0	0	0	0	0	0	0	0	0	0	0	0	0	0	0	0	1	0	0	0	0	0	0	0	0	0	0	0	0	0	0	0	0	0	0	0	0	0	0	0	0	0	0	0	0	0	0	0	0	0	0	0	0	0	0	0	0	0	0	0	0	0	0	0	0	0	0	0	0	0	0	0	0	0	0	0	0	0	0	0	0	0	0	0	0	0	0	0	0	0	0	0	0	0	0	0	0	0	0	0	0	0	0	0	0	0	0	0	0	0	0	0	0	0	0	0	0	0	0	0	0	0	0	0	0	0	0	0	0	0	0	0	0	0	0	0	0	0	0	0	0	0	0	0	0	0	0	0	0	0	0	0	0	0	0	0	0	0	0	0	0	0	0	0	0	0	0	0	0	0	0	0	0	0	0	0	0	0	0	0	0	0	0	0	0	0	0	0	0	0	0	0	0	0	0	0	0	0	0	0	0	0	0	0	0	0	0	0	0	0	0	0	0	0	0	0	0	0	0	0	0	0	0	0	0	0	0	0	0	0	0	0	0	0	0	0	0	0	0	0	1	0	0	0	0	0	0	0	0	0	0	0	0	0	0	0	0	0	0	0	0	0	0	0	0	0	0	0	0	0	0	0	0	0	0	0	0	0	0	0	0	0	0	0	0	0	0
chr9	17933659	0	0	0	0	0	0	0	0	0	0	0	0	0	0	0	0	0	0	0	0	0	0	0	0	0	0	0	0	0	0	0	0	0	0	0	0	0	0	0	0	0	0	0	0	0	0	0	0	0	0	0	0	0	0	0	0	0	0	0	0	0	0	0	0	0	0	0	0	0	0	0	0	0	0	0	0	0	0	0	0	0	0	0	0	0	0	0	0	0	0	0	0	0	0	0	0	0	0	0	0	0	0	0	0	0	0	0	0	0	0	0	0	0	1	0	0	0	0	0	0	0	0	0	0	0	0	0	0	0	0	0	0	0	0	0	0	0	0	0	0	0	0	0	0	0	0	0	0	0	0	0	0	0	0	0	0	0	0	0	0	0	0	0	0	0	0	0	0	0	0	0	0	0	0	0	0	0	0	0	0	0	0	0	0	0	0	0	0	0	0	0	0	0	0	0	0	0	0	0	0	0	0	0	0	0	0	0	0	0	0	0	0	0	0	0	0	0	0	0	0	0	0	0	0	0	0	0	0	0	0	0	0	0	0	0	0	0	0	0	0	0	0	0	0	0	0	0	0	0	0	0	0	0	0	0	0	0	0	0	0	0	0	0	0	0	0	0	0	0	0	0	0	0	0	0	0	0	0	0	0	0	0	0	0	0	0	0	0	0	0	0	0	0	0	0	0	0	0	0	0	0	0	0	0	0	0	0	0	0	0	0	0	0	0	0	0	0	0	0	0	0	0	0	0	0	0	0	0	0	0	0	0	0	0	0	0	0	1	0	0	0	0	0	0	0	0	0	0	0	0	0	0	0	0	0	0	0	0	0	0	0	0	0	0	0	0	0	0	0	0	0	0	0	0	0	0	0	0	0	0	0	0	0	0
chr9	17933660	0	0	0	0	0	0	0	0	0	0	0	0	0	0	0	0	0	0	0	0	0	0	0	0	0	0	0	0	0	0	0	0	0	0	0	0	0	0	0	0	0	0	0	0	0	0	0	0	0	0	0	0	0	0	0	0	0	0	0	0	0	0	0	0	0	0	0	0	0	0	0	0	0	0	0	0	0	0	0	0	0	0	0	0	0	0	0	0	0	0	0	0	0	0	0	0	0	0	0	0	0	0	0	0	0	0	0	0	0	0	0	0	0	1	0	0	0	0	0	0	0	0	0	0	0	0	0	0	0	0	0	0	0	0	0	0	0	0	0	0	0	0	0	0	0	0	0	0	0	0	0	0	0	0	0	0	0	0	0	0	0	0	0	0	0	0	0	0	0	0	0	0	0	0	0	0	0	0	0	0	0	0	0	0	0	0	0	0	0	0	0	0	0	0	0	0	0	0	0	0	0	0	0	0	0	0	0	0	0	0	0	0	0	0	0	0	0	0	0	0	0	0	0	0	0	0	0	0	0	0	0	0	0	0	0	0	0	0	0	0	0	0	0	0	0	0	0	0	0	0	0	0	0	0	0	0	0	0	0	0	0	0	0	0	0	0	0	0	0	0	0	0	0	0	0	0	0	0	0	0	0	0	0	0	0	0	0	0	0	0	0	0	0	0	0	0	0	0	0	0	0	0	0	0	0	0	0	0	0	0	0	0	0	0	0	0	0	0	0	0	0	0	0	0	0	0	0	0	0	0	0	0	0	0	0	0	0	1	0	0	0	0	0	0	0	0	0	0	0	0	0	0	0	0	0	0	0	0	0	0	0	0	0	0	0	0	0	0	0	0	0	0	0	0	0	0	0	0	0	0	0	0	0	0
chr9	17933661	0	0	0	0	0	0	0	0	0	0	0	0	0	0	0	0	0	0	0	0	0	0	0	0	0	0	0	0	0	0	0	0	0	0	0	0	0	0	0	0	0	0	0	0	0	0	0	0	0	0	0	0	0	0	0	0	0	0	0	0	0	0	0	0	0	0	0	0	0	0	0	0	0	0	0	0	0	0	0	0	0	0	0	0	0	0	0	0	0	0	0	0	0	0	0	0	0	0	0	0	0	0	0	0	0	0	0	0	0	0	0	0	0	1	0	0	0	0	0	0	0	0	0	0	0	0	0	0	0	0	0	0	0	0	0	0	0	0	0	0	0	0	0	0	0	0	0	0	0	0	0	0	0	0	0	0	0	0	0	0	0	0	0	0	0	0	0	0	0	0	0	0	0	0	0	0	0	0	0	0	0	0	0	0	0	0	0	0	0	0	0	0	0	0	0	0	0	0	0	0	0	0	0	0	0	0	0	0	0	0	0	0	0	0	0	0	0	0	0	0	0	0	0	0	0	0	0	0	0	0	0	0	0	0	0	0	0	0	0	0	0	0	0	0	0	0	0	0	0	0	0	0	0	0	0	0	0	0	0	0	0	0	0	0	0	0	0	0	0	0	0	0	0	0	0	0	0	0	0	0	0	0	0	0	0	0	0	0	0	0	0	0	0	0	0	0	0	0	0	0	0	0	0	0	0	0	0	0	0	0	0	0	0	0	0	0	0	0	0	0	0	0	0	0	0	0	0	0	0	0	0	0	0	0	0	0	0	1	0	0	0	0	0	0	0	0	0	0	0	0	0	0	0	0	0	0	0	0	0	0	0	0	0	0	0	0	0	0	0	0	0	0	0	0	0	0	0	0	0	0	0	0	0	0
chr9	17933662	0	0	0	0	0	0	0	0	0	0	0	0	0	0	0	0	0	0	0	0	0	0	0	0	0	0	0	0	0	0	0	0	0	0	0	0	0	0	0	0	0	0	0	0	0	0	0	0	0	0	0	0	0	0	0	0	0	0	0	0	0	0	0	0	0	0	0	0	0	0	0	0	0	0	0	0	0	0	0	0	0	0	0	0	0	0	0	0	0	0	0	0	0	0	0	0	0	0	0	0	0	0	0	0	0	0	0	0	0	0	0	0	0	1	0	0	0	0	0	0	0	0	0	0	0	0	0	0	0	0	0	0	0	0	0	0	0	0	0	0	0	0	0	0	0	0	0	0	0	0	0	0	0	0	0	0	0	0	0	0	0	0	0	0	0	0	0	0	0	0	0	0	0	0	0	0	0	0	0	0	0	0	0	0	0	0	0	0	0	0	0	0	0	0	0	0	0	0	0	0	0	0	0	0	0	0	0	0	0	0	0	0	0	0	0	0	0	0	0	0	0	0	0	0	0	0	0	0	0	0	0	0	0	0	0	0	0	0	0	0	0	0	0	0	0	0	0	0	0	0	0	0	0	0	0	0	0	0	0	0	0	0	0	0	0	0	0	0	0	0	0	0	0	0	0	0	0	0	0	0	0	0	0	0	0	0	0	0	0	0	0	0	0	0	0	0	0	0	0	0	0	0	0	0	0	0	0	0	0	0	0	0	0	0	0	0	0	0	0	0	0	0	0	0	0	0	0	0	0	0	0	0	0	0	0	0	0	1	0	0	0	0	0	0	0	0	0	0	0	0	0	0	0	0	0	0	0	0	0	0	0	0	0	0	0	0	0	0	0	0	0	0	0	0	0	0	0	0	0	0	0	0	0	0
chr9	17933663	0	0	0	0	0	0	0	0	0	0	0	0	0	0	0	0	0	0	0	0	0	0	0	0	0	0	0	0	0	0	0	0	0	0	0	0	0	0	0	0	0	0	0	0	0	0	0	0	0	0	0	0	0	0	0	0	0	0	0	0	0	0	0	0	0	0	0	0	0	0	0	0	0	0	0	0	0	0	0	0	0	0	0	0	0	0	0	0	0	0	0	0	0	0	0	0	0	0	0	0	0	0	0	0	0	0	0	0	0	0	0	0	0	1	0	0	0	0	0	0	0	0	0	0	0	0	0	0	0	0	0	0	0	0	0	0	0	0	0	0	0	0	0	0	0	0	0	0	0	0	0	0	0	0	0	0	0	0	0	0	0	0	0	0	0	0	0	0	0	0	0	0	0	0	0	0	0	0	0	0	0	0	0	0	0	0	0	0	0	0	0	0	0	0	0	0	0	0	0	0	0	0	0	0	0	0	0	0	0	0	0	0	0	0	0	0	0	0	0	0	0	0	0	0	0	0	0	0	0	0	0	0	0	0	0	0	0	0	0	0	0	0	0	0	0	0	0	0	0	0	0	0	0	0	0	0	0	0	0	0	0	0	0	0	0	0	0	0	0	0	0	0	0	0	0	0	0	0	0	0	0	0	0	0	0	0	0	0	0	0	0	0	0	0	0	0	0	0	0	0	0	0	0	0	0	0	0	0	0	0	0	0	0	0	0	0	0	0	0	0	0	0	0	0	0	0	0	0	0	0	0	0	0	0	0	0	0	1	0	0	0	0	0	0	0	0	0	0	0	0	0	0	0	0	0	0	0	0	0	0	0	0	0	0	0	0	0	0	0	0	0	0	0	0	0	0	0	0	0	0	0	0	0	0
chr9	17933664	0	0	0	0	0	0	0	0	0	0	0	0	0	0	0	0	0	0	0	0	0	0	0	0	0	0	0	0	0	0	0	0	0	0	0	0	0	0	0	0	0	0	0	0	0	0	0	0	0	0	0	0	0	0	0	0	0	0	0	0	0	0	0	0	0	0	0	0	0	0	0	0	0	0	0	0	0	0	0	0	0	0	0	0	0	0	0	0	0	0	0	0	0	0	0	0	0	0	0	0	0	0	0	0	0	0	0	0	0	0	0	0	0	1	0	0	0	0	0	0	0	0	0	0	0	0	0	0	0	0	0	0	0	0	0	0	0	0	0	0	0	0	0	0	0	0	0	0	0	0	0	0	0	0	0	0	0	0	0	0	0	0	0	0	0	0	0	0	0	0	0	0	0	0	0	0	0	0	0	0	0	0	0	0	0	0	0	0	0	0	0	0	0	0	0	0	0	0	0	0	0	0	0	0	0	0	0	0	0	0	0	0	0	0	0	0	0	0	0	0	0	0	0	0	0	0	0	0	0	0	0	0	0	0	0	0	0	0	0	0	0	0	0	0	0	0	0	0	0	0	0	0	0	0	0	0	0	0	0	0	0	0	0	0	0	0	0	0	0	0	0	0	0	0	0	0	0	0	0	0	0	0	0	0	0	0	0	0	0	0	0	0	0	0	0	0	0	0	0	0	0	0	0	0	0	0	0	0	0	0	0	0	0	0	0	0	0	0	0	0	0	0	0	0	0	0	0	0	0	0	0	0	0	0	0	0	0	1	0	0	0	0	0	0	0	0	0	0	0	0	0	0	0	0	0	0	0	0	0	0	0	0	0	0	0	0	0	0	0	0	0	0	0	0	0	0	0	0	0	0	0	0	0	0
chr9	17933665	0	0	0	0	0	0	0	0	0	0	0	0	0	0	0	0	0	0	0	0	0	0	0	0	0	0	0	0	0	0	0	0	0	0	0	0	0	0	0	0	0	0	0	0	0	0	0	0	0	0	0	0	0	0	0	0	0	0	0	0	0	0	0	0	0	0	0	0	0	0	0	0	0	0	0	0	0	0	0	0	0	0	0	0	0	0	0	0	0	0	0	0	0	0	0	0	0	0	0	0	0	0	0	0	0	0	0	0	0	0	0	0	0	1	0	0	0	0	0	0	0	0	0	0	0	0	0	0	0	0	0	0	0	0	0	0	0	0	0	0	0	0	0	0	0	0	0	0	0	0	0	0	0	0	0	0	0	0	0	0	0	0	0	0	0	0	0	0	0	0	0	0	0	0	0	0	0	0	0	0	0	0	0	0	0	0	0	0	0	0	0	0	0	0	0	0	0	0	0	0	0	0	0	0	0	0	0	0	0	0	0	0	0	0	0	0	0	0	0	0	0	0	0	0	0	0	0	0	0	0	0	0	0	0	0	0	0	0	0	0	0	0	0	0	0	0	0	0	0	0	0	0	0	0	0	0	0	0	0	0	0	0	0	0	0	0	0	0	0	0	0	0	0	0	0	0	0	0	0	0	0	0	0	0	0	0	0	0	0	0	0	0	0	0	0	0	0	0	0	0	0	0	0	0	0	0	0	0	0	0	0	0	0	0	0	0	0	0	0	0	0	0	0	0	0	0	0	0	0	0	0	0	0	0	0	0	0	1	0	0	0	0	0	0	0	0	0	0	0	0	0	0	0	0	0	0	0	0	0	0	0	0	0	0	0	0	0	0	0	0	0	0	0	0	0	0	0	0	0	0	0	0	0	0
chr9	17933666	0	0	0	0	0	0	0	0	0	0	0	0	0	0	0	0	0	0	0	0	0	0	0	0	0	0	0	0	0	0	0	0	0	0	0	0	0	0	0	0	0	0	0	0	0	0	0	0	0	0	0	0	0	0	0	0	0	0	0	0	0	0	0	0	0	0	0	0	0	0	0	0	0	0	0	0	0	0	0	0	0	0	0	0	0	0	0	0	0	0	0	0	0	0	0	0	0	0	0	0	0	0	0	0	0	0	0	0	0	0	0	0	0	1	0	0	0	0	0	0	0	0	0	0	0	0	0	0	0	0	0	0	0	0	0	0	0	0	0	0	0	0	0	0	0	0	0	0	0	0	0	0	0	0	0	0	0	0	0	0	0	0	0	0	0	0	0	0	0	0	0	0	0	0	0	0	0	0	0	0	0	0	0	0	0	0	0	0	0	0	0	0	0	0	0	0	0	0	0	0	0	0	0	0	0	0	0	0	0	0	0	0	0	0	0	0	0	0	0	0	0	0	0	0	0	0	0	0	0	0	0	0	0	0	0	0	0	0	0	0	0	0	0	0	0	0	0	0	0	0	0	0	0	0	0	0	0	0	0	0	0	0	0	0	0	0	0	0	0	0	0	0	0	0	0	0	0	0	0	0	0	0	0	0	0	0	0	0	0	0	0	0	0	0	0	0	0	0	0	0	0	0	0	0	0	0	0	0	0	0	0	0	0	0	0	0	0	0	0	0	0	0	0	0	0	0	0	0	0	0	0	0	0	0	0	0	0	1	0	0	0	0	0	0	0	0	0	0	0	0	0	0	0	0	0	0	0	0	0	0	0	0	0	0	0	0	0	0	0	0	0	0	0	0	0	0	0	0	0	0	0	0	0	0
chr9	17933667	0	0	0	0	0	0	0	0	0	0	0	0	0	0	0	0	0	0	0	0	0	0	0	0	0	0	0	0	0	0	0	0	0	0	0	0	0	0	0	0	0	0	0	0	0	0	0	0	0	0	0	0	0	0	0	0	0	0	0	0	0	0	0	0	0	0	0	0	0	0	0	0	0	0	0	0	0	0	0	0	0	0	0	0	0	0	0	0	0	0	0	0	0	0	0	0	0	0	0	0	0	0	0	0	0	0	0	0	0	0	0	0	0	1	0	0	0	0	0	0	0	0	0	0	0	0	0	0	0	0	0	0	0	0	0	0	0	0	0	0	0	0	0	0	0	0	0	0	0	0	0	0	0	0	0	0	0	0	0	0	0	0	0	0	0	0	0	0	0	0	0	0	0	0	0	0	0	0	0	0	0	0	0	0	0	0	0	0	0	0	0	0	0	0	0	0	0	0	0	0	0	0	0	0	0	0	0	0	0	0	0	0	0	0	0	0	0	0	0	0	0	0	0	0	0	0	0	0	0	0	0	0	0	0	0	0	0	0	0	0	0	0	0	0	0	0	0	0	0	0	0	0	0	0	0	0	0	0	0	0	0	0	0	0	0	0	0	0	0	0	0	0	0	0	0	0	0	0	0	0	0	0	0	0	0	0	0	0	0	0	0	0	0	0	0	0	0	0	0	0	0	0	0	0	0	0	0	0	0	0	0	0	0	0	0	0	0	0	0	0	0	0	0	0	0	0	0	0	0	0	0	0	0	0	0	0	0	1	0	0	0	0	0	0	0	0	0	0	0	0	0	0	0	0	0	0	0	0	0	0	0	0	0	0	0	0	0	0	0	0	0	0	0	0	0	0	0	0	0	0	0	0	0	0
chr9	17933668	0	0	0	0	0	0	0	0	0	0	0	0	0	0	0	0	0	0	0	0	0	0	0	0	0	0	0	0	0	0	0	0	0	0	0	0	0	0	0	0	0	0	0	0	0	0	0	0	0	0	0	0	0	0	0	0	0	0	0	0	0	0	0	0	0	0	0	0	0	0	0	0	0	0	0	0	0	0	0	0	0	0	0	0	0	0	0	0	0	0	0	0	0	0	0	0	0	0	0	0	0	0	0	0	0	0	0	0	0	0	0	0	0	1	0	0	0	0	0	0	0	0	0	0	0	0	0	0	0	0	0	0	0	0	0	0	0	0	0	0	0	0	0	0	0	0	0	0	0	0	0	0	0	0	0	0	0	0	0	0	0	0	0	0	0	0	0	0	0	0	0	0	0	0	0	0	0	0	0	0	0	0	0	0	0	0	0	0	0	0	0	0	0	0	0	0	0	0	0	0	0	0	0	0	0	0	0	0	0	0	0	0	0	0	0	0	0	0	0	0	0	0	0	0	0	0	0	0	0	0	0	0	0	0	0	0	0	0	0	0	0	0	0	0	0	0	0	0	0	0	0	0	0	0	0	0	0	0	0	0	0	0	0	0	0	0	0	0	0	0	0	0	0	0	0	0	0	0	0	0	0	0	0	0	0	0	0	0	0	0	0	0	0	0	0	0	0	0	0	0	0	0	0	0	0	0	0	0	0	0	0	0	0	0	0	0	0	0	0	0	0	0	0	0	0	0	0	0	0	0	0	0	0	0	0	0	0	1	0	0	0	0	0	0	0	0	0	0	0	0	0	0	0	0	0	0	0	0	0	0	0	0	0	0	0	0	0	0	0	0	0	0	0	0	0	0	0	0	0	0	0	0	0	0
chr9	17933669	0	0	0	0	0	0	0	0	0	0	0	0	0	0	0	0	0	0	0	0	0	0	0	0	0	0	0	0	0	0	0	0	0	0	0	0	0	0	0	0	0	0	0	0	0	0	0	0	0	0	0	0	0	0	0	0	0	0	0	0	0	0	0	0	0	0	0	0	0	0	0	0	0	0	0	0	0	0	0	0	0	0	0	0	0	0	0	0	0	0	0	0	0	0	0	0	0	0	0	0	0	0	0	0	0	0	0	0	0	0	0	0	0	1	0	0	0	0	0	0	0	0	0	0	0	0	0	0	0	0	0	0	0	0	0	0	0	0	0	0	0	0	0	0	0	0	0	0	0	0	0	0	0	0	0	0	0	0	0	0	0	0	0	0	0	0	0	0	0	0	0	0	0	0	0	0	0	0	0	0	0	0	0	0	0	0	0	0	0	0	0	0	0	0	0	0	0	0	0	0	0	0	0	0	0	0	0	0	0	0	0	0	0	0	0	0	0	0	0	0	0	0	0	0	0	0	0	0	0	0	0	0	0	0	0	0	0	0	0	0	0	0	0	0	0	0	0	0	0	0	0	0	0	0	0	0	0	0	0	0	0	0	0	0	0	0	0	0	0	0	0	0	0	0	0	0	0	0	0	0	0	0	0	0	0	0	0	0	0	0	0	0	0	0	0	0	0	0	0	0	0	0	0	0	0	0	0	0	0	0	0	0	0	0	0	0	0	0	0	0	0	0	0	0	0	0	0	0	0	0	0	0	0	0	0	0	0	1	0	0	0	0	0	0	0	0	0	0	0	0	0	0	0	0	0	0	0	0	0	0	0	0	0	0	0	0	0	0	0	0	0	0	0	0	0	0	0	0	0	0	0	0	0	0
chr9	17933670	0	0	0	0	0	0	0	0	0	0	0	0	0	0	0	0	0	0	0	0	0	0	0	0	0	0	0	0	0	0	0	0	0	0	0	0	0	0	0	0	0	0	0	0	0	0	0	0	0	0	0	0	0	0	0	0	0	0	0	0	0	0	0	0	0	0	0	0	0	0	0	0	0	0	0	0	0	0	0	0	0	0	0	0	0	0	0	0	0	0	0	0	0	0	0	0	0	0	0	0	0	0	0	0	0	0	0	0	0	0	0	0	0	1	0	0	0	0	0	0	0	0	0	0	0	0	0	0	0	0	0	0	0	0	0	0	0	0	0	0	0	0	0	0	0	0	0	0	0	0	0	0	0	0	0	0	0	0	0	0	0	0	0	0	0	0	0	0	0	0	0	0	0	0	0	0	0	0	0	0	0	0	0	0	0	0	0	0	0	0	0	0	0	0	0	0	0	0	0	0	0	0	0	0	0	0	0	0	0	0	0	0	0	0	0	0	0	0	0	0	0	0	0	0	0	0	0	0	0	0	0	0	0	0	0	0	0	0	0	0	0	0	0	0	0	0	0	0	0	0	0	0	0	0	0	0	0	0	0	0	0	0	0	0	0	0	0	0	0	0	0	0	0	0	0	0	0	0	0	0	0	0	0	0	0	0	0	0	0	0	0	0	0	0	0	0	0	0	0	0	0	0	0	0	0	0	0	0	0	0	0	0	0	0	0	0	0	0	0	0	0	0	0	0	0	0	0	0	0	0	0	0	0	0	0	0	0	1	0	0	0	0	0	0	0	0	0	0	0	0	0	0	0	0	0	0	0	0	0	0	0	0	0	0	0	0	0	0	0	0	0	0	0	0	0	0	0	0	0	0	0	0	0	0
chr9	17933671	0	0	0	0	0	0	0	0	0	0	0	0	0	0	0	0	0	0	0	0	0	0	0	0	0	0	0	0	0	0	0	0	0	0	0	0	0	0	0	0	0	0	0	0	0	0	0	0	0	0	0	0	0	0	0	0	0	0	0	0	0	0	0	0	0	0	0	0	0	0	0	0	0	0	0	0	0	0	0	0	0	0	0	0	0	0	0	0	0	0	0	0	0	0	0	0	0	0	0	0	0	0	0	0	0	0	0	0	0	0	0	0	0	1	0	0	0	0	0	0	0	0	0	0	0	0	0	0	0	0	0	0	0	0	0	0	0	0	0	0	0	0	0	0	0	0	0	0	0	0	0	0	0	0	0	0	0	0	0	0	0	0	0	0	0	0	0	0	0	0	0	0	0	0	0	0	0	0	0	0	0	0	0	0	0	0	0	0	0	0	0	0	0	0	0	0	0	0	0	0	0	0	0	0	0	0	0	0	0	0	0	0	0	0	0	0	0	0	0	0	0	0	0	0	0	0	0	0	0	0	0	0	0	0	0	0	0	0	0	0	0	0	0	0	0	0	0	0	0	0	0	0	0	0	0	0	0	0	0	0	0	0	0	0	0	0	0	0	0	0	0	0	0	0	0	0	0	0	0	0	0	0	0	0	0	0	0	0	0	0	0	0	0	0	0	0	0	0	0	0	0	0	0	0	0	0	0	0	0	0	0	0	0	0	0	0	0	0	0	0	0	0	0	0	0	0	0	0	0	0	0	0	0	0	0	0	0	1	0	0	0	0	0	0	0	0	0	0	0	0	0	0	0	0	0	0	0	0	0	0	0	0	0	0	0	0	0	0	0	0	0	0	0	0	0	0	0	0	0	0	0	0	0	0
chr9	17933672	0	0	0	0	0	0	0	0	0	0	0	0	0	0	0	0	0	0	0	0	0	0	0	0	0	0	0	0	0	0	0	0	0	0	0	0	0	0	0	0	0	0	0	0	0	0	0	0	0	0	0	0	0	0	0	0	0	0	0	0	0	0	0	0	0	0	0	0	0	0	0	0	0	0	0	0	0	0	0	0	0	0	0	0	0	0	0	0	0	0	0	0	0	0	0	0	0	0	0	0	0	0	0	0	0	0	0	0	0	0	0	0	0	1	0	0	0	0	0	0	0	0	0	0	0	0	0	0	0	0	0	0	0	0	0	0	0	0	0	0	0	0	0	0	0	0	0	0	0	0	0	0	0	0	0	0	0	0	0	0	0	0	0	0	0	0	0	0	0	0	0	0	0	0	0	0	0	0	0	0	0	0	0	0	0	0	0	0	0	0	0	0	0	0	0	0	0	0	0	0	0	0	0	0	0	0	0	0	0	0	0	0	0	0	0	0	0	0	0	0	0	0	0	0	0	0	0	0	0	0	0	0	0	0	0	0	0	0	0	0	0	0	0	0	0	0	0	0	0	0	0	0	0	0	0	0	0	0	0	0	0	0	0	0	0	0	0	0	0	0	0	0	0	0	0	0	0	0	0	0	0	0	0	0	0	0	0	0	0	0	0	0	0	0	0	0	0	0	0	0	0	0	0	0	0	0	0	0	0	0	0	0	0	0	0	0	0	0	0	0	0	0	0	0	0	0	0	0	0	0	0	0	0	0	0	0	0	1	0	0	0	0	0	0	0	0	0	0	0	0	0	0	0	0	0	0	0	0	0	0	0	0	0	0	0	0	0	0	0	0	0	0	0	0	0	0	0	0	0	0	0	0	0	0
chr9	17933673	0	0	0	0	0	0	0	0	0	0	0	0	0	0	0	0	0	0	0	0	0	0	0	0	0	0	0	0	0	0	0	0	0	0	0	0	0	0	0	0	0	0	0	0	0	0	0	0	0	0	0	0	0	0	0	0	0	0	0	0	0	0	0	0	0	0	0	0	0	0	0	0	0	0	0	0	0	0	0	0	0	0	0	0	0	0	0	0	0	0	0	0	0	0	0	0	0	0	0	0	0	0	0	0	0	0	0	0	0	0	0	0	0	1	0	0	0	0	0	0	0	0	0	0	0	0	0	0	0	0	0	0	0	0	0	0	0	0	0	0	0	0	0	0	0	0	0	0	0	0	0	0	0	0	0	0	0	0	0	0	0	0	0	0	0	0	0	0	0	0	0	0	0	0	0	0	0	0	0	0	0	0	0	0	0	0	0	0	0	0	0	0	0	0	0	0	0	0	0	0	0	0	0	0	0	0	0	0	0	0	0	0	0	0	0	0	0	0	0	0	0	0	0	0	0	0	0	0	0	0	0	0	0	0	0	0	0	0	0	0	0	0	0	0	0	0	0	0	0	0	0	0	0	0	0	0	0	0	0	0	0	0	0	0	0	0	0	0	0	0	0	0	0	0	0	0	0	0	0	0	0	0	0	0	0	0	0	0	0	0	0	0	0	0	0	0	0	0	0	0	0	0	0	0	0	0	0	0	0	0	0	0	0	0	0	0	0	0	0	0	0	0	0	0	0	0	0	0	0	0	0	0	0	0	0	0	0	1	0	0	0	0	0	0	0	0	0	0	0	0	0	0	0	0	0	0	0	0	0	0	0	0	0	0	0	0	0	0	0	0	0	0	0	0	0	0	0	0	0	0	0	0	0	0
chr9	17933674	0	0	0	0	0	0	0	0	0	0	0	0	0	0	0	0	0	0	0	0	0	0	0	0	0	0	0	0	0	0	0	0	0	0	0	0	0	0	0	0	0	0	0	0	0	0	0	0	0	0	0	0	0	0	0	0	0	0	0	0	0	0	0	0	0	0	0	0	0	0	0	0	0	0	0	0	0	0	0	0	0	0	0	0	0	0	0	0	0	0	0	0	0	0	0	0	0	0	0	0	0	0	0	0	0	0	0	0	0	0	0	0	0	1	0	0	0	0	0	0	0	0	0	0	0	0	0	0	0	0	0	0	0	0	0	0	0	0	0	0	0	0	0	0	0	0	0	0	0	0	0	0	0	0	0	0	0	0	0	0	0	0	0	0	0	0	0	0	0	0	0	0	0	0	0	0	0	0	0	0	0	0	0	0	0	0	0	0	0	0	0	0	0	0	0	0	0	0	0	0	0	0	0	0	0	0	0	0	0	0	0	0	0	0	0	0	0	0	0	0	0	0	0	0	0	0	0	0	0	0	0	0	0	0	0	0	0	0	0	0	0	0	0	0	0	0	0	0	0	0	0	0	0	0	0	0	0	0	0	0	0	0	0	0	0	0	0	0	0	0	0	0	0	0	0	0	0	0	0	0	0	0	0	0	0	0	0	0	0	0	0	0	0	0	0	0	0	0	0	0	0	0	0	0	0	0	0	0	0	0	0	0	0	0	0	0	0	0	0	0	0	0	0	0	0	0	0	0	0	0	0	0	0	0	0	0	0	1	1	0	0	0	0	0	0	0	0	0	0	0	0	0	0	0	0	0	0	0	0	0	0	0	0	0	0	0	0	0	0	0	0	0	0	0	0	0	0	0	0	0	0	0	0	0
chr9	17933675	0	0	0	0	0	0	0	0	0	0	0	0	0	0	0	0	0	0	0	0	0	0	0	0	0	0	0	0	0	0	0	0	0	0	0	0	0	0	0	0	0	0	0	0	0	0	0	0	0	0	0	0	0	0	0	0	0	0	0	0	0	0	0	0	0	0	0	0	0	0	0	0	0	0	0	0	0	0	0	0	0	0	0	0	0	0	0	0	0	0	0	0	0	0	0	0	0	0	0	0	0	0	0	0	0	0	0	0	0	0	0	0	0	1	0	0	0	0	0	0	0	0	0	0	0	0	0	0	0	0	0	0	0	0	0	0	0	0	0	0	0	0	0	0	0	0	0	0	0	0	0	0	0	0	0	0	0	0	0	0	0	0	0	0	0	0	0	0	0	0	0	0	0	0	0	0	0	0	0	0	0	0	0	0	0	0	0	0	0	0	0	0	0	0	0	0	0	0	0	0	0	0	0	0	0	0	0	0	0	0	0	0	0	0	0	0	0	0	0	0	0	0	0	0	0	0	0	0	0	0	0	0	0	0	0	0	0	0	0	0	0	0	0	0	0	0	0	0	0	0	0	0	0	0	0	0	0	0	0	0	0	0	0	0	0	0	0	0	0	0	0	0	0	0	0	0	0	0	0	0	0	0	0	0	0	0	0	0	0	0	0	0	0	0	0	0	0	0	0	0	0	0	0	0	0	0	0	0	0	0	0	0	0	0	0	0	0	0	0	0	0	0	0	0	0	0	0	0	0	0	0	0	0	0	0	0	0	1	1	0	0	0	0	0	0	0	0	0	0	0	0	0	0	0	0	0	0	0	0	0	0	0	0	0	0	0	0	0	0	0	0	0	0	0	0	0	0	0	0	0	0	0	0	0
chr9	17933676	0	0	0	0	0	0	0	0	0	0	0	0	0	0	0	0	0	0	0	0	0	0	0	0	0	0	0	0	0	0	0	0	0	0	0	0	0	0	0	0	0	0	0	0	0	0	0	0	0	0	0	0	0	0	0	0	0	0	0	0	0	0	0	0	0	0	0	0	0	0	0	0	0	0	0	0	0	0	0	0	0	0	0	0	0	0	0	0	0	0	0	0	0	0	0	0	0	0	0	0	0	0	0	0	0	0	0	0	0	0	0	0	0	1	0	0	0	0	0	0	0	0	0	0	0	0	0	0	0	0	0	0	0	0	0	0	0	0	0	0	0	0	0	0	0	0	0	0	0	0	0	0	0	0	0	0	0	0	0	0	0	0	0	0	0	0	0	0	0	0	0	0	0	0	0	0	0	0	0	0	0	0	0	0	0	0	0	0	0	0	0	0	0	0	0	0	0	0	0	0	0	0	0	0	0	0	0	0	0	0	0	0	0	0	0	0	0	0	0	0	0	0	0	0	0	0	0	0	0	0	0	0	0	0	0	0	0	0	0	0	0	0	0	0	0	0	0	0	0	0	0	0	0	0	0	0	0	0	0	0	0	0	0	0	0	0	0	0	0	0	0	0	0	0	0	0	0	0	0	0	0	0	0	0	0	0	0	0	0	0	0	0	0	0	0	0	0	0	0	0	0	0	0	0	0	0	0	0	0	0	0	0	0	0	0	0	0	0	0	0	0	0	0	0	0	0	0	0	0	0	0	0	0	0	0	0	0	1	1	0	0	0	0	0	0	0	0	0	0	0	0	0	0	0	0	0	0	0	0	0	0	0	0	0	0	0	0	0	0	0	0	0	0	0	0	0	0	0	0	0	0	0	0	0
chr9	17933677	0	0	0	0	0	0	0	0	0	0	0	0	0	0	0	0	0	0	0	0	0	0	0	0	0	0	0	0	0	0	0	0	0	0	0	0	0	0	0	0	0	0	0	0	0	0	0	0	0	0	0	0	0	0	0	0	0	0	0	0	0	0	0	0	0	0	0	0	0	0	0	0	0	0	0	0	0	0	0	0	0	0	0	0	0	0	0	0	0	0	0	0	0	0	0	0	0	0	0	0	0	0	0	0	0	0	0	0	0	0	0	0	0	1	0	0	0	0	0	0	0	0	0	0	0	0	0	0	0	0	0	0	0	0	0	0	0	0	0	0	0	0	0	0	0	0	0	0	0	0	0	0	0	0	0	0	0	0	0	0	0	0	0	0	0	0	0	0	0	0	0	0	0	0	0	0	0	0	0	0	0	0	0	0	0	0	0	0	0	0	0	0	0	0	0	0	0	0	0	0	0	0	0	0	0	0	0	0	0	0	0	0	0	0	0	0	0	0	0	0	0	0	0	0	0	0	0	0	0	0	0	0	0	0	0	0	0	0	0	0	0	0	0	0	0	0	0	0	0	0	0	0	0	0	0	0	0	0	0	0	0	0	0	0	0	0	0	0	0	0	0	0	0	0	0	0	0	0	0	0	0	0	0	0	0	0	0	0	0	0	0	0	0	0	0	0	0	0	0	0	0	0	0	0	0	0	0	0	0	0	0	0	0	0	0	0	0	0	0	0	0	0	0	0	0	0	0	0	0	0	0	0	0	0	0	0	0	1	1	0	0	0	0	0	0	0	0	0	0	0	0	0	0	0	0	0	0	0	0	0	0	0	0	0	0	0	0	0	0	0	0	0	0	0	0	0	0	0	0	0	0	0	0	0
chr9	17933678	0	0	0	0	0	0	0	0	0	0	0	0	0	0	0	0	0	0	0	0	0	0	0	0	0	0	0	0	0	0	0	0	0	0	0	0	0	0	0	0	0	0	0	0	0	0	0	0	0	0	0	0	0	0	0	0	0	0	0	0	0	0	0	0	0	0	0	0	0	0	0	0	0	0	0	0	0	0	0	0	0	0	0	0	0	0	0	0	0	0	0	0	0	0	0	0	0	0	0	0	0	0	0	0	0	0	0	0	0	0	0	0	0	1	0	0	0	0	0	0	0	0	0	0	0	0	0	0	0	0	0	0	0	0	0	0	0	0	0	0	0	0	0	0	0	0	0	0	0	0	0	0	0	0	0	0	0	0	0	0	0	0	0	0	0	0	0	0	0	0	0	0	0	0	0	0	0	0	0	0	0	0	0	0	0	0	0	0	0	0	0	0	0	0	0	0	0	0	0	0	0	0	0	0	0	0	0	0	0	0	0	0	0	0	0	0	0	0	0	0	0	0	0	0	0	0	0	0	0	0	0	0	0	0	0	0	0	0	0	0	0	0	0	0	0	0	0	0	0	0	0	0	0	0	0	0	0	0	0	0	0	0	0	0	0	0	0	0	0	0	0	0	0	0	0	0	0	0	0	0	0	0	0	0	0	0	0	0	0	0	0	0	0	0	0	0	0	0	0	0	0	0	0	0	0	0	0	0	0	0	0	0	0	0	0	0	0	0	0	0	0	0	0	0	0	0	0	0	0	0	0	0	0	0	0	0	0	1	1	0	0	0	0	0	0	0	0	0	0	0	0	0	0	0	0	0	0	0	0	0	0	0	0	0	0	0	0	0	0	0	0	0	0	0	0	0	0	0	0	0	0	0	0	0
chr9	17933679	0	0	0	0	0	0	0	0	0	0	0	0	0	0	0	0	0	0	0	0	0	0	0	0	0	0	0	0	0	0	0	0	0	0	0	0	0	0	0	0	0	0	0	0	0	0	0	0	0	0	0	0	0	0	0	0	0	0	0	0	0	0	0	0	0	0	0	0	0	0	0	0	0	0	0	0	0	0	0	0	0	0	0	0	0	0	0	0	0	0	0	0	0	0	0	0	0	0	0	0	0	0	0	0	0	0	0	0	0	0	0	0	0	1	0	0	0	0	0	0	0	0	0	0	0	0	0	0	0	0	0	0	0	0	0	0	0	0	0	0	0	0	0	0	0	0	0	0	0	0	0	0	0	0	0	0	0	0	0	0	0	0	0	0	0	0	0	0	0	0	0	0	0	0	0	0	0	0	0	0	0	0	0	0	0	0	0	0	0	0	0	0	0	0	0	0	0	0	0	0	0	0	0	0	0	0	0	0	0	0	0	0	0	0	0	0	0	0	0	0	0	0	0	0	0	0	0	0	0	0	0	0	0	0	0	0	0	0	0	0	0	0	0	0	0	0	0	0	0	0	0	0	0	0	0	0	0	0	0	0	0	0	0	0	0	0	0	0	0	0	0	0	0	0	0	0	0	0	0	0	0	0	0	0	0	0	0	0	0	0	0	0	0	0	0	0	0	0	0	0	0	0	0	0	0	0	0	0	0	0	0	0	0	0	0	0	0	0	0	0	0	0	0	0	0	0	0	0	0	0	0	0	0	0	0	0	0	1	1	0	0	0	0	0	0	0	0	0	0	0	0	0	0	0	0	0	0	0	0	0	0	0	0	0	0	0	0	0	0	0	0	0	0	0	0	0	0	0	0	0	0	0	0	0
chr9	17933680	0	0	0	0	0	0	0	0	0	0	0	0	0	0	0	0	0	0	0	0	0	0	0	0	0	0	0	0	0	0	0	0	0	0	0	0	0	0	0	0	0	0	0	0	0	0	0	0	0	0	0	0	0	0	0	0	0	0	0	0	0	0	0	0	0	0	0	0	0	0	0	0	0	0	0	0	0	0	0	0	0	0	0	0	0	0	0	0	0	0	0	0	0	0	0	0	0	0	0	0	0	0	0	0	0	0	0	0	0	0	0	0	0	1	0	0	0	0	0	0	0	0	0	0	0	0	0	0	0	0	0	0	0	0	0	0	0	0	0	0	0	0	0	0	0	0	0	0	0	0	0	0	0	0	0	0	0	0	0	0	0	0	0	0	0	0	0	0	0	0	0	0	0	0	0	0	0	0	0	0	0	0	0	0	0	0	0	0	0	0	0	0	0	0	0	0	0	0	0	0	0	0	0	0	0	0	0	0	0	0	0	0	0	0	0	0	0	0	0	0	0	0	0	0	0	0	0	0	0	0	0	0	0	0	0	0	0	0	0	0	0	0	0	0	0	0	0	0	0	0	0	0	0	0	0	0	0	0	0	0	0	0	0	0	0	0	0	0	0	0	0	0	0	0	0	0	0	0	0	0	0	0	0	0	0	0	0	0	0	0	0	0	0	0	0	0	0	0	0	0	0	0	0	0	0	0	0	0	0	0	0	0	0	0	0	0	0	0	0	0	0	0	0	0	0	0	0	0	0	0	0	0	0	0	0	0	0	1	1	0	0	0	0	0	0	0	0	0	0	0	0	0	0	0	0	0	0	0	0	0	0	0	0	0	0	0	0	0	0	0	0	0	0	0	0	0	0	0	0	0	0	0	0	0
chr9	17933681	0	0	0	0	0	0	0	0	0	0	0	0	0	0	0	0	0	0	0	0	0	0	0	0	0	0	0	0	0	0	0	0	0	0	0	0	0	0	0	0	0	0	0	0	0	0	0	0	0	0	0	0	0	0	0	0	0	0	0	0	0	0	0	0	0	0	0	0	0	0	0	0	0	0	0	0	0	0	0	0	0	0	0	0	0	0	0	0	0	0	0	0	0	0	0	0	0	0	0	0	0	0	0	0	0	0	0	0	0	0	0	0	0	1	0	0	0	0	0	0	0	0	0	0	0	0	0	0	0	0	0	0	0	0	0	0	0	0	0	0	0	0	0	0	0	0	0	0	0	0	0	0	0	0	0	0	0	0	0	0	0	0	0	0	0	0	0	0	0	0	0	0	0	0	0	0	0	0	0	0	0	0	0	0	0	0	0	0	0	0	0	0	0	0	0	0	0	0	0	0	0	0	0	0	0	0	0	0	0	0	0	0	0	0	0	0	0	0	0	0	0	0	0	0	0	0	0	0	0	0	0	0	0	0	0	0	0	0	0	0	0	0	0	0	0	0	0	0	0	0	0	0	0	0	0	0	0	0	0	0	0	0	0	0	0	0	0	0	0	0	0	0	0	0	0	0	0	0	0	0	0	0	0	0	0	0	0	0	0	0	0	0	0	0	0	0	0	0	0	0	0	0	0	0	0	0	0	0	0	0	0	0	0	0	0	0	0	0	0	0	0	0	0	0	0	0	0	0	0	0	0	0	0	0	0	0	0	1	1	0	0	0	0	0	0	0	0	0	0	0	0	0	0	0	0	0	0	0	0	0	0	0	0	0	0	0	0	0	0	0	0	0	0	0	0	0	0	0	0	0	0	0	0	0
chr9	17933682	0	0	0	0	0	0	0	0	0	0	0	0	0	0	0	0	0	0	0	0	0	0	0	0	0	0	0	0	0	0	0	0	0	0	0	0	0	0	0	0	0	0	0	0	0	0	0	0	0	0	0	0	0	0	0	0	0	0	0	0	0	0	0	0	0	0	0	0	0	0	0	0	0	0	0	0	0	0	0	0	0	0	0	0	0	0	0	0	0	0	0	0	0	0	0	0	0	0	0	0	0	0	0	0	0	0	0	0	0	0	0	0	0	1	0	0	0	0	0	0	0	0	0	0	0	0	0	0	0	0	0	0	0	0	0	0	0	0	0	0	0	0	0	0	0	0	0	0	0	0	0	0	0	0	0	0	0	0	0	0	0	0	0	0	0	0	0	0	0	0	0	0	0	0	0	0	0	0	0	0	0	0	0	0	0	0	0	0	0	0	0	0	0	0	0	0	0	0	0	0	0	0	0	0	0	0	0	0	0	0	0	0	0	0	0	0	0	0	0	0	0	0	0	0	0	0	0	0	0	0	0	0	0	0	0	0	0	0	0	0	0	0	0	0	0	0	0	0	0	0	0	0	0	0	0	0	0	0	0	0	0	0	0	0	0	0	0	0	0	0	0	0	0	0	0	0	0	0	0	0	0	0	0	0	0	0	0	0	0	0	0	0	0	0	0	0	0	0	0	0	0	0	0	0	0	0	0	0	0	0	0	0	0	0	0	0	0	0	0	0	0	0	0	0	0	0	0	0	0	0	0	0	0	0	0	0	0	1	1	0	0	0	0	0	0	0	0	0	0	0	0	0	0	0	0	0	0	0	0	0	0	0	0	0	0	0	0	0	0	0	0	0	0	0	0	0	0	0	0	0	0	0	0	0
chr9	17933683	0	0	0	0	0	0	0	0	0	0	0	0	0	0	0	0	0	0	0	0	0	0	0	0	0	0	0	0	0	0	0	0	0	0	0	0	0	0	0	0	0	0	0	0	0	0	0	0	0	0	0	0	0	0	0	0	0	0	0	0	0	0	0	0	0	0	0	0	0	0	0	0	0	0	0	0	0	0	0	0	0	0	0	0	0	0	0	0	0	0	0	0	0	0	0	0	0	0	0	0	0	0	0	0	0	0	0	0	0	0	0	0	0	1	0	0	0	0	0	0	0	0	0	0	0	0	0	0	0	0	0	0	0	0	0	0	0	0	0	0	0	0	0	0	0	0	0	0	0	0	0	0	0	0	0	0	0	0	0	0	0	0	0	0	0	0	0	0	0	0	0	0	0	0	0	0	0	0	0	0	0	0	0	0	0	0	0	0	0	0	0	0	0	0	0	0	0	0	0	0	0	0	0	0	0	0	0	0	0	0	0	0	0	0	0	0	0	0	0	0	0	0	0	0	0	0	0	0	0	0	0	0	0	0	0	0	0	0	0	0	0	0	0	0	0	0	0	0	0	0	0	0	0	0	0	0	0	0	0	0	0	0	0	0	0	0	0	0	0	0	0	0	0	0	0	0	0	0	0	0	0	0	0	0	0	0	0	0	0	0	0	0	0	0	0	0	0	0	0	0	0	0	0	0	0	0	0	0	0	0	0	0	0	0	0	0	0	0	0	0	0	0	0	0	0	0	0	0	0	0	0	0	0	0	0	0	0	1	1	0	0	0	0	0	0	0	0	0	0	0	0	0	0	0	0	0	0	0	0	0	0	0	0	0	0	0	0	0	0	0	0	0	0	0	0	0	0	0	0	0	0	0	0	0
chr9	17933684	0	0	0	0	0	0	0	0	0	0	0	0	0	0	0	0	0	0	0	0	0	0	0	0	0	0	0	0	0	0	0	0	0	0	0	0	0	0	0	0	0	0	0	0	0	0	0	0	0	0	0	0	0	0	0	0	0	0	0	0	0	0	0	0	0	0	0	0	0	0	0	0	0	0	0	0	0	0	0	0	0	0	0	0	0	0	0	0	0	0	0	0	0	0	0	0	0	0	0	0	0	0	0	0	0	0	0	0	0	0	0	0	0	1	0	0	0	0	0	0	0	0	0	0	0	0	0	0	0	0	0	0	0	0	0	0	0	0	0	0	0	0	0	0	0	0	0	0	0	0	0	0	0	0	0	0	0	0	0	0	0	0	0	0	0	0	0	0	0	0	0	0	0	0	0	0	0	0	0	0	0	0	0	0	0	0	0	0	0	0	0	0	0	0	0	0	0	0	0	0	0	0	0	0	0	0	0	0	0	0	0	0	0	0	0	0	0	0	0	0	0	0	0	0	0	0	0	0	0	0	0	0	0	0	0	0	0	0	0	0	0	0	0	0	0	0	0	0	0	0	0	0	0	0	0	0	0	0	0	0	0	0	0	0	0	0	0	0	0	0	0	0	0	0	0	0	0	0	0	0	0	0	0	0	0	0	0	0	0	0	0	0	0	0	0	0	0	0	0	0	0	0	0	0	0	0	0	0	0	0	0	0	0	0	0	0	0	0	0	0	0	0	0	0	0	0	0	0	0	0	0	0	0	0	0	0	0	1	1	0	0	0	0	0	0	0	0	0	0	0	0	0	0	0	0	0	0	0	0	0	0	0	0	0	0	0	0	0	0	0	0	0	0	0	0	0	0	0	0	0	0	0	0	0
chr9	17933685	0	0	0	0	0	0	0	0	0	0	0	0	0	0	0	0	0	0	0	0	0	0	0	0	0	0	0	0	0	0	0	0	0	0	0	0	0	0	0	0	0	0	0	0	0	0	0	0	0	0	0	0	0	0	0	0	0	0	0	0	0	0	0	0	0	0	0	0	0	0	0	0	0	0	0	0	0	0	0	0	0	0	0	0	0	0	0	0	0	0	0	0	0	0	0	0	0	0	0	0	0	0	0	0	0	0	0	0	0	0	0	0	0	1	0	0	0	0	0	0	0	0	0	0	0	0	0	0	0	0	0	0	0	0	0	0	0	0	0	0	0	0	0	0	0	0	0	0	0	0	0	0	0	0	0	0	0	0	0	0	0	0	0	0	0	0	0	0	0	0	0	0	0	0	0	0	0	0	0	0	0	0	0	0	0	0	0	0	0	0	0	0	0	0	0	0	0	0	0	0	0	0	0	0	0	0	0	0	0	0	0	0	0	0	0	0	0	0	0	0	0	0	0	0	0	0	0	0	0	0	0	0	0	0	0	0	0	0	0	0	0	0	0	0	0	0	0	0	0	0	0	0	0	0	0	0	0	0	0	0	0	0	0	0	0	0	0	0	0	0	0	0	0	0	0	0	0	0	0	0	0	0	0	0	0	0	0	0	0	0	0	0	0	0	0	0	0	0	0	0	0	0	0	0	0	0	0	0	0	0	0	0	0	0	0	0	0	0	0	0	0	0	0	0	0	0	0	0	0	0	0	0	0	0	0	0	0	1	1	0	0	0	0	0	0	0	0	0	0	0	0	0	0	0	0	0	0	0	0	0	0	0	0	0	0	0	0	0	0	0	0	0	0	0	0	0	0	0	0	0	0	0	0	0
chr9	17933686	0	0	0	0	0	0	0	0	0	0	0	0	0	0	0	0	0	0	0	0	0	0	0	0	0	0	0	0	0	0	0	0	0	0	0	0	0	0	0	0	0	0	0	0	0	0	0	0	0	0	0	0	0	0	0	0	0	0	0	0	0	0	0	0	0	0	0	0	0	0	0	0	0	0	0	0	0	0	0	0	0	0	0	0	0	0	0	0	0	0	0	0	0	0	0	0	0	0	0	0	0	0	0	0	0	0	0	0	0	0	0	0	0	1	0	0	0	0	0	0	0	0	0	0	0	0	0	0	0	0	0	0	0	0	0	0	0	0	0	0	0	0	0	0	0	0	0	0	0	0	0	0	0	0	0	0	0	0	0	0	0	0	0	0	0	0	0	0	0	0	0	0	0	0	0	0	0	0	0	0	0	0	0	0	0	0	0	0	0	0	0	0	0	0	0	0	0	0	0	0	0	0	0	0	0	0	0	0	0	0	0	0	0	0	0	0	0	0	0	0	0	0	0	0	0	0	0	0	0	0	0	0	0	0	0	0	0	0	0	0	0	0	0	0	0	0	0	0	0	0	0	0	0	0	0	0	0	0	0	0	0	0	0	0	0	0	0	0	0	0	0	0	0	0	0	0	0	0	0	0	0	0	0	0	0	0	0	0	0	0	0	0	0	0	0	0	0	0	0	0	0	0	0	0	0	0	0	0	0	0	0	0	0	0	0	0	0	0	0	0	0	0	0	0	0	0	0	0	0	0	0	0	0	0	0	0	0	1	1	0	0	0	0	0	0	0	0	0	0	0	0	0	0	0	0	0	0	0	0	0	0	0	0	0	0	0	0	0	0	0	0	0	0	0	0	0	0	0	0	0	0	0	0	0
chr9	17933687	0	0	0	0	0	0	0	0	0	0	0	0	0	0	0	0	0	0	0	0	0	0	0	0	0	0	0	0	0	0	0	0	0	0	0	0	0	0	0	0	0	0	0	0	0	0	0	0	0	0	0	0	0	0	0	0	0	0	0	0	0	0	0	0	0	0	0	0	0	0	0	0	0	0	0	0	0	0	0	0	0	0	0	0	0	0	0	0	0	0	0	0	0	0	0	0	0	0	0	0	0	0	0	0	0	0	0	0	0	0	0	0	0	1	0	0	0	0	0	0	0	0	0	0	0	0	0	0	0	0	0	0	0	0	0	0	0	0	0	0	0	0	0	0	0	0	0	0	0	0	0	0	0	0	0	0	0	0	0	0	0	0	0	0	0	0	0	0	0	0	0	0	0	0	0	0	0	0	0	0	0	0	0	0	0	0	0	0	0	0	0	0	0	0	0	0	0	0	0	0	0	0	0	0	0	0	0	0	0	0	0	0	0	0	0	0	0	0	0	0	0	0	0	0	0	0	0	0	0	0	0	0	0	0	0	0	0	0	0	0	0	0	0	0	0	0	0	0	0	0	0	0	0	0	0	0	0	0	0	0	0	0	0	0	0	0	0	0	0	0	0	0	0	0	0	0	0	0	0	0	0	0	0	0	0	0	0	0	0	0	0	0	0	0	0	0	0	0	0	0	0	0	0	0	0	0	0	0	0	0	0	0	0	0	0	0	0	0	0	0	0	0	0	0	0	0	0	0	0	0	0	0	0	0	0	0	0	1	1	0	0	0	0	0	0	0	0	0	0	0	0	0	0	0	0	0	0	0	0	0	0	0	0	0	0	0	0	0	0	0	0	0	0	0	0	0	0	0	0	0	0	0	0	0
chr9	17933688	0	0	0	0	0	0	0	0	0	0	0	0	0	0	0	0	0	0	0	0	0	0	0	0	0	0	0	0	0	0	0	0	0	0	0	0	0	0	0	0	0	0	0	0	0	0	0	0	0	0	0	0	0	0	0	0	0	0	0	0	0	0	0	0	0	0	0	0	0	0	0	0	0	0	0	0	0	0	0	0	0	0	0	0	0	0	0	0	0	0	0	0	0	0	0	0	0	0	0	0	0	0	0	0	0	0	0	0	0	0	0	0	0	1	0	0	0	0	0	0	0	0	0	0	0	0	0	0	0	0	0	0	0	0	0	0	0	0	0	0	0	0	0	0	0	0	0	0	0	0	0	0	0	0	0	0	0	0	0	0	0	0	0	0	0	0	0	0	0	0	0	0	0	0	0	0	0	0	0	0	0	0	0	0	0	0	0	0	0	0	0	0	0	0	0	0	0	0	0	0	0	0	0	0	0	0	0	0	0	0	0	0	0	0	0	0	0	0	0	0	0	0	0	0	0	0	0	0	0	0	0	0	0	0	0	0	0	0	0	0	0	0	0	0	0	0	0	0	0	0	0	0	0	0	0	0	0	0	0	0	0	0	0	0	0	0	0	0	0	0	0	0	0	0	0	0	0	0	0	0	0	0	0	0	0	0	0	0	0	0	0	0	0	0	0	0	0	0	0	0	0	0	0	0	0	0	0	0	0	0	0	0	0	0	0	0	0	0	0	0	0	0	0	0	0	0	0	0	0	0	0	0	0	0	0	0	0	1	1	0	0	0	0	0	0	0	0	0	0	0	0	0	0	0	0	0	0	0	0	0	0	0	0	0	0	0	0	0	0	0	0	0	0	0	0	0	0	0	0	0	0	0	0	0
chr9	17933689	0	0	0	0	0	0	0	0	0	0	0	0	0	0	0	0	0	0	0	0	0	0	0	0	0	0	0	0	0	0	0	0	0	0	0	0	0	0	0	0	0	0	0	0	0	0	0	0	0	0	0	0	0	0	0	0	0	0	0	0	0	0	0	0	0	0	0	0	0	0	0	0	0	0	0	0	0	0	0	0	0	0	0	0	0	0	0	0	0	0	0	0	0	0	0	0	0	0	0	0	0	0	0	0	0	0	0	0	0	0	0	0	0	1	0	0	0	0	0	0	0	0	0	0	0	0	0	0	0	0	0	0	0	0	0	0	0	0	0	0	0	0	0	0	0	0	0	0	0	0	0	0	0	0	0	0	0	0	0	0	0	0	0	0	0	0	0	0	0	0	0	0	0	0	0	0	0	0	0	0	0	0	0	0	0	0	0	0	0	0	0	0	0	0	0	0	0	0	0	0	0	0	0	0	0	0	0	0	0	0	0	0	0	0	0	0	0	0	0	0	0	0	0	0	0	0	0	0	0	0	0	0	0	0	0	0	0	0	0	0	0	0	0	0	0	0	0	0	0	0	0	0	0	0	0	0	0	0	0	0	0	0	0	0	0	0	0	0	0	0	0	0	0	0	0	0	0	0	0	0	0	0	0	0	0	0	0	0	0	0	0	0	0	0	0	0	0	0	0	0	0	0	0	0	0	0	0	0	0	0	0	0	0	0	0	0	0	0	0	0	0	0	0	0	0	0	0	0	0	0	0	0	0	0	0	0	0	1	1	0	0	0	0	0	0	0	0	0	0	0	0	0	0	0	0	0	0	0	0	0	0	0	0	0	0	0	0	0	0	0	0	0	1	0	0	0	0	0	0	0	0	0	0	0
chr9	17933690	0	0	0	0	0	0	0	0	0	1	0	0	0	0	0	0	0	0	0	0	0	0	0	0	0	0	0	0	0	0	0	0	0	0	0	0	0	0	0	0	0	0	0	0	0	0	0	0	0	0	0	0	0	0	0	0	0	0	0	0	0	0	0	0	0	0	0	0	0	0	0	0	0	0	0	0	0	0	0	0	0	0	0	0	0	0	0	0	0	0	0	0	0	0	0	0	0	0	0	0	0	0	0	0	0	0	0	0	0	0	0	0	0	1	0	0	0	0	0	0	0	0	0	1	0	0	0	0	0	0	0	0	0	0	0	0	0	0	0	0	0	0	0	0	0	0	0	0	0	0	0	0	0	0	0	0	0	0	0	0	0	0	0	0	0	0	0	0	0	0	0	0	0	0	0	0	1	0	0	0	0	0	0	0	0	0	0	0	0	0	0	0	0	0	0	0	0	0	0	0	0	0	0	0	0	0	0	0	0	0	0	0	0	0	0	0	0	0	0	0	0	0	0	0	0	0	0	0	0	0	0	0	0	0	0	0	0	0	0	0	0	0	0	0	0	0	0	0	0	0	0	0	0	0	0	0	0	0	0	0	0	0	0	0	0	0	0	0	0	0	0	0	0	0	0	0	0	0	0	0	0	0	0	0	0	0	0	0	0	0	0	0	0	0	0	0	0	0	0	0	0	0	0	0	0	0	0	0	0	0	0	0	0	0	0	0	0	0	0	0	0	0	0	0	0	0	0	0	0	0	0	0	0	0	0	0	0	1	1	0	0	0	0	0	0	0	0	0	0	0	0	0	0	0	0	0	0	0	0	0	0	0	0	0	0	0	0	0	0	0	0	0	1	0	0	0	0	0	0	0	0	0	0	0
chr9	17933691	0	0	0	0	1	0	0	0	0	1	0	0	0	0	0	1	0	0	0	0	0	0	0	0	0	0	0	0	0	0	0	0	1	0	0	0	0	0	0	0	0	0	0	0	0	0	0	0	0	0	0	0	0	0	0	0	0	0	0	0	0	0	1	0	1	0	0	0	0	0	0	0	0	0	0	0	0	0	0	0	0	0	0	0	0	1	0	0	0	0	0	0	0	0	0	0	0	1	0	0	0	0	0	0	0	0	0	0	0	0	0	0	0	1	0	0	0	0	0	0	0	0	0	1	0	0	1	0	1	0	0	0	0	0	0	0	0	0	0	0	0	0	0	0	0	0	0	0	0	0	0	0	0	0	0	0	0	0	0	0	0	0	0	0	1	1	0	0	0	0	0	0	0	0	0	0	1	0	0	0	0	0	0	0	0	0	0	0	0	0	0	0	0	0	0	0	0	0	0	0	0	0	0	0	0	0	0	0	0	0	0	0	0	0	0	0	0	0	0	0	0	0	0	0	0	0	0	0	0	0	0	0	0	0	0	0	0	0	0	1	0	0	0	0	0	0	1	0	0	0	0	0	0	0	0	0	0	0	0	0	0	0	0	0	0	0	0	0	0	0	0	0	0	0	1	0	0	0	0	0	0	0	0	0	0	0	0	0	1	0	0	0	0	0	0	0	0	1	0	0	0	0	0	1	0	0	0	0	0	0	2	0	0	0	0	0	0	0	0	0	0	0	0	0	0	0	0	0	0	0	0	0	0	0	0	0	0	1	1	0	1	0	0	0	0	0	0	0	0	1	0	0	0	0	0	0	0	0	0	0	0	0	0	0	0	0	0	0	1	0	0	0	1	0	0	0	0	1	0	0	0	0	0	0
chr9	17933692	0	1	0	0	1	0	0	0	0	1	0	0	0	0	0	1	0	0	0	0	0	0	0	0	0	0	0	0	0	0	0	0	1	0	0	0	0	0	0	0	0	0	0	0	0	0	0	0	0	0	0	0	0	0	0	0	0	0	0	0	0	0	1	0	1	0	0	0	0	0	0	0	0	0	0	0	0	0	0	0	0	0	0	0	0	1	0	0	0	0	0	0	0	0	0	0	0	1	0	0	0	0	0	0	0	0	0	0	0	0	0	0	0	1	0	0	0	0	0	0	0	0	0	1	0	0	1	0	1	0	0	1	0	0	0	0	0	0	0	0	0	0	0	0	0	0	0	0	0	0	0	0	0	0	0	0	0	0	0	0	0	0	0	0	1	1	0	0	0	0	0	0	0	0	0	0	1	0	0	0	0	0	0	0	0	0	0	0	1	0	0	0	0	0	0	0	0	0	0	0	0	0	0	0	0	0	0	0	0	0	1	0	0	0	0	0	0	0	0	0	0	0	0	0	0	0	0	0	0	0	0	0	0	0	1	0	0	0	0	1	0	0	0	0	0	0	1	0	0	1	0	0	0	0	0	0	0	0	0	0	0	0	0	0	0	0	0	0	0	0	0	0	0	0	1	0	0	0	0	0	0	0	0	0	1	0	0	0	1	0	0	0	0	0	0	0	0	1	0	0	0	0	0	1	0	0	0	0	0	0	2	0	0	0	0	0	0	0	0	0	0	0	0	0	0	0	0	0	0	0	0	0	0	0	0	0	0	1	1	0	1	0	0	0	1	0	0	0	0	1	0	0	0	0	0	0	0	0	0	0	0	0	0	0	0	0	0	0	1	0	0	0	1	0	0	0	0	1	0	0	0	0	0	1
chr9	17933693	0	8	2	0	3	0	0	0	0	1	2	0	3	0	2	3	0	1	1	0	0	3	3	1	0	0	0	2	0	1	0	0	2	1	0	0	0	1	1	1	0	0	0	0	1	0	0	1	3	0	0	0	0	2	1	1	1	0	0	2	0	0	1	0	1	1	0	1	0	2	3	1	0	1	1	0	1	0	0	1	2	2	0	0	3	4	0	0	1	3	0	1	1	0	0	0	0	3	0	0	2	0	5	1	5	0	1	0	0	0	2	1	0	0	1	0	2	1	0	0	2	1	1	2	2	1	6	0	1	1	3	2	0	1	0	0	2	0	1	0	3	1	0	0	0	1	0	0	0	1	0	1	0	1	0	2	0	1	0	2	0	1	2	3	1	2	2	0	0	0	0	0	0	1	0	0	2	0	0	0	1	2	1	1	1	0	0	1	2	1	1	3	0	0	2	1	1	1	0	1	1	1	0	0	0	1	0	1	0	5	1	0	0	0	0	0	0	0	0	0	0	0	0	2	0	0	1	1	0	0	0	0	0	0	2	0	0	0	0	1	0	2	0	0	1	0	1	0	1	2	0	1	0	1	2	0	0	0	0	0	0	0	0	0	0	1	0	1	0	0	0	0	0	0	1	1	0	0	2	0	0	0	0	0	1	0	0	1	1	0	1	0	2	0	0	1	3	1	3	0	0	5	0	2	1	0	4	1	1	0	3	1	0	2	1	1	0	0	0	1	0	0	0	1	0	0	0	2	0	2	2	2	0	3	0	0	1	2	1	2	2	1	0	0	5	0	3	0	0	1	0	0	1	0	0	0	0	0	1	1	0	0	1	0	1	0	0	2	1	0	2	0	2	0	1	1	0	1	0	1	0	0	0	2
chr9	17933694	0	8	2	0	4	0	0	0	0	1	2	0	3	0	3	4	0	1	1	0	0	3	3	1	0	0	0	2	0	1	0	0	2	1	0	0	0	1	1	1	0	0	0	0	1	0	0	1	3	0	0	0	0	2	1	1	1	0	0	2	0	0	1	0	1	1	0	1	0	2	3	1	0	1	1	0	1	0	0	1	2	2	0	0	3	4	0	0	1	3	0	1	1	0	0	0	0	3	0	0	2	0	5	1	5	0	1	0	0	0	2	1	0	0	1	0	2	1	0	0	2	1	1	2	2	1	6	0	1	1	3	2	0	1	0	0	2	0	1	0	3	1	0	0	0	2	0	0	0	1	0	1	0	1	0	2	0	1	0	2	0	1	2	3	1	3	2	1	0	0	0	0	0	1	0	0	2	0	0	0	1	2	1	1	1	1	0	1	2	1	1	3	1	0	2	1	1	1	0	1	1	1	0	0	0	1	0	1	0	5	1	0	1	0	0	0	0	0	0	0	0	0	0	2	0	0	1	1	0	0	0	3	0	0	2	0	0	0	0	1	0	2	0	0	1	0	1	0	1	2	0	1	0	1	2	0	0	0	0	0	0	0	0	0	0	1	0	1	0	0	0	0	0	0	1	1	0	0	2	0	0	0	0	0	2	0	0	1	1	0	1	0	2	0	0	1	3	1	3	0	0	5	0	2	1	0	4	1	1	0	4	1	0	2	1	1	0	0	0	1	0	1	0	1	0	0	0	2	0	2	2	2	0	3	0	0	1	2	1	2	2	1	0	0	5	0	3	0	1	1	0	0	1	0	0	0	0	0	1	1	0	0	1	0	1	0	0	2	1	0	2	0	3	0	1	1	0	1	0	1	0	0	0	2
chr9	17933695	0	8	2	0	4	0	0	0	0	1	2	0	3	0	3	4	0	1	1	0	0	3	3	1	0	0	0	2	0	1	0	0	2	1	0	0	0	1	1	1	0	0	0	0	1	0	0	1	3	0	0	0	0	2	1	1	1	0	0	2	0	0	1	0	1	1	0	1	0	2	3	1	0	1	1	0	1	0	0	1	2	2	0	0	3	4	0	0	1	3	0	1	1	0	0	0	0	3	0	0	2	0	5	1	5	0	1	0	0	0	2	1	0	0	1	0	2	1	0	0	2	1	1	2	2	1	6	0	1	1	3	2	0	1	0	0	2	0	1	0	3	1	0	0	0	2	0	0	0	1	0	1	0	2	0	2	0	1	0	2	0	1	2	3	1	3	2	1	0	0	0	0	0	1	0	0	2	0	0	0	1	2	1	1	1	1	0	1	2	1	1	3	1	0	2	1	1	1	0	1	1	1	0	0	0	1	0	1	0	5	1	0	1	0	0	0	0	0	0	0	0	0	0	2	0	0	1	1	0	0	0	3	0	0	2	0	0	0	0	1	0	2	0	0	1	0	1	0	1	2	0	1	0	1	2	0	0	0	0	0	0	0	0	0	0	1	0	1	0	0	0	0	0	0	1	1	0	0	2	0	0	0	0	0	2	0	0	1	1	0	1	0	2	0	0	1	3	1	4	0	0	5	0	2	1	0	4	1	1	0	4	1	0	2	1	1	0	0	0	1	0	1	0	1	0	0	0	2	0	2	2	2	0	3	0	0	1	2	1	2	2	1	0	0	5	0	3	0	1	1	0	0	1	0	0	0	0	0	1	1	0	0	1	0	1	0	0	2	1	0	2	0	3	0	1	1	0	1	0	1	0	0	0	2
chr9	17933696	0	8	2	0	4	0	0	0	0	1	2	0	3	0	3	4	0	1	0	0	0	3	3	1	0	0	0	2	0	1	1	0	2	1	0	0	0	1	1	1	0	0	0	0	2	0	0	1	3	0	0	0	0	2	1	1	1	0	0	2	0	0	1	0	1	1	0	1	0	2	3	1	0	1	1	0	1	0	0	1	2	2	0	0	3	4	0	0	1	3	0	1	1	0	0	0	0	3	0	0	2	0	5	1	5	0	1	0	0	0	2	1	0	0	1	1	2	1	0	0	2	1	1	2	2	1	6	0	1	1	3	2	0	1	0	0	2	0	1	0	3	0	0	0	0	2	0	0	0	1	0	1	0	2	0	2	0	1	0	2	0	1	2	3	1	3	2	1	0	0	0	0	0	1	0	0	2	0	0	0	1	2	1	1	1	1	0	1	2	1	1	3	1	0	2	1	1	1	0	1	1	1	0	0	0	1	0	1	0	5	1	0	1	0	0	0	0	0	0	0	0	0	0	2	0	0	1	1	0	0	0	3	0	0	2	0	0	0	0	1	0	2	0	0	1	0	1	0	1	2	0	1	0	1	2	0	0	0	0	0	0	0	0	0	0	1	0	1	0	0	0	0	0	0	1	1	0	0	2	0	0	0	0	0	2	0	0	1	1	0	1	0	2	0	0	1	3	1	4	0	0	5	0	2	1	0	4	1	1	0	4	1	0	2	1	1	0	0	0	1	0	1	0	1	0	0	0	2	0	2	2	2	0	3	0	0	1	2	1	2	2	1	0	0	5	0	3	0	1	1	0	0	1	0	0	0	0	0	1	1	0	0	1	0	1	0	0	2	1	0	2	0	3	0	1	1	0	1	0	1	0	0	0	2
chr9	17933697	0	8	2	0	4	0	0	0	0	1	2	0	3	0	3	4	0	1	0	0	0	3	3	1	0	0	0	2	0	1	1	0	2	1	0	0	0	1	1	1	0	0	0	0	3	0	0	1	3	0	0	0	0	2	1	1	1	0	0	2	0	0	1	0	1	1	0	1	0	2	3	1	0	1	1	0	1	0	0	1	2	2	0	0	3	4	0	0	1	3	0	1	1	1	0	0	0	3	0	0	2	0	5	1	5	0	1	0	0	0	2	1	0	0	1	1	2	1	0	0	2	1	1	2	2	1	6	0	1	1	3	2	0	1	0	0	2	0	1	0	3	0	0	0	0	2	0	0	0	1	0	1	0	2	0	2	0	1	0	2	0	1	2	3	1	3	2	1	0	0	0	0	0	1	0	0	2	0	0	0	1	2	1	1	2	1	0	1	2	1	1	3	1	0	2	1	1	1	0	1	1	1	0	0	0	1	0	1	0	5	1	0	1	0	0	0	0	0	0	0	0	0	0	2	0	0	1	1	0	0	0	3	0	0	2	0	0	0	0	1	0	3	0	0	1	0	1	0	1	2	0	1	0	1	2	0	0	0	0	0	0	0	0	0	0	1	0	1	0	0	0	0	0	0	1	1	0	0	2	0	0	0	0	0	2	0	0	1	1	0	1	0	2	0	0	1	3	1	4	0	0	5	0	2	1	0	4	1	1	0	4	1	0	2	1	1	0	0	0	1	0	1	0	1	0	0	0	2	0	2	2	2	0	3	0	0	1	2	1	2	2	1	0	0	5	0	3	0	1	1	0	0	1	0	0	0	0	0	1	1	0	0	1	0	1	0	0	2	1	0	2	0	3	0	1	1	0	1	0	1	0	0	0	2
chr9	17933698	0	8	2	0	4	0	0	0	0	1	1	0	3	0	3	4	0	1	0	0	0	3	3	1	0	0	0	2	0	1	1	0	2	1	0	0	0	1	1	1	0	0	0	0	3	0	0	1	3	0	0	0	0	2	1	1	1	0	1	2	0	0	1	0	1	1	0	1	0	2	3	1	0	1	1	0	1	0	0	1	2	2	0	0	3	4	0	0	1	3	0	1	1	1	0	0	0	3	0	0	2	0	5	1	5	0	1	0	0	0	2	1	0	0	1	1	2	1	0	0	2	1	1	2	2	1	6	0	1	1	3	2	0	1	0	0	2	0	1	0	3	0	0	0	0	2	0	0	0	1	0	1	0	2	0	2	0	1	0	2	0	1	2	3	1	3	2	1	0	0	0	0	0	1	0	0	2	0	0	0	1	2	1	1	2	1	0	1	2	1	1	3	1	0	2	1	1	1	0	1	1	1	0	0	0	1	0	1	0	5	1	0	1	0	0	0	0	0	0	0	0	0	0	2	0	0	1	1	0	0	0	3	0	0	2	0	0	0	0	1	0	3	0	0	1	0	1	0	1	2	0	1	0	1	2	0	0	0	0	0	0	0	0	0	0	1	0	1	0	0	0	0	0	0	1	1	0	0	2	0	0	0	0	0	2	0	0	1	1	0	1	0	2	0	0	1	3	1	4	0	0	5	0	2	1	0	4	1	1	0	4	1	0	2	1	1	0	0	0	1	0	1	0	1	0	0	0	2	0	2	2	2	0	3	0	0	1	2	1	2	2	1	0	0	5	0	3	0	1	1	0	0	1	0	0	0	0	0	1	1	0	0	1	0	1	0	0	2	1	0	2	0	3	0	1	1	0	1	0	1	0	0	0	2
chr9	17933699	0	10	2	0	4	0	0	0	0	1	1	1	3	0	3	4	0	1	0	0	0	3	3	1	0	0	0	2	0	1	1	1	2	1	0	0	0	1	1	1	0	0	0	0	3	0	0	1	3	0	0	0	0	3	1	0	1	0	1	2	0	0	1	0	1	1	0	1	0	2	4	1	0	1	1	0	1	0	0	1	2	2	0	0	3	4	0	0	1	3	0	1	1	1	0	0	0	3	0	0	2	0	6	1	5	1	1	0	0	0	2	1	0	0	1	1	3	1	0	0	2	1	2	2	2	2	6	0	1	1	3	3	0	1	0	0	2	0	1	0	4	0	0	0	0	2	0	0	0	1	0	2	0	2	0	2	0	1	0	2	0	1	2	4	1	3	2	1	0	0	0	0	0	1	0	0	2	0	0	0	2	2	1	1	3	1	0	2	3	1	1	3	1	0	2	1	3	1	0	1	1	1	0	0	0	1	0	1	0	5	1	0	1	0	0	0	0	0	0	0	0	0	0	2	0	0	1	1	0	0	0	4	0	0	2	0	1	0	0	1	0	3	0	0	1	2	1	0	1	2	0	1	0	1	2	1	0	0	0	0	0	0	0	0	0	1	0	1	0	0	0	0	0	0	1	1	0	0	2	0	0	0	0	0	2	0	0	1	1	2	1	0	2	0	0	1	3	1	5	0	1	5	0	2	1	0	4	1	1	0	4	1	0	2	1	1	0	0	0	1	0	1	0	1	0	0	0	3	0	2	2	2	1	3	0	0	1	2	1	2	2	1	0	0	5	1	3	0	1	1	1	0	1	0	0	0	0	0	1	1	0	0	1	0	1	0	0	2	1	0	2	0	4	0	1	1	0	1	0	1	0	0	0	2
chr9	17933700	0	10	2	0	4	0	0	0	0	1	1	1	3	0	3	4	0	1	0	0	0	3	3	1	0	0	0	2	0	1	1	1	2	1	0	0	0	1	1	1	0	0	0	0	3	0	0	1	3	0	0	0	0	3	1	0	1	0	1	2	0	0	1	0	1	1	0	1	0	2	4	0	0	1	1	0	1	0	0	1	2	2	0	0	3	4	0	0	1	3	0	1	1	1	0	0	0	3	0	0	2	0	6	1	5	1	1	0	0	0	2	1	0	0	1	2	3	1	0	0	2	1	2	2	2	2	6	0	1	1	3	3	0	1	0	0	2	0	1	0	4	0	0	0	0	2	0	0	0	1	0	2	0	2	0	2	0	1	0	2	0	1	2	4	1	3	2	1	0	1	0	0	0	1	0	0	2	0	0	0	2	2	1	1	3	1	0	2	3	1	1	3	1	0	2	1	3	1	0	1	1	1	0	0	0	1	0	1	0	5	1	0	1	0	0	0	0	0	0	0	0	0	0	2	0	0	1	1	0	0	0	4	0	0	2	0	1	0	0	1	0	3	0	0	1	2	1	0	1	2	0	1	0	1	2	1	0	0	0	0	0	0	0	0	0	1	0	1	0	0	0	0	0	0	1	1	0	0	2	0	0	0	0	0	2	0	0	1	1	2	1	0	2	0	0	1	3	1	5	0	1	5	0	2	1	0	4	1	1	0	4	1	0	2	1	1	0	0	0	1	0	1	0	1	0	0	0	3	0	2	2	2	1	3	0	0	1	2	1	2	2	1	0	0	5	1	3	0	1	1	1	0	1	0	0	0	0	0	1	1	0	0	1	0	1	0	0	3	1	0	2	0	4	0	1	1	0	1	0	1	0	0	0	2
chr9	17933701	0	10	2	0	4	0	0	0	0	1	1	1	3	0	3	4	0	1	0	0	0	3	3	1	0	0	0	2	0	1	1	1	2	1	0	0	0	1	1	1	0	0	0	0	3	0	0	1	3	0	0	0	0	3	1	0	1	0	1	2	0	0	1	0	1	1	0	1	0	2	4	0	0	1	1	0	1	0	0	1	2	2	0	0	3	4	0	0	1	3	0	1	1	1	0	0	0	3	0	0	2	0	6	1	5	2	1	0	0	0	2	1	0	0	1	2	3	1	0	0	2	1	2	2	2	2	6	0	1	2	3	3	0	1	0	0	2	0	1	0	4	0	0	0	0	2	0	0	0	1	0	2	0	2	0	2	0	1	0	2	0	1	2	4	1	3	2	1	0	1	0	0	0	1	0	0	2	0	0	0	2	2	1	1	3	1	0	2	3	1	1	3	1	0	2	1	3	1	0	1	1	1	0	0	0	1	0	1	0	5	1	0	1	0	0	0	0	0	0	0	0	0	0	2	0	0	1	1	0	0	0	4	0	0	2	0	1	0	0	1	0	3	0	0	1	2	1	0	1	2	0	1	0	1	2	1	0	0	0	0	0	0	0	0	0	1	0	1	0	0	0	0	0	0	1	1	0	0	2	0	0	0	0	0	2	0	1	1	1	2	1	0	3	0	0	1	2	1	5	0	1	5	0	2	1	0	4	2	1	0	4	1	0	2	1	1	0	0	0	1	0	1	0	1	0	0	0	3	0	2	2	2	1	3	0	0	1	2	1	2	2	1	0	0	5	1	3	0	1	1	1	0	1	0	0	0	0	0	1	1	0	0	1	0	1	0	0	3	1	0	2	0	4	0	1	1	0	1	0	1	0	0	0	2
chr9	17933702	0	10	2	0	4	0	0	0	0	1	1	1	3	0	3	3	0	1	0	0	0	4	3	1	0	0	0	2	0	2	1	1	2	1	0	0	0	1	1	1	0	0	0	0	3	0	0	1	3	0	0	0	0	3	1	0	1	0	1	2	0	0	1	0	1	1	0	2	0	2	4	0	0	1	1	0	1	0	0	1	2	2	0	0	3	4	0	0	1	3	0	1	1	1	0	0	0	3	0	0	2	0	6	1	5	2	1	0	0	0	2	1	0	0	1	2	3	1	0	0	2	1	2	2	2	2	6	0	1	2	3	3	0	1	0	0	2	0	1	0	4	0	0	0	0	2	0	0	0	1	0	2	0	2	0	2	0	1	0	2	0	1	2	4	1	3	2	1	0	1	0	0	0	1	0	0	2	0	0	0	2	2	1	1	3	1	0	2	3	1	0	3	1	0	2	1	3	1	0	1	1	1	0	0	0	1	0	1	0	6	1	0	1	0	0	0	0	0	0	0	0	0	0	2	0	0	1	1	0	0	0	4	0	0	2	0	1	0	0	1	0	3	0	0	1	2	1	0	1	2	0	1	0	1	2	1	0	0	0	0	0	0	0	0	0	1	0	1	0	0	0	0	0	0	1	1	0	0	2	0	0	0	0	0	2	0	1	1	1	2	1	0	3	0	0	1	2	1	6	0	1	5	0	2	1	0	4	2	1	0	4	1	0	2	1	1	0	0	0	1	0	1	0	1	0	0	0	4	0	2	2	2	1	3	0	0	1	2	1	2	2	1	1	0	5	1	3	0	1	1	1	0	1	0	0	0	0	0	1	1	0	0	1	0	1	0	0	3	1	0	2	0	4	1	1	1	0	1	0	1	0	0	1	2
chr9	17933703	0	10	2	0	4	0	0	0	0	1	1	1	3	0	3	3	0	1	0	0	0	4	2	1	0	0	0	2	0	2	1	1	2	1	0	0	0	1	1	1	0	0	0	0	3	0	0	1	3	0	0	0	0	3	1	0	2	0	1	2	0	0	1	0	1	1	0	2	0	2	4	0	0	1	1	0	1	0	0	1	2	2	0	0	3	3	0	0	1	3	0	1	1	1	0	0	0	3	0	0	2	0	6	1	5	2	1	0	0	0	2	1	0	0	1	2	3	1	0	0	2	1	2	2	2	2	6	0	1	2	3	3	0	1	0	0	2	0	1	0	4	0	0	0	0	2	0	0	0	1	0	2	0	2	0	2	0	1	0	2	0	1	1	4	1	3	2	1	0	1	0	0	0	1	0	0	2	0	0	0	2	2	1	1	3	1	0	2	3	1	0	3	1	0	2	1	3	1	0	1	1	1	0	0	0	1	0	1	0	6	1	0	1	0	0	0	0	0	0	0	0	0	0	2	0	0	1	1	0	0	0	4	0	0	2	0	1	0	0	1	0	3	0	0	1	2	1	0	1	2	0	1	0	1	2	1	0	0	0	0	0	0	0	0	0	1	0	1	0	0	0	0	0	0	1	1	0	0	2	0	0	0	0	0	2	0	1	1	1	2	1	0	3	0	0	1	2	1	6	0	1	5	0	2	1	0	4	2	1	0	4	1	0	2	1	1	0	0	0	1	0	1	0	1	0	0	0	4	0	2	2	2	1	3	0	0	1	2	1	2	2	1	1	0	5	1	3	0	1	1	1	0	1	0	0	0	0	0	1	1	0	0	1	0	1	0	0	3	1	0	2	0	4	1	1	1	0	1	0	1	0	0	1	2
chr9	17933704	0	11	2	0	4	0	0	0	0	1	1	1	3	0	3	3	0	1	0	0	0	4	2	1	0	0	0	2	0	2	1	1	2	1	0	0	0	1	1	1	0	0	0	0	3	0	0	1	3	0	0	0	0	3	1	0	2	0	1	2	0	0	1	0	1	1	0	2	0	2	4	0	0	1	1	0	1	0	0	1	2	2	0	0	3	3	0	0	1	3	0	1	1	1	0	0	0	3	0	0	2	0	6	1	5	2	1	0	0	0	2	1	0	0	1	2	3	1	0	0	2	1	2	2	2	2	6	0	1	2	3	3	0	1	0	0	2	0	1	0	4	0	0	0	0	2	0	0	0	1	0	2	0	2	0	2	0	1	0	2	0	1	1	4	1	3	2	1	0	1	0	0	0	1	0	0	2	0	0	0	2	2	1	1	3	1	0	2	3	1	0	3	1	0	2	1	3	1	0	1	1	1	0	0	0	1	0	1	0	6	1	0	1	0	0	0	0	0	0	0	0	0	0	2	0	0	1	1	0	0	0	4	0	0	2	0	1	0	0	1	0	3	0	0	1	2	1	0	1	2	0	1	0	1	2	1	0	0	0	0	0	0	0	0	0	1	0	1	0	0	0	0	0	0	1	1	0	0	2	0	0	0	0	0	2	0	1	1	1	2	1	0	3	0	0	1	2	1	6	0	1	5	0	2	1	0	4	2	1	0	4	1	0	2	1	1	0	0	0	1	0	1	0	1	0	0	0	4	0	2	2	3	1	3	0	0	1	2	1	3	2	1	1	0	5	1	3	0	1	1	1	0	1	0	0	0	0	0	1	1	0	0	1	0	1	0	0	3	1	0	2	0	4	1	2	1	0	1	0	1	0	0	1	2
chr9	17933705	0	11	2	0	4	0	0	0	0	1	1	1	3	0	3	3	0	1	0	0	0	4	2	1	0	0	0	2	0	2	1	1	2	1	0	0	0	1	1	1	0	0	0	0	3	0	0	1	3	0	0	0	0	3	1	0	2	0	1	2	0	0	1	0	1	1	0	2	0	2	4	0	0	1	1	0	1	0	0	1	2	2	0	0	3	3	0	0	1	3	0	1	1	1	0	0	0	3	0	0	2	0	6	1	5	2	1	0	0	0	2	1	0	0	1	2	3	1	0	0	2	1	2	2	2	2	6	0	1	2	3	3	0	1	0	0	2	0	1	0	4	0	0	0	0	2	0	0	0	1	0	2	0	2	0	2	0	1	0	2	0	1	1	4	1	3	2	1	0	1	0	0	0	1	0	0	2	0	0	0	2	2	1	1	3	1	0	2	3	1	0	3	1	0	2	1	3	1	0	1	1	1	0	0	0	1	0	1	0	6	1	0	1	0	0	0	0	0	0	0	0	0	0	2	0	0	1	1	0	0	0	4	0	0	2	0	1	0	0	1	0	3	0	0	1	2	1	0	1	2	0	1	0	1	2	1	0	0	0	0	0	0	0	0	0	1	0	1	0	0	0	0	0	0	1	1	0	0	2	0	0	0	0	0	2	0	1	1	1	2	1	0	3	0	0	1	2	1	6	0	1	5	0	2	1	0	4	2	1	0	4	1	0	2	1	1	0	0	0	1	0	1	0	1	0	0	0	4	0	2	2	3	1	3	0	0	1	2	1	3	2	1	1	0	5	1	3	0	1	1	1	0	1	0	0	0	0	0	1	1	0	0	1	0	1	0	0	3	1	0	2	0	4	1	2	1	0	1	0	1	0	0	1	2
chr9	17933706	0	12	2	0	4	0	0	0	0	1	1	1	3	0	3	3	0	1	0	0	0	4	2	1	0	0	0	2	0	2	1	1	2	1	0	1	0	1	1	1	0	0	0	0	3	0	0	1	3	0	0	0	0	3	1	0	2	0	1	2	0	0	1	0	1	1	0	2	0	2	4	0	0	1	1	0	1	0	0	1	2	2	0	0	3	3	0	0	1	3	0	1	1	1	0	0	0	3	0	0	2	0	6	1	5	2	1	0	0	0	2	1	0	0	1	2	3	1	0	0	2	1	2	2	2	2	6	0	1	2	3	3	0	1	0	0	2	0	1	0	4	0	0	0	0	2	0	0	0	1	0	2	0	2	0	2	0	1	0	2	0	1	1	4	1	3	2	1	0	1	0	0	0	1	0	0	2	0	0	0	2	2	1	1	3	1	0	2	3	1	0	3	1	0	2	1	3	1	0	1	1	1	0	0	0	1	0	1	0	6	1	0	1	0	0	0	0	0	0	0	0	0	0	2	0	0	1	1	0	0	0	4	0	0	2	0	1	0	0	1	0	3	0	0	1	2	1	0	1	2	0	1	0	1	2	1	0	0	0	0	0	0	0	0	0	1	0	1	0	0	0	0	0	0	1	1	0	0	2	0	0	0	0	0	2	0	1	1	1	2	1	0	3	0	0	1	2	1	6	0	1	5	0	2	1	0	4	2	1	0	4	1	0	2	1	1	0	0	0	1	0	1	0	1	0	0	0	5	0	2	2	3	1	3	0	0	1	2	1	3	2	1	1	0	5	1	3	0	1	1	1	0	1	0	0	0	0	0	1	1	0	0	1	0	1	0	0	3	1	0	2	0	4	1	2	1	0	1	0	1	0	0	1	2
chr9	17933707	0	12	2	0	4	0	0	0	0	1	2	1	3	0	4	3	0	1	0	0	0	4	2	1	0	0	0	4	0	2	1	1	2	1	0	1	0	1	1	1	0	0	0	0	3	0	0	1	3	0	0	0	0	3	1	0	2	0	1	2	0	0	1	0	1	1	0	2	0	2	4	0	0	1	1	0	1	0	0	1	2	2	0	0	3	3	0	0	1	3	0	1	1	1	0	0	0	3	0	0	2	0	6	1	5	2	1	0	0	0	2	1	0	0	1	2	3	1	0	0	2	1	2	2	2	2	6	0	1	2	3	3	0	1	0	0	2	0	1	0	4	0	0	0	0	2	0	0	0	1	0	2	0	2	0	2	0	1	0	2	0	1	1	4	1	3	2	1	0	1	0	0	0	1	0	0	2	0	0	0	2	2	1	1	3	1	0	2	3	1	0	3	1	0	2	1	3	1	0	1	1	1	0	0	0	1	0	1	0	6	1	0	1	0	0	0	0	0	0	0	0	0	0	2	0	0	1	1	0	0	0	4	0	0	2	0	1	0	0	1	0	3	0	0	1	2	1	0	1	2	0	1	0	1	2	1	0	0	0	0	0	0	0	0	0	1	0	1	0	0	0	0	0	0	1	1	0	0	2	0	0	0	0	0	2	0	1	1	1	2	1	0	3	0	0	1	2	1	6	0	1	5	0	2	1	0	4	2	1	0	4	1	0	2	1	1	0	0	0	1	0	1	0	1	0	0	0	5	0	2	2	3	1	3	0	0	1	2	1	3	2	1	1	0	5	1	3	0	1	1	1	0	1	0	0	0	0	0	1	1	0	0	1	0	1	0	0	3	1	0	2	0	4	1	2	1	0	1	0	1	0	0	1	2
chr9	17933708	0	12	2	0	4	0	0	0	0	1	2	1	3	0	4	3	0	1	0	0	0	4	2	1	0	0	0	4	0	2	1	1	2	1	0	1	0	1	1	1	0	0	0	0	3	0	0	1	3	0	0	0	0	3	1	0	2	0	1	2	0	0	1	0	1	1	0	2	0	2	4	0	0	1	1	0	1	0	0	1	2	2	0	0	3	3	0	0	1	3	0	1	1	1	0	0	0	3	0	0	2	0	6	1	5	2	1	0	0	0	2	1	0	0	1	2	3	1	0	0	2	1	2	2	2	2	6	0	1	2	3	3	0	1	0	0	2	0	1	0	4	0	0	0	0	2	0	0	0	1	0	2	0	2	0	2	0	1	0	2	0	1	1	4	1	3	2	1	0	1	0	0	0	1	0	0	2	0	0	0	2	2	1	1	3	1	0	2	3	1	0	3	1	0	2	1	3	1	0	1	1	1	0	0	0	1	0	1	0	6	1	0	1	0	0	0	0	0	0	0	0	0	0	2	0	0	1	1	0	0	0	4	0	0	2	0	1	0	0	1	0	3	0	0	1	2	1	0	1	2	0	1	0	1	2	1	0	0	0	0	0	0	0	0	0	1	0	1	0	0	0	0	0	0	1	1	0	0	2	0	0	0	0	0	2	0	1	1	1	2	1	0	3	0	0	1	2	1	6	0	1	5	0	2	1	0	4	2	1	0	4	1	0	2	1	1	0	0	0	1	0	1	0	1	0	0	0	5	0	2	2	3	1	3	0	0	1	2	1	3	2	1	1	0	5	1	3	0	1	1	1	0	1	0	0	0	0	0	1	1	0	0	1	0	0	0	0	3	1	0	2	0	4	1	2	1	0	1	0	1	0	0	1	2
chr9	17933709	0	12	2	0	4	0	0	0	0	1	2	1	3	0	4	3	0	1	0	0	0	4	2	1	0	0	0	4	0	2	1	1	2	1	0	1	0	1	1	1	0	0	0	0	3	0	0	1	3	0	0	0	0	3	1	0	2	0	1	2	0	0	1	0	1	1	0	2	0	2	4	0	0	1	1	0	1	0	0	1	2	2	0	0	3	3	0	0	1	3	0	1	1	1	0	0	0	3	0	0	2	0	6	1	5	2	1	0	0	0	2	1	0	0	1	2	3	1	0	0	2	1	2	2	2	2	6	0	1	2	3	3	0	1	0	0	2	0	1	0	4	0	0	0	0	2	0	0	0	1	0	2	0	2	0	2	0	1	0	2	0	1	1	4	1	3	2	1	0	1	0	0	0	1	0	0	2	0	0	0	2	2	1	1	3	1	0	2	3	1	0	3	1	0	2	1	3	1	0	1	1	1	0	0	0	1	0	1	0	7	1	0	1	0	0	0	0	0	0	0	0	0	0	2	0	0	1	1	0	0	0	4	0	0	2	0	1	0	0	1	0	3	0	0	1	2	1	0	1	2	0	1	0	1	2	1	0	0	0	0	0	0	0	0	0	1	0	1	0	0	0	0	0	0	1	1	0	0	2	0	0	0	0	0	2	0	1	1	1	2	1	0	3	0	0	1	2	1	6	0	1	5	0	2	1	0	4	2	1	0	4	1	0	2	1	1	0	0	0	1	0	1	0	1	0	0	0	5	0	2	2	3	1	3	0	0	1	2	1	3	2	1	1	0	5	1	3	0	1	1	1	0	1	0	0	0	0	0	1	1	0	0	1	0	0	0	0	3	1	0	2	0	4	1	2	1	0	1	0	1	0	0	1	2
chr9	17933710	0	12	2	0	4	0	0	0	0	1	2	1	3	0	4	3	0	1	0	0	0	4	2	1	0	0	0	4	0	2	1	1	2	1	0	1	0	1	1	1	0	0	0	0	3	0	0	1	3	0	0	0	0	3	1	0	2	0	1	2	0	0	1	0	1	1	0	2	0	2	4	0	0	1	1	0	1	0	0	1	2	2	0	0	3	3	0	0	1	3	0	1	1	1	0	0	0	3	0	0	2	0	6	1	5	2	1	0	0	0	2	1	0	0	1	2	3	1	0	0	2	1	2	2	2	2	6	0	1	2	3	3	0	1	0	0	2	0	1	0	4	0	0	0	0	2	0	0	0	1	0	2	0	2	0	2	0	1	0	2	0	1	1	4	1	3	2	1	0	1	0	0	0	1	0	0	2	0	0	0	2	2	1	1	3	1	0	2	3	1	0	3	1	0	2	1	3	1	0	1	1	1	0	0	0	1	0	1	0	7	1	0	1	0	0	0	0	0	0	0	0	0	0	2	0	0	1	1	0	0	0	4	0	0	2	0	1	0	0	1	0	3	0	0	1	2	1	0	1	2	0	1	0	1	2	1	0	0	0	0	0	0	0	0	0	1	0	1	0	0	0	0	0	0	1	1	0	0	2	0	0	0	0	0	2	0	1	1	1	2	1	0	3	0	0	1	2	1	6	0	1	5	0	2	1	0	4	2	1	0	4	1	0	2	1	1	0	0	0	1	0	1	0	1	0	0	1	5	0	2	2	3	1	3	0	0	1	2	1	3	2	1	1	0	5	1	3	0	1	1	1	0	1	0	0	0	0	0	1	1	0	0	1	0	0	0	0	3	1	0	2	0	4	1	2	1	0	1	0	1	0	0	1	2
chr9	17933711	0	12	2	0	4	0	0	0	0	1	2	1	3	0	4	3	0	1	0	0	0	4	2	1	0	0	0	4	0	2	1	1	2	1	0	1	0	1	1	1	0	0	0	0	3	0	0	1	3	0	0	0	0	3	1	0	2	0	1	1	0	0	1	0	1	1	0	2	0	2	4	0	0	0	1	0	1	0	0	1	2	2	0	0	3	3	0	0	1	2	0	1	1	1	0	0	0	3	0	0	2	0	6	1	5	2	1	0	0	0	2	1	0	0	1	2	3	1	0	0	2	1	2	2	2	2	6	0	1	2	3	3	0	1	0	0	2	0	1	0	4	0	0	0	0	2	0	0	0	1	0	2	0	2	0	2	0	1	0	2	0	1	1	5	1	3	2	1	0	1	0	0	0	1	0	0	2	0	0	0	2	2	1	1	3	1	0	2	3	1	0	3	1	0	2	1	3	1	0	1	1	1	0	0	0	1	0	1	0	7	1	0	1	0	0	0	0	0	0	0	0	0	0	2	0	0	1	1	0	0	0	4	0	0	2	0	1	0	0	1	0	3	0	0	1	2	1	0	1	2	0	1	0	1	2	1	0	0	0	0	0	0	0	0	0	1	0	1	0	0	0	0	0	0	1	1	0	0	2	0	0	0	0	0	2	0	1	1	1	2	1	0	3	0	0	1	2	1	6	0	1	5	0	2	1	0	4	2	1	0	4	1	0	2	1	1	0	0	0	1	0	1	0	1	0	0	1	5	0	2	2	3	1	3	0	0	1	2	1	3	2	1	1	0	5	1	3	0	1	1	1	0	1	0	0	0	0	0	1	1	0	0	1	0	0	0	0	3	1	0	2	0	4	1	2	1	0	1	0	1	0	0	1	2
chr9	17933712	0	12	2	0	4	0	0	0	0	1	2	1	3	0	4	3	0	1	0	0	0	4	2	1	0	0	0	4	0	2	1	1	2	1	0	1	0	1	1	1	0	0	0	0	3	0	0	1	3	0	0	0	0	3	1	0	2	0	1	1	0	0	1	0	1	1	0	2	0	2	4	0	0	0	1	0	1	0	0	1	2	2	0	0	4	3	0	0	1	2	0	1	1	1	0	0	0	3	1	0	2	0	6	1	5	2	1	0	0	0	2	1	0	0	1	2	3	1	0	0	2	1	2	2	2	2	6	0	1	2	3	3	0	1	0	0	2	0	1	1	4	0	0	0	0	3	0	0	0	1	0	2	0	2	0	2	0	1	0	2	0	1	1	5	1	3	2	1	0	1	0	0	0	1	0	0	2	0	0	0	2	2	1	1	3	1	0	2	3	1	0	3	1	0	2	1	3	1	0	1	1	0	0	0	0	1	0	1	0	7	1	0	1	0	0	0	0	0	0	0	0	0	0	2	0	0	2	1	0	0	0	4	0	0	2	0	1	0	0	1	0	3	0	0	1	3	1	0	1	2	0	1	0	1	2	1	0	0	0	0	0	0	0	0	0	1	0	1	0	0	0	0	0	0	1	1	0	0	2	0	0	0	0	0	2	0	1	1	1	2	1	0	3	0	0	1	2	1	6	0	1	5	0	2	1	0	4	2	1	1	4	1	0	2	1	1	0	0	0	1	0	1	0	1	0	0	1	5	0	2	2	3	1	3	0	0	1	2	1	3	2	1	1	0	5	1	3	0	1	1	1	0	1	0	0	0	0	0	1	1	0	0	1	0	0	0	0	3	1	0	2	0	4	1	2	1	0	1	0	1	0	0	1	2
chr9	17933713	0	12	2	0	4	0	0	0	0	1	2	1	3	0	4	3	0	1	0	0	0	4	2	1	0	0	0	4	0	2	1	1	2	1	0	1	0	1	1	1	0	0	0	0	3	0	0	1	3	0	0	0	0	3	1	0	2	0	1	1	0	0	1	0	1	1	0	2	0	2	4	0	0	0	1	0	1	0	0	1	2	2	0	0	4	3	0	0	1	2	0	1	1	1	0	0	0	3	1	0	2	0	6	1	5	2	1	0	0	0	2	1	0	0	1	2	3	1	0	0	2	1	2	2	2	2	6	0	1	2	3	3	0	1	0	0	2	0	1	1	4	0	0	0	0	3	0	0	0	1	0	2	0	2	0	2	0	1	0	2	0	1	1	5	1	3	2	1	0	1	0	0	0	1	0	0	2	0	0	0	2	2	1	1	3	1	0	2	3	1	0	3	1	0	2	1	3	1	0	1	1	0	0	0	0	1	0	1	0	7	1	0	1	0	0	0	0	0	0	0	0	0	0	2	0	0	2	1	0	0	0	4	0	0	2	0	1	0	0	1	0	3	0	0	1	3	1	0	1	1	0	1	0	1	2	1	0	0	0	0	0	0	0	0	0	1	0	1	0	0	0	0	0	0	1	1	0	0	2	0	0	0	0	0	2	0	1	1	1	2	1	0	3	0	0	1	2	1	6	0	1	5	0	2	1	0	4	2	1	1	4	1	0	2	1	1	0	0	0	1	0	1	0	1	0	0	1	5	0	2	2	3	1	3	0	0	1	2	1	3	2	1	1	0	5	1	3	0	1	1	1	0	1	0	0	0	0	0	1	1	0	0	1	0	1	0	0	3	1	0	2	0	4	1	2	1	0	1	0	1	0	0	1	2
chr9	17933714	0	12	2	1	4	0	0	0	0	1	2	1	3	0	4	3	0	0	0	0	0	4	2	1	0	0	0	4	0	2	1	1	2	1	0	1	0	1	1	1	0	0	0	0	3	0	0	1	3	0	0	0	0	3	1	0	2	0	1	1	0	0	1	0	1	1	0	2	0	2	4	0	0	0	1	0	1	0	0	1	2	2	0	0	4	3	0	0	1	2	0	1	1	1	0	0	0	3	1	0	2	0	6	1	5	2	0	0	0	0	2	1	0	0	1	2	3	1	0	0	2	1	2	2	2	2	6	0	1	2	3	3	0	1	0	0	2	0	1	1	4	0	0	0	0	3	0	0	0	1	0	2	0	2	0	2	0	1	0	2	0	1	1	5	1	3	2	1	0	1	0	0	0	1	0	0	2	0	0	0	2	2	1	1	3	1	0	2	3	1	0	3	1	0	2	1	3	1	0	1	1	0	0	0	0	1	0	1	0	7	1	0	1	0	0	0	0	0	0	0	0	0	0	2	0	0	2	1	0	0	0	4	0	0	2	0	1	0	0	1	0	3	0	0	1	3	1	0	1	1	0	1	0	1	2	1	0	0	0	0	0	0	0	0	0	1	0	1	0	0	0	0	0	0	1	1	0	0	2	0	0	0	0	0	2	0	1	1	1	2	1	0	3	0	0	1	2	1	6	0	1	5	0	2	1	0	4	2	1	1	4	1	0	2	1	1	0	0	0	1	0	1	0	1	0	0	1	5	0	2	2	3	1	3	0	0	1	2	1	3	2	1	1	0	5	1	3	0	1	1	1	0	1	0	0	0	0	0	1	1	0	0	1	0	1	0	0	3	1	0	2	0	4	1	2	1	0	1	0	1	0	0	1	2
chr9	17933715	0	12	2	1	4	0	0	0	0	1	2	1	3	0	4	3	0	0	0	0	0	4	2	1	0	0	0	4	0	2	1	1	2	1	0	1	0	1	1	1	0	0	0	0	3	0	0	1	3	0	0	0	0	3	1	0	2	0	1	1	0	0	1	0	1	1	0	2	0	2	4	0	0	0	1	0	1	0	0	1	2	2	0	0	4	3	0	0	1	2	0	1	1	1	0	0	0	3	1	0	2	0	6	1	5	2	0	0	0	0	2	1	0	0	1	2	3	1	0	0	2	1	2	2	3	2	6	0	1	2	3	3	0	1	0	0	2	0	1	1	4	0	0	0	0	3	0	0	0	1	0	2	0	2	0	2	0	1	0	2	0	1	1	5	1	3	2	1	0	1	0	0	0	1	0	0	2	0	0	0	2	2	1	1	3	1	0	2	3	1	0	3	1	0	2	1	3	1	0	1	1	0	0	0	0	1	0	1	0	7	1	0	1	0	0	0	0	0	0	0	0	0	0	2	0	0	2	1	0	0	0	4	0	0	2	0	1	0	0	1	0	3	0	0	1	3	1	0	1	1	0	1	0	1	2	1	0	0	0	0	0	0	0	0	0	1	0	1	0	0	0	0	0	0	1	1	0	0	2	0	0	0	0	0	2	0	1	1	1	2	1	0	3	0	0	1	2	1	6	0	1	5	0	2	1	0	4	2	1	1	4	1	0	2	1	1	0	0	0	1	0	1	0	1	0	0	1	5	0	2	2	3	1	3	0	0	1	2	1	3	2	1	1	0	5	1	3	0	1	1	1	0	1	0	0	0	0	0	1	1	0	0	1	0	1	0	0	3	1	0	2	0	4	1	2	1	0	1	0	1	0	0	1	2
chr9	17933716	0	12	2	1	4	0	0	0	0	1	2	1	3	0	4	3	0	0	0	0	0	4	2	1	0	0	0	4	0	2	1	1	2	1	0	1	0	1	1	1	0	0	0	0	3	0	0	1	3	0	0	0	0	3	1	0	2	0	1	1	0	0	1	0	1	1	0	2	0	2	4	0	0	0	1	0	1	0	0	1	2	2	0	0	4	3	0	0	1	2	0	1	1	1	0	0	0	3	1	0	2	0	6	1	5	2	0	0	0	0	2	1	0	0	1	2	3	1	0	0	2	1	2	2	3	2	6	0	1	2	3	3	0	1	0	0	2	0	1	1	4	0	0	0	0	3	0	0	0	1	0	2	0	2	0	2	0	1	0	2	0	1	1	5	1	3	2	1	0	1	0	0	0	1	0	0	2	0	0	0	2	2	1	1	3	1	0	2	3	1	0	3	1	0	2	1	3	1	0	1	1	0	0	0	0	1	0	1	0	7	1	0	1	0	0	0	0	0	0	0	0	0	0	2	0	0	2	1	0	0	0	4	0	0	2	0	1	0	0	1	0	3	0	0	1	3	1	0	1	1	0	1	0	1	2	1	0	0	0	0	0	0	0	0	0	1	0	1	0	0	0	0	1	0	1	1	0	0	2	0	0	0	0	0	2	0	1	1	1	2	1	0	3	0	0	1	2	1	6	0	1	5	0	2	1	0	4	2	1	1	4	1	0	2	1	1	0	0	0	1	0	1	0	1	0	0	1	5	0	2	2	3	1	3	0	0	1	2	1	3	2	1	1	0	5	1	3	0	1	1	1	0	1	0	0	0	0	0	1	1	0	0	1	0	1	0	0	3	1	0	2	0	4	1	2	1	0	1	0	1	0	0	1	2
chr9	17933717	0	12	2	1	4	0	0	0	0	1	2	1	3	0	4	3	0	0	0	0	0	4	2	1	0	0	0	4	0	2	1	1	2	1	0	1	0	1	1	1	0	0	0	0	3	0	0	1	3	0	0	0	0	3	1	0	2	0	1	1	0	0	1	0	1	1	0	2	0	2	4	0	0	0	1	0	1	0	0	1	2	2	0	0	4	3	0	0	1	2	0	1	1	1	0	0	0	3	1	0	2	0	6	1	5	2	0	0	0	0	2	1	0	0	1	2	3	1	0	0	2	1	2	2	3	2	6	0	1	2	3	3	0	1	0	0	2	0	1	1	4	0	0	0	0	3	0	0	0	1	0	2	0	2	0	2	0	1	0	2	0	1	1	5	1	3	2	1	0	1	0	0	0	1	0	0	2	0	0	0	2	2	1	1	3	1	0	2	3	1	0	3	1	0	2	1	3	1	0	1	1	0	0	0	0	1	0	1	0	8	1	0	1	0	0	0	0	0	0	0	0	0	0	2	0	0	2	1	0	0	0	4	0	0	2	0	1	0	0	1	0	3	0	0	1	3	1	0	1	1	0	1	0	1	2	1	0	0	0	0	0	0	0	0	0	1	0	1	0	0	0	0	1	0	1	1	0	0	2	0	0	0	0	0	2	0	1	1	1	2	1	0	3	0	0	1	2	1	6	0	1	5	0	2	1	0	4	2	1	1	4	1	0	2	1	1	0	0	0	1	0	1	0	1	0	0	1	5	0	2	2	3	1	3	0	0	1	2	1	3	2	1	1	0	5	1	3	0	1	1	1	0	1	0	0	0	0	0	1	1	0	0	1	0	1	0	0	3	1	0	2	0	4	1	2	1	0	1	0	1	0	0	1	2
chr9	17933718	0	12	2	1	4	0	0	0	0	1	2	1	3	0	4	3	0	0	0	0	0	4	2	1	0	0	0	4	0	2	1	1	2	1	0	1	0	1	1	1	0	0	0	0	3	0	0	1	3	0	0	0	0	3	1	0	2	0	1	1	0	0	1	0	1	1	0	2	0	2	5	0	0	0	1	0	1	0	0	1	2	2	0	0	4	3	0	0	1	2	0	1	1	1	0	0	0	3	1	0	2	0	6	1	5	2	0	0	0	0	2	1	0	0	1	2	3	1	0	0	2	1	2	2	3	3	6	0	1	3	3	3	0	1	0	0	2	0	1	1	4	0	0	0	0	3	0	0	0	1	0	2	0	2	0	1	0	1	0	2	0	1	1	5	1	3	2	1	1	1	0	0	0	1	0	0	2	0	0	0	2	2	1	1	3	1	0	2	3	1	0	3	1	0	2	1	3	1	0	1	1	0	0	0	0	1	0	2	0	8	1	0	1	0	0	0	0	0	0	0	0	0	0	2	0	0	2	1	0	0	0	4	0	0	2	0	1	0	0	1	0	3	0	0	2	3	1	0	1	1	0	1	0	1	2	1	0	0	0	0	0	0	0	0	0	1	0	1	0	0	0	0	1	0	1	1	0	0	2	0	0	0	0	0	2	0	1	1	1	2	1	0	3	0	0	1	2	1	6	0	1	5	0	2	1	0	4	2	1	1	5	1	0	2	1	1	0	0	0	2	0	1	0	1	0	0	1	5	0	2	2	3	1	3	0	0	1	2	1	3	2	1	1	0	5	1	3	0	1	1	1	0	1	0	0	0	0	0	1	1	0	0	1	0	1	0	0	3	1	0	2	0	4	1	2	1	0	1	0	1	0	0	1	2
chr9	17933719	0	13	2	1	4	0	0	0	0	1	2	1	3	0	4	3	0	0	0	0	0	4	2	1	0	0	0	4	0	2	1	1	2	1	0	1	0	1	0	1	1	0	0	0	3	0	0	1	3	0	0	0	0	3	1	0	2	0	1	1	0	0	1	0	1	1	0	2	0	2	5	0	0	0	1	0	1	0	0	1	2	2	0	0	4	3	0	0	1	2	0	1	1	1	0	0	0	3	1	0	2	0	6	1	5	2	0	0	0	0	2	1	0	0	1	2	3	1	0	0	2	1	2	2	3	3	6	0	1	3	3	3	0	1	0	0	2	0	1	1	4	0	0	0	0	3	0	0	0	1	0	2	0	2	0	1	0	1	0	2	0	1	1	5	1	3	2	1	1	1	0	0	0	1	0	0	2	0	0	0	2	2	1	1	3	1	0	2	3	1	0	3	1	0	2	1	3	1	0	1	1	0	0	0	0	1	0	2	0	8	1	0	1	0	0	0	0	0	0	0	0	0	0	2	0	0	2	1	0	1	0	4	0	0	2	0	1	0	0	1	0	3	0	0	2	3	1	0	1	1	0	1	0	1	2	1	0	0	0	0	0	0	0	0	0	1	0	1	0	0	0	0	1	0	1	1	0	0	2	0	0	0	0	0	2	0	1	1	1	2	1	0	3	0	0	1	2	1	6	0	1	5	0	2	1	0	3	2	1	1	5	1	0	2	1	1	0	0	0	2	0	1	0	1	0	0	1	5	0	2	2	3	1	3	0	0	1	2	1	3	2	1	1	0	5	1	3	0	1	1	1	0	1	0	0	0	0	0	1	1	0	0	1	0	1	0	0	3	1	0	2	0	4	1	2	1	0	1	0	1	0	0	1	2
chr9	17933720	0	13	2	1	4	0	0	0	0	1	2	1	3	0	4	3	0	0	0	0	0	4	2	1	0	0	0	4	0	2	1	1	2	1	0	1	0	2	0	1	1	0	0	0	3	0	0	1	3	0	0	0	0	3	1	0	2	0	1	1	0	0	1	1	1	1	0	2	0	2	5	0	0	0	1	0	1	0	0	1	2	2	0	0	4	2	0	0	1	2	0	1	1	1	0	0	0	3	1	0	2	0	6	1	5	2	0	0	0	0	2	1	0	0	1	2	3	1	0	0	2	1	2	2	3	3	6	0	1	3	3	3	0	1	0	0	2	0	1	1	4	0	0	0	0	3	0	0	0	1	0	2	0	2	0	1	0	1	0	2	0	1	1	5	1	3	2	1	1	1	0	0	0	1	0	0	2	0	0	0	2	2	1	2	3	1	0	2	3	1	0	3	1	0	2	1	3	1	0	1	1	0	0	0	0	1	0	2	0	8	1	0	1	0	0	0	0	0	0	0	0	0	0	2	0	0	2	1	0	1	0	4	0	0	2	0	1	0	0	1	0	3	0	0	2	3	1	0	1	1	0	1	0	1	2	1	0	0	0	0	0	0	0	0	0	1	0	1	0	0	0	0	1	0	1	1	0	0	2	0	0	0	0	0	2	0	1	1	1	2	1	0	3	0	0	1	2	1	6	0	1	5	0	2	1	0	3	2	1	2	5	1	0	2	1	1	0	0	0	2	0	1	0	1	0	0	1	5	0	2	2	3	1	3	0	0	1	2	1	3	2	1	1	0	5	1	3	0	1	1	1	0	1	0	0	0	0	0	1	1	0	0	1	0	1	0	0	3	1	0	2	0	4	1	2	1	0	1	0	1	0	0	1	2
chr9	17933721	0	14	2	1	4	0	0	0	0	1	2	1	3	0	4	3	0	0	0	0	0	4	2	1	0	0	0	4	0	2	1	1	2	1	0	1	0	2	0	1	1	0	0	0	3	0	0	1	3	0	0	0	0	3	1	0	2	0	1	1	0	0	1	1	1	1	0	2	0	2	5	0	0	0	1	0	1	0	0	1	2	2	0	0	4	2	0	0	1	2	0	1	1	1	0	0	0	3	1	0	2	0	6	1	5	2	0	0	0	0	2	1	0	0	1	2	3	1	0	0	2	1	3	2	3	3	6	0	1	3	3	3	0	1	0	0	2	0	1	1	4	0	0	0	0	3	0	0	0	1	0	2	0	2	0	1	0	1	0	2	0	1	1	5	2	3	3	1	1	1	0	0	0	1	0	0	2	0	0	0	2	2	1	2	3	1	0	2	3	1	0	3	1	0	0	1	3	1	0	1	1	0	0	0	0	1	0	2	0	8	1	0	1	0	0	0	0	0	0	0	0	0	0	1	0	0	2	1	0	1	0	4	0	0	2	0	1	0	0	1	0	3	0	0	2	3	1	0	1	1	0	1	0	1	2	1	0	0	0	0	0	0	0	0	0	1	0	1	0	0	0	0	1	0	1	1	0	0	2	0	0	0	0	0	2	0	1	1	1	2	1	0	3	0	0	1	2	1	6	0	1	5	0	2	1	0	3	2	1	2	5	1	0	2	1	1	0	0	0	2	0	1	0	1	0	0	1	5	0	2	2	3	1	3	0	0	1	2	1	3	2	1	1	0	5	1	3	0	1	1	1	0	1	0	0	0	0	0	1	1	0	0	1	0	1	0	0	3	1	0	2	0	4	1	2	1	0	1	0	1	0	0	1	2
chr9	17933722	0	14	2	1	4	0	0	0	0	1	2	1	3	0	3	3	0	0	0	0	0	4	2	1	0	0	0	4	0	2	1	1	2	1	0	1	0	2	0	1	1	0	0	0	3	0	0	1	3	0	0	0	0	3	1	0	2	0	1	1	0	0	1	1	1	1	0	2	0	2	4	0	0	0	1	0	1	0	0	1	2	2	0	0	4	2	0	0	1	2	0	1	1	1	0	0	0	3	1	0	2	0	6	1	5	2	0	0	0	0	2	1	0	1	1	2	3	1	0	0	2	1	3	2	3	3	6	0	1	3	3	3	0	2	0	0	2	0	1	1	4	0	0	0	0	3	0	0	0	1	0	2	0	2	0	1	0	1	0	2	0	1	1	5	2	3	3	1	1	1	0	1	0	1	0	0	2	0	0	0	2	2	1	2	3	1	0	2	3	1	0	3	1	0	0	1	3	1	0	1	1	0	0	0	0	1	0	2	0	8	1	0	1	0	0	0	0	0	0	0	0	0	0	1	0	0	2	1	0	1	0	4	0	0	2	0	1	0	0	1	0	3	0	0	2	3	1	0	1	1	0	1	0	1	2	1	0	0	0	0	0	0	0	0	0	1	0	1	0	0	0	0	1	0	1	1	0	0	2	0	0	0	0	0	2	0	1	1	1	2	1	0	3	0	0	1	2	1	6	0	1	5	0	2	1	0	3	2	1	2	5	1	0	2	1	1	0	0	0	2	0	1	0	0	0	0	1	5	0	2	2	3	1	3	0	0	1	2	1	3	2	1	1	0	5	1	3	0	1	1	1	0	1	0	0	0	0	0	1	1	0	0	1	0	1	0	0	3	1	0	2	0	4	1	2	1	0	1	0	1	0	0	1	2
chr9	17933723	0	14	2	1	4	0	0	0	0	1	2	1	3	0	3	3	0	0	0	0	0	4	2	1	0	0	0	4	0	2	1	1	2	1	0	1	0	2	0	1	2	0	0	0	3	0	0	1	3	0	0	0	0	3	1	0	2	0	1	1	1	0	1	1	1	1	0	2	0	2	4	0	0	1	1	0	1	0	0	1	2	2	0	0	4	2	0	0	1	2	0	1	1	1	0	0	0	3	1	0	2	0	6	1	5	2	0	0	0	0	2	1	0	1	1	2	3	1	0	0	2	1	3	2	3	3	6	0	1	3	3	3	0	2	0	0	2	0	1	1	4	0	0	0	0	3	0	0	0	1	0	2	0	2	0	1	0	1	0	2	0	1	1	5	2	3	3	1	1	1	0	1	0	1	0	0	2	0	0	0	2	2	1	2	3	1	0	2	3	1	0	3	1	0	0	1	3	1	0	1	1	0	0	0	0	1	0	2	0	8	1	0	1	0	0	0	0	0	0	0	0	0	0	1	0	0	2	1	0	1	0	4	0	0	2	0	1	0	0	1	0	3	0	0	2	3	1	0	1	1	0	1	0	1	2	1	0	0	0	0	0	0	0	1	0	1	0	1	0	0	0	0	1	0	1	1	0	0	2	0	0	0	0	0	2	0	1	1	1	2	1	0	3	0	0	1	2	1	6	0	1	5	0	2	1	0	3	2	1	2	5	1	0	2	1	1	0	0	0	2	0	1	0	0	0	0	1	5	0	2	2	3	1	3	0	0	1	2	1	3	2	1	1	0	5	1	3	0	1	1	1	0	1	0	0	0	0	0	1	1	0	0	1	0	1	0	0	3	1	0	2	0	4	1	2	1	0	1	0	1	0	0	1	2
chr9	17933724	0	14	2	1	4	0	0	0	0	1	2	1	3	0	3	3	0	0	0	0	0	5	2	1	0	0	0	4	0	2	1	1	2	1	0	1	0	2	0	1	2	0	0	0	3	0	0	1	3	0	0	0	0	3	1	0	2	0	1	1	1	0	1	1	1	1	0	2	0	2	4	0	0	1	1	0	1	0	0	1	2	2	0	0	4	2	0	0	1	2	0	1	1	1	0	0	0	3	1	0	2	0	6	1	5	2	0	0	0	0	2	1	0	1	1	2	3	1	0	0	2	1	3	1	3	3	6	0	1	3	3	3	0	2	0	0	2	0	1	1	4	0	0	0	0	3	0	0	0	1	0	2	0	2	0	1	0	1	0	2	0	1	1	5	2	3	3	1	1	1	0	1	0	1	0	0	2	0	0	0	2	2	1	2	3	1	0	2	3	1	0	3	1	0	0	1	3	1	0	1	1	0	0	0	0	1	0	2	0	8	1	0	1	0	1	0	0	0	0	0	0	0	0	1	0	0	2	1	0	1	0	4	0	0	2	0	1	0	0	1	0	3	0	0	2	3	1	0	1	1	0	1	0	1	2	1	0	0	0	0	0	0	0	1	0	1	0	1	0	0	0	0	1	0	1	1	0	0	2	0	0	0	0	0	2	0	1	1	1	2	1	0	3	0	0	1	2	1	6	0	1	5	0	2	1	0	3	2	1	2	5	1	0	2	1	1	0	0	0	2	0	1	0	0	0	0	1	5	0	2	2	3	1	3	0	0	1	2	1	3	2	1	1	0	5	1	2	0	1	1	1	0	1	0	0	0	0	0	1	1	0	0	1	0	1	0	0	3	1	0	2	0	4	1	2	1	0	1	0	1	0	0	1	2
chr9	17933725	0	14	2	1	4	0	0	0	0	1	2	1	3	0	3	3	0	0	0	0	0	5	2	1	0	0	0	4	0	2	1	1	2	1	0	1	0	2	0	1	2	0	0	0	3	0	0	1	3	0	0	0	0	3	1	0	2	0	1	1	1	0	1	1	1	1	0	2	0	2	4	0	0	1	1	0	1	0	0	1	2	2	0	0	4	2	0	0	1	2	0	1	1	1	0	0	0	3	1	0	2	0	6	1	5	2	0	0	0	0	2	1	0	1	1	2	3	1	0	0	2	1	3	1	3	3	6	0	1	3	3	3	0	2	0	0	2	0	1	1	4	0	0	0	0	3	0	0	0	1	0	2	0	2	0	1	0	1	0	2	0	1	1	5	2	3	3	1	1	1	0	1	0	1	0	0	2	0	0	0	2	2	1	2	3	1	0	2	3	1	0	3	1	0	0	1	3	1	0	1	1	0	0	0	0	1	0	2	0	8	1	0	1	0	1	0	0	0	0	0	0	0	0	1	0	0	2	1	0	1	0	4	0	0	2	0	1	0	0	1	0	3	0	0	2	3	1	0	1	1	0	1	0	1	2	1	0	0	0	0	0	0	0	1	0	1	0	1	0	0	0	0	1	0	1	1	0	0	2	0	0	0	0	0	2	0	1	1	1	2	1	0	3	0	0	1	2	1	6	0	1	5	0	2	1	0	3	2	1	2	5	1	0	2	1	1	0	0	0	2	0	1	0	0	0	0	1	5	0	2	2	3	1	3	0	0	1	2	1	3	2	1	1	0	5	1	2	0	1	1	1	0	1	0	0	0	0	0	1	1	0	0	1	0	1	0	0	3	1	0	2	0	4	1	2	1	0	1	0	1	0	0	1	2
chr9	17933726	0	14	2	1	4	0	0	0	0	1	2	1	3	0	3	3	0	0	0	0	0	5	2	1	0	0	0	4	0	2	1	1	2	1	0	3	0	2	0	1	2	0	0	0	3	0	0	1	3	0	0	0	0	3	1	0	2	0	1	1	1	0	1	1	1	1	0	2	0	2	4	0	0	1	1	0	1	0	0	1	2	2	0	0	4	2	0	0	1	2	0	1	1	1	0	0	0	3	1	0	2	0	6	1	5	2	0	0	0	0	2	1	0	1	1	2	3	2	0	0	2	1	3	1	3	3	6	0	1	3	3	3	0	2	0	0	2	0	1	1	4	0	0	0	0	3	0	0	0	1	0	2	0	2	0	1	0	1	0	2	0	1	1	5	2	3	3	1	1	1	0	1	0	1	0	0	2	0	0	0	2	2	1	2	3	1	0	2	3	1	0	3	1	0	0	1	3	1	0	1	1	0	0	0	0	1	0	2	0	8	1	0	1	0	1	0	0	0	0	0	0	0	0	1	0	0	2	1	0	1	0	4	0	0	2	0	1	0	0	1	0	3	0	0	2	3	1	0	1	1	0	1	0	1	2	1	0	0	0	0	0	0	0	1	0	1	0	1	0	0	0	0	1	0	1	1	0	0	2	0	0	0	0	0	2	0	1	1	1	2	1	0	3	0	0	1	2	1	6	0	1	5	0	2	1	0	3	2	1	2	5	1	0	2	1	1	0	0	0	2	0	1	0	0	0	0	1	5	0	2	2	3	1	3	0	0	1	2	1	3	2	1	1	0	5	1	2	0	1	1	1	0	1	0	0	0	0	0	1	1	0	0	1	0	1	0	0	3	1	0	2	0	4	1	2	1	0	1	0	1	0	0	1	2
chr9	17933727	0	14	2	1	4	0	0	0	0	2	2	1	3	0	3	3	0	0	0	0	0	5	2	1	0	0	0	4	0	2	1	1	2	1	0	3	1	2	0	1	2	0	0	0	3	0	0	1	3	0	0	0	0	3	1	0	2	0	1	1	1	0	1	1	1	1	0	2	0	2	4	0	0	1	1	0	1	0	0	1	1	2	0	0	4	2	0	0	1	2	0	1	1	1	0	0	0	3	1	0	2	0	6	1	4	2	0	0	0	0	2	1	0	1	1	2	3	2	0	0	2	1	3	1	3	3	6	0	0	3	3	3	0	2	0	0	2	0	1	1	4	0	0	0	0	3	0	0	0	1	0	2	0	2	0	1	0	1	0	2	0	1	1	5	2	3	3	1	1	1	0	1	0	1	0	0	2	0	0	0	2	2	1	2	3	1	0	2	3	1	0	3	1	0	0	1	3	1	0	1	1	0	0	0	0	1	0	2	0	8	1	0	1	0	1	0	0	0	0	0	0	0	0	1	0	0	2	1	0	1	0	4	0	0	2	0	1	0	0	1	0	3	0	0	2	3	1	0	1	1	0	1	0	0	2	1	0	0	0	0	0	0	0	1	0	1	0	1	0	0	0	0	1	0	1	1	0	0	2	0	0	0	0	0	2	0	1	1	1	2	1	0	3	0	0	1	2	1	6	0	1	5	0	2	1	0	3	2	1	2	5	1	0	2	1	1	0	0	0	2	0	1	0	0	0	0	1	5	0	2	2	3	1	3	0	0	1	2	1	3	2	1	1	0	5	1	2	0	1	1	1	0	1	0	0	0	0	0	1	1	0	0	1	0	1	0	0	3	1	0	2	0	4	1	2	3	0	1	0	1	0	0	1	2
chr9	17933728	0	14	2	1	4	0	0	0	0	2	2	1	3	0	3	3	0	1	0	0	0	5	2	1	0	0	0	4	0	2	1	1	2	1	0	3	1	2	0	1	2	0	0	0	3	0	0	1	3	0	0	0	0	3	1	0	2	0	1	1	1	0	1	1	1	1	0	2	0	2	4	0	0	1	1	0	1	0	0	1	1	3	0	0	4	3	0	0	1	2	0	1	1	1	0	0	0	3	1	0	2	0	6	1	4	2	0	0	0	0	2	1	0	1	1	2	3	2	0	0	2	1	3	1	3	3	6	0	0	3	3	3	0	2	0	0	2	0	1	1	4	0	0	0	0	3	0	0	0	1	0	2	0	2	0	1	0	1	0	2	0	1	1	5	2	3	3	1	1	1	0	1	0	1	0	0	2	0	0	0	2	2	1	2	3	1	0	2	3	1	0	3	1	0	0	1	4	1	0	1	1	0	0	0	0	1	0	2	0	8	1	0	1	1	1	0	0	0	0	0	0	0	0	1	0	1	2	1	0	1	0	5	0	0	2	0	1	0	0	1	0	3	0	0	2	3	1	1	1	1	0	1	0	0	2	1	0	0	0	0	0	0	0	1	0	1	0	1	0	0	0	0	1	0	1	1	0	0	2	0	0	0	0	0	2	0	1	1	1	2	1	0	3	0	1	1	2	1	7	0	1	5	0	3	1	0	3	2	1	2	4	1	0	2	1	1	0	0	0	2	0	2	0	0	0	0	1	5	0	2	2	3	1	3	1	0	1	2	1	3	2	1	1	0	5	1	2	0	1	1	1	0	1	0	0	0	0	0	1	1	0	0	1	0	1	0	0	3	1	0	2	0	4	1	2	3	0	1	0	1	0	0	1	2
chr9	17933729	0	14	2	1	5	0	0	0	0	2	2	1	3	0	3	3	0	1	0	0	0	5	3	1	0	0	0	4	0	2	1	1	2	1	0	3	1	2	0	1	2	0	0	0	3	0	0	1	3	0	0	0	0	3	1	0	2	0	1	1	1	0	1	1	2	3	0	2	0	2	4	0	0	2	1	0	1	0	0	1	1	3	0	0	4	3	0	0	1	2	0	2	1	1	0	0	0	3	1	0	2	0	6	1	4	2	0	0	0	0	2	1	0	1	1	2	3	2	0	0	2	2	4	1	3	3	6	0	1	3	3	3	0	2	0	0	2	0	1	1	4	0	0	0	0	3	0	0	0	1	0	2	1	2	0	1	0	1	0	2	0	1	1	5	2	3	3	1	1	1	0	1	0	1	0	0	2	0	0	0	2	2	1	2	3	1	0	2	3	1	0	3	1	0	0	1	4	1	0	1	1	0	0	0	0	1	0	2	0	8	1	0	1	1	1	0	0	0	0	0	0	0	0	1	0	1	2	1	0	1	0	5	0	0	2	0	1	0	0	1	0	3	0	0	2	3	1	1	1	1	0	1	0	0	2	2	0	0	0	0	0	0	0	1	0	1	0	1	0	0	0	0	1	0	1	1	0	0	2	0	0	0	0	0	2	0	1	1	1	2	1	0	3	0	1	1	2	1	7	0	1	5	0	3	1	0	3	2	1	2	4	0	0	2	1	1	0	0	0	2	0	2	0	0	0	0	1	5	0	2	2	3	1	3	1	0	1	2	1	3	2	1	1	0	5	1	2	0	1	1	1	0	1	0	0	0	0	0	1	1	0	0	1	0	1	0	0	3	1	0	2	0	4	1	2	3	0	1	0	1	0	0	2	2
chr9	17933730	0	14	2	1	5	0	0	0	0	2	2	1	3	0	3	3	0	1	0	0	0	5	3	1	0	0	0	4	0	2	1	1	2	1	0	3	1	2	0	1	2	0	0	0	3	0	0	1	3	0	0	0	0	3	1	0	2	0	1	1	1	0	1	1	2	3	0	2	0	2	4	0	0	2	1	0	1	0	0	1	0	3	0	0	4	3	0	0	1	2	0	2	1	1	0	0	0	3	1	0	2	0	6	1	4	2	0	0	0	0	2	1	0	1	1	2	3	2	0	0	2	2	4	1	3	3	6	0	1	3	3	3	0	2	0	0	2	0	1	1	4	0	0	0	0	3	0	0	0	1	0	2	1	2	0	1	0	1	0	2	0	1	1	5	2	3	3	1	1	1	0	1	0	1	0	0	2	0	0	0	2	2	1	2	3	1	0	2	3	1	0	3	1	0	0	1	4	1	0	1	1	0	0	0	0	1	0	3	0	8	1	0	1	1	1	0	0	0	0	0	0	0	0	1	0	1	2	1	0	1	0	5	0	0	2	0	1	0	0	1	0	3	0	0	2	3	1	1	1	1	0	1	0	0	2	2	0	0	0	0	0	0	0	1	0	1	0	1	0	0	0	0	1	0	1	1	0	0	2	0	0	0	0	0	2	0	1	1	1	2	1	0	3	0	1	1	2	1	6	0	1	5	0	3	1	0	3	2	1	2	4	0	0	2	1	1	0	0	0	2	0	2	0	0	0	0	1	6	0	2	2	3	1	3	1	0	1	2	1	3	2	1	1	0	5	1	2	0	1	1	1	0	1	0	0	0	0	0	1	1	0	0	1	0	1	0	0	3	1	0	2	0	4	1	2	3	0	1	0	1	0	0	2	2
chr9	17933731	0	14	2	1	5	0	0	0	0	2	2	1	3	0	3	3	0	1	0	0	0	5	3	1	0	0	0	4	0	2	1	1	3	1	0	3	1	2	0	1	2	0	0	0	3	0	0	1	3	0	0	0	0	3	1	0	2	0	1	1	1	0	1	2	2	3	0	2	0	2	4	0	0	2	1	0	1	0	0	1	0	3	0	0	4	3	0	0	1	2	0	2	1	1	0	0	0	3	1	0	2	0	6	1	4	2	0	0	0	0	2	1	0	1	1	2	3	2	0	0	2	2	4	1	3	3	6	0	1	3	3	3	0	2	0	0	2	0	1	1	4	0	0	0	0	3	0	0	0	1	0	2	1	2	0	1	0	1	0	2	0	1	1	5	2	3	3	1	1	1	0	1	0	1	0	0	2	0	0	0	2	2	1	2	3	1	0	2	3	1	0	3	1	0	0	1	4	1	0	1	1	0	0	0	0	1	0	2	0	8	1	0	1	1	1	0	0	0	0	0	0	0	0	1	0	1	2	1	0	1	0	5	0	0	2	0	1	0	0	1	0	3	0	0	2	3	1	1	1	1	0	1	0	0	2	2	0	0	0	0	0	0	0	1	0	1	0	1	0	0	0	0	1	0	1	1	0	0	2	0	0	0	0	0	2	0	1	1	1	2	1	0	3	0	1	1	2	1	6	0	1	5	0	3	1	0	3	2	1	2	4	0	0	2	1	1	0	0	0	2	0	2	0	0	0	0	1	6	0	2	2	3	1	3	1	0	1	2	1	3	2	1	1	0	5	1	2	0	1	1	1	0	1	0	0	0	0	0	1	1	0	0	1	0	1	0	0	3	0	0	2	0	4	1	2	3	0	1	0	1	0	0	2	2
chr9	17933732	0	14	2	1	5	0	0	0	0	2	2	1	3	0	3	3	0	1	0	0	0	5	3	1	0	0	0	4	1	2	1	1	3	1	0	4	1	2	0	1	2	0	0	0	3	0	0	1	3	0	0	0	0	3	1	0	3	0	1	1	1	0	1	2	2	4	0	2	0	2	4	0	0	2	1	0	1	0	0	1	0	3	0	0	4	3	0	0	1	2	0	2	1	1	0	0	0	3	1	0	2	0	6	1	4	2	0	0	0	0	2	1	0	1	1	2	3	2	0	0	2	2	4	1	3	3	6	0	1	3	3	3	0	2	0	0	2	0	1	1	4	0	0	0	0	3	0	0	0	1	0	2	1	2	0	1	0	1	0	1	0	1	1	5	2	3	3	1	1	1	0	1	0	1	0	0	2	1	0	0	2	2	1	2	3	1	0	2	3	1	0	3	1	0	0	1	4	1	0	1	1	0	0	0	0	1	0	2	0	8	1	0	1	1	1	0	0	0	0	0	0	0	0	1	0	1	2	1	0	1	0	5	0	0	2	0	1	0	0	1	0	3	0	0	2	3	1	1	1	1	0	1	0	0	2	2	0	0	0	0	0	0	0	1	0	1	0	1	0	0	0	0	1	0	1	1	0	0	2	0	0	0	0	0	2	0	1	1	1	2	1	0	3	0	1	1	2	1	6	0	1	5	0	3	1	0	3	2	1	2	4	0	0	2	1	1	0	0	0	2	0	2	0	0	0	0	1	6	0	2	2	3	1	3	1	0	1	2	1	3	2	2	1	0	5	1	2	0	1	1	1	0	1	0	0	0	0	0	1	1	0	0	1	0	1	0	0	4	0	0	2	0	4	1	2	3	0	1	0	1	0	0	2	2
chr9	17933733	0	14	2	1	5	0	0	0	0	2	2	1	3	0	3	3	0	1	0	0	0	5	3	1	0	0	0	4	1	2	1	1	3	1	0	4	1	2	0	1	2	0	0	0	3	0	0	1	3	0	0	0	0	3	1	0	3	0	1	1	1	0	1	2	2	4	0	2	0	2	4	0	0	2	1	0	1	0	0	1	0	3	0	0	4	3	0	0	1	2	0	2	1	1	0	1	0	3	1	0	2	0	6	1	4	2	0	0	1	0	2	1	0	1	1	2	3	2	0	0	2	2	4	1	3	3	6	0	1	3	3	3	1	2	0	0	2	0	1	1	4	0	0	0	0	3	0	0	0	1	0	2	1	2	0	1	0	1	0	1	0	1	1	5	2	3	3	1	1	1	0	1	0	1	0	0	2	1	0	0	2	2	1	2	3	1	0	2	3	1	0	3	1	0	0	1	4	1	0	1	1	0	0	0	0	1	0	2	0	8	1	0	1	1	1	0	0	0	0	0	0	0	0	1	1	1	2	1	0	1	0	5	0	0	2	0	1	0	0	1	0	3	0	0	2	3	1	1	1	1	0	1	0	0	2	2	0	0	0	0	0	0	0	1	0	1	0	1	0	0	0	0	1	0	1	1	0	0	3	0	0	0	0	0	2	0	1	1	1	3	1	0	3	0	1	1	2	2	6	0	1	5	0	3	1	0	3	2	2	2	4	0	0	2	2	1	0	0	0	2	0	2	0	0	0	0	2	6	0	2	2	3	1	3	1	0	1	2	1	3	2	2	1	0	5	1	2	0	1	1	1	0	1	0	0	0	0	0	1	1	0	0	1	0	1	0	0	4	0	0	2	0	4	1	2	3	0	1	0	1	0	0	2	2
chr9	17933734	0	14	2	1	5	0	0	0	0	2	2	1	3	0	3	3	0	1	1	0	1	5	3	1	0	0	0	4	1	2	1	1	4	1	0	4	1	2	0	1	2	0	0	0	3	0	0	1	3	0	0	0	0	3	1	0	3	0	1	1	1	0	1	2	5	4	0	2	0	2	4	0	0	2	1	0	1	0	0	1	0	3	0	0	4	3	0	0	1	2	0	2	1	1	0	1	0	3	1	0	2	0	6	1	4	2	0	0	1	0	2	1	0	1	1	2	3	2	0	2	2	2	4	1	3	3	6	0	1	3	3	3	1	2	0	0	2	0	1	1	4	0	0	0	0	4	0	0	0	1	0	2	1	2	0	1	0	1	0	3	0	1	1	5	2	3	3	1	1	1	0	1	0	1	0	0	2	1	0	0	2	3	1	2	3	1	0	2	3	1	0	3	1	0	0	1	4	1	0	1	1	0	0	0	0	1	0	2	0	8	1	0	1	1	1	0	0	0	0	0	0	0	0	1	1	1	2	1	0	1	0	5	0	0	2	0	1	0	0	1	0	3	0	0	2	3	1	1	1	1	0	1	0	0	2	2	0	0	0	0	0	0	0	1	0	1	0	1	0	0	0	0	1	0	1	1	0	0	3	0	0	0	0	0	2	0	1	1	1	3	1	0	3	0	1	1	2	2	6	0	1	5	0	3	1	0	3	2	2	2	4	0	0	2	2	1	0	0	0	1	0	2	0	0	0	0	2	6	0	2	3	3	2	3	1	0	1	2	1	3	2	2	1	0	5	1	2	0	1	1	1	0	1	0	0	0	0	0	1	1	0	0	1	0	1	0	0	4	0	0	2	0	4	1	2	3	0	1	0	1	0	0	2	2
chr9	17933735	0	15	2	2	6	0	0	0	0	2	2	1	3	0	3	3	1	1	1	0	1	5	4	1	0	0	1	4	1	2	1	1	4	1	0	4	1	2	0	1	2	0	0	0	3	0	0	1	3	0	0	0	0	4	1	0	3	0	1	1	1	0	1	2	5	4	0	2	0	2	4	0	0	2	1	0	1	0	0	1	0	3	0	0	4	4	0	0	1	2	0	2	1	1	1	1	0	4	1	0	2	0	6	1	4	3	0	0	1	0	2	1	0	1	1	2	4	2	1	2	2	2	4	1	3	3	6	0	1	3	3	3	1	2	0	0	2	0	1	1	4	0	0	0	0	4	0	0	0	1	0	2	1	2	0	1	0	1	0	3	0	1	1	5	2	3	3	1	1	1	0	1	0	1	0	0	2	1	0	0	2	3	1	2	3	1	0	2	3	1	0	3	1	0	0	1	4	1	0	1	1	0	0	0	0	1	0	2	0	8	1	0	1	1	1	0	0	0	0	0	0	0	0	1	1	1	2	1	0	1	0	5	0	0	2	0	1	0	0	1	0	3	0	0	2	3	1	1	1	1	1	1	0	0	2	2	0	0	0	0	0	0	0	1	0	1	0	1	0	0	0	0	1	0	1	1	0	0	3	0	0	0	0	0	2	0	1	1	1	3	1	0	3	0	1	1	2	2	6	0	1	5	0	3	1	1	3	2	2	2	4	0	0	2	2	1	0	0	0	1	0	2	0	0	0	0	2	6	0	2	3	3	2	3	1	0	1	2	1	3	2	2	1	0	5	1	2	0	1	1	1	0	1	0	0	0	0	0	1	1	0	0	1	0	1	0	0	4	0	0	2	0	4	1	2	3	0	1	0	1	0	0	2	2
chr9	17933736	0	15	2	2	6	0	0	0	0	3	2	1	3	0	3	3	1	1	1	0	1	5	4	1	1	0	2	4	1	2	1	1	4	1	0	4	1	2	0	1	2	0	0	0	3	0	2	1	3	0	0	0	0	5	1	0	3	0	1	0	1	0	1	2	5	4	0	2	0	2	4	0	0	2	1	0	1	0	0	1	0	3	1	0	4	4	0	0	1	2	0	2	1	1	1	1	0	4	1	0	2	0	6	1	4	4	1	0	1	0	2	1	0	1	1	2	4	2	1	2	2	2	4	1	3	3	6	0	1	3	3	3	2	2	0	0	2	0	1	2	4	0	0	0	0	4	0	0	0	2	0	2	1	2	0	1	0	1	0	3	0	1	1	5	2	3	3	1	1	1	0	1	0	1	0	0	2	1	0	0	2	3	1	2	3	1	0	2	3	1	0	3	1	0	0	1	4	1	0	1	1	0	0	0	0	1	0	2	0	8	1	0	1	1	1	0	0	0	0	0	0	0	0	1	1	1	2	1	0	1	0	5	0	0	2	0	1	0	0	1	0	3	0	0	2	3	1	1	1	1	1	1	0	0	2	2	0	0	0	0	0	0	0	1	0	1	0	1	0	0	0	0	1	0	1	1	0	0	3	0	0	0	0	0	2	0	1	1	1	3	1	0	3	0	1	1	2	2	6	0	1	5	0	3	1	1	3	2	2	2	4	0	1	2	2	1	0	1	0	1	0	2	0	0	0	0	2	6	0	2	3	3	2	3	3	0	1	2	1	3	2	2	1	0	5	1	2	0	1	1	1	0	1	0	0	0	0	0	1	1	0	0	1	0	1	0	0	4	0	0	2	0	4	1	2	3	0	1	0	1	1	0	2	2
chr9	17933737	0	15	2	2	6	0	0	0	0	3	2	1	3	0	3	3	1	1	1	0	2	5	4	1	1	0	2	4	1	2	1	1	4	1	0	4	1	2	0	1	2	0	0	0	3	0	2	1	3	0	0	0	0	5	1	0	3	0	1	0	1	0	1	2	5	4	0	2	1	2	4	0	0	2	1	0	1	0	0	1	0	3	1	0	4	4	0	0	1	2	0	2	1	1	1	1	0	4	1	0	2	0	6	1	4	5	1	0	1	0	2	1	0	1	1	2	4	2	1	2	2	2	4	1	3	3	6	0	1	3	3	3	2	2	0	0	2	0	1	2	4	0	0	0	0	4	0	0	0	2	0	2	1	2	0	1	0	1	0	3	0	1	1	5	2	3	3	1	1	1	0	1	0	1	0	0	2	1	0	0	2	3	1	2	3	1	0	2	3	1	0	3	1	0	0	1	4	1	0	1	1	0	0	0	0	1	0	2	0	8	1	0	1	1	1	0	0	0	0	0	0	1	0	1	1	1	2	1	0	1	0	5	0	0	2	0	1	0	0	1	0	3	0	0	2	3	1	1	1	1	1	1	0	0	2	2	0	0	0	0	0	0	0	1	0	1	0	1	0	0	0	0	1	0	1	1	0	0	3	0	0	0	0	0	2	0	1	1	1	3	1	0	3	0	1	1	2	2	6	0	1	5	0	3	1	1	3	2	2	2	4	0	1	2	2	1	0	1	0	1	0	2	0	0	0	0	2	6	0	2	3	3	2	3	3	0	1	2	1	3	2	2	1	0	5	1	2	0	1	1	1	0	1	0	0	0	0	0	1	1	0	0	1	0	1	0	0	4	0	0	2	0	4	1	2	3	0	1	0	1	1	0	2	2
chr9	17933738	0	15	2	2	6	0	0	0	0	3	2	1	3	0	3	3	1	1	1	0	2	5	4	1	1	0	2	4	1	2	2	1	4	1	0	4	1	2	0	1	2	0	0	0	3	0	2	1	3	0	0	0	0	5	1	0	3	0	1	0	1	0	1	2	5	4	0	2	1	2	4	0	0	2	1	0	1	0	0	1	0	3	1	0	4	4	0	0	1	2	0	2	1	1	1	1	0	4	1	0	2	0	6	1	4	4	1	0	1	0	2	1	0	1	1	2	4	2	1	2	2	2	5	1	3	3	6	0	1	3	3	3	2	2	0	0	2	0	1	2	4	0	0	0	0	4	0	0	0	2	0	2	1	2	0	1	0	1	0	3	0	1	1	5	2	3	3	1	1	1	0	1	0	1	0	0	2	1	0	0	2	3	1	2	3	1	0	2	3	1	0	3	1	0	0	1	4	1	0	1	1	0	0	0	0	1	0	2	0	8	1	0	1	1	1	0	0	0	0	0	0	1	0	1	1	1	2	1	0	1	0	5	0	0	2	0	1	0	0	1	0	3	0	0	2	3	1	1	1	1	1	1	0	0	2	2	0	0	0	0	0	0	0	1	0	1	0	1	0	0	0	0	1	0	1	1	0	0	3	0	0	0	0	0	2	0	1	1	1	3	1	0	3	0	1	1	2	2	6	0	1	5	0	3	1	1	3	2	2	2	4	0	1	2	2	1	0	1	0	1	0	2	0	0	0	0	2	6	0	2	4	3	2	3	3	0	1	2	1	3	2	2	1	0	5	1	2	0	1	1	1	0	1	0	0	0	0	0	1	1	0	0	1	0	1	0	0	4	0	0	2	0	4	1	2	3	0	1	0	1	1	0	2	2
chr9	17933739	0	15	2	3	6	0	0	0	0	3	2	1	3	0	3	3	1	1	1	0	2	5	4	1	1	0	2	4	1	2	2	1	4	1	0	4	1	2	0	1	2	0	0	0	3	0	2	1	3	0	0	0	0	5	1	0	3	0	1	0	1	0	1	2	5	4	0	2	1	2	4	0	0	2	1	0	1	0	0	1	0	3	1	0	4	4	0	0	1	2	0	2	1	1	1	1	0	4	1	0	2	0	6	1	4	4	1	0	1	0	2	1	0	1	1	2	4	2	1	2	2	2	5	1	3	3	6	0	1	3	3	3	2	2	0	0	2	0	1	2	4	0	0	0	0	4	0	0	0	2	0	2	1	3	0	1	0	1	0	3	0	1	1	5	2	3	3	1	1	1	0	1	0	1	0	0	2	1	0	0	2	3	1	2	3	1	0	2	3	1	0	3	1	0	0	1	4	1	0	1	1	0	0	0	0	1	0	2	0	8	1	0	1	1	1	0	0	0	0	0	0	1	0	1	1	1	2	1	0	1	0	5	0	0	2	0	1	0	0	1	0	3	0	0	2	3	1	1	1	1	1	1	0	0	2	2	0	0	0	0	0	0	0	1	0	1	0	1	0	0	0	0	1	0	1	1	0	0	3	0	0	0	0	0	2	0	1	1	1	3	1	0	3	0	1	1	2	2	6	0	1	5	0	3	1	1	3	2	2	2	4	0	1	2	2	1	0	1	0	1	0	2	0	0	0	0	2	6	0	2	4	3	2	3	3	0	1	2	1	3	2	2	1	0	5	1	2	0	1	1	1	0	1	0	0	0	0	0	1	1	0	0	1	0	1	0	0	4	0	0	2	0	4	1	2	3	0	1	0	1	1	0	2	2
chr9	17933740	0	15	2	3	6	0	0	0	0	3	2	1	3	0	3	3	1	1	1	1	2	5	4	1	1	0	2	4	1	2	2	2	4	1	0	4	1	2	3	1	2	0	0	0	3	0	2	1	3	0	0	0	0	5	1	0	3	0	1	0	1	0	1	2	5	4	0	2	1	2	4	0	0	2	1	0	1	0	0	1	0	3	1	0	4	4	0	0	1	2	0	2	0	1	1	1	0	4	1	0	2	0	6	1	4	4	1	0	1	0	2	1	0	1	1	2	4	2	1	2	2	2	5	1	3	3	6	0	1	3	3	3	2	2	0	0	2	0	1	2	4	0	0	0	0	4	0	0	0	2	0	2	1	3	0	1	0	1	0	3	0	1	1	5	2	3	3	1	1	1	0	1	0	1	0	0	2	1	0	0	2	3	1	2	3	1	0	2	3	1	0	3	1	0	0	1	4	1	0	1	1	0	0	0	0	1	0	2	0	8	1	0	1	1	1	0	0	0	0	0	0	1	0	1	1	1	2	1	0	1	0	5	0	0	2	0	1	0	0	1	0	3	0	0	2	3	1	1	1	1	1	1	0	0	2	2	0	0	0	0	0	0	0	1	0	1	0	1	0	0	0	0	1	0	1	1	0	0	3	0	0	0	0	0	2	0	1	1	1	3	1	0	3	0	1	1	2	2	6	0	1	5	0	3	1	1	3	2	2	2	4	0	1	2	2	1	0	1	0	1	0	2	0	0	0	0	2	6	0	2	4	3	2	3	3	0	1	2	1	3	2	2	1	0	5	1	2	0	1	1	1	0	0	0	0	0	0	0	1	1	0	0	1	0	1	0	0	4	0	0	2	0	4	1	2	3	0	1	0	1	1	0	2	2
chr9	17933741	0	15	2	3	6	0	0	0	0	4	2	1	3	0	4	3	1	1	1	2	2	5	4	1	1	0	2	5	1	2	3	2	4	1	0	4	1	2	3	1	2	0	0	0	3	0	2	1	3	1	0	0	0	5	2	0	3	0	1	0	1	0	1	2	5	4	0	2	1	2	4	0	0	3	1	0	1	0	0	1	0	3	1	0	4	4	0	0	1	2	0	2	0	1	1	1	0	4	1	0	2	0	6	1	4	4	1	0	1	0	2	1	0	1	1	2	4	2	1	2	2	2	5	1	3	3	6	0	1	3	3	3	2	2	0	0	2	0	1	2	4	0	0	0	0	4	0	0	0	2	0	2	1	3	0	1	0	1	0	3	0	1	1	5	2	3	3	1	1	1	0	1	0	1	0	0	2	1	0	0	2	3	1	2	3	1	0	2	3	1	0	3	1	0	0	1	4	1	0	1	1	0	0	0	0	1	0	2	0	8	1	0	1	1	1	0	0	0	0	0	0	1	0	1	1	1	2	1	0	1	0	5	0	0	2	0	1	0	0	1	0	3	0	0	2	3	1	1	1	1	1	1	0	0	2	2	0	0	0	0	0	0	0	1	0	1	0	1	0	0	0	0	1	0	1	1	0	0	3	0	0	0	0	0	2	0	1	1	1	3	1	0	3	0	1	1	2	2	6	0	1	5	0	3	1	1	3	2	2	2	4	0	1	2	2	1	0	1	0	1	0	2	0	0	0	0	2	6	0	2	4	3	2	4	3	0	2	2	1	3	2	2	0	0	6	1	2	0	1	1	1	0	0	0	0	0	0	0	1	1	0	0	1	0	1	0	0	4	0	0	2	0	4	1	2	3	0	1	0	1	1	0	2	2
chr9	17933742	0	15	2	3	7	1	1	0	0	4	2	1	3	0	4	3	1	1	1	2	2	5	4	1	1	0	2	5	1	3	3	2	4	1	1	4	1	2	4	1	2	1	0	1	4	0	2	1	4	1	2	0	0	5	2	0	4	0	1	1	1	0	1	2	5	4	0	2	1	2	4	1	0	3	1	0	1	0	0	1	0	3	2	0	5	4	0	2	1	2	0	2	0	1	1	1	0	4	1	0	2	0	6	1	4	4	1	0	1	0	2	1	0	1	1	5	4	2	1	2	2	2	5	1	3	3	6	0	1	3	3	3	2	3	0	1	2	0	1	2	4	0	0	0	0	4	0	0	0	2	0	2	1	3	0	1	0	1	0	3	0	1	2	5	2	3	3	1	1	1	0	1	0	1	0	0	2	1	0	0	2	3	1	2	3	1	0	2	3	1	0	3	1	0	0	2	4	1	0	1	1	0	0	0	0	1	0	2	0	8	1	0	1	1	1	0	2	0	0	0	0	1	0	0	1	1	2	1	0	1	0	5	0	0	2	0	1	0	0	1	0	3	0	0	2	3	1	1	1	1	1	1	0	0	2	2	0	0	1	0	0	0	0	1	0	1	0	0	0	0	0	0	1	0	1	1	0	0	3	0	0	0	0	0	2	0	1	1	1	3	1	0	3	0	1	1	2	2	6	0	1	5	0	3	1	1	3	2	2	2	4	0	1	2	2	1	0	1	0	1	0	2	0	0	0	0	2	6	0	2	4	3	2	4	3	0	2	2	1	3	2	2	0	0	6	1	2	0	1	1	1	0	0	0	0	0	0	0	1	1	0	0	1	0	1	0	0	4	0	0	2	0	4	1	2	3	0	1	0	1	1	0	2	2
chr9	17933743	0	16	2	3	7	1	1	0	0	4	2	1	3	0	4	3	1	1	1	2	2	5	6	1	1	0	2	5	1	3	3	2	4	1	1	4	1	2	4	1	2	1	0	1	4	0	2	1	4	1	2	0	1	5	3	0	4	0	1	1	1	0	1	2	5	4	0	2	1	2	4	1	0	3	1	0	1	0	0	1	0	3	2	0	6	4	0	2	1	2	0	2	0	1	1	1	0	4	1	0	2	0	6	1	4	4	2	0	1	0	2	1	0	1	1	7	4	2	1	2	2	2	5	1	3	3	6	0	1	3	3	3	2	3	0	1	2	0	1	2	4	0	0	0	0	4	0	0	0	2	0	2	1	3	0	1	0	1	0	3	0	1	2	5	2	3	3	1	1	1	0	1	0	1	0	0	2	1	0	0	2	3	1	2	3	1	0	2	3	1	0	3	1	0	0	2	4	1	0	1	1	0	0	0	0	1	0	2	0	8	1	0	1	1	1	0	2	0	0	0	0	1	0	0	1	1	2	1	0	1	0	5	0	0	2	0	1	0	0	1	0	3	0	0	2	3	2	1	1	1	1	1	0	0	2	2	0	0	1	0	0	0	0	1	0	1	0	0	0	0	0	0	1	0	1	1	0	0	3	0	0	0	0	0	2	0	1	1	1	3	1	0	3	0	1	1	2	2	6	0	1	5	0	3	1	1	3	2	2	2	4	0	1	2	2	1	0	1	0	1	0	2	0	0	0	0	2	6	0	3	4	3	2	4	3	0	2	2	1	3	2	2	0	0	6	1	2	0	1	1	2	0	0	0	0	0	0	0	1	1	0	0	1	0	1	0	0	4	0	0	2	0	4	1	2	3	0	1	1	1	1	0	2	2
chr9	17933744	0	16	2	3	7	1	1	0	0	4	2	1	3	0	6	3	1	1	1	2	2	5	6	1	1	1	2	5	1	4	3	2	4	1	1	4	1	2	5	1	2	1	0	1	4	0	2	1	4	1	2	0	1	6	3	0	4	0	1	1	1	0	1	2	5	4	0	2	1	2	4	1	0	3	1	0	1	0	0	1	1	3	2	0	6	4	0	2	1	2	0	2	0	2	1	1	0	4	1	0	2	0	7	1	4	4	3	0	1	0	2	1	0	1	1	7	4	2	1	2	2	2	5	1	3	3	6	0	1	3	3	3	2	3	0	1	2	0	1	2	4	0	0	0	0	4	0	0	0	2	0	2	1	3	0	1	0	1	0	3	0	1	2	5	2	3	3	1	1	1	0	1	0	1	0	0	2	1	0	0	2	3	1	2	3	1	0	2	3	1	0	3	1	0	0	2	4	1	0	1	1	0	0	0	0	1	0	2	0	8	1	0	1	1	1	0	2	0	0	0	0	1	0	0	1	1	2	1	0	1	0	5	0	0	2	0	1	0	0	1	0	3	0	0	2	3	2	1	1	1	1	1	0	0	2	2	0	0	1	0	0	0	0	1	0	1	0	0	0	0	0	0	1	0	1	1	0	0	3	0	0	0	0	0	2	0	1	1	1	3	1	0	3	0	1	1	2	2	6	0	1	5	0	3	1	1	3	2	2	2	6	0	1	2	2	1	0	1	0	1	0	2	0	0	0	0	2	6	0	3	4	3	2	4	3	0	2	2	1	3	2	2	0	0	6	1	2	0	1	1	2	0	0	0	0	0	0	0	1	1	0	0	1	0	1	0	0	4	0	0	2	0	5	1	2	3	0	1	1	2	1	0	2	2
chr9	17933745	0	16	2	3	8	1	3	0	0	4	2	2	3	1	8	3	1	1	1	2	2	5	6	1	1	1	2	5	1	4	4	2	4	1	1	4	1	5	5	1	2	2	0	1	4	0	2	1	4	1	2	0	1	6	4	0	4	0	2	1	1	0	1	2	5	4	0	2	1	2	3	1	0	3	2	0	2	0	0	3	1	3	2	0	6	4	0	2	1	3	0	2	0	2	1	2	0	5	1	0	2	0	7	1	4	4	3	0	1	0	2	1	0	1	1	7	4	2	1	2	2	2	5	1	3	3	6	0	2	3	3	3	2	3	0	1	2	0	1	3	4	0	0	0	0	3	0	0	0	2	0	2	1	3	0	1	0	1	0	3	0	1	2	6	2	3	3	1	1	1	0	1	0	1	0	0	2	1	0	0	2	3	1	2	3	1	0	2	3	1	0	3	1	0	0	2	4	1	0	1	1	0	0	0	0	1	0	2	0	8	1	0	1	1	1	0	2	0	0	0	0	1	0	0	1	1	2	1	0	1	0	5	0	0	2	0	1	0	0	1	0	3	0	0	2	3	2	1	1	1	1	1	0	0	2	2	0	0	1	0	0	0	0	1	0	1	0	0	0	0	0	0	1	0	1	1	0	0	3	0	0	0	0	0	2	0	1	1	1	3	1	0	3	0	1	3	2	2	6	0	1	5	0	3	1	3	3	2	2	2	6	0	1	2	2	1	0	1	0	1	0	2	0	0	0	0	2	6	0	3	4	3	2	4	3	0	2	2	1	3	2	2	0	0	6	1	2	0	1	1	2	0	0	0	0	0	0	0	1	1	0	0	1	0	1	0	0	4	0	0	2	0	5	1	2	3	0	1	1	2	2	0	2	2
chr9	17933746	0	18	2	3	7	1	3	0	0	4	2	2	5	1	8	4	1	2	1	2	2	6	6	1	1	1	2	5	1	4	4	2	4	1	1	4	1	5	5	1	2	2	0	1	4	0	2	2	4	1	2	0	1	6	4	0	4	0	2	2	1	0	3	2	6	4	0	2	1	2	3	1	0	3	2	0	2	0	0	3	1	3	2	0	6	5	0	2	1	3	0	2	0	2	1	2	0	5	1	0	2	0	7	1	6	4	3	0	1	0	2	1	0	1	1	8	4	2	1	2	2	2	5	1	3	3	7	0	2	3	3	3	2	3	0	1	2	0	1	3	4	0	0	0	1	3	0	0	0	3	0	2	1	3	0	1	0	1	0	3	0	1	2	6	3	3	3	1	1	1	0	1	0	1	0	0	2	1	0	0	2	3	1	2	3	1	0	2	3	1	0	3	1	0	1	2	4	1	0	2	1	0	0	0	0	1	1	2	0	8	1	0	1	1	1	0	2	0	0	0	0	1	0	0	1	1	2	1	0	1	0	5	0	0	2	0	1	0	0	1	0	4	0	0	2	3	2	1	1	1	1	1	1	0	2	2	0	0	1	0	0	0	0	1	0	1	0	0	0	0	0	0	1	0	1	2	0	0	3	0	0	0	0	0	2	0	1	1	2	3	1	0	4	0	2	3	2	2	7	0	1	5	0	3	1	3	3	2	2	2	6	0	1	2	2	1	0	1	0	1	0	2	1	0	0	1	2	6	0	4	4	3	3	4	3	0	2	2	1	3	2	2	1	0	6	1	2	0	1	1	2	1	0	0	0	0	0	0	2	1	0	0	1	0	1	0	0	4	0	0	2	0	5	1	2	3	0	1	1	3	2	0	2	2
chr9	17933747	0	18	2	3	7	1	3	0	0	4	2	2	5	1	8	4	1	2	1	2	2	6	8	1	1	1	2	5	1	4	4	2	4	1	1	4	1	5	5	1	2	2	0	1	4	1	2	2	4	1	2	0	1	6	4	0	4	0	2	2	1	0	3	2	6	4	0	2	1	2	3	1	0	3	2	0	2	0	0	3	2	3	2	0	6	5	0	2	1	3	0	2	0	2	1	2	0	5	1	0	2	0	7	1	6	4	3	0	1	0	2	1	0	1	1	8	4	2	1	2	2	2	5	1	3	3	7	0	2	3	3	3	2	3	0	1	2	0	1	3	4	0	0	0	1	3	0	0	0	3	0	2	1	3	0	1	0	1	0	3	0	1	2	7	3	3	3	1	1	1	0	1	0	1	0	0	2	1	0	0	2	3	1	2	3	1	0	1	3	1	0	3	1	0	1	2	4	1	0	2	1	0	0	0	0	1	1	2	0	8	1	0	1	1	1	0	3	0	0	0	0	1	0	0	1	1	2	1	0	1	0	5	0	0	2	0	1	0	0	1	0	4	0	0	2	3	2	1	1	1	1	1	1	0	2	2	1	0	1	0	0	0	0	1	0	1	0	0	0	0	0	0	1	0	1	2	0	0	3	0	0	0	0	0	2	1	1	1	2	3	1	0	4	0	2	3	2	2	7	0	1	5	0	3	1	3	3	2	2	3	6	0	1	2	2	1	0	1	0	1	0	2	1	0	0	1	2	6	0	4	4	3	3	4	3	0	2	2	1	3	2	2	1	0	6	1	2	0	1	1	2	1	0	0	0	0	0	0	2	1	0	0	1	0	1	0	0	4	0	0	2	0	5	1	2	3	0	1	1	3	2	0	2	2
chr9	17933748	0	19	2	3	7	1	3	0	0	4	2	2	5	1	8	4	1	2	1	2	2	6	8	1	1	1	2	5	1	4	5	4	4	2	1	4	1	5	5	1	2	2	0	1	4	1	2	2	4	1	2	0	1	6	4	0	4	0	2	2	1	0	3	2	6	4	0	2	1	2	3	1	0	3	2	0	2	0	0	3	2	3	2	0	6	5	0	2	1	3	0	2	0	2	1	2	0	5	1	0	2	0	7	1	6	4	3	0	1	0	2	1	0	1	1	9	4	2	1	2	2	2	5	1	3	3	7	0	2	3	3	3	2	3	0	1	2	0	1	3	4	0	0	0	1	3	0	0	0	3	0	2	1	3	0	1	0	1	0	3	0	1	2	7	3	3	3	1	1	1	0	1	0	1	0	0	2	1	0	0	2	3	1	2	3	1	0	1	3	1	0	3	1	0	1	2	4	1	0	2	1	0	0	0	0	1	1	2	0	8	1	0	1	1	1	0	3	0	0	0	0	1	0	0	1	1	1	1	0	1	0	5	0	0	2	0	1	0	0	0	0	4	0	0	2	3	2	1	1	1	1	1	1	0	2	2	1	0	1	0	0	0	0	1	0	1	0	0	0	0	0	0	1	0	1	2	0	0	3	0	0	0	0	0	2	1	1	1	2	3	1	0	4	0	2	3	2	2	7	0	1	5	0	3	1	3	3	2	2	3	6	0	1	2	2	1	0	1	0	1	0	2	1	0	0	1	2	6	0	4	4	3	3	4	3	0	2	2	1	3	2	2	1	0	6	1	2	0	1	1	2	1	0	0	0	0	0	0	2	1	0	0	1	0	1	0	0	4	0	0	2	0	5	1	2	3	0	1	1	3	2	0	1	2
chr9	17933749	1	19	2	3	7	1	3	0	0	4	2	2	5	2	8	5	1	2	1	3	2	6	8	1	1	1	2	5	1	4	5	4	4	2	1	4	1	5	5	1	2	2	0	1	4	1	2	2	4	1	2	0	1	6	4	0	4	0	2	2	1	0	3	2	6	4	0	2	1	2	3	1	0	3	2	0	2	0	0	4	2	3	2	0	6	5	0	2	1	3	0	2	0	2	1	2	0	5	1	0	2	0	7	1	6	4	3	0	1	0	2	2	0	1	1	9	4	2	1	2	2	3	5	1	3	3	7	0	2	3	4	3	2	3	0	1	2	0	1	3	4	0	0	0	1	3	0	0	0	3	0	2	1	3	0	1	0	1	1	3	0	1	2	7	3	3	4	1	1	1	0	1	0	1	1	0	2	1	0	0	2	3	1	2	3	1	0	1	3	2	0	4	2	0	1	2	4	1	0	2	1	0	0	0	0	1	1	2	0	8	1	0	1	1	1	0	3	0	0	0	0	1	0	0	1	1	1	1	0	1	0	5	0	0	2	0	1	0	0	0	0	4	0	0	2	3	2	1	1	1	2	1	1	0	2	2	1	0	1	0	0	0	0	1	0	1	0	0	0	0	0	0	1	0	1	2	0	0	3	0	0	0	0	0	2	1	1	1	2	3	1	0	4	0	2	3	2	2	7	0	1	5	0	3	1	3	3	2	2	3	6	0	1	2	2	1	0	1	0	1	0	2	1	0	0	1	2	6	0	4	4	3	3	5	3	0	2	2	1	3	2	2	1	0	6	1	2	0	1	1	2	1	0	0	0	0	0	0	2	1	0	0	1	0	1	0	0	4	0	0	2	0	5	1	2	3	0	1	1	3	2	0	1	2
chr9	17933750	1	19	2	3	7	1	3	0	0	4	2	2	5	2	8	5	1	2	1	3	2	6	8	1	1	1	2	5	1	4	5	4	4	2	1	4	1	5	5	1	2	2	0	1	4	1	2	2	4	1	2	0	1	6	4	0	4	0	2	2	1	0	3	2	6	4	0	2	1	2	3	1	0	3	2	0	2	0	0	4	2	3	2	0	6	5	0	2	1	3	0	2	0	2	1	2	0	5	1	0	2	0	7	1	6	4	3	0	1	0	2	2	0	1	1	9	4	2	1	2	2	3	5	1	3	3	7	0	2	3	4	3	2	3	0	1	2	0	1	3	4	0	0	0	1	3	0	0	0	3	0	2	1	3	0	1	0	1	1	3	0	1	2	7	3	3	4	1	1	1	0	1	0	1	1	0	2	1	0	0	2	3	1	2	3	1	0	1	3	2	0	4	2	0	1	2	4	1	0	2	1	0	0	0	0	1	1	2	0	8	1	0	1	1	1	0	3	0	0	0	0	1	0	0	1	1	1	1	0	1	0	5	0	0	2	0	1	0	0	0	0	4	0	0	2	3	2	1	1	1	2	1	1	0	2	2	1	0	1	0	0	0	0	1	0	1	0	0	0	0	0	0	1	0	1	2	0	0	3	0	0	0	0	0	2	1	1	0	2	3	1	0	4	0	2	3	2	2	7	0	1	5	0	3	1	3	3	2	2	3	6	0	1	2	2	1	0	1	0	1	0	2	1	0	0	1	2	6	0	4	4	3	3	5	3	0	2	2	1	2	2	2	1	0	6	1	2	0	1	1	2	1	0	0	0	0	0	0	2	1	0	0	1	0	1	0	0	3	0	0	2	0	5	1	2	3	0	1	1	3	2	0	1	2
chr9	17933751	1	19	2	3	7	1	3	1	0	4	2	2	6	2	8	5	1	2	1	3	2	6	8	1	1	1	2	5	1	4	5	4	4	2	1	4	1	5	5	1	2	2	0	1	4	1	2	2	4	1	2	0	1	5	4	0	4	0	2	2	1	0	3	2	6	4	0	2	1	2	3	1	0	3	2	0	2	0	0	4	2	2	2	0	6	5	0	2	1	3	0	2	0	2	1	2	0	5	1	0	2	0	7	1	6	4	3	0	1	0	2	2	0	1	2	10	4	2	1	2	1	3	5	1	3	3	7	0	2	3	4	3	2	3	0	1	2	0	1	3	4	0	0	0	1	3	0	0	0	3	0	2	1	3	0	1	0	1	1	3	0	1	2	7	3	3	4	1	1	1	0	1	0	1	1	0	2	1	0	0	2	3	1	2	3	1	0	1	3	2	0	4	2	0	1	2	4	1	0	2	1	0	0	0	0	1	1	2	0	8	1	0	1	1	1	0	3	0	0	0	0	1	0	0	1	1	1	1	0	1	0	5	0	0	2	0	1	0	0	0	0	4	0	0	2	3	1	1	1	1	2	1	1	0	2	2	1	0	1	0	0	0	0	1	0	1	0	0	0	0	0	0	1	0	1	2	0	0	3	0	0	0	0	0	2	1	1	0	2	3	1	0	4	0	2	3	2	2	7	0	1	5	0	3	1	3	3	2	2	3	6	0	1	2	2	1	0	1	0	1	0	2	1	0	0	1	2	6	0	4	4	3	3	5	3	0	2	2	1	1	2	2	1	0	6	1	2	0	1	1	2	1	0	0	0	0	0	0	2	1	0	0	1	0	1	0	0	3	0	0	2	0	5	1	2	3	0	1	1	3	2	0	1	2
chr9	17933752	1	19	2	3	7	1	3	1	0	4	2	2	7	2	8	5	1	2	1	3	2	6	8	1	1	1	2	5	1	4	5	4	5	2	1	4	1	5	5	1	2	2	0	1	4	1	2	2	4	1	2	0	1	5	4	0	4	0	2	2	1	0	3	2	6	4	0	2	1	2	3	1	0	3	2	0	2	0	0	4	2	2	2	1	6	6	0	2	1	3	0	2	0	2	1	2	0	5	1	0	2	0	7	1	6	4	3	0	1	0	2	2	2	1	2	10	4	2	1	2	1	3	5	1	3	3	7	0	2	3	4	3	2	3	0	1	2	0	1	3	4	0	0	0	1	3	0	0	0	3	0	2	1	3	0	1	0	1	1	3	0	1	2	7	3	3	4	1	1	1	0	1	0	1	1	0	2	1	0	0	2	3	1	2	3	1	0	1	3	2	0	4	2	0	1	2	4	1	0	2	1	0	0	0	0	1	1	2	0	8	1	0	2	1	1	0	4	0	0	0	0	1	0	0	1	1	1	1	0	1	0	5	0	0	2	0	1	0	0	0	0	4	0	0	2	3	1	1	1	1	2	1	1	0	2	2	1	0	1	0	0	0	0	1	0	1	0	0	0	0	0	0	1	0	1	2	0	0	3	0	0	0	0	0	2	1	1	0	2	3	1	0	4	0	2	3	2	2	7	0	1	5	0	3	1	3	3	2	2	3	6	0	1	2	2	1	0	1	0	1	0	2	1	0	0	1	2	6	0	4	4	3	3	5	3	0	2	2	1	1	2	2	1	0	6	1	2	0	1	1	2	1	0	0	0	0	0	0	2	1	0	0	1	0	1	0	0	3	0	0	2	0	5	1	2	3	0	1	1	3	2	0	1	2
chr9	17933753	1	19	2	3	7	1	3	1	0	4	2	2	7	2	8	5	1	2	2	3	2	6	8	1	1	1	2	5	1	4	5	4	5	2	1	4	1	5	5	1	2	2	0	1	4	1	2	2	4	1	3	0	1	5	4	0	4	0	2	2	1	0	3	2	6	4	0	2	1	2	3	1	0	3	2	0	2	0	0	4	2	2	2	1	6	6	0	2	1	3	0	2	0	2	1	2	0	5	1	0	2	0	7	1	6	4	3	0	1	0	2	2	2	1	2	10	4	2	1	2	1	3	5	1	3	3	7	0	2	3	3	3	2	3	0	1	2	0	1	3	4	0	0	0	1	3	0	0	0	3	0	2	1	3	0	1	0	1	1	3	0	1	2	7	3	3	4	1	1	1	0	1	0	1	1	0	2	1	0	0	2	3	1	2	3	1	0	1	3	2	1	4	2	0	1	2	4	1	0	2	1	0	0	0	0	1	1	2	0	8	1	0	2	1	1	0	4	0	0	0	0	1	0	0	1	1	1	1	0	1	0	5	0	0	2	0	1	0	0	0	0	3	0	0	2	3	1	1	1	1	2	1	1	0	2	2	1	0	1	0	0	0	0	1	0	1	0	0	0	0	0	0	1	0	1	2	0	0	3	0	0	0	0	0	2	1	1	0	2	3	1	0	4	0	2	3	2	2	6	0	1	4	0	3	1	3	3	2	2	3	6	0	1	2	2	1	0	1	0	1	0	2	1	0	0	1	2	6	0	4	4	3	3	5	3	0	2	1	1	1	2	2	1	0	6	1	2	0	1	1	2	1	0	0	0	0	0	0	2	1	0	0	1	0	1	0	0	3	0	0	2	0	5	1	2	3	0	1	1	3	2	0	1	2
chr9	17933754	1	19	2	3	7	1	3	1	0	4	2	2	7	2	8	5	1	2	2	3	2	7	8	1	1	1	2	5	1	4	5	4	5	2	1	4	1	5	5	1	2	2	0	1	4	1	2	2	4	1	3	0	1	5	4	0	4	0	2	2	1	0	3	2	6	4	0	2	1	2	3	1	0	3	2	0	2	0	0	4	2	2	2	1	6	6	0	2	1	3	0	2	0	2	1	2	0	5	1	0	2	0	7	1	6	4	3	0	1	0	2	2	3	1	2	10	4	2	1	2	1	3	5	1	3	3	7	0	2	3	3	3	2	3	0	1	2	0	1	3	4	0	0	0	1	3	0	0	0	3	0	2	1	3	0	1	0	1	1	3	0	1	2	7	3	3	4	1	1	1	0	1	0	1	1	0	2	1	0	0	2	3	1	2	2	1	0	1	3	2	1	4	2	0	1	2	4	1	0	2	1	0	0	0	0	1	1	2	0	9	1	0	2	1	1	0	4	0	0	0	0	1	0	0	1	1	1	1	0	1	0	5	0	0	2	0	1	0	0	0	0	3	0	0	2	3	1	1	1	1	2	1	1	0	2	2	1	0	1	0	0	0	0	1	0	1	0	0	0	0	0	0	1	0	1	2	0	0	3	0	0	0	0	0	2	1	1	0	2	3	1	0	4	0	2	3	2	2	6	0	1	4	0	3	1	3	3	2	2	3	6	0	1	2	2	1	0	1	0	1	0	2	1	0	0	1	2	6	0	4	4	3	3	5	3	0	2	1	1	1	2	2	1	0	6	1	2	0	1	1	2	1	0	0	0	0	0	0	2	1	0	0	1	0	1	0	0	3	0	0	2	0	5	1	2	3	0	1	1	3	2	0	1	2
chr9	17933755	1	19	2	3	7	1	3	1	0	4	2	2	7	2	8	5	1	2	2	3	2	7	8	1	1	1	2	5	1	4	5	4	5	2	1	4	3	5	5	1	2	2	0	1	4	1	2	2	4	1	3	0	1	5	4	0	4	0	2	2	1	0	3	2	6	4	0	2	1	2	3	1	0	3	2	0	2	0	0	4	2	2	2	1	6	6	0	2	1	3	0	2	0	2	1	2	0	5	1	0	3	0	7	1	6	4	3	0	1	0	2	2	3	1	2	10	4	2	1	2	1	3	5	1	3	3	7	0	2	3	3	3	2	3	0	1	2	0	1	3	4	0	0	0	1	3	0	0	0	3	0	2	1	3	0	1	0	1	1	3	0	1	2	7	3	3	4	1	1	1	0	1	0	1	1	0	2	1	0	0	2	3	1	2	2	1	0	1	3	2	1	4	2	0	1	2	4	1	0	2	1	0	0	0	0	1	1	2	0	9	1	0	2	1	1	0	4	0	0	0	0	1	0	0	1	1	1	1	0	1	0	5	0	0	2	0	1	0	0	0	1	3	0	0	2	3	1	1	1	1	2	1	1	0	2	2	1	0	1	0	0	0	0	1	0	1	0	0	0	0	0	0	1	0	1	2	0	0	3	0	0	0	0	0	2	1	1	0	2	3	1	0	4	0	2	3	2	2	6	0	1	4	0	3	1	3	3	2	2	3	6	0	1	2	2	1	0	1	0	1	0	2	1	0	0	1	2	7	0	4	4	3	3	5	3	0	2	1	1	0	2	2	1	0	6	1	2	0	1	1	2	1	0	0	0	0	0	0	2	1	0	0	1	0	1	0	0	3	0	0	2	0	5	1	2	3	0	1	1	3	2	0	1	2
chr9	17933756	1	20	2	3	7	1	3	1	0	4	2	2	7	2	8	5	1	2	2	3	2	7	8	0	1	1	2	5	1	4	5	4	5	2	1	4	3	5	5	1	2	2	0	1	4	1	2	2	4	1	3	0	1	5	4	0	4	0	2	2	1	0	3	2	6	4	0	2	1	2	3	1	0	3	2	0	2	0	0	4	2	2	2	1	6	6	0	2	1	3	0	2	0	2	1	2	0	5	1	0	3	0	7	1	6	4	3	0	1	0	2	2	3	1	2	10	4	2	1	2	1	3	5	1	3	3	7	0	2	3	3	3	2	3	0	1	2	0	1	3	4	0	0	0	1	3	0	0	0	3	0	2	1	3	0	1	0	1	1	3	0	1	2	7	3	3	4	1	1	1	0	1	0	1	1	0	2	1	0	0	2	3	1	2	2	1	0	1	3	2	1	4	2	0	1	2	4	1	0	2	1	0	0	0	0	1	1	2	0	9	1	0	2	1	1	0	4	0	0	0	0	1	1	0	1	1	1	1	0	1	0	5	0	0	2	0	1	0	0	0	1	3	0	0	2	3	1	1	1	1	2	1	1	0	2	2	1	0	1	0	0	0	0	1	0	1	0	0	0	0	0	0	1	0	1	2	0	0	3	0	0	0	0	0	2	1	1	0	2	3	1	0	4	0	2	3	2	2	6	0	1	4	0	3	1	3	3	2	2	3	7	0	1	2	2	1	0	1	0	1	0	2	1	0	0	1	2	7	0	4	4	3	3	5	3	0	2	1	1	0	2	2	1	0	6	1	2	0	1	1	2	1	0	0	0	0	0	0	2	1	0	0	1	0	1	0	0	3	0	0	2	0	5	1	2	3	0	2	1	3	2	0	1	2
chr9	17933757	1	20	2	3	7	1	3	1	0	4	2	2	7	2	8	5	1	2	2	3	2	7	9	0	1	1	2	5	1	4	5	4	5	2	1	4	3	5	5	1	2	2	0	1	4	1	2	2	4	1	4	0	1	5	4	0	5	0	2	2	1	0	3	2	6	4	0	2	1	2	3	1	0	3	2	0	2	0	0	4	2	2	2	1	6	6	0	2	1	3	0	2	0	2	1	2	0	5	1	0	3	0	7	1	6	4	3	0	1	0	2	2	3	1	2	10	4	2	1	2	1	3	5	1	3	3	7	1	2	3	3	3	2	3	0	1	2	0	2	3	4	0	0	0	1	3	0	0	0	3	0	2	1	3	0	1	0	1	1	3	0	1	2	7	3	3	4	1	1	1	0	1	0	1	1	0	2	1	0	0	2	3	1	2	2	1	0	1	3	2	1	4	2	0	1	2	4	1	0	2	1	0	0	0	0	1	1	2	0	9	1	0	2	1	1	0	4	0	0	0	0	1	1	0	1	1	1	1	0	1	0	5	0	0	2	0	1	0	0	0	1	3	0	0	2	3	1	1	1	1	2	1	1	0	2	2	1	0	1	0	0	0	0	1	0	1	0	0	0	0	0	0	1	0	1	2	0	0	3	0	0	0	0	0	2	1	1	0	2	3	1	0	4	0	2	3	2	2	6	0	1	4	0	3	1	3	3	2	2	3	7	0	1	2	2	1	0	1	0	1	0	2	1	0	0	1	2	7	0	4	4	3	3	5	3	0	2	1	1	0	2	2	1	0	6	1	2	0	1	1	2	1	0	0	0	0	0	0	2	1	0	0	1	0	1	0	0	3	0	0	2	0	5	1	2	3	0	2	1	3	2	0	1	2
chr9	17933758	1	20	2	3	7	1	3	1	0	4	2	2	7	2	8	5	1	2	2	3	2	7	9	0	1	1	2	5	1	4	5	4	5	2	1	4	3	5	5	1	2	2	0	1	4	1	2	2	4	1	4	0	1	5	4	0	5	0	2	2	1	0	3	2	6	4	0	2	1	2	3	1	0	3	2	0	2	0	0	5	2	2	2	1	6	6	0	2	1	2	0	2	0	2	1	2	0	5	1	0	2	0	7	1	6	4	3	0	1	0	2	2	3	1	2	10	4	2	1	2	1	3	5	1	3	3	7	1	2	3	3	3	2	3	0	1	2	0	2	3	4	0	0	0	1	3	0	0	0	4	0	2	1	3	0	1	0	0	1	3	0	1	2	7	3	3	4	1	1	1	0	1	0	1	1	0	2	1	0	0	2	3	1	2	2	1	0	1	3	2	1	4	2	0	1	2	4	1	0	2	1	0	0	0	0	1	1	2	0	9	1	0	2	1	1	0	4	0	0	0	0	1	1	0	1	1	1	1	0	1	0	5	0	0	2	0	1	0	0	0	1	2	0	0	2	3	1	1	1	1	2	1	1	0	2	2	1	0	1	0	0	0	0	1	0	1	0	0	0	0	0	0	1	0	1	2	0	2	3	0	0	0	0	0	2	1	1	0	2	3	1	0	4	0	2	3	2	2	6	0	1	4	0	3	1	3	3	2	2	3	7	0	1	2	2	1	0	1	0	1	0	2	1	0	0	1	2	7	0	4	4	3	3	5	3	0	2	1	1	0	2	2	1	0	6	1	2	0	1	1	2	1	0	0	0	0	0	0	2	1	0	0	1	0	1	0	0	3	0	0	2	0	5	1	2	3	0	2	1	3	2	0	1	2
chr9	17933759	1	20	2	3	7	1	3	1	0	4	2	2	7	2	8	5	1	2	2	3	2	7	10	0	1	1	3	3	1	4	5	4	4	2	1	4	3	5	5	1	2	2	0	1	4	1	2	2	4	2	4	0	1	5	4	0	5	0	2	2	1	0	3	2	6	4	0	2	1	2	3	1	0	3	2	0	2	0	0	5	2	2	2	1	6	6	0	2	1	2	0	2	0	2	1	2	0	5	1	0	2	0	7	1	6	4	3	0	1	0	0	2	3	1	2	10	4	2	1	2	1	3	5	1	3	3	7	1	2	3	3	3	2	3	0	1	2	0	2	3	4	0	0	0	1	3	0	0	0	4	0	2	1	3	0	1	0	0	1	3	0	1	2	7	3	3	3	1	1	1	0	1	0	1	1	0	2	1	0	0	2	3	1	2	2	1	0	1	3	2	1	4	2	0	1	2	4	1	0	3	1	0	0	0	0	1	1	2	0	9	1	0	2	1	1	0	4	0	0	0	0	1	1	0	1	1	1	1	0	1	0	5	0	0	2	0	1	0	0	0	1	2	0	0	2	3	1	1	1	1	2	1	1	0	1	2	1	0	1	0	0	0	0	1	0	1	0	0	0	0	0	0	1	0	1	2	0	2	3	0	0	0	0	0	2	1	1	0	2	3	1	0	4	0	2	3	2	2	6	0	1	2	0	3	1	3	3	2	2	3	7	0	1	2	2	1	0	1	0	1	0	2	1	0	0	1	2	7	0	4	4	3	3	5	3	0	2	1	1	0	2	2	1	0	6	1	1	0	1	1	2	1	0	0	0	0	0	0	2	1	0	0	1	0	1	0	0	3	0	0	2	0	5	1	2	3	0	2	1	3	2	0	1	2
chr9	17933760	1	20	2	2	7	1	3	1	0	4	1	2	6	2	8	5	1	2	2	3	2	7	10	0	1	1	3	2	1	4	5	4	4	1	1	4	3	5	5	1	2	2	0	1	4	1	2	2	4	2	4	0	1	5	3	0	5	0	2	2	1	0	3	2	6	4	0	2	1	2	3	1	0	3	1	0	2	0	0	5	2	2	2	1	3	6	0	2	1	2	0	2	0	2	1	2	0	5	1	0	2	0	7	1	6	4	3	0	1	0	0	2	3	1	3	10	4	2	1	2	1	3	5	1	3	2	7	1	3	3	3	3	2	3	0	1	2	0	2	3	4	0	0	0	1	3	0	0	0	3	0	2	1	3	0	1	0	0	1	3	0	1	2	7	3	3	3	1	1	1	0	1	1	0	1	0	2	1	0	0	2	3	1	2	2	1	0	1	3	2	1	4	2	0	1	2	4	1	0	3	1	0	0	0	0	1	1	2	0	9	1	0	2	1	1	0	4	0	0	0	0	1	1	0	1	1	1	1	0	1	0	5	0	0	2	0	1	0	0	0	1	2	0	0	2	3	1	1	1	1	2	1	1	0	1	2	1	0	1	0	0	0	0	1	0	1	0	0	0	0	0	0	1	0	1	2	0	2	3	0	0	0	0	0	2	1	1	0	2	3	1	0	4	0	2	3	2	2	6	0	1	2	0	3	1	3	3	2	1	2	7	0	1	2	2	1	0	1	0	1	0	2	1	0	0	1	2	7	0	4	4	3	3	5	3	0	1	1	1	0	2	2	1	0	6	1	1	0	1	1	2	1	0	0	0	0	0	0	2	1	0	0	1	0	1	0	0	4	0	0	2	0	5	1	2	3	0	2	1	3	2	0	1	2
chr9	17933761	1	21	2	2	7	1	3	1	0	4	1	2	6	2	8	5	1	2	2	3	2	7	10	0	1	1	3	2	1	4	5	4	4	1	1	4	3	5	5	1	2	2	0	1	4	1	2	2	4	2	4	0	1	5	3	0	5	0	2	2	1	0	3	2	6	4	0	2	1	2	3	1	0	3	1	0	2	0	0	5	2	2	2	1	3	6	0	2	1	2	0	2	0	2	1	2	0	5	1	0	2	0	7	1	6	4	3	0	1	0	0	2	3	1	3	10	4	2	1	2	1	3	5	1	3	2	7	1	3	3	3	3	2	3	0	1	2	0	2	3	4	0	0	0	1	3	0	0	0	3	0	2	1	3	0	1	0	0	1	3	0	1	2	7	3	3	3	1	1	1	0	1	1	0	1	0	2	1	0	0	2	3	1	2	2	1	0	1	3	2	1	4	2	0	1	2	4	1	0	3	1	0	0	0	0	1	1	2	0	9	1	0	2	1	1	0	4	0	0	0	0	1	1	0	1	1	1	1	0	1	0	5	0	0	2	0	1	0	0	0	1	2	0	0	2	3	1	1	1	1	2	1	1	0	1	2	1	0	1	0	0	0	0	1	0	1	0	0	0	0	0	0	1	0	1	2	0	2	3	0	0	0	0	0	2	1	1	0	2	3	1	0	4	0	2	3	2	2	6	0	1	2	0	3	1	3	3	2	1	2	7	0	1	2	2	1	0	1	0	1	0	2	1	0	0	1	2	7	0	4	4	3	3	5	3	0	1	1	1	0	2	2	1	0	6	1	1	0	1	1	2	1	0	1	0	0	0	0	2	1	0	0	1	0	1	0	0	4	0	0	2	0	6	1	2	3	0	2	1	3	2	0	1	2
chr9	17933762	1	23	2	2	7	1	3	1	0	4	2	2	6	2	8	5	1	2	2	3	2	8	10	0	1	1	3	2	1	6	5	4	4	1	1	4	3	5	5	1	2	2	0	1	4	1	2	2	4	2	4	0	1	6	3	0	5	0	2	2	1	0	3	2	6	4	0	2	1	2	3	1	0	3	1	0	2	0	0	5	2	2	2	1	3	6	0	2	1	2	0	2	0	2	1	2	0	5	1	0	3	0	7	1	6	4	3	0	1	0	0	2	3	1	3	10	4	2	1	2	1	3	5	1	3	2	7	1	3	4	3	3	2	3	0	1	3	0	2	3	4	1	0	0	2	3	1	0	0	3	0	2	1	3	0	1	0	0	1	3	0	1	2	7	3	3	3	1	1	1	0	1	1	0	1	0	2	1	1	0	2	3	1	2	2	1	1	1	3	2	1	4	2	0	1	2	4	1	0	3	1	0	0	0	0	1	2	2	0	9	1	0	2	1	1	0	4	0	0	0	0	1	1	0	1	1	1	1	0	1	0	5	0	0	2	0	1	0	0	0	1	2	0	0	2	3	1	1	1	1	2	1	1	0	1	2	1	0	1	0	0	0	0	1	0	1	0	0	0	0	0	0	1	0	1	2	0	3	3	0	0	0	0	0	2	1	1	0	2	3	1	1	4	0	2	3	2	2	6	0	1	2	1	3	1	3	3	2	1	2	7	0	1	2	2	2	0	1	0	1	1	2	1	1	0	1	2	7	1	4	4	3	3	5	3	1	2	1	1	0	2	2	1	0	6	1	1	0	1	1	2	1	0	1	0	0	0	0	2	1	0	1	1	0	1	0	0	4	0	0	2	0	6	1	2	3	0	2	1	3	2	0	1	2
chr9	17933763	1	23	2	2	7	1	3	1	0	5	2	2	6	2	8	5	1	2	2	3	2	8	10	0	1	1	3	2	1	6	5	4	3	1	1	6	3	5	5	1	2	2	0	1	5	1	2	2	4	2	4	0	1	6	3	0	5	0	2	2	1	0	3	2	6	4	0	2	1	2	3	1	0	3	1	0	2	0	0	5	2	2	2	1	3	6	0	2	1	2	0	2	0	2	1	2	0	6	1	0	3	0	7	1	6	4	3	0	1	0	0	2	3	1	3	10	4	2	1	2	1	3	5	1	3	2	7	1	3	4	3	3	2	3	0	1	3	0	2	3	4	1	0	0	2	3	1	0	0	3	0	2	1	3	0	1	0	0	1	3	0	1	2	7	3	3	3	1	1	1	0	1	1	0	1	1	2	1	1	0	2	3	1	2	2	1	1	1	3	2	1	4	2	0	1	2	4	1	0	3	1	0	0	0	0	1	2	2	0	9	1	0	2	1	1	0	4	0	0	0	0	1	1	0	1	1	1	1	0	1	0	5	0	0	2	0	1	0	0	0	1	2	0	0	2	3	1	1	1	1	2	1	1	0	1	2	1	0	1	0	0	0	1	1	0	1	0	0	0	0	0	0	1	0	1	2	0	3	3	0	0	0	0	0	2	1	1	0	2	3	1	1	4	0	2	3	2	2	6	0	1	2	1	3	1	3	3	2	1	1	7	0	1	2	1	2	0	1	0	1	1	2	1	1	0	1	2	7	1	4	4	3	3	5	3	1	2	1	1	0	2	2	1	0	6	1	1	0	1	1	2	1	0	1	0	0	0	0	2	1	0	1	1	0	1	0	0	4	0	0	2	0	6	1	2	3	0	2	1	3	2	0	1	2
chr9	17933764	1	23	2	2	7	1	3	1	0	5	2	2	7	2	8	5	1	2	2	3	2	8	10	0	1	1	3	2	1	6	5	4	3	1	1	6	3	5	5	1	2	2	0	1	5	1	2	2	4	2	4	0	1	6	3	0	5	0	2	2	1	0	3	2	6	4	0	2	1	2	3	1	0	3	1	0	2	0	0	5	2	2	2	1	3	6	0	2	1	2	0	2	0	2	1	2	0	6	1	0	3	0	7	1	6	4	3	0	1	0	0	2	3	2	3	10	5	2	1	2	1	3	5	1	4	2	7	1	3	4	3	3	2	3	0	1	4	0	2	3	4	1	0	0	2	3	1	0	0	3	0	2	1	3	0	1	0	0	1	3	0	1	2	7	3	3	3	1	1	1	0	1	1	0	1	1	2	1	1	0	2	3	1	2	2	1	1	1	3	2	1	4	2	0	1	2	5	1	0	3	1	0	0	0	0	1	2	2	0	9	1	0	2	1	1	0	4	0	0	0	0	1	1	0	1	1	1	1	1	1	0	5	0	0	2	0	1	0	0	0	2	2	0	0	2	3	1	1	1	1	2	1	1	0	1	2	1	0	1	0	0	0	1	1	0	1	0	0	0	0	0	0	2	0	1	2	0	3	3	0	0	0	0	0	2	1	1	0	2	3	1	1	4	0	2	3	2	2	6	0	1	2	1	3	1	3	3	2	1	1	7	0	1	2	1	2	0	1	0	1	1	2	1	1	0	1	2	7	1	4	4	3	3	5	3	1	2	1	1	0	2	2	1	0	6	1	1	0	1	1	2	1	0	1	0	0	0	0	2	1	0	1	1	0	1	0	0	4	0	0	2	0	6	1	2	3	0	2	1	3	2	0	1	2
chr9	17933765	1	23	2	2	7	1	3	1	0	5	2	2	7	2	8	5	1	2	2	3	2	9	10	0	1	1	3	2	1	6	5	4	3	1	1	6	3	5	5	2	2	2	0	1	5	1	2	2	4	2	4	0	1	6	3	0	5	0	2	2	1	0	3	2	6	4	0	2	1	2	3	1	0	3	1	0	2	0	0	6	2	2	2	1	3	6	0	2	1	2	0	2	0	2	1	2	0	6	1	0	5	0	7	1	6	4	3	0	1	0	0	2	3	2	3	10	5	2	1	2	1	3	5	1	4	2	7	1	3	4	3	3	2	3	0	1	4	0	2	3	4	1	0	0	2	3	1	0	0	3	0	2	2	3	0	1	0	0	1	3	0	1	2	7	3	2	3	1	1	1	0	1	1	0	1	1	2	1	1	0	2	3	1	2	2	1	1	1	3	2	1	4	2	0	1	2	5	1	0	3	1	0	0	0	0	1	2	2	0	9	1	0	2	1	1	0	4	0	0	0	0	1	1	0	1	1	1	1	1	1	0	5	0	0	2	0	1	0	0	0	2	2	0	0	2	3	1	1	1	1	2	1	1	0	1	2	1	0	1	0	0	0	1	1	0	1	0	0	0	0	0	0	2	0	1	2	0	3	3	0	0	0	0	0	2	1	1	0	2	3	1	1	4	0	2	3	2	2	6	0	1	2	1	3	1	3	3	2	1	1	7	0	1	2	1	2	0	1	0	1	1	2	1	1	0	1	2	7	1	4	4	3	3	6	3	1	2	1	1	0	2	2	1	0	6	1	1	0	1	1	2	1	0	1	0	0	0	0	2	1	0	1	1	0	1	0	0	4	0	0	2	0	6	1	2	3	0	2	1	3	2	0	1	2
chr9	17933766	1	23	2	2	7	1	3	1	0	5	2	2	7	2	8	5	1	2	2	3	2	9	10	0	1	1	3	2	1	6	5	4	3	1	1	6	3	5	5	2	2	2	0	1	5	1	2	2	4	2	4	0	1	6	3	0	5	0	2	2	1	0	3	2	6	4	1	2	1	2	3	1	0	3	1	0	2	0	0	6	2	2	2	1	3	6	0	2	1	2	0	2	0	2	1	2	0	6	1	0	5	0	7	1	6	4	3	0	1	0	0	2	3	2	3	10	5	2	1	2	1	3	5	1	4	1	7	1	3	4	3	3	2	3	0	1	4	0	2	3	4	1	0	0	2	3	1	0	0	3	0	2	2	3	0	1	0	0	1	3	0	1	2	7	3	2	3	1	1	1	0	1	1	0	1	1	2	1	1	0	2	3	1	2	2	1	1	1	3	1	1	4	2	0	1	2	5	1	0	3	1	0	0	0	0	1	2	2	0	9	1	0	2	1	1	0	4	0	0	0	0	1	1	0	1	1	1	1	1	1	0	5	0	0	2	0	1	0	0	0	2	2	0	0	2	3	1	1	1	1	2	1	2	0	1	2	1	0	1	0	0	0	1	1	0	1	0	0	0	0	0	0	2	0	1	2	0	3	3	0	0	0	0	0	2	1	1	0	2	3	1	1	4	0	2	3	2	2	6	0	1	2	1	3	1	3	3	2	1	1	7	0	1	2	1	2	0	1	0	1	1	2	1	1	0	1	2	7	1	4	4	3	3	6	3	1	2	1	1	0	2	2	1	0	6	1	1	0	1	1	2	1	0	1	0	0	0	0	2	1	0	1	1	0	1	0	0	4	0	0	2	0	6	1	2	3	0	2	1	3	2	0	1	2
chr9	17933767	1	22	2	2	7	1	3	1	0	5	2	2	7	2	8	5	1	2	2	3	2	9	10	0	1	1	4	2	1	6	5	4	3	1	1	6	3	5	5	2	2	2	0	1	5	1	2	2	4	2	4	0	1	6	3	0	5	0	2	2	0	1	3	2	6	4	1	2	1	2	3	1	0	3	1	0	2	0	0	6	2	2	2	1	3	6	0	2	1	2	0	2	0	2	1	2	0	6	1	0	5	0	7	1	6	4	3	1	2	0	0	2	3	2	3	10	5	2	1	2	1	3	5	1	4	1	8	1	3	4	3	3	2	3	0	2	4	0	2	3	4	1	0	0	2	3	1	0	0	3	0	2	2	3	0	1	0	0	1	3	0	1	2	7	3	2	3	1	1	1	0	1	1	0	1	1	3	1	1	0	2	3	1	2	2	1	1	1	3	1	1	4	2	0	2	2	5	1	0	3	1	0	0	0	0	1	2	2	0	9	1	0	2	1	1	0	4	0	0	0	0	1	1	0	1	1	1	1	1	1	0	5	0	0	2	0	1	0	0	0	2	2	0	0	2	3	1	1	1	1	2	1	2	0	1	2	1	0	1	0	0	1	1	1	0	1	0	0	0	0	0	0	2	0	1	2	0	3	3	1	0	0	0	0	2	1	1	0	2	3	1	1	4	0	2	4	2	2	6	1	1	2	1	3	1	3	3	2	2	1	7	0	1	2	1	2	0	1	0	1	1	2	1	1	0	1	2	7	1	4	4	3	3	6	3	1	2	1	1	0	2	2	1	0	6	1	1	0	1	1	2	1	0	1	0	0	0	0	2	1	0	1	1	0	1	0	0	4	0	0	2	0	6	1	2	3	0	2	1	3	2	0	1	2
chr9	17933768	1	23	2	2	7	1	3	1	0	5	2	2	7	2	8	5	1	3	2	3	2	9	10	0	1	1	4	2	1	6	5	4	4	1	1	6	4	5	5	2	2	2	0	1	5	1	2	2	4	2	4	0	1	7	3	0	5	0	2	2	1	1	3	2	6	4	1	2	1	2	3	1	0	3	1	0	2	0	0	6	2	2	2	1	3	6	0	2	1	2	0	2	0	2	1	2	0	6	2	0	5	0	7	1	6	5	3	1	2	0	0	2	3	3	3	10	5	2	1	2	1	3	5	2	4	1	8	1	3	4	3	3	2	3	0	2	4	0	2	3	4	1	0	0	2	3	1	0	0	3	0	2	2	4	0	1	0	0	1	3	0	1	2	8	3	2	3	1	1	1	0	1	1	0	1	1	3	1	1	0	2	3	1	2	2	1	1	1	3	1	1	4	2	0	2	2	5	1	0	3	1	0	0	0	0	1	2	2	0	9	1	0	2	1	1	0	4	0	0	0	0	1	1	0	1	1	1	1	1	1	0	5	0	0	2	0	1	0	0	0	2	2	0	0	2	3	1	1	1	1	2	1	2	0	1	2	1	0	1	0	0	1	1	1	0	1	0	0	0	0	0	0	2	0	1	2	0	3	3	1	0	0	0	0	2	1	1	0	2	3	1	1	4	0	2	4	2	2	6	1	1	2	1	3	1	3	3	2	2	1	7	0	1	2	1	2	0	1	0	1	1	2	1	1	0	1	2	7	1	4	4	3	3	6	3	1	2	1	1	0	2	2	1	0	6	1	1	0	1	1	2	1	0	1	0	0	0	0	2	1	0	1	1	0	1	0	0	4	0	0	2	0	6	1	2	3	0	2	1	4	2	0	1	2
chr9	17933769	1	23	2	2	7	1	3	1	0	5	2	2	7	2	8	5	1	3	2	3	2	9	10	0	1	1	4	2	1	6	5	4	4	1	2	6	4	5	5	2	2	2	0	1	5	1	2	2	4	2	4	0	1	7	3	0	4	0	2	2	1	1	3	2	6	4	1	2	1	2	3	1	0	3	1	0	2	0	0	6	2	2	2	1	3	6	0	2	1	2	0	1	0	2	1	2	0	6	2	0	5	0	7	1	6	5	3	1	2	0	0	2	3	3	3	10	5	2	1	2	1	3	5	2	4	1	8	2	3	4	3	3	2	3	0	2	4	0	2	3	4	1	0	0	2	3	1	0	0	3	0	2	2	4	0	1	0	0	1	3	0	1	2	8	3	2	3	1	1	1	0	1	1	0	1	1	3	1	1	0	2	3	1	2	2	1	1	1	3	1	1	4	2	0	2	2	5	1	0	3	1	1	0	0	0	1	2	2	0	9	1	0	2	1	1	0	4	0	0	0	0	1	1	0	1	1	1	1	1	1	0	5	0	0	2	0	1	0	0	0	2	2	0	0	2	3	1	1	1	1	2	1	2	0	1	2	1	0	1	0	0	1	1	1	0	1	0	0	0	0	0	0	2	0	1	2	0	3	3	1	0	0	0	0	2	1	1	0	2	3	1	1	4	0	2	4	2	2	6	1	1	2	1	3	1	3	3	2	2	1	7	0	1	2	1	2	0	1	0	1	1	2	1	1	0	1	2	6	1	4	4	3	3	6	3	1	2	1	1	0	2	2	1	0	6	1	1	0	1	1	2	1	0	1	0	0	0	0	2	1	0	1	1	0	1	0	0	4	0	0	2	0	6	1	2	3	0	2	2	4	2	0	1	2
chr9	17933770	1	23	2	2	9	1	3	1	0	5	2	2	7	2	10	5	1	3	2	3	2	9	11	0	1	2	4	2	1	6	5	5	5	2	2	6	5	5	5	2	2	2	0	1	5	1	2	2	4	2	4	0	1	7	3	0	4	1	3	2	2	1	3	2	6	4	1	3	1	3	3	1	0	3	1	0	2	0	0	6	2	2	3	1	3	6	0	2	1	2	0	1	0	2	1	3	0	6	3	0	5	0	7	1	6	5	3	1	2	0	0	2	3	3	3	10	5	2	2	2	1	3	5	2	5	1	8	2	3	4	3	3	2	3	0	2	4	0	2	3	4	1	0	0	2	4	1	0	0	3	0	2	2	4	0	1	0	0	1	3	0	1	2	8	4	2	3	1	1	1	0	1	1	0	1	2	3	1	1	0	2	3	2	2	2	1	1	1	2	1	1	4	2	0	2	3	5	1	0	3	1	1	0	0	0	1	2	2	0	10	1	0	2	1	1	0	4	0	0	0	0	1	1	0	1	1	1	1	1	1	0	5	0	0	2	0	1	0	0	0	2	3	0	0	2	3	1	1	1	1	2	1	3	0	1	2	1	0	1	0	0	1	1	1	0	1	0	0	0	0	0	0	2	0	1	2	0	3	4	1	0	0	0	0	3	1	1	0	2	3	1	1	4	0	2	4	2	2	5	1	1	2	1	3	1	3	3	2	2	1	7	0	1	2	1	2	0	1	0	1	1	2	1	1	0	1	2	6	1	4	6	4	3	6	3	1	2	1	1	0	2	2	1	0	6	1	1	0	1	1	2	1	0	1	0	0	0	0	2	1	0	2	1	0	1	0	0	4	0	0	2	0	7	1	2	3	0	2	2	4	2	0	1	2
chr9	17933771	1	23	2	2	8	1	3	1	0	5	2	2	7	2	10	5	1	3	2	3	2	9	11	0	1	2	4	2	1	6	5	5	5	2	2	6	5	5	5	2	2	2	0	1	5	1	2	2	4	2	4	0	1	7	3	0	4	1	3	2	2	1	3	2	6	4	1	3	1	3	3	1	0	3	1	0	2	0	0	6	2	1	3	1	3	6	1	2	1	2	0	1	0	2	1	3	0	6	3	0	4	0	7	1	6	5	3	1	2	0	0	2	3	3	3	10	5	2	2	2	1	3	5	2	5	1	8	2	3	4	3	3	2	3	1	2	4	0	2	3	4	1	0	0	2	4	1	0	0	3	0	2	2	4	0	1	0	0	1	3	0	1	2	8	4	2	3	1	1	1	0	1	1	0	1	2	3	1	1	0	2	3	2	2	2	1	1	1	2	1	1	4	2	0	2	3	5	1	0	3	1	1	0	0	0	1	2	2	0	10	1	0	2	1	1	0	4	0	0	0	0	1	1	0	1	1	1	1	1	1	0	5	0	0	2	0	1	0	0	0	2	3	0	1	2	3	1	1	1	1	2	1	3	0	1	2	1	0	1	0	0	1	1	1	0	1	0	0	0	0	0	0	2	0	1	2	0	3	4	1	0	0	0	0	3	1	1	0	2	3	1	1	4	0	2	4	2	2	5	1	1	2	1	3	1	3	3	2	2	1	7	0	1	2	1	2	0	1	0	1	1	2	1	1	0	1	2	6	1	4	6	4	3	6	3	1	2	1	1	0	2	2	1	0	6	1	1	0	1	1	2	1	0	1	0	0	0	0	2	1	0	2	1	0	1	0	0	4	0	0	2	0	8	1	2	2	0	2	2	4	2	0	1	1
chr9	17933772	1	24	2	2	8	1	4	1	0	5	2	2	8	2	12	5	1	5	3	3	2	9	12	0	1	2	4	2	1	6	5	5	5	2	2	6	5	5	5	2	2	2	0	1	5	1	2	2	4	2	4	0	1	7	3	0	4	1	3	3	2	1	3	2	6	4	1	3	1	3	4	1	0	3	1	0	2	0	0	6	2	1	3	1	3	6	1	2	1	2	0	1	0	3	1	3	0	6	3	0	5	3	7	1	6	5	3	1	2	0	0	2	3	3	3	10	5	2	3	2	1	3	5	2	5	1	8	2	3	4	3	3	2	4	1	3	4	1	2	3	4	1	0	0	2	7	1	0	0	4	0	2	2	4	0	1	0	0	1	3	0	1	2	8	4	2	4	2	1	1	0	1	1	0	1	2	4	1	1	0	2	3	2	2	2	1	1	1	2	1	1	4	2	0	3	3	6	1	0	3	1	1	0	0	1	1	2	2	0	11	1	0	2	1	1	0	4	0	0	0	0	1	1	0	1	1	1	1	1	1	0	5	0	0	2	0	1	0	1	0	2	3	0	1	2	3	1	1	3	1	2	1	4	0	1	2	2	0	1	0	0	1	2	1	0	1	0	0	0	0	0	0	2	0	1	2	0	3	4	1	0	0	0	0	3	1	1	0	2	3	1	1	4	0	2	4	2	2	5	1	1	3	1	3	2	3	3	2	2	1	7	0	2	2	1	2	0	1	1	1	1	3	1	1	0	1	2	6	1	4	6	4	3	6	4	1	2	1	1	1	2	2	2	0	7	1	3	0	1	1	2	1	0	3	0	0	0	0	2	2	0	2	1	0	1	0	0	4	0	0	2	0	8	1	2	2	0	2	2	4	2	0	1	1
chr9	17933773	1	24	2	2	8	1	4	1	0	4	2	2	8	2	12	5	1	5	3	3	2	11	12	0	1	2	4	3	1	6	5	5	5	2	2	6	5	4	5	2	2	2	0	1	5	1	2	2	4	2	4	0	1	7	3	0	4	1	3	3	2	1	3	2	6	4	1	3	1	3	4	1	0	3	1	0	2	0	0	6	2	1	3	1	3	6	1	2	1	2	0	1	0	3	1	3	0	6	3	0	5	3	7	1	6	5	3	1	2	0	0	2	3	3	3	10	5	2	3	2	1	3	5	2	6	1	8	2	3	4	3	3	2	4	1	3	4	1	2	3	4	1	0	0	2	6	1	0	0	5	0	2	2	4	0	3	0	0	1	3	0	1	2	8	4	2	4	2	1	1	0	1	1	0	1	2	4	1	1	0	2	3	2	2	2	1	1	1	2	1	1	4	2	0	3	3	6	1	0	3	1	1	0	0	1	1	2	2	0	10	1	0	2	1	1	0	4	0	0	0	0	1	1	0	1	1	1	1	1	1	0	5	0	0	2	0	1	0	1	0	2	4	0	1	2	3	1	1	3	1	2	1	4	0	1	2	2	0	1	0	0	1	2	1	0	1	0	0	0	0	0	0	2	0	1	1	0	3	4	1	0	0	0	0	3	1	1	0	2	3	1	1	4	0	2	4	2	2	5	1	1	3	1	3	2	3	3	2	2	1	7	0	2	2	1	2	0	1	1	1	1	3	1	1	0	1	2	5	1	4	6	4	2	6	4	1	2	1	1	1	2	2	2	0	7	1	3	0	1	1	2	1	0	3	0	0	0	0	2	2	0	2	1	0	1	0	0	4	0	0	2	0	8	1	2	2	0	2	2	4	3	0	1	1
chr9	17933774	1	24	2	2	8	1	4	1	0	4	2	2	8	2	12	5	1	5	3	3	2	11	12	0	1	2	4	3	1	5	5	5	5	2	2	6	5	4	5	2	2	2	0	1	5	1	2	2	4	2	4	0	1	6	3	0	4	1	3	3	2	1	3	2	6	4	2	3	1	3	4	1	0	3	1	0	2	0	0	6	2	1	3	1	3	6	1	2	1	2	0	1	0	3	1	3	0	6	3	0	5	3	7	1	6	5	3	1	2	0	0	2	3	3	3	10	5	2	3	2	1	3	5	2	6	1	8	2	3	4	3	3	2	4	1	3	4	1	2	3	4	1	0	0	2	6	1	0	0	5	0	2	2	4	0	3	0	0	1	3	0	1	2	8	3	2	4	2	1	1	0	1	1	0	1	2	4	1	1	0	2	3	1	2	2	1	1	1	2	1	2	4	2	0	3	3	6	1	0	3	1	1	0	0	1	1	2	2	0	10	1	0	2	1	1	0	4	0	0	0	0	0	1	0	1	1	1	1	1	1	0	5	0	0	2	0	1	0	1	0	2	4	0	1	2	3	1	1	3	1	2	1	4	0	1	2	2	0	1	0	0	1	2	1	0	1	0	0	0	0	0	0	2	0	1	1	0	3	4	1	0	0	0	0	3	1	1	0	2	3	1	1	4	0	2	4	2	2	5	1	1	3	1	3	2	3	3	2	2	1	7	0	2	2	1	2	0	1	1	1	1	3	1	1	0	1	2	5	1	4	6	4	2	6	4	1	2	1	1	1	2	2	2	0	7	1	3	0	1	1	1	1	0	3	0	0	0	0	2	2	0	2	1	0	1	0	0	4	0	0	2	0	8	1	2	2	0	1	2	4	4	0	1	1
chr9	17933775	1	24	2	2	8	1	4	1	0	4	2	2	8	2	12	5	1	5	3	3	2	11	12	0	1	3	4	3	1	5	5	5	5	2	2	6	5	4	5	2	2	2	0	1	5	1	2	2	4	2	4	0	1	6	3	0	4	1	3	3	2	1	3	2	6	4	2	3	1	3	4	1	0	3	1	0	2	0	0	6	2	1	3	1	3	6	1	2	1	2	0	1	0	3	1	3	0	6	3	0	5	3	6	1	6	5	3	1	2	0	0	2	3	3	3	10	5	2	3	2	1	4	5	2	6	1	8	2	3	4	3	3	2	4	1	3	4	1	2	3	4	1	0	0	2	6	1	0	0	6	0	2	2	4	0	3	0	0	1	3	0	1	2	8	3	2	4	2	1	2	0	1	1	0	1	2	4	1	1	0	2	3	1	2	2	1	1	1	2	1	2	4	2	0	3	3	6	1	0	3	1	1	0	0	1	1	2	2	0	10	1	0	2	1	1	0	4	0	0	0	0	0	1	0	1	1	1	1	1	2	0	5	0	0	2	0	1	0	1	0	2	4	0	1	2	3	1	1	3	1	2	1	4	0	1	2	2	0	1	0	0	1	2	1	0	1	0	0	0	0	0	0	2	0	1	1	0	3	4	1	0	0	0	0	3	1	1	0	2	3	1	1	4	0	2	4	2	2	5	1	1	3	1	3	2	3	3	2	2	1	7	0	2	2	1	2	0	1	1	1	1	3	1	1	0	1	2	4	1	4	6	4	2	6	4	2	2	1	1	1	2	2	2	0	7	1	3	0	1	1	1	1	0	3	0	0	0	0	2	2	0	2	1	0	1	0	0	4	0	0	2	0	8	1	2	2	0	1	2	4	4	0	1	1
chr9	17933776	1	24	3	2	8	1	4	1	0	5	2	2	8	2	12	5	1	5	3	3	2	11	12	0	1	3	4	3	1	5	5	5	5	2	2	6	5	4	5	2	2	2	0	1	5	1	2	2	4	2	4	0	1	6	3	0	4	1	3	3	2	1	3	2	6	4	2	3	1	3	4	1	0	3	1	0	2	0	0	6	2	1	3	1	3	6	1	2	1	2	0	1	0	3	1	3	0	7	3	0	5	3	6	0	6	5	3	1	2	0	0	2	3	3	3	10	5	3	3	2	1	4	5	2	6	1	8	2	3	4	3	3	2	4	1	3	4	1	2	3	4	1	0	0	2	6	1	0	0	6	0	2	2	4	0	3	0	0	1	3	0	1	2	8	3	2	4	2	1	2	0	1	1	0	1	2	4	1	1	0	2	3	1	2	2	1	1	1	2	1	2	4	2	0	3	3	6	1	0	3	1	1	0	0	1	1	2	2	0	10	1	0	2	1	1	0	4	0	0	0	0	0	1	0	1	1	1	1	1	2	0	5	0	0	2	0	1	0	1	0	2	4	0	1	2	3	1	1	3	1	2	1	4	0	1	2	2	0	1	0	0	1	2	1	0	1	0	0	0	0	0	0	2	0	1	1	0	3	4	1	0	0	0	0	3	1	1	0	2	3	1	1	4	0	2	4	2	2	5	2	0	3	1	3	2	3	3	2	2	1	8	0	2	2	1	2	0	1	1	1	1	3	1	1	0	1	2	4	1	4	6	4	2	6	4	2	2	1	1	1	2	3	2	0	7	1	3	0	1	1	1	1	0	3	0	0	0	0	2	2	0	2	1	0	1	0	0	4	0	0	2	0	8	1	2	2	0	1	2	4	4	0	1	1
chr9	17933777	1	24	3	2	8	1	4	1	0	5	2	2	8	2	12	5	1	5	3	3	2	11	12	0	1	3	4	3	1	5	5	5	5	2	2	6	5	4	5	2	2	2	0	1	5	1	2	2	4	2	4	0	1	6	3	0	4	1	3	4	2	1	3	2	6	4	2	3	1	3	4	1	0	3	1	0	2	0	0	6	2	1	3	1	3	6	1	2	1	2	0	1	0	3	1	3	0	7	3	0	5	3	6	0	6	5	3	2	2	0	0	2	3	4	3	10	5	3	3	2	1	4	5	2	6	1	8	2	3	4	3	3	2	4	1	3	4	1	2	3	4	1	0	0	2	6	1	0	0	6	0	2	2	4	0	3	0	0	1	3	0	1	2	8	3	2	4	2	1	2	0	1	1	0	1	2	4	1	1	0	2	3	1	2	2	1	1	1	2	1	2	4	2	0	3	3	6	1	0	3	1	1	0	0	1	1	2	3	0	11	1	0	2	1	1	0	4	0	0	0	0	0	1	0	1	1	1	1	1	2	0	5	0	0	2	0	1	0	1	0	2	4	0	1	2	3	1	1	3	1	2	1	4	0	1	2	2	0	1	0	0	1	2	1	0	1	0	0	0	0	0	0	2	0	0	1	0	3	4	1	0	0	0	0	3	1	1	0	2	3	1	1	4	0	2	4	2	2	5	2	0	3	1	3	2	3	3	2	2	1	8	0	2	2	1	2	0	1	1	1	1	3	1	1	0	1	2	4	1	4	6	4	2	6	4	2	2	1	1	1	2	3	2	0	7	1	3	0	1	1	1	1	0	3	0	0	0	0	2	2	0	2	1	0	1	0	0	4	0	1	3	0	8	1	2	2	0	1	2	4	4	0	1	1
chr9	17933778	1	24	3	2	8	1	4	1	0	5	2	2	8	2	12	5	1	5	3	3	2	11	12	0	1	3	4	3	2	5	5	5	5	2	2	6	5	4	5	2	2	2	0	1	5	1	2	3	4	2	4	0	1	6	3	0	4	1	3	4	2	1	3	2	6	5	2	3	1	3	4	1	0	3	1	0	2	0	0	6	2	1	3	1	3	6	1	2	1	2	0	1	0	3	1	3	0	7	3	0	5	3	6	0	6	5	3	2	2	0	0	2	3	4	3	10	5	3	3	2	1	4	5	2	6	1	8	2	3	4	3	3	2	4	1	3	4	1	2	3	4	1	0	0	2	6	1	0	0	6	0	2	2	4	0	3	0	0	1	3	1	1	2	9	3	2	4	2	1	2	0	1	1	0	1	2	4	1	1	0	2	3	1	2	2	1	1	3	2	1	2	4	2	0	3	3	6	1	0	3	1	1	0	0	3	1	2	3	0	11	1	0	2	1	1	0	4	0	0	1	0	0	1	0	1	1	1	1	1	2	0	5	0	0	2	0	0	0	1	0	2	4	0	1	2	3	1	1	3	1	2	1	4	0	1	2	2	0	1	0	0	1	2	1	0	1	0	0	0	0	0	0	2	0	0	1	0	3	4	1	0	0	0	0	3	1	1	0	2	3	1	1	4	0	2	4	2	2	5	2	0	3	1	3	2	3	3	2	2	1	8	0	2	2	1	3	0	1	1	1	1	3	1	1	0	1	2	4	1	4	6	4	4	6	4	2	2	1	1	1	2	3	2	0	7	1	3	0	1	1	1	1	0	3	0	0	0	0	2	2	0	2	1	0	1	0	0	4	0	1	3	0	8	1	2	2	0	1	2	4	4	0	1	1
chr9	17933779	1	24	3	2	8	1	4	1	0	5	2	2	8	2	13	5	1	5	3	3	2	11	12	0	1	3	4	3	2	5	5	5	5	2	2	6	5	4	5	2	2	2	0	1	5	1	2	3	4	2	4	0	1	6	3	0	4	1	3	4	2	1	3	2	6	5	2	3	1	3	4	1	0	3	1	0	2	0	0	6	2	1	3	1	3	6	1	2	1	2	0	1	0	3	1	3	0	7	3	0	5	3	6	0	6	5	3	2	2	0	0	2	3	4	3	10	5	3	3	2	1	4	5	2	6	1	8	2	3	4	3	3	2	4	1	3	4	1	2	3	4	1	0	0	2	6	1	0	0	6	0	2	2	4	0	3	0	0	1	3	1	1	2	9	3	2	4	2	1	2	0	1	1	0	1	2	4	1	1	0	2	3	1	2	2	1	1	3	2	1	2	4	2	0	3	3	6	1	0	3	1	1	0	0	3	1	2	3	0	11	1	0	2	1	1	0	4	0	0	1	0	1	1	0	1	1	1	1	1	2	0	5	0	0	2	0	0	0	1	0	2	4	0	1	2	3	1	1	3	1	2	1	4	0	1	2	2	0	1	0	0	1	2	1	0	1	0	0	0	0	0	0	2	0	0	1	0	3	4	1	0	0	0	0	3	1	1	0	2	3	1	1	4	0	2	4	2	2	5	2	0	3	1	3	2	3	3	2	2	1	8	0	2	3	1	3	0	1	1	1	1	3	1	1	0	1	2	4	1	4	6	4	4	6	4	2	2	1	1	1	2	3	2	0	7	1	3	0	1	1	1	1	0	3	0	0	0	0	2	2	0	2	1	0	1	0	0	4	0	1	3	0	8	1	2	2	0	1	2	4	4	0	1	1
chr9	17933780	1	24	3	2	8	1	4	1	0	5	2	2	8	2	13	5	1	5	2	3	2	11	12	0	1	3	4	3	2	5	5	4	5	2	2	6	5	4	5	2	2	2	0	1	5	1	2	3	4	2	4	0	1	6	3	0	4	1	3	4	2	1	3	2	6	5	2	3	1	3	4	1	0	3	1	0	2	0	0	6	2	1	3	1	3	6	1	2	1	2	0	1	0	3	1	3	0	7	3	0	5	3	6	0	6	5	3	2	3	0	0	2	3	4	3	10	5	3	3	2	1	4	5	2	6	1	8	2	3	4	3	3	2	4	1	3	4	1	2	3	4	1	0	0	2	6	1	0	0	6	0	2	2	4	0	3	0	0	1	3	1	1	2	9	3	2	4	2	1	2	0	1	1	0	1	2	4	1	1	0	2	3	1	2	2	1	1	3	2	1	2	4	2	0	3	3	6	1	0	3	1	1	0	0	3	1	2	3	0	11	0	0	2	1	1	0	4	0	0	1	0	1	1	0	1	1	1	1	1	2	0	5	0	0	1	0	0	0	1	0	2	4	0	1	2	3	1	1	3	1	2	1	4	0	1	2	2	0	1	0	0	1	2	1	0	1	0	0	0	0	0	0	2	0	0	1	0	3	4	1	0	0	0	0	3	1	1	0	2	3	1	1	4	0	2	4	2	2	5	2	0	3	1	3	2	3	3	2	2	1	8	0	2	3	1	3	0	0	1	1	1	3	1	1	0	1	2	4	1	4	6	4	4	6	4	2	2	1	1	1	2	3	2	0	7	1	3	0	1	1	1	1	0	3	0	0	0	0	2	2	0	2	1	0	1	0	0	4	0	1	3	0	8	1	2	2	0	1	2	4	4	0	1	1
chr9	17933781	1	24	3	2	8	1	4	1	0	4	2	2	8	2	13	4	1	5	2	3	2	11	11	0	1	3	4	3	2	5	5	4	5	2	2	6	5	4	5	2	2	2	0	1	5	1	2	3	4	2	4	0	1	6	3	0	3	1	3	4	2	1	3	2	6	5	2	2	1	3	4	1	0	3	1	0	2	0	0	6	2	1	3	1	3	6	1	2	1	1	0	1	0	3	1	3	0	7	3	0	5	3	6	0	6	5	2	2	3	0	0	2	3	4	3	10	5	3	3	2	1	4	5	2	6	1	7	2	3	4	3	3	2	3	1	3	4	1	2	3	4	1	0	0	2	6	1	0	0	6	0	2	2	4	0	3	0	0	1	3	1	1	2	9	3	2	4	2	1	2	0	1	1	0	1	2	4	1	1	0	2	3	1	2	2	1	1	3	2	1	2	4	2	0	3	3	6	1	0	3	1	1	0	0	3	1	2	3	0	10	0	0	2	1	1	0	4	0	0	1	0	1	1	0	1	1	1	1	1	2	0	5	0	0	1	0	0	0	1	0	2	4	0	1	2	3	0	1	3	1	2	1	4	0	1	2	2	0	1	0	0	1	2	1	0	1	0	0	0	0	0	0	2	0	0	1	0	3	4	1	0	0	0	0	3	1	1	0	2	3	1	1	4	0	2	4	2	2	5	2	0	3	1	3	2	3	3	2	2	1	8	0	2	3	1	3	0	0	1	1	1	3	1	1	0	1	2	4	1	4	6	4	4	5	4	2	2	1	1	1	2	3	2	0	5	1	3	0	1	1	1	1	0	3	0	0	0	0	2	2	0	2	1	0	1	0	0	4	0	1	3	0	8	1	2	2	0	1	2	4	4	0	1	1
chr9	17933782	1	24	3	2	8	1	4	1	0	4	2	2	8	2	13	4	1	5	2	2	2	11	11	0	1	3	4	3	2	5	5	4	5	2	2	6	5	4	5	2	2	2	0	1	5	1	2	3	4	2	4	0	1	6	3	0	3	1	3	4	2	1	3	2	6	3	2	2	1	3	4	1	0	3	1	0	2	0	0	6	2	1	3	1	3	7	1	2	1	1	0	1	0	3	1	3	0	7	3	0	5	3	6	0	6	5	2	2	3	0	0	2	3	4	3	10	5	3	3	2	1	4	5	2	6	1	7	2	3	4	3	3	2	3	1	3	4	1	2	3	4	1	0	0	2	6	1	0	0	6	0	2	2	4	0	3	0	0	1	3	1	1	2	8	3	2	4	2	1	2	0	1	1	0	1	2	4	1	1	0	2	3	1	2	2	1	1	3	2	1	2	4	2	0	3	3	6	1	0	3	1	1	0	0	3	1	2	3	0	9	0	0	2	1	1	0	4	0	0	1	0	1	1	0	1	1	1	1	1	2	0	5	0	0	1	0	0	0	1	0	2	4	0	1	2	3	0	1	3	1	2	1	4	0	1	2	2	0	1	0	0	1	2	1	0	1	0	0	0	0	0	0	2	0	0	1	0	3	4	1	0	0	0	0	3	1	1	0	2	3	1	1	4	0	2	4	2	2	5	2	0	3	1	3	2	3	3	2	2	1	8	0	2	2	1	3	0	0	1	1	1	3	1	1	1	1	2	4	1	4	6	4	4	4	4	2	2	1	1	1	2	3	2	0	5	1	3	0	1	1	1	1	0	3	0	0	0	0	2	2	0	2	1	0	1	0	0	4	0	1	3	0	8	1	2	2	0	1	2	3	4	0	1	1
chr9	17933783	1	24	3	2	8	1	4	1	0	4	2	2	8	2	13	5	1	5	2	3	2	11	11	0	1	3	4	2	2	5	5	4	5	2	2	6	5	4	5	2	2	2	0	1	5	1	2	3	4	2	4	0	1	6	3	0	3	1	3	4	2	1	3	2	6	3	2	2	1	3	5	1	0	3	1	0	2	0	0	6	2	1	2	1	3	7	1	2	1	1	0	1	0	3	1	3	0	7	3	0	5	3	6	0	6	5	2	2	3	0	0	2	3	4	3	10	5	3	3	2	1	4	5	3	6	1	7	2	3	4	3	3	2	3	1	3	3	1	2	3	4	1	0	0	2	6	1	0	0	6	0	2	2	4	0	3	0	0	1	3	1	1	2	9	3	2	4	2	1	2	0	1	1	0	1	2	4	1	2	0	2	3	1	2	2	1	1	3	2	1	2	4	2	0	3	3	6	1	0	3	2	1	0	0	3	1	2	3	0	9	0	0	2	1	1	0	4	0	0	2	0	1	1	0	1	1	1	1	1	2	0	5	0	0	1	0	0	0	1	0	2	4	0	1	2	3	0	1	3	1	2	1	4	0	1	2	2	0	1	0	0	1	2	1	0	1	0	0	0	0	0	0	2	0	0	1	0	3	4	1	0	0	0	0	3	1	1	0	2	3	1	2	4	0	2	4	1	2	5	2	0	3	1	3	2	3	3	2	2	1	8	0	2	2	1	3	0	1	1	1	1	3	1	1	1	1	2	4	1	4	6	5	4	4	4	2	2	1	1	1	2	3	2	0	5	1	3	0	1	1	0	1	0	3	0	0	0	0	2	2	0	2	1	0	1	0	0	4	0	1	3	0	8	1	2	2	0	1	2	3	4	0	1	1
chr9	17933784	1	24	3	2	8	1	4	1	0	4	2	2	8	2	13	5	1	5	2	3	2	11	11	0	1	3	4	2	2	5	5	4	5	2	2	6	5	4	5	2	2	2	0	1	4	1	2	3	4	2	4	0	1	6	3	0	3	1	3	4	2	1	3	1	6	3	2	2	1	3	5	1	0	3	1	0	2	0	0	6	2	1	2	1	3	7	1	2	1	1	0	1	0	3	1	3	0	6	3	0	5	3	6	0	6	5	2	2	3	0	0	2	3	4	3	10	5	3	3	2	1	4	5	3	6	1	8	2	3	4	3	3	2	3	1	3	3	1	2	3	4	1	0	0	2	6	1	0	0	6	0	2	2	4	0	3	0	0	1	3	1	1	2	9	2	2	3	2	1	2	0	1	1	0	1	2	4	1	2	0	2	3	1	2	2	1	1	3	2	1	2	4	2	0	3	3	6	1	0	3	2	1	0	0	3	1	2	3	0	9	0	0	2	1	1	0	4	0	0	2	0	1	1	0	1	1	1	1	1	2	0	5	0	0	1	0	0	0	1	0	2	4	0	1	2	3	0	1	3	1	2	1	4	0	1	2	2	0	1	0	0	1	2	1	0	1	0	0	0	0	0	0	2	0	0	1	0	3	4	1	0	0	0	0	3	1	1	0	2	3	1	2	4	0	2	4	1	2	5	2	0	3	1	3	2	3	3	2	2	1	7	0	2	2	1	3	0	1	1	1	1	3	1	1	1	1	2	4	1	4	6	5	4	4	4	2	2	1	1	1	2	3	2	0	5	1	3	0	1	1	0	1	0	3	0	0	0	0	2	2	0	2	1	0	1	0	0	3	0	1	3	0	8	1	2	2	0	1	2	3	4	0	1	1
chr9	17933785	1	23	3	2	8	1	4	1	0	4	2	2	8	2	13	5	1	5	2	3	2	10	11	0	1	3	4	2	2	3	2	2	5	2	2	6	4	4	4	2	2	2	0	0	4	1	2	2	4	2	3	0	1	5	2	0	3	1	3	3	2	1	2	1	6	3	2	2	1	3	5	1	0	3	1	0	2	0	0	6	2	1	2	1	2	7	1	2	0	1	0	0	0	3	1	3	0	6	3	0	5	3	6	0	6	5	2	2	3	0	0	2	3	4	3	8	4	3	3	2	1	4	5	3	5	1	8	2	3	4	3	3	1	3	1	3	3	1	2	3	4	1	0	0	2	6	1	0	0	6	0	2	2	4	0	3	0	0	1	3	1	1	1	9	2	1	3	2	1	2	0	1	1	0	1	2	4	1	2	0	2	2	1	2	2	1	1	3	2	1	2	4	2	0	3	3	6	1	0	3	2	1	0	0	3	1	2	3	0	9	0	0	2	1	1	0	4	0	0	2	0	1	1	0	1	1	1	1	1	2	0	5	0	0	1	0	0	0	1	0	2	4	0	1	2	3	0	1	3	1	2	1	4	0	1	2	2	0	1	0	0	1	2	1	0	1	0	0	0	0	0	0	2	0	0	1	0	3	4	1	0	0	0	0	3	1	1	0	2	3	1	2	2	0	2	4	1	2	4	2	0	2	1	2	2	3	2	2	2	1	7	0	2	2	1	3	0	1	1	1	1	3	1	1	1	1	2	4	1	4	6	5	4	4	4	2	2	1	1	1	2	3	2	0	4	1	3	0	1	1	0	1	0	3	0	0	0	0	2	2	0	2	0	0	1	0	0	3	0	1	3	0	8	1	2	2	0	1	2	3	4	0	1	1
chr9	17933786	1	23	3	2	8	1	4	1	0	4	2	2	7	2	13	3	1	5	2	3	2	10	11	0	1	3	4	2	2	3	2	2	5	2	2	6	4	4	4	2	2	2	0	0	4	1	2	2	4	2	3	0	1	4	2	0	3	1	3	3	2	1	2	1	6	4	2	2	1	3	5	1	0	3	1	0	2	0	0	6	2	1	2	1	2	7	1	2	0	1	0	0	0	3	1	3	0	6	3	0	5	3	6	0	6	5	2	2	3	0	0	2	3	4	3	8	4	3	3	2	1	4	5	3	5	1	8	2	3	4	3	2	1	3	1	3	3	1	2	3	4	1	0	0	2	6	1	0	0	6	0	2	2	4	0	3	0	0	1	3	1	1	1	9	2	1	3	2	1	2	0	1	1	0	1	2	4	1	2	0	2	2	1	2	2	1	1	3	2	1	2	4	2	0	3	3	6	1	0	3	2	1	0	0	3	1	2	3	0	9	0	0	2	1	1	0	4	0	0	2	0	1	1	0	1	1	1	1	1	2	0	5	0	0	1	0	0	0	1	0	2	4	0	1	2	3	0	1	3	1	2	1	4	0	1	2	2	0	1	0	0	1	2	1	0	1	0	0	0	0	0	0	2	0	0	1	0	3	4	1	0	0	0	0	3	1	1	0	2	3	1	2	2	0	2	4	1	2	4	2	0	2	1	2	2	3	2	2	2	1	7	0	2	2	1	3	0	1	1	1	1	3	1	1	1	1	2	4	1	4	6	5	4	4	4	2	2	1	1	1	2	3	2	0	4	1	3	0	1	1	0	1	0	3	0	0	0	0	2	2	0	2	0	0	1	0	0	3	0	1	3	0	8	1	2	2	0	1	2	3	4	0	1	1
chr9	17933787	2	24	3	2	8	1	4	1	0	4	2	2	7	2	13	3	1	5	2	3	2	10	12	0	1	3	4	2	2	3	2	2	5	2	2	5	4	4	4	2	2	2	0	0	4	1	2	2	4	2	3	0	1	4	2	0	3	1	5	3	2	1	2	1	6	4	2	2	1	3	5	1	0	3	1	0	2	0	0	6	2	1	2	2	2	7	1	2	0	1	0	0	0	3	1	3	1	6	3	0	5	3	6	0	6	5	2	2	3	0	0	2	3	4	3	8	4	3	3	2	1	4	5	3	5	1	8	2	3	4	3	3	2	4	2	3	3	1	2	3	4	1	0	0	2	6	2	0	0	6	0	2	3	4	0	3	0	0	1	3	1	1	1	10	2	1	3	2	1	2	0	1	1	0	1	2	4	1	2	0	2	2	1	2	2	2	1	3	2	1	2	4	2	0	3	3	6	1	0	3	2	1	0	1	3	1	2	3	0	9	0	0	2	1	1	0	4	0	0	2	0	1	1	0	1	1	1	1	1	2	0	5	0	0	1	0	0	0	1	0	2	6	0	1	2	3	0	1	3	1	2	1	4	0	1	2	2	0	1	0	0	1	2	1	0	1	0	0	0	0	0	0	2	0	0	1	0	3	4	1	0	0	0	0	3	1	2	0	2	3	2	3	2	0	2	4	1	2	4	2	0	2	1	2	2	3	2	2	3	1	7	0	3	2	1	3	0	1	1	1	1	4	1	1	1	1	2	4	1	4	5	5	4	4	4	2	2	1	1	1	2	3	2	0	4	1	3	0	1	2	0	1	0	3	0	0	0	0	2	2	0	2	0	0	1	0	0	3	0	1	3	0	9	1	2	2	0	1	2	3	4	0	1	1
chr9	17933788	2	24	3	2	7	1	4	1	0	4	2	2	7	2	13	3	1	5	2	3	2	11	11	0	1	3	5	2	2	3	2	2	5	2	2	5	4	4	4	2	2	2	0	0	4	1	2	2	4	2	3	0	1	4	2	0	3	1	5	3	2	1	2	1	6	4	2	2	1	3	5	1	0	3	1	0	2	0	0	6	2	1	2	2	2	7	1	2	0	1	0	0	0	3	1	3	1	6	3	0	5	3	6	0	6	5	2	2	3	0	0	2	3	4	3	8	4	3	3	2	1	4	5	3	5	1	8	2	3	4	3	3	2	4	2	3	3	1	2	3	4	1	0	0	2	6	2	0	0	6	0	2	3	4	0	3	0	0	1	3	1	1	1	10	2	1	3	2	1	2	0	0	1	0	1	2	4	2	2	0	2	2	1	2	3	2	1	3	2	1	2	4	2	0	3	3	6	1	0	3	2	1	0	1	3	1	2	3	0	9	0	0	2	1	1	0	4	0	0	2	0	1	1	0	1	1	1	0	1	2	0	5	0	0	1	0	0	0	1	0	2	6	0	1	2	3	0	1	3	1	2	1	4	0	1	2	2	0	1	0	0	1	2	1	0	1	0	0	0	0	0	0	2	0	0	1	0	3	4	1	0	0	0	0	3	1	2	0	2	3	2	3	2	0	2	4	1	2	4	2	0	2	1	2	2	3	2	2	3	1	7	0	3	2	1	3	0	1	1	1	1	4	1	1	1	1	2	4	1	4	6	5	4	4	4	2	2	1	1	1	2	3	2	0	4	1	3	0	1	2	0	1	0	3	0	0	0	0	2	2	0	2	0	0	1	0	0	3	1	1	3	0	9	1	2	2	0	1	2	3	4	0	1	1
chr9	17933789	2	24	3	2	7	1	4	1	0	4	2	2	8	2	11	3	1	6	2	3	2	11	11	0	1	3	5	2	2	3	2	2	5	2	2	5	4	4	4	1	2	2	0	0	4	1	2	2	4	2	3	0	1	4	2	0	3	1	5	4	2	1	2	1	6	4	2	2	1	3	4	1	0	3	1	0	2	0	1	6	2	1	2	2	2	7	1	2	0	1	0	0	0	3	1	4	1	6	3	0	5	3	6	0	6	5	2	2	3	0	0	2	3	5	3	8	4	3	3	2	1	4	5	2	5	1	8	2	3	4	3	3	2	4	2	3	3	1	2	3	4	1	0	0	2	6	3	0	0	6	0	2	4	4	0	3	0	2	1	2	1	1	1	10	2	1	3	2	3	2	0	0	1	0	1	2	4	2	2	0	2	2	1	2	3	2	1	3	2	1	2	4	2	0	3	3	5	1	0	3	2	1	0	1	3	1	2	3	0	10	0	0	2	1	1	0	4	0	0	2	0	1	1	0	1	1	1	0	1	2	0	5	0	0	1	0	1	0	1	0	2	6	0	1	2	3	0	1	3	1	2	1	4	0	1	2	2	0	1	0	0	1	3	1	0	1	0	0	0	0	0	0	2	0	0	1	0	3	4	1	0	0	0	0	3	1	2	0	2	3	2	3	2	0	2	4	1	2	4	2	0	2	1	2	2	3	2	2	3	1	7	0	3	2	1	3	0	1	1	1	1	4	1	1	1	1	2	4	1	4	6	5	4	4	4	2	2	1	1	1	2	2	2	0	4	1	3	0	1	2	0	1	0	3	0	0	0	0	2	2	0	2	0	0	1	0	0	3	1	1	3	0	9	1	2	2	0	1	2	3	4	0	1	1
chr9	17933790	2	24	3	2	7	1	4	1	0	4	2	2	8	2	11	3	1	6	2	3	2	11	11	0	1	3	6	2	2	3	2	2	5	2	2	5	4	4	4	1	2	2	0	0	4	1	2	2	4	1	3	0	1	4	2	0	3	1	5	4	2	1	2	1	7	4	2	2	1	3	4	1	0	3	1	0	2	0	1	6	2	1	2	2	2	7	1	2	0	1	0	1	0	3	1	4	1	6	3	0	5	3	6	0	6	5	2	2	3	0	0	2	3	5	3	8	4	3	3	2	1	4	5	2	5	1	8	2	3	4	3	3	2	4	3	3	3	1	2	3	4	1	0	0	2	6	3	0	0	6	0	2	4	4	0	3	0	2	1	2	1	1	1	10	2	1	3	2	3	2	0	0	1	0	1	2	4	2	2	0	2	2	1	2	3	2	1	3	2	1	2	4	2	0	3	3	5	1	0	3	2	1	0	1	3	1	2	3	0	10	0	0	2	1	1	0	4	0	0	2	0	1	1	0	1	1	1	0	1	2	0	5	0	0	1	0	1	0	1	0	2	6	0	1	2	3	0	1	3	1	2	1	4	0	1	2	2	0	1	0	0	1	3	1	0	1	0	0	0	0	0	0	2	0	0	1	0	3	4	1	0	0	0	0	3	1	2	0	2	3	2	3	2	0	2	4	1	2	4	2	0	2	1	2	2	3	2	2	3	1	7	0	3	2	1	3	0	1	1	1	1	4	1	1	1	1	2	4	1	4	6	5	4	4	4	2	2	1	1	1	2	2	3	0	4	1	3	0	1	2	0	1	0	3	0	0	0	0	2	2	0	2	0	0	1	0	0	3	1	1	3	0	9	1	2	2	0	1	2	3	4	0	1	1
chr9	17933791	2	24	3	2	7	1	4	1	0	5	2	2	8	2	11	3	1	6	2	3	2	11	11	0	1	3	6	2	2	3	2	2	5	2	2	5	4	4	4	1	2	2	0	0	4	1	2	2	4	1	3	0	1	4	2	0	3	1	5	4	2	1	2	1	7	4	2	2	1	3	4	1	0	3	1	0	2	0	1	6	2	1	2	2	2	7	1	2	0	1	0	1	0	3	1	4	1	6	3	0	5	3	5	0	6	5	2	2	3	0	0	2	3	5	3	8	4	3	3	2	1	4	5	2	5	1	8	2	3	4	3	3	2	4	3	3	3	1	2	3	4	1	0	0	2	6	3	0	0	6	0	2	4	4	0	3	0	2	1	2	1	1	1	10	2	1	3	2	3	2	0	0	1	0	1	2	4	2	2	0	2	2	1	2	3	2	1	3	2	1	2	4	2	0	3	3	5	1	0	3	2	1	0	1	3	1	2	3	0	10	0	0	2	1	1	0	4	0	0	2	0	1	1	1	1	1	1	0	1	2	0	5	0	0	1	0	1	0	1	0	2	6	0	1	2	3	0	1	3	1	2	1	4	0	1	2	2	0	1	0	0	1	3	1	0	1	0	0	0	0	0	0	2	0	0	1	0	3	4	1	0	0	0	0	3	1	2	0	2	3	2	3	2	0	2	4	1	2	4	2	0	2	1	2	2	3	2	2	3	1	7	0	3	2	1	3	0	1	1	1	1	4	1	1	1	1	2	4	1	4	6	5	4	4	4	2	2	1	1	1	2	2	3	0	4	1	3	0	1	2	0	1	0	3	0	0	0	0	2	2	0	2	0	0	1	0	0	3	1	1	3	0	9	1	2	2	0	1	2	3	4	0	1	1
chr9	17933792	2	24	3	2	7	1	4	1	0	4	2	2	8	2	11	3	1	6	2	3	2	11	11	0	1	3	6	2	2	3	2	2	5	2	2	5	4	4	4	1	2	2	0	0	4	1	2	2	4	1	3	0	1	4	2	0	3	1	5	4	2	1	2	1	7	4	2	2	1	3	4	1	0	3	1	0	2	0	1	6	2	1	2	2	2	6	1	2	0	1	0	1	0	3	1	4	1	6	3	0	5	3	5	0	6	5	2	2	3	0	0	2	3	5	3	8	4	3	3	2	1	4	5	2	5	1	8	2	3	4	3	3	2	4	3	3	3	1	2	3	4	1	0	0	2	6	3	0	0	6	0	2	4	4	0	3	0	2	1	2	1	1	1	10	2	1	3	2	3	2	0	0	1	0	1	2	4	2	2	0	2	2	1	2	3	2	1	3	2	1	2	4	2	0	3	3	5	1	0	3	2	1	0	1	3	1	2	3	0	10	0	0	2	1	1	0	4	0	0	2	0	1	1	1	1	1	1	0	1	2	0	5	0	0	1	0	1	0	1	0	2	6	0	1	2	3	0	1	3	1	2	1	4	0	1	2	2	0	1	0	0	1	3	1	0	1	0	0	0	0	0	0	2	0	0	1	0	3	4	1	0	0	0	0	3	1	2	0	2	3	2	3	2	0	2	4	1	2	4	2	0	2	1	2	2	3	2	2	3	1	7	0	3	2	1	3	0	1	1	1	1	4	1	1	1	1	2	4	1	4	6	5	4	4	4	2	2	1	1	1	2	2	3	0	4	1	3	0	1	2	0	1	0	3	0	0	0	0	2	2	0	2	0	0	1	0	0	3	1	1	3	0	9	2	2	2	0	1	2	3	5	0	1	1
chr9	17933793	2	24	3	2	7	1	4	1	0	4	2	2	8	2	11	3	1	6	2	3	2	11	11	0	1	3	6	2	2	3	2	2	5	2	2	5	4	4	4	1	2	2	0	0	4	1	2	2	4	1	3	0	1	4	2	0	3	1	5	4	2	1	2	1	7	4	2	2	1	3	4	1	0	3	1	0	2	0	1	6	2	1	2	1	2	6	1	2	0	1	0	1	0	3	1	4	1	6	3	0	5	3	5	0	6	5	2	2	3	0	0	2	3	5	3	8	4	3	3	2	1	4	5	2	6	1	8	2	2	4	3	3	2	4	3	3	3	1	2	3	4	1	0	0	2	6	3	0	0	6	0	2	4	4	0	3	0	2	1	2	1	1	1	10	2	1	3	2	3	2	0	0	1	0	1	2	4	2	2	0	2	2	1	2	3	2	1	3	2	1	2	4	2	0	3	3	5	1	0	2	2	1	0	1	3	1	2	3	0	11	0	0	2	1	1	0	4	0	0	2	0	1	1	1	1	2	1	0	1	2	0	5	0	0	1	0	1	0	1	0	2	6	0	1	2	3	0	1	3	1	2	0	4	0	1	2	2	0	1	0	0	1	3	1	0	1	0	0	0	0	0	0	2	0	0	1	0	3	4	1	0	0	0	0	3	1	2	0	2	3	2	3	2	0	2	4	1	2	4	2	0	2	1	2	2	3	2	2	3	1	7	0	3	2	1	3	0	1	1	1	1	4	1	1	1	1	2	4	1	4	6	5	4	4	4	2	2	1	1	1	2	2	3	0	4	1	3	0	1	2	0	1	0	3	0	0	0	0	2	2	0	2	0	0	1	0	0	3	1	1	3	0	9	2	2	2	0	1	2	3	5	0	1	1
chr9	17933794	2	24	3	2	7	1	4	1	0	4	2	2	8	2	11	3	1	6	2	3	2	12	11	0	1	3	6	2	2	3	2	3	5	2	2	5	4	4	4	1	2	2	0	0	4	1	2	2	4	1	3	0	1	4	2	0	3	1	5	4	2	1	2	1	7	4	2	2	1	3	4	1	0	3	1	0	2	0	1	6	2	1	2	1	2	6	3	2	0	1	0	1	0	4	1	4	1	7	3	0	5	3	3	0	6	5	2	2	3	0	0	2	3	5	3	8	4	3	3	2	1	4	5	2	6	1	7	2	2	4	3	3	2	4	3	3	2	1	2	3	4	1	0	0	2	6	3	0	0	6	0	2	4	4	0	3	0	2	1	2	1	2	1	10	2	1	3	2	3	2	0	0	1	0	1	2	4	2	2	0	2	4	1	2	3	2	1	2	2	1	2	4	2	0	3	3	5	1	0	2	2	1	0	1	3	1	2	3	0	11	0	0	2	1	1	0	4	0	0	2	0	1	1	1	1	2	1	0	1	2	0	5	0	0	1	0	1	0	1	0	2	6	0	1	2	3	0	1	3	1	3	0	4	0	1	2	2	0	1	0	0	1	3	1	0	1	0	0	0	0	0	0	2	0	0	1	0	3	4	1	0	0	0	0	3	1	2	0	2	3	2	3	2	0	2	4	1	2	4	2	0	2	1	2	2	3	2	2	3	1	7	0	3	2	1	3	0	1	1	1	1	4	1	1	1	1	2	4	1	4	6	5	4	4	5	2	2	1	1	1	2	2	3	0	4	1	3	0	1	2	0	1	0	3	0	0	0	0	2	2	0	2	0	0	1	0	0	3	1	1	3	0	9	2	2	2	0	1	2	3	5	0	1	1
chr9	17933795	2	24	3	2	7	1	4	1	0	4	2	2	8	2	11	3	1	6	2	3	2	12	11	0	1	3	6	2	2	3	2	3	4	2	2	5	4	4	4	1	2	2	0	0	4	1	2	2	4	1	3	0	1	4	2	0	3	1	5	4	2	1	2	1	7	4	2	2	1	3	4	1	0	3	1	0	2	0	1	6	2	1	2	1	3	6	3	2	0	1	0	1	0	4	1	4	1	7	3	0	5	3	3	0	6	5	2	2	3	0	0	2	3	5	3	8	4	3	3	2	1	4	5	2	6	1	7	2	2	4	3	3	2	4	3	3	2	1	2	3	4	1	0	0	2	6	3	0	0	6	0	2	4	4	0	3	0	2	1	2	1	2	1	10	2	1	3	2	3	2	0	0	1	0	1	2	3	2	2	0	2	4	1	2	3	2	1	2	2	1	2	4	2	0	3	3	5	1	0	2	2	1	0	1	3	1	2	3	0	11	0	0	2	1	1	0	4	0	0	2	0	1	1	1	1	2	1	0	1	2	0	5	0	0	1	0	1	0	1	0	2	6	0	1	2	3	0	1	3	1	3	0	4	0	1	2	2	0	1	0	0	1	3	1	0	1	0	0	0	0	0	0	2	0	0	1	0	3	4	1	0	0	0	0	3	1	2	0	2	3	2	3	2	0	2	4	1	2	4	2	0	2	1	2	2	3	2	2	3	1	7	0	3	2	1	3	0	1	1	1	1	4	1	1	1	1	2	4	1	4	6	5	4	4	5	2	2	1	1	1	2	2	3	0	4	1	3	0	1	2	0	1	0	3	0	0	0	0	2	2	0	2	0	0	1	0	0	3	1	1	3	0	9	2	2	2	0	1	2	3	5	0	1	1
chr9	17933796	2	25	3	2	7	1	4	1	0	4	2	2	8	2	11	3	1	6	2	3	2	12	11	0	1	3	6	2	2	3	2	3	4	2	2	5	5	4	4	1	2	2	0	0	4	1	2	3	4	1	3	0	1	4	2	0	3	1	5	4	2	1	2	1	7	4	2	2	1	3	4	1	0	3	1	0	2	0	1	6	2	1	2	1	3	6	3	2	0	1	0	1	0	4	1	4	1	7	3	0	5	3	3	0	6	5	2	2	3	0	0	1	3	5	3	8	5	4	3	2	2	4	5	2	6	1	7	2	2	4	3	4	2	4	3	3	2	1	2	3	4	1	0	0	2	6	3	0	0	6	0	2	4	4	0	3	1	2	1	2	1	2	1	10	2	1	3	2	3	2	0	0	1	0	1	3	3	2	2	0	2	4	1	2	3	2	1	2	2	1	2	4	2	0	3	3	5	1	0	2	2	1	0	1	3	1	2	3	0	11	0	0	2	1	1	0	4	0	0	2	0	1	1	1	1	2	1	0	1	2	0	5	0	0	1	0	1	0	1	0	2	6	0	1	2	3	0	1	3	1	3	0	4	0	1	2	2	0	1	0	0	1	3	1	0	1	0	0	0	0	0	0	2	0	0	1	0	3	4	1	0	0	0	0	3	1	2	0	2	3	2	3	2	0	2	4	1	2	4	2	0	2	1	2	2	3	2	2	3	1	7	0	3	2	1	3	0	1	1	1	1	4	1	1	1	1	2	4	1	4	6	5	4	4	5	2	2	1	1	1	1	2	3	0	4	1	3	0	1	2	0	1	0	3	0	0	0	0	2	2	0	2	0	0	1	0	0	3	1	1	3	0	9	2	2	2	0	1	2	3	5	0	1	1
chr9	17933797	2	25	3	2	7	1	4	1	0	4	2	2	8	2	11	3	1	6	2	3	2	12	11	0	1	3	6	2	2	3	2	3	4	2	2	5	5	4	4	1	2	2	0	0	4	1	2	3	4	0	3	0	1	4	2	0	3	1	5	4	2	1	2	1	7	4	2	2	1	3	5	1	0	3	1	0	2	0	1	6	2	1	2	1	3	6	3	2	0	1	0	1	0	4	1	4	1	7	3	0	5	3	3	0	6	5	2	2	3	0	0	1	3	5	3	8	5	4	3	2	2	4	5	2	6	1	7	2	2	4	3	4	2	4	3	3	2	1	2	3	4	1	0	0	2	6	3	0	0	6	0	2	4	4	0	3	1	2	1	2	1	2	1	10	2	1	3	2	3	2	0	0	1	0	1	3	3	2	2	0	2	4	1	2	3	2	1	2	2	1	2	4	2	0	3	3	5	1	0	2	2	1	0	1	3	1	2	3	0	11	0	0	2	1	1	0	4	0	0	2	0	1	1	1	1	2	1	0	1	2	0	5	0	0	1	0	1	0	1	0	2	6	0	1	2	3	0	1	3	1	3	0	4	0	1	2	2	0	1	0	0	1	3	1	0	1	0	0	0	0	0	0	2	0	0	1	0	3	3	1	0	0	0	0	3	1	2	0	2	3	1	3	2	0	2	4	1	2	4	2	0	2	1	2	2	3	2	2	3	1	7	0	3	2	1	3	0	1	1	1	1	4	1	1	1	1	2	4	1	4	6	5	4	4	5	2	2	1	1	1	1	2	3	0	4	1	3	0	1	2	0	1	0	3	0	0	0	0	2	2	0	2	0	0	1	0	0	3	1	1	2	0	9	2	2	2	0	1	2	3	5	0	1	1
chr9	17933798	2	25	3	2	6	1	4	1	0	3	2	2	8	2	11	2	1	6	2	3	2	12	11	0	2	3	6	2	2	3	2	3	4	2	2	5	6	4	4	1	2	2	0	0	4	1	2	3	4	0	3	0	1	4	1	0	2	1	5	4	2	1	2	1	7	4	2	2	1	3	5	1	0	3	1	0	2	0	1	6	2	1	2	1	3	6	3	2	0	1	1	1	0	4	1	4	1	7	3	0	5	4	3	0	6	5	2	2	3	0	0	1	3	5	3	8	5	3	3	2	2	4	5	2	6	1	7	2	2	4	4	4	2	4	3	3	2	1	2	2	5	2	0	0	2	7	3	0	0	6	0	2	4	4	0	3	1	2	1	2	1	1	1	11	2	1	3	2	3	2	2	0	1	0	1	3	4	2	2	0	2	4	1	4	3	2	1	2	2	1	2	4	2	0	4	3	6	2	0	2	2	1	0	1	3	1	1	4	0	11	1	0	2	1	1	0	2	0	0	2	0	1	1	2	1	2	1	0	1	2	0	6	0	0	2	0	1	0	1	0	3	6	0	1	2	3	0	1	3	1	3	0	4	0	1	2	2	0	1	0	0	1	3	1	0	1	0	0	0	0	0	0	2	0	0	1	0	3	3	1	0	0	0	1	3	1	2	0	2	3	1	3	2	0	2	4	1	2	4	2	0	2	1	2	2	3	2	2	3	1	7	0	3	2	1	3	0	1	1	1	1	4	1	1	1	1	3	4	1	3	6	6	4	4	5	2	2	1	1	1	1	2	3	0	4	1	3	0	1	2	0	1	0	3	0	0	0	0	2	2	0	2	0	0	1	0	0	3	1	1	2	0	10	2	2	2	1	1	2	3	5	0	1	1
chr9	17933799	2	25	3	1	6	1	4	1	0	3	2	1	8	2	11	2	1	6	2	3	2	12	11	0	2	3	6	2	2	3	2	3	4	2	2	5	6	4	2	1	2	1	0	0	4	1	2	3	4	0	3	0	1	4	1	0	2	1	5	4	2	1	2	1	7	4	2	2	1	3	5	1	0	3	1	0	2	0	1	3	2	1	2	1	2	6	3	2	0	1	1	1	0	4	1	4	1	7	3	0	5	4	3	0	6	4	2	2	3	0	0	1	3	5	3	8	5	3	3	2	2	4	5	2	6	1	7	2	2	4	4	4	2	4	3	3	2	1	2	2	5	2	0	0	2	7	3	0	0	6	0	2	4	4	0	3	1	2	1	2	1	1	1	11	2	1	3	2	3	2	2	0	1	0	1	3	4	2	2	0	2	4	1	4	3	2	1	2	2	1	2	4	2	0	4	3	6	2	0	2	2	1	0	1	3	1	1	4	0	10	1	0	2	1	1	0	2	0	0	2	0	1	1	2	1	2	1	0	1	2	0	6	0	0	2	0	1	0	1	0	3	6	0	1	2	3	0	1	3	1	3	0	4	0	1	2	2	0	1	0	0	1	3	1	0	1	0	0	0	0	0	0	2	0	0	1	0	3	3	1	0	0	0	1	3	1	2	0	2	3	1	3	2	0	2	4	1	2	4	2	0	2	1	2	2	3	1	2	3	1	7	0	3	2	1	3	0	1	1	1	1	4	1	1	1	1	3	4	1	3	6	6	4	4	5	2	2	1	1	1	1	2	3	0	4	1	3	0	1	2	0	1	0	3	0	0	0	0	2	2	0	2	0	0	1	0	0	3	1	1	2	0	10	2	2	2	1	1	2	3	5	0	1	1
chr9	17933800	2	25	3	1	6	1	4	1	0	3	2	1	8	2	11	2	1	6	2	3	2	12	11	0	2	3	6	2	2	3	2	3	4	2	2	5	7	4	2	1	2	1	0	0	4	1	2	3	4	0	3	0	1	5	1	0	2	1	5	4	2	1	2	1	7	4	2	2	1	3	5	1	0	3	1	0	2	0	1	3	2	1	2	1	2	6	3	2	0	1	1	1	0	4	1	4	1	7	3	0	5	4	3	0	6	4	2	2	3	0	0	1	3	5	3	8	5	3	3	2	2	4	5	2	6	1	7	2	2	4	4	4	2	4	3	3	2	1	2	2	5	2	0	0	2	7	3	0	0	6	0	2	4	3	0	3	1	2	1	2	1	1	1	11	2	1	3	2	3	2	2	0	1	0	1	3	4	2	2	0	2	4	1	4	3	2	1	2	2	1	2	5	2	0	4	3	6	2	0	3	2	1	0	1	3	1	1	4	0	10	1	0	2	1	1	0	2	0	0	2	0	1	1	2	1	2	1	0	1	2	0	6	0	0	2	0	1	0	1	0	3	6	0	1	2	3	0	1	3	1	3	0	4	0	1	2	2	0	1	0	0	1	3	1	0	1	0	0	0	0	0	0	2	0	0	1	0	3	3	1	0	0	0	1	3	1	2	0	2	3	1	3	2	0	2	4	1	2	4	2	0	2	1	2	2	3	1	2	3	1	7	0	3	2	1	3	0	1	1	1	1	4	1	1	1	1	3	4	1	3	6	6	4	4	5	2	2	1	1	1	1	2	3	0	4	1	3	0	1	2	0	1	0	3	0	0	0	0	2	2	0	2	0	0	1	0	0	3	1	1	2	0	10	2	2	2	1	1	2	3	5	0	1	1
chr9	17933801	2	24	3	1	7	1	4	1	0	3	2	1	8	2	11	2	1	6	2	3	2	12	11	0	2	3	6	2	2	3	2	3	5	2	2	5	7	4	2	1	2	1	0	0	4	1	2	3	4	0	3	0	1	5	1	0	2	1	5	4	2	1	2	1	7	4	2	2	2	3	5	1	0	3	1	0	2	0	1	3	2	1	2	1	2	6	3	2	0	1	1	1	0	4	1	4	1	7	3	0	5	4	3	0	6	4	2	2	3	0	0	1	3	5	3	8	5	3	3	2	2	4	5	2	6	1	7	2	2	5	4	4	2	4	3	3	2	1	2	2	5	2	0	0	2	7	3	0	0	6	0	2	4	3	0	3	1	2	1	2	1	1	1	12	2	1	3	3	3	2	2	0	1	0	1	3	4	2	2	0	2	4	1	4	3	2	1	3	2	1	2	7	2	0	4	3	6	2	0	4	2	1	0	2	3	1	1	4	0	10	1	0	2	1	1	0	2	0	0	2	0	1	1	2	1	2	1	0	1	2	0	6	0	0	2	0	1	0	1	0	3	6	0	1	2	3	0	1	3	1	3	1	4	0	1	2	2	0	1	0	0	1	3	1	0	1	0	0	0	0	0	0	2	0	0	1	0	3	3	1	0	0	0	1	3	1	2	0	2	3	1	3	2	0	2	4	1	3	4	2	0	2	1	2	2	3	1	2	3	1	7	0	3	2	1	3	0	1	1	1	1	4	1	1	1	2	3	4	1	3	8	6	4	4	5	2	2	1	1	1	1	2	3	0	4	1	3	0	1	2	0	1	0	3	0	0	0	0	2	2	0	2	0	0	1	0	0	4	1	1	2	0	10	2	2	2	1	1	2	3	5	0	1	2
chr9	17933802	2	24	3	1	7	1	4	1	0	3	2	1	8	2	11	2	1	6	2	3	2	12	11	0	2	3	6	2	2	3	2	3	5	2	2	5	7	4	2	1	2	1	0	0	4	1	2	3	4	0	3	0	1	5	1	0	2	1	5	4	2	1	2	1	7	4	2	2	2	3	5	1	0	3	1	0	2	0	1	3	2	1	2	1	2	6	3	2	0	1	1	1	0	4	1	4	1	7	3	0	5	4	3	0	6	4	2	2	3	0	0	1	3	5	3	8	5	3	3	2	2	4	5	2	6	1	7	2	2	5	4	4	2	4	3	3	2	1	2	2	5	2	0	0	2	7	3	0	0	6	0	2	4	3	0	3	1	2	1	2	1	1	1	12	2	1	3	3	3	2	2	0	1	0	1	3	4	2	2	0	2	4	1	4	2	2	1	3	2	1	2	7	2	0	4	3	6	2	0	4	2	1	0	2	3	1	1	4	0	10	1	0	2	1	1	0	2	0	0	2	0	1	1	2	1	2	1	0	1	2	0	6	0	0	2	0	1	0	1	0	3	6	0	1	2	3	0	1	3	1	3	1	4	0	1	2	2	0	1	0	0	1	3	1	0	1	0	0	0	0	0	0	2	0	0	1	0	3	3	1	0	0	0	1	3	1	2	0	2	3	1	3	2	0	2	4	1	3	4	2	0	2	1	2	2	3	1	2	3	1	7	0	3	2	1	3	0	1	1	1	1	4	1	1	1	2	3	4	1	3	8	6	4	5	5	2	2	1	1	1	1	2	3	0	4	1	3	0	1	2	0	1	0	3	0	0	0	0	2	1	0	2	0	0	1	0	0	4	1	1	2	0	10	2	2	2	1	1	2	3	5	0	1	2
chr9	17933803	2	25	3	1	7	1	4	1	0	3	2	1	8	2	11	2	1	6	2	3	2	12	12	0	2	3	6	2	2	3	2	3	5	2	2	5	7	4	2	1	2	1	0	0	4	1	2	3	4	0	3	0	1	5	1	0	2	1	5	4	2	1	2	1	7	4	2	2	2	3	5	1	0	3	1	0	2	0	1	3	2	1	2	1	2	7	3	2	0	1	1	1	0	4	1	4	2	7	3	0	5	4	3	0	6	4	2	2	3	0	0	1	3	5	3	8	5	3	3	2	2	4	5	2	6	1	7	2	2	5	4	4	2	4	3	3	2	1	2	2	5	2	0	0	2	7	3	0	0	6	0	2	4	3	0	3	1	2	1	2	1	1	1	12	2	1	3	3	3	2	2	0	1	0	1	3	4	2	2	0	2	3	1	4	2	2	1	3	2	1	2	7	2	0	4	3	6	2	0	4	2	1	0	2	3	1	1	4	0	11	1	0	2	1	1	0	2	0	0	2	0	1	1	2	1	2	1	0	1	2	0	6	0	0	2	0	1	0	1	0	3	6	0	1	2	3	0	1	3	1	3	1	4	0	1	2	2	0	1	0	0	1	3	1	0	1	0	0	0	0	0	0	2	0	0	1	0	4	3	1	0	0	0	1	3	1	2	0	2	3	1	4	2	0	2	4	1	3	4	2	0	2	2	2	2	3	1	2	3	1	7	0	3	2	1	3	0	1	1	1	1	4	1	1	1	2	2	4	1	3	8	6	4	5	5	2	2	1	1	1	1	2	3	0	4	1	3	0	1	2	0	1	0	3	0	0	0	0	2	1	0	2	0	0	1	0	0	4	1	1	2	0	11	2	2	2	1	1	2	3	5	0	1	2
chr9	17933804	2	25	3	2	7	1	4	1	0	3	2	1	8	2	11	3	1	6	2	3	2	12	12	0	2	3	6	2	2	3	2	3	5	2	2	5	7	4	2	1	2	1	0	0	4	1	2	3	4	0	3	0	1	5	1	0	2	1	5	4	2	1	3	1	7	4	2	2	2	3	5	1	0	3	1	0	2	0	1	3	2	1	2	2	2	9	3	2	0	1	1	1	0	4	2	4	2	8	4	0	5	5	3	0	6	4	2	2	3	0	0	1	3	5	3	8	5	3	3	2	2	4	5	2	6	1	7	2	2	5	4	4	2	4	3	3	2	1	2	2	5	2	0	0	2	7	3	0	0	6	0	2	4	3	0	3	1	2	1	2	1	1	1	12	2	1	3	3	4	2	2	0	1	0	1	3	4	2	2	0	2	3	1	4	2	2	1	3	2	1	2	7	2	0	4	3	6	2	0	4	2	1	0	2	3	1	1	4	0	11	1	0	2	1	1	0	2	0	0	2	0	1	1	2	1	2	1	0	1	2	0	6	0	0	2	0	1	0	1	0	3	6	0	1	2	3	0	1	3	1	3	1	4	0	1	2	2	0	1	0	0	1	3	1	0	2	0	0	0	0	0	0	2	0	0	1	0	4	3	1	0	0	0	1	3	1	3	0	2	3	1	4	2	0	2	4	1	3	4	2	0	2	2	1	2	3	1	2	3	1	7	0	3	2	1	3	0	1	1	1	1	4	1	1	1	2	2	4	1	3	7	6	4	5	5	2	2	1	1	1	1	2	3	0	4	1	3	0	1	2	0	1	0	3	0	0	0	0	2	1	0	2	0	0	1	0	0	4	1	1	2	0	11	2	2	2	1	1	2	3	5	0	1	2
chr9	17933805	2	25	3	2	7	1	4	1	0	3	2	1	8	2	11	3	1	6	2	2	2	12	11	0	2	3	6	2	2	3	2	3	5	2	2	2	7	3	2	1	2	1	0	0	4	1	2	3	4	0	3	0	0	5	0	0	2	1	5	4	2	1	3	1	7	4	2	2	2	3	5	1	0	3	1	0	1	0	1	3	2	1	2	2	2	9	3	2	0	1	1	1	0	3	2	4	2	7	4	0	5	5	3	0	6	4	2	2	3	0	0	1	3	5	3	8	5	3	3	2	2	4	5	2	6	1	7	2	2	5	4	4	2	4	3	3	2	1	2	2	5	2	0	0	2	7	3	0	0	6	0	1	4	3	0	3	1	2	1	2	1	1	1	12	2	1	3	3	4	2	2	0	1	0	1	3	4	2	2	0	2	2	1	4	2	2	1	3	2	1	2	6	2	0	4	3	6	2	0	4	2	1	0	2	3	1	1	4	0	11	1	0	2	1	1	0	2	0	0	2	0	1	1	2	1	2	0	0	1	2	0	6	0	0	2	0	1	0	1	0	3	6	0	1	2	3	0	1	3	1	3	1	4	0	1	2	2	0	0	0	0	1	3	1	0	2	0	0	0	0	0	0	2	0	0	1	0	4	3	1	0	0	0	1	3	1	3	0	2	3	1	4	2	0	2	3	1	3	4	2	0	2	2	1	2	3	1	2	3	1	7	0	3	2	1	3	0	1	1	1	1	4	1	1	1	2	2	4	1	3	7	6	4	5	5	2	2	0	1	1	1	2	3	0	4	1	3	0	1	1	0	1	0	3	0	0	0	0	2	1	0	2	0	0	1	0	0	4	1	1	2	0	10	2	2	2	2	1	1	3	5	0	1	2
chr9	17933806	2	25	3	2	7	1	4	1	0	3	2	1	8	2	11	3	1	6	2	2	2	13	11	0	2	3	7	2	2	3	2	3	5	2	2	2	7	3	2	1	2	1	0	0	4	1	2	3	4	0	3	0	0	5	0	0	2	1	5	4	2	1	3	2	7	4	2	2	2	3	5	1	0	3	1	0	1	0	1	3	3	1	2	2	3	9	3	2	0	2	1	1	0	3	3	4	2	7	4	0	5	5	3	1	6	4	2	2	3	0	0	1	3	5	3	8	5	3	3	2	2	5	5	2	7	1	8	2	2	6	4	4	2	4	3	3	2	1	2	2	5	2	0	0	2	7	3	0	0	7	0	1	4	3	0	3	1	2	1	2	1	1	1	12	2	1	3	3	4	2	2	0	1	0	1	5	4	2	2	0	2	2	1	4	3	3	1	3	2	1	2	6	2	0	4	3	6	1	0	4	2	2	0	2	3	1	1	4	0	11	1	0	2	1	1	0	2	0	0	2	0	1	1	2	1	2	0	0	1	2	0	6	0	0	2	0	1	0	1	0	3	6	0	1	3	3	0	1	3	1	3	1	4	0	1	2	2	0	0	0	0	1	3	1	0	1	1	0	0	0	0	0	2	0	0	1	0	4	3	1	0	0	0	1	3	1	3	0	2	4	1	4	2	0	2	4	2	3	4	2	0	2	2	2	2	3	1	2	3	1	7	0	3	2	1	3	0	1	1	1	1	4	1	1	1	2	2	4	1	3	7	6	4	5	5	2	2	0	1	1	1	2	3	0	4	1	4	0	1	1	0	1	0	3	0	0	0	0	2	1	0	2	0	0	1	0	0	4	1	2	2	0	10	2	2	2	2	1	1	3	5	0	1	2
chr9	17933807	2	25	3	2	6	1	4	1	0	3	2	1	7	2	11	4	1	6	2	2	2	13	11	0	2	3	7	2	2	3	2	3	5	2	2	2	7	3	2	1	2	1	0	0	4	1	2	3	2	0	3	0	0	5	0	0	2	1	5	4	2	1	3	2	7	4	2	2	2	3	5	1	0	3	1	0	1	0	1	3	3	1	2	2	3	9	3	2	0	2	1	1	0	3	3	4	2	6	4	0	5	5	3	1	6	6	2	2	3	0	0	1	3	5	3	9	5	3	3	2	2	5	5	2	7	1	8	2	2	6	3	4	2	4	3	3	2	1	2	2	5	2	0	0	2	7	3	0	0	7	0	1	4	3	0	3	1	3	1	2	1	1	1	11	2	1	3	4	4	2	2	0	1	0	1	5	4	2	2	0	1	2	1	4	3	3	1	3	2	1	2	6	2	0	4	3	6	1	0	4	1	2	0	2	3	1	1	4	0	10	1	0	2	1	1	0	2	0	0	2	0	1	1	2	1	2	0	0	1	2	0	6	0	0	2	0	1	0	1	0	3	6	0	1	3	3	0	1	3	1	3	1	4	0	0	2	2	0	0	0	0	1	3	1	0	1	1	0	0	0	0	0	2	0	0	1	0	4	2	1	0	0	0	1	3	1	3	0	2	4	1	4	2	0	2	4	1	3	4	2	0	2	2	2	2	3	1	2	3	1	7	0	3	2	1	3	0	1	1	1	1	4	1	1	1	2	2	4	1	3	7	5	4	5	5	2	2	0	1	1	0	2	3	0	4	1	4	0	1	1	0	1	0	3	0	0	0	0	2	1	0	2	0	0	1	0	0	4	1	2	2	0	10	2	2	2	2	2	1	3	5	0	1	2
chr9	17933808	2	25	3	2	7	1	4	1	0	3	3	1	7	2	11	4	1	6	2	2	3	13	11	0	2	3	7	2	2	3	2	4	5	2	2	2	7	3	2	1	2	1	0	0	4	1	2	3	2	0	3	0	0	5	0	0	2	1	5	4	1	2	3	2	7	4	2	3	2	3	5	1	0	3	2	0	1	0	1	3	3	1	2	2	3	9	3	2	0	3	1	1	0	5	3	4	2	6	4	0	5	5	3	1	6	6	6	2	3	0	0	1	3	5	3	9	5	3	3	2	2	5	5	2	10	1	8	2	2	6	3	4	2	4	3	3	2	1	2	2	5	2	0	1	2	7	3	0	1	7	0	1	4	4	0	3	1	3	1	2	1	1	1	11	2	1	3	4	4	2	2	0	1	0	2	5	4	2	2	0	2	2	1	4	4	3	1	4	3	1	2	6	2	0	4	3	6	2	0	4	1	2	0	2	3	1	1	4	0	10	2	0	2	1	1	0	2	1	0	2	0	1	1	2	1	2	0	0	1	2	0	6	0	0	2	0	1	0	1	0	3	6	0	1	3	3	0	1	3	1	3	1	4	0	0	2	2	0	1	0	0	1	3	1	0	1	1	0	0	0	0	0	2	0	0	1	0	4	2	1	0	0	0	1	3	1	3	0	2	4	1	4	2	0	2	4	1	3	4	2	0	2	2	2	2	3	1	2	3	1	7	0	3	2	1	3	0	1	1	1	1	4	1	1	1	2	2	5	2	3	7	5	4	6	5	2	2	0	1	1	0	2	3	0	4	1	4	0	1	1	0	1	1	3	0	0	3	0	2	1	0	2	0	0	1	0	0	4	1	2	2	0	10	2	2	2	2	2	1	3	5	0	1	2
chr9	17933809	2	25	3	2	7	1	5	1	0	3	3	1	7	2	11	4	1	6	2	3	3	13	11	0	2	3	7	2	2	3	2	4	5	2	2	2	7	3	2	1	2	1	0	0	4	1	2	3	2	0	3	0	0	5	0	0	2	1	5	4	1	2	3	2	7	4	2	3	2	3	5	1	0	3	2	0	1	0	1	3	3	1	2	2	3	9	3	2	0	3	1	1	0	5	3	4	2	6	4	0	5	5	3	1	6	6	6	2	3	0	0	1	3	5	2	9	5	3	3	2	2	5	5	2	10	1	8	2	2	6	3	4	2	4	3	3	2	1	2	2	5	2	0	1	2	7	3	0	1	7	0	1	4	4	0	3	1	3	1	2	1	1	1	11	2	1	3	4	4	2	2	0	1	0	2	5	4	2	2	0	2	2	1	4	4	3	1	4	3	1	2	6	2	0	4	4	6	2	0	4	1	2	0	2	3	1	1	4	0	10	2	0	2	1	1	0	2	1	0	2	0	1	1	2	1	2	0	0	1	2	0	6	0	0	2	0	1	0	1	0	3	6	0	1	3	3	0	1	3	1	3	1	4	0	0	2	2	0	1	0	0	1	3	1	0	1	1	0	0	0	0	0	2	0	0	1	0	4	2	1	0	0	0	1	3	1	3	0	2	4	1	5	2	0	2	4	1	3	4	2	0	2	3	2	2	3	1	2	3	1	7	0	3	2	1	3	0	1	1	1	1	4	1	1	1	2	2	5	2	3	7	5	4	6	5	2	2	0	1	1	0	2	3	0	4	1	4	0	1	1	0	1	1	3	0	0	3	0	2	1	0	2	0	0	1	0	0	4	1	2	2	0	10	2	2	2	2	2	1	3	5	0	1	2
chr9	17933810	2	25	3	2	7	1	5	1	0	3	3	1	7	2	11	4	1	6	2	3	3	13	11	0	2	3	7	2	2	3	2	4	5	2	2	2	7	3	2	1	2	1	0	0	4	1	2	3	2	0	3	0	0	5	0	0	2	1	5	4	1	2	3	2	7	4	2	3	2	3	5	1	0	3	2	0	1	0	1	3	3	1	2	2	3	9	3	2	0	3	1	1	0	5	3	4	2	6	4	0	4	5	3	1	6	6	6	2	3	0	0	1	3	5	4	9	5	3	3	2	2	6	5	2	10	1	8	2	2	6	3	4	2	4	3	3	2	1	2	2	5	2	0	1	2	7	3	0	1	7	0	1	4	4	0	3	1	3	1	2	1	1	1	11	2	1	3	4	4	2	2	0	1	0	2	5	4	2	2	0	2	2	1	4	4	3	1	4	3	1	2	6	2	0	4	4	6	2	0	4	1	2	0	2	3	1	1	4	0	10	2	0	2	1	1	0	2	1	0	2	0	1	1	2	1	2	0	0	1	2	0	6	0	0	2	0	1	0	1	0	3	6	0	1	3	3	0	1	3	1	3	1	4	0	0	2	2	0	1	0	0	1	3	1	0	1	1	0	0	0	0	0	2	0	0	1	0	4	2	1	0	0	0	1	3	1	3	0	2	4	1	5	2	0	2	4	1	3	4	2	0	2	3	2	2	3	1	2	3	1	7	0	3	2	1	3	0	1	1	1	1	4	1	1	1	2	2	5	2	3	7	5	4	6	5	2	2	0	1	1	0	2	3	0	4	1	4	0	1	1	0	1	1	3	0	0	3	0	2	1	0	2	0	0	1	0	0	4	1	2	2	0	10	2	2	2	2	2	1	3	5	0	1	2
chr9	17933811	2	25	3	2	7	1	5	1	0	3	3	3	7	2	11	4	1	7	2	3	3	13	11	0	2	3	7	2	2	3	2	4	5	2	2	2	7	3	2	2	2	2	0	0	4	1	2	3	2	0	3	0	0	5	0	0	2	1	5	4	1	2	3	2	7	4	2	3	2	3	5	2	0	3	2	0	1	0	2	3	3	1	2	2	3	9	3	2	0	3	1	1	0	5	3	4	2	6	4	0	4	5	3	1	2	6	9	2	4	0	0	1	3	6	4	10	6	3	3	2	4	6	5	2	10	1	8	2	2	6	4	4	2	4	3	3	2	1	2	2	5	2	0	1	2	7	4	0	1	9	0	1	4	4	0	3	1	3	1	2	1	1	1	11	2	1	3	4	4	2	2	0	1	0	2	5	4	2	4	0	2	2	1	5	4	3	2	5	3	1	2	6	2	0	4	5	7	2	0	4	1	2	0	2	3	1	1	4	0	10	2	0	2	1	1	0	2	1	0	2	0	1	1	2	1	2	0	0	1	2	0	6	0	0	2	0	1	0	1	0	3	6	0	1	3	3	0	1	3	1	3	1	4	0	0	2	2	0	1	0	0	1	3	1	0	1	1	0	0	0	0	0	2	0	0	1	0	4	2	1	0	0	0	1	3	1	3	0	2	4	1	5	2	0	2	4	1	3	4	2	0	2	3	2	2	3	1	2	3	1	6	0	3	2	1	3	0	1	1	1	1	4	1	1	1	2	2	5	2	4	7	5	4	7	5	2	2	0	1	1	0	2	3	0	4	1	4	0	1	1	0	1	1	4	0	0	4	1	2	1	0	2	0	1	1	0	0	4	1	2	2	0	10	2	2	2	2	2	1	3	5	0	2	4
chr9	17933812	2	25	3	2	7	1	5	1	0	3	3	3	7	2	11	4	1	7	2	3	3	13	11	0	2	3	7	2	2	3	2	4	5	2	2	2	7	3	2	2	2	2	0	0	4	1	2	3	2	0	3	0	0	5	0	0	2	1	5	4	1	2	3	2	7	4	2	3	2	3	5	2	0	3	2	0	1	0	2	3	3	1	2	2	3	9	3	2	0	3	1	1	0	5	3	4	2	5	4	0	4	5	3	1	2	6	9	2	4	0	0	1	3	6	4	10	6	3	3	2	4	6	5	2	10	1	8	2	2	6	4	4	2	4	3	3	2	1	2	2	5	2	0	1	2	7	4	0	1	9	0	1	4	4	0	3	1	3	1	2	1	1	1	11	2	1	3	4	4	2	2	0	1	0	2	5	4	2	4	0	2	2	1	5	4	3	2	5	3	1	2	6	2	0	4	5	7	2	0	4	1	2	0	2	3	1	1	4	0	10	2	0	2	1	1	0	2	1	0	2	0	1	1	2	1	2	0	0	1	2	0	6	0	0	2	0	1	0	1	0	3	6	0	1	3	3	0	1	3	1	3	1	4	0	0	2	2	0	1	0	0	1	3	1	0	1	1	0	0	0	0	0	2	0	0	1	0	4	2	1	0	0	0	1	3	1	3	0	2	4	1	5	2	0	2	4	1	3	4	2	0	2	3	2	2	3	1	2	3	1	6	0	3	2	1	3	0	1	1	1	1	5	2	1	1	2	2	5	2	6	7	5	4	7	5	2	2	0	1	1	0	2	3	0	4	1	4	0	1	1	0	1	1	4	0	0	4	1	2	1	0	2	0	1	1	0	0	4	1	2	2	0	10	2	2	2	2	2	1	3	5	0	2	4
chr9	17933813	2	25	3	2	7	1	5	1	0	3	3	3	7	2	11	4	1	7	2	3	3	13	11	0	2	3	7	2	2	3	2	4	5	2	2	2	7	3	2	2	2	2	0	0	4	1	2	3	2	0	3	0	0	5	0	0	2	1	5	4	1	2	3	2	7	4	2	3	2	3	5	2	0	3	2	0	1	0	2	3	3	1	2	2	3	9	3	2	0	3	1	1	0	5	3	4	2	5	4	0	4	5	3	1	2	6	9	2	4	0	0	1	3	6	4	10	6	3	3	2	4	6	5	2	10	1	8	2	2	6	4	4	2	4	3	3	2	1	2	2	5	2	0	1	2	7	4	0	1	9	0	1	4	4	0	3	1	3	1	2	1	1	1	11	2	1	3	4	4	2	2	0	1	0	2	5	4	2	4	0	2	2	1	5	4	3	2	5	3	1	2	6	2	0	4	5	7	2	0	4	1	2	0	2	3	1	1	4	0	10	2	0	2	1	1	0	2	1	0	2	0	1	1	2	1	2	0	0	1	3	0	6	0	0	2	0	1	0	1	0	3	6	0	1	3	3	0	1	3	1	3	1	4	0	0	2	2	0	1	0	0	1	3	1	0	1	1	0	0	0	0	0	2	0	0	1	0	4	2	1	0	0	0	1	3	1	3	0	2	4	1	5	2	0	2	4	1	3	4	2	0	2	3	2	2	3	1	2	3	1	6	0	3	2	1	3	0	1	1	1	1	5	2	1	1	2	2	5	2	6	7	5	4	7	4	2	2	0	1	1	0	2	3	0	4	1	4	0	1	1	0	1	1	4	0	0	4	1	2	1	0	2	0	1	1	0	0	4	1	2	2	0	10	2	2	2	2	2	1	3	5	0	2	4
chr9	17933814	2	25	1	2	5	1	2	1	0	2	3	3	6	0	11	4	1	7	2	3	3	13	11	0	2	3	6	2	2	3	0	4	3	2	2	2	6	3	2	2	2	2	0	0	4	1	2	3	1	0	2	0	0	5	0	0	2	1	4	4	1	2	3	2	5	3	2	3	2	3	5	1	0	3	2	0	0	0	2	3	3	1	2	2	3	9	3	2	0	3	1	1	0	5	3	4	2	5	4	0	4	5	3	1	2	6	9	2	4	0	0	1	2	6	4	9	6	3	3	2	4	6	5	2	10	1	8	2	2	6	4	4	2	3	3	3	2	1	2	2	5	2	0	1	2	7	4	0	1	9	0	1	4	4	0	3	1	3	1	2	1	1	1	11	2	1	3	4	4	2	2	0	0	0	2	5	4	2	4	0	2	2	1	5	4	3	2	5	3	1	2	6	1	0	4	3	7	2	0	4	1	2	0	2	3	1	1	4	0	10	2	0	2	1	1	0	2	1	0	2	0	1	1	2	1	2	0	0	1	3	0	6	0	0	2	0	1	0	1	0	3	6	0	1	3	3	0	1	3	1	3	1	4	0	0	2	2	0	1	0	0	1	3	1	0	1	1	0	0	0	0	0	2	0	0	1	0	4	2	1	0	0	0	1	3	1	3	0	2	4	1	5	2	0	2	4	1	3	4	2	0	2	3	2	2	3	1	2	3	1	6	0	3	2	1	3	0	1	1	1	1	5	2	1	1	2	2	5	2	5	7	5	4	7	4	2	2	0	1	1	0	2	3	0	4	1	4	0	1	1	0	1	1	4	0	0	4	1	2	1	0	2	0	1	1	0	0	3	1	2	2	0	10	2	2	2	2	2	1	3	5	0	2	4
chr9	17933815	2	25	1	2	5	1	2	1	0	2	3	3	6	0	10	4	1	7	3	3	3	13	11	0	1	3	6	2	2	3	0	4	3	2	2	2	6	3	2	2	2	2	0	0	4	1	2	3	1	0	2	0	0	5	0	0	2	1	4	4	1	2	3	2	5	3	2	3	2	3	5	1	0	3	2	0	0	0	2	3	3	1	2	2	3	9	3	2	0	3	1	1	0	5	3	4	2	5	4	0	4	5	3	1	2	6	9	2	4	0	0	1	2	6	4	9	6	3	3	2	4	6	5	2	10	1	8	2	2	6	4	4	2	3	3	3	2	1	2	2	5	2	0	1	2	7	4	0	1	9	0	1	3	4	0	3	1	3	1	0	1	1	1	11	2	1	3	4	4	2	2	0	0	0	2	5	4	2	4	0	2	2	1	5	4	3	2	5	3	1	2	6	1	0	4	3	7	2	0	4	1	2	0	2	3	0	1	4	0	10	2	0	2	1	2	0	2	1	0	2	0	1	1	2	1	2	0	0	1	3	0	6	0	0	2	0	1	0	1	0	3	6	0	1	3	3	0	1	3	1	3	1	4	0	0	2	2	0	1	0	0	1	3	1	0	1	1	0	0	0	0	0	2	0	0	1	0	4	2	1	0	0	0	1	3	1	3	0	2	4	1	5	2	0	2	4	1	3	4	2	0	2	3	2	2	3	1	2	3	1	6	0	3	2	1	3	0	1	1	1	1	5	2	1	1	2	2	5	2	5	7	5	4	7	4	2	2	0	1	1	0	2	3	0	4	1	4	0	1	1	0	1	1	4	0	0	4	1	2	1	0	2	0	1	1	0	0	3	1	2	2	0	10	2	2	2	2	2	1	3	5	0	2	4
chr9	17933816	2	23	1	2	5	1	2	2	0	2	3	3	6	0	10	4	1	7	3	3	3	14	12	0	1	3	6	2	2	3	0	4	3	2	2	2	6	3	2	2	2	1	0	1	4	0	2	3	1	1	3	0	0	6	0	0	2	1	4	4	1	2	3	2	6	4	2	3	2	3	6	1	0	4	2	0	0	0	2	2	3	1	1	2	3	9	3	2	0	3	1	1	0	5	3	4	3	5	4	0	4	5	3	1	2	6	9	2	4	1	0	1	2	6	4	10	6	3	4	2	4	6	7	2	10	1	8	2	2	6	4	4	2	3	3	3	2	1	2	2	5	2	0	2	2	7	4	0	1	9	0	1	3	4	2	3	1	3	1	0	1	1	1	11	2	1	3	4	4	2	2	0	0	0	2	5	4	2	4	0	2	3	2	5	4	3	2	5	3	1	2	7	2	0	4	3	7	2	0	4	1	2	0	2	3	0	2	4	0	10	2	0	3	1	2	0	2	1	0	2	0	1	1	2	2	2	0	0	1	3	0	6	0	0	2	0	1	0	2	0	3	6	0	1	3	3	0	1	3	1	3	1	4	0	0	2	2	0	1	0	0	1	4	1	0	1	1	0	0	0	0	0	2	0	0	1	0	4	3	1	0	1	0	1	3	1	3	0	2	4	1	5	2	0	2	2	1	3	4	2	0	2	3	1	2	3	1	2	3	1	6	1	3	2	1	3	0	1	1	1	1	5	2	1	1	2	2	5	2	5	7	6	4	7	4	2	2	0	1	1	0	3	3	0	4	2	4	0	1	1	0	1	1	4	0	0	4	1	2	1	0	2	0	1	1	0	0	3	1	2	2	0	10	2	4	2	2	2	1	3	5	0	3	4
chr9	17933817	2	23	1	2	5	1	2	2	0	2	3	3	6	0	10	4	1	7	3	3	3	12	12	0	1	3	6	2	2	3	0	4	3	2	2	2	6	3	2	2	2	1	0	1	4	0	2	3	1	1	3	0	0	6	0	1	2	1	4	4	1	2	3	2	6	4	2	3	2	3	6	1	0	4	2	0	0	0	2	1	3	1	1	2	3	9	3	2	0	3	1	1	0	5	3	4	3	5	4	0	4	5	3	1	2	6	9	2	4	1	0	1	2	6	4	10	6	3	4	2	4	7	7	2	10	1	8	2	2	6	5	4	2	3	3	3	2	1	2	2	5	2	0	2	2	7	4	0	1	9	0	1	3	4	2	3	1	3	1	0	1	1	1	10	2	1	3	4	4	2	2	0	0	0	2	5	4	2	5	0	2	3	2	4	4	3	2	5	3	1	2	7	2	0	4	3	7	2	0	3	1	2	0	2	3	0	2	4	0	10	2	0	4	1	2	0	2	1	0	2	0	1	1	2	2	2	0	0	1	3	0	6	0	0	2	0	1	0	2	0	3	6	0	1	3	3	0	1	3	1	3	1	4	0	0	2	2	0	1	0	0	1	4	1	0	1	1	0	0	0	0	0	2	0	0	1	0	4	3	1	0	1	0	1	3	1	3	0	2	4	1	5	2	0	2	2	1	3	4	2	0	2	3	1	2	3	1	1	3	1	6	1	3	2	1	4	0	1	1	1	1	5	2	1	1	2	2	5	2	5	7	6	4	7	4	2	2	0	1	1	0	3	3	0	4	2	4	0	1	1	0	1	1	4	0	0	4	1	2	1	0	2	0	1	1	0	0	3	1	2	2	0	9	2	3	2	2	2	1	3	5	0	3	4
chr9	17933818	2	23	1	2	5	1	2	2	0	2	3	3	6	0	10	4	1	7	3	3	3	12	12	0	1	3	6	2	2	3	0	4	3	2	2	2	6	3	2	2	2	1	0	2	4	0	2	3	1	1	3	0	0	6	0	1	2	1	4	4	1	2	3	2	6	4	2	3	2	3	6	1	0	4	2	0	0	0	2	1	3	1	1	2	3	9	3	2	0	3	1	1	0	5	3	4	4	5	4	0	4	5	3	1	2	6	9	2	4	1	0	1	2	6	4	10	6	4	4	2	4	6	7	2	10	1	8	2	2	5	5	4	2	3	3	3	2	1	2	2	5	2	0	2	2	7	4	0	1	9	0	1	3	4	2	3	1	3	1	0	1	1	1	10	2	1	3	4	5	2	2	0	0	0	2	5	4	2	5	0	2	3	2	4	4	3	2	5	3	1	2	7	2	0	4	3	7	2	0	3	1	2	0	2	3	0	2	4	0	10	2	0	4	1	2	0	2	1	0	2	0	1	1	2	2	2	0	0	1	3	0	6	0	0	2	0	1	0	2	0	3	6	0	1	3	3	0	1	3	1	3	1	4	0	0	2	2	0	1	0	0	1	4	1	0	1	1	0	0	0	0	0	2	0	0	1	0	4	3	1	0	1	0	1	3	1	3	0	2	4	1	5	2	0	2	2	1	3	4	2	0	2	3	1	2	3	1	1	3	2	6	1	3	2	1	4	0	1	1	1	1	5	2	1	1	2	2	5	2	5	7	6	4	7	4	2	2	0	1	1	0	3	3	0	4	2	4	0	1	1	0	1	1	4	0	0	4	1	2	1	0	2	0	1	1	0	0	3	1	2	2	0	9	2	3	2	2	2	1	3	5	0	3	4
chr9	17933819	2	23	1	2	5	1	2	2	0	2	3	3	6	0	10	4	1	7	3	3	3	12	13	0	1	3	6	2	2	3	0	4	3	2	2	2	5	3	2	2	2	1	0	2	4	0	2	3	0	1	3	0	0	6	0	1	2	1	4	4	1	2	3	2	6	4	2	3	2	3	6	1	0	4	2	0	0	0	2	1	3	1	1	2	3	9	3	2	0	3	1	1	0	5	3	4	4	5	4	0	4	5	3	1	2	6	9	2	4	1	2	1	2	6	4	10	6	4	4	2	4	6	7	2	10	1	7	2	2	5	5	3	2	3	3	3	2	1	2	2	5	2	0	2	2	7	4	0	1	9	0	1	3	4	2	3	1	3	1	0	1	1	1	10	2	1	3	4	5	2	2	0	0	0	2	5	4	2	5	0	2	3	2	4	4	3	2	5	3	1	2	7	2	0	4	3	7	2	0	3	1	2	0	2	2	0	2	4	0	10	2	0	4	1	2	0	2	1	0	2	0	1	1	2	2	2	0	0	1	3	0	6	0	0	2	0	1	0	2	0	3	6	0	1	3	3	0	1	3	1	3	1	4	0	0	2	2	0	1	0	0	1	4	1	0	1	1	0	0	0	0	0	2	0	0	1	0	4	3	1	0	1	0	1	3	1	3	0	2	4	1	5	2	0	2	2	1	3	4	3	0	2	3	1	2	3	0	1	3	2	5	1	3	2	1	3	0	1	1	1	1	5	2	1	1	2	2	5	2	5	7	5	4	7	4	2	2	0	1	1	0	3	3	0	4	2	4	0	1	1	0	1	1	4	0	0	4	1	2	1	0	2	0	1	1	0	0	3	1	2	2	0	9	2	3	2	2	2	1	3	5	0	3	4
chr9	17933820	2	23	1	2	5	1	2	2	0	2	3	3	6	0	10	4	1	7	3	3	3	12	13	0	1	3	6	1	2	3	0	4	3	2	2	2	5	3	2	2	2	1	0	2	4	0	2	3	0	1	3	0	0	6	0	1	3	1	4	4	1	2	3	2	6	4	2	3	2	3	6	1	0	3	2	0	0	0	2	1	3	1	1	2	3	9	3	1	0	3	1	1	0	5	3	4	4	5	4	0	4	5	3	1	2	6	9	2	3	1	2	1	2	6	4	9	5	4	4	2	4	6	7	3	10	1	7	2	2	5	5	3	2	3	3	3	2	1	2	2	3	2	0	2	2	7	4	0	1	9	0	1	3	4	2	3	1	3	1	0	1	1	1	10	2	1	3	4	5	2	2	0	0	0	2	5	4	1	5	0	2	3	2	4	4	3	2	5	3	1	2	6	2	0	4	3	7	2	0	3	1	2	0	2	2	0	2	4	0	10	2	0	4	1	2	0	2	1	0	2	0	1	1	2	2	2	0	0	1	3	0	6	0	0	2	0	1	0	2	0	3	6	0	1	3	3	0	1	3	1	3	1	4	0	0	2	2	0	1	0	0	1	4	1	0	1	1	0	0	0	0	0	2	0	0	1	0	4	3	1	0	1	0	1	3	1	3	0	2	4	1	5	2	0	2	2	1	3	3	3	0	2	3	1	2	3	0	1	3	2	4	1	3	2	1	3	0	1	1	1	1	5	2	1	1	2	2	5	2	5	7	5	4	7	4	2	2	0	1	1	0	3	3	0	4	2	4	0	1	1	0	1	1	4	0	0	4	1	1	1	0	2	0	1	1	0	0	3	1	2	2	0	9	2	3	2	2	2	1	3	5	0	3	4
chr9	17933821	2	23	2	2	5	1	2	2	0	2	4	3	7	0	10	4	1	7	3	3	4	12	13	0	1	3	6	1	2	3	0	5	3	2	2	2	5	3	2	2	2	2	0	3	4	0	2	3	0	1	3	0	0	6	0	1	3	1	4	4	1	2	3	2	6	4	2	5	4	3	6	1	0	3	2	0	0	0	2	1	3	1	1	2	3	9	3	2	1	3	1	4	0	6	3	6	4	5	4	1	4	5	3	2	3	6	9	2	5	1	3	1	4	8	4	9	5	4	4	2	5	6	7	3	10	1	7	2	2	6	5	3	2	3	3	4	3	1	2	2	4	3	0	2	2	7	4	0	2	9	0	1	3	4	2	2	1	3	1	0	1	1	2	10	2	2	4	4	5	2	2	1	1	1	2	6	4	1	6	0	2	3	2	4	4	4	2	5	4	1	2	6	2	1	4	3	7	2	0	4	1	2	0	2	3	0	2	4	2	10	2	0	5	1	2	0	2	2	0	3	0	1	1	2	2	2	0	2	2	3	1	6	1	1	2	0	1	0	2	1	3	7	0	1	3	3	0	1	3	1	3	1	4	0	2	2	2	1	1	0	0	1	4	1	0	2	1	0	0	0	0	0	2	0	1	1	0	6	3	1	0	1	0	1	3	1	3	0	3	5	3	5	3	0	2	2	1	5	3	3	0	3	3	1	2	4	0	1	3	2	4	1	3	2	2	4	0	1	1	1	1	7	2	1	1	2	2	5	2	5	7	5	4	7	4	2	2	1	1	1	0	4	3	0	4	2	4	0	1	1	0	1	1	4	0	0	4	1	1	1	0	2	0	2	1	0	0	3	1	4	5	0	10	2	3	3	2	2	1	3	6	1	3	4
chr9	17933822	2	23	2	2	5	1	2	2	0	2	4	3	7	0	10	4	1	7	3	3	4	13	13	0	1	3	6	1	2	3	0	5	3	2	2	2	5	3	2	2	2	2	0	3	4	0	2	3	0	1	3	0	0	6	0	1	3	1	4	4	1	2	3	2	6	4	2	5	3	3	6	1	0	3	2	0	0	0	2	2	3	1	1	2	3	9	3	2	1	3	1	4	0	6	3	6	4	5	4	1	4	5	3	2	5	6	8	2	5	1	3	2	5	8	4	9	5	4	4	2	6	6	8	4	10	1	7	2	2	6	5	3	2	3	3	4	3	1	2	2	4	4	0	2	2	7	4	0	2	9	0	2	3	4	2	2	2	3	1	0	1	1	2	10	3	2	4	4	5	2	2	1	1	2	2	6	4	1	6	0	2	3	2	4	4	4	2	5	5	1	2	6	2	1	4	4	7	2	0	4	1	2	0	2	3	0	2	4	2	10	3	0	5	1	2	0	2	2	0	3	0	1	1	2	2	2	0	2	2	3	1	6	1	1	2	0	1	0	2	1	3	7	0	1	3	3	0	1	3	1	3	1	4	0	3	2	2	1	1	0	0	1	4	1	0	2	1	0	0	0	0	0	2	0	1	1	0	6	3	1	0	1	0	1	3	1	3	0	3	5	3	5	3	0	2	2	1	5	3	3	0	4	3	1	2	4	0	1	4	2	4	1	3	2	2	4	0	1	1	1	1	7	2	1	1	2	2	5	2	5	7	5	4	8	5	2	2	2	1	1	0	4	3	0	4	2	4	0	1	1	0	1	1	4	0	0	4	1	1	1	0	2	0	2	1	0	0	3	1	4	5	0	10	2	3	3	2	2	1	3	6	1	3	4
chr9	17933823	2	24	2	2	5	0	2	2	0	2	4	3	7	0	10	4	1	7	3	3	4	13	13	0	1	3	6	1	2	3	0	5	3	2	1	2	5	3	2	2	2	2	0	3	4	0	2	3	0	1	3	1	0	6	0	1	3	1	4	4	1	2	3	2	6	3	2	5	3	3	6	1	0	3	2	0	0	0	2	2	3	1	1	2	3	9	3	2	1	3	1	4	0	6	3	6	4	5	4	1	4	5	1	2	5	5	8	2	5	1	3	2	5	7	3	8	5	4	4	2	6	6	8	4	10	1	7	2	3	6	5	3	2	3	4	3	3	1	2	2	4	4	0	2	2	7	4	0	2	9	0	2	3	4	2	2	2	3	1	0	1	1	1	11	3	2	4	4	5	2	2	1	1	2	2	5	4	1	6	0	2	3	2	4	4	4	2	5	5	1	2	6	2	1	4	4	7	2	0	4	1	2	0	2	3	0	2	4	2	10	3	0	5	1	2	0	2	2	0	3	0	1	1	2	2	2	0	2	2	2	1	6	1	1	2	1	1	0	2	1	3	7	0	1	3	3	0	1	3	1	3	1	4	0	3	2	2	1	1	0	0	1	4	1	0	2	1	0	0	0	0	0	2	0	1	1	0	6	3	1	0	1	0	1	3	1	3	0	3	5	3	5	3	0	2	2	1	5	3	3	0	4	3	1	2	4	0	1	4	2	4	1	3	2	2	4	0	1	1	1	1	7	2	1	1	2	2	5	2	5	7	5	4	8	5	2	2	2	1	1	0	4	3	0	4	3	4	0	1	1	0	1	1	4	0	0	4	1	1	1	0	2	0	2	1	0	0	3	1	4	5	0	10	2	3	3	2	2	1	3	5	1	3	4
chr9	17933824	2	24	2	2	5	0	2	2	0	2	4	3	7	0	10	4	1	7	3	3	4	13	13	1	1	3	6	1	2	3	0	7	3	2	1	2	5	3	2	2	2	2	0	3	4	0	2	3	0	1	3	1	0	6	0	1	3	1	4	4	1	2	3	2	6	3	2	5	4	3	6	1	0	3	2	0	0	0	2	3	3	1	1	2	3	9	3	2	1	3	1	4	0	8	3	6	4	5	4	1	4	5	1	2	5	5	8	2	5	1	3	2	5	7	3	8	6	4	4	2	6	6	8	4	9	1	7	2	3	6	7	3	2	3	4	3	3	2	2	2	4	4	0	2	2	7	5	0	2	9	1	2	3	4	2	2	2	3	1	0	1	1	1	11	4	2	4	4	6	2	2	1	1	2	2	5	5	1	6	0	2	4	2	5	4	4	2	5	5	1	2	6	2	1	4	4	8	2	0	4	1	2	0	3	3	0	2	4	2	10	3	0	5	1	2	0	2	2	0	4	0	1	1	2	2	2	0	2	2	2	1	6	1	1	2	2	1	0	2	1	3	7	0	1	4	3	0	1	3	1	3	1	4	0	4	2	2	1	1	0	0	1	5	1	0	2	1	0	0	0	0	0	2	0	1	1	0	6	3	1	0	1	1	1	3	1	3	0	3	5	3	5	3	0	2	2	1	5	5	3	0	4	3	1	2	4	1	1	4	2	4	1	3	2	2	4	0	1	1	1	1	8	2	1	1	2	2	5	2	5	7	5	4	8	5	2	2	2	1	1	0	4	3	0	4	3	4	0	1	1	0	1	1	4	0	0	4	1	1	1	0	2	0	2	1	0	0	3	1	4	5	0	10	2	3	3	2	3	1	3	5	1	3	4
chr9	17933825	2	24	2	2	5	0	2	2	0	2	4	3	7	0	10	4	1	7	3	3	4	13	13	1	1	3	6	1	1	3	0	7	3	2	1	2	5	3	2	2	2	2	0	3	3	0	2	3	0	1	3	1	0	6	0	1	3	1	4	4	1	2	3	2	6	3	2	5	4	3	6	1	0	3	2	0	0	0	2	3	3	1	1	2	3	9	3	2	1	2	1	4	0	8	3	6	4	5	4	1	4	5	1	2	5	5	8	2	5	1	3	2	5	7	3	8	6	4	4	2	6	6	8	4	9	1	7	2	3	6	7	3	2	3	4	3	3	2	2	2	3	4	0	2	2	7	5	0	2	9	1	2	3	4	2	2	2	3	1	0	1	1	1	11	4	2	4	4	7	2	2	1	1	2	2	5	5	1	6	0	2	4	2	5	4	4	2	5	4	1	2	5	2	1	4	4	8	2	0	4	1	2	0	3	3	0	2	4	2	10	3	0	5	1	2	0	2	2	0	4	0	1	1	2	2	2	0	2	2	2	1	6	1	1	2	2	1	0	2	1	3	7	0	1	4	3	0	1	3	1	3	1	4	0	4	2	2	1	1	0	0	1	5	1	0	2	1	0	0	0	0	0	2	0	1	1	0	6	3	1	0	1	1	1	3	1	3	0	3	5	3	5	3	0	2	2	1	5	5	3	0	4	3	1	2	4	1	1	4	2	4	1	3	2	2	4	0	1	1	1	1	8	2	1	1	2	2	5	2	5	7	5	4	8	5	2	2	2	0	1	0	4	3	0	4	3	4	0	1	1	0	1	1	4	0	0	4	1	1	1	0	2	0	2	1	0	0	3	1	4	5	0	10	2	3	3	2	3	1	3	5	1	3	4
chr9	17933826	2	24	2	4	5	0	2	3	0	2	4	3	8	0	11	5	2	7	3	3	4	13	15	1	1	3	6	1	1	3	0	7	3	2	1	2	5	3	2	2	2	2	0	3	4	0	2	3	0	1	3	1	0	6	0	1	3	1	4	5	1	2	5	3	7	3	3	5	4	3	6	1	0	3	2	0	0	0	2	4	4	3	1	2	4	9	3	2	1	2	1	4	0	8	3	7	5	8	5	1	4	6	1	2	5	6	9	2	6	1	5	2	5	7	3	9	7	4	4	2	6	6	9	4	9	1	8	2	3	6	8	4	2	4	4	3	4	2	2	2	3	4	0	2	2	7	5	1	2	10	1	2	5	5	2	2	3	3	1	0	1	1	1	11	4	2	5	4	8	2	2	2	1	2	4	5	6	1	6	0	2	4	2	5	4	4	2	5	6	1	4	5	3	1	4	4	10	3	0	4	1	2	0	3	4	0	3	4	2	9	3	0	5	1	2	0	2	2	0	4	0	2	1	2	2	2	0	2	3	2	1	6	2	2	2	2	2	0	2	1	3	7	0	1	5	3	0	1	3	1	3	1	4	0	5	2	2	2	3	0	0	1	6	1	0	2	1	0	1	0	0	0	2	0	1	2	0	6	3	3	0	1	1	1	3	2	3	0	3	5	3	5	3	1	2	3	1	5	5	3	1	4	3	1	2	4	2	1	4	3	4	1	3	2	3	4	0	1	1	2	2	9	2	1	1	2	2	5	2	6	7	6	4	10	5	2	2	2	0	1	0	5	3	1	4	3	5	0	1	1	0	1	1	5	0	0	5	1	1	1	0	2	0	2	1	1	0	3	3	5	5	0	10	2	3	3	3	3	1	4	5	3	3	5
chr9	17933827	2	24	2	4	5	0	2	3	0	2	4	3	8	0	12	6	2	7	4	3	5	13	15	1	1	3	7	1	1	3	0	7	3	2	1	2	5	3	2	2	3	2	0	3	4	0	3	3	0	1	3	1	0	6	0	1	3	1	4	5	1	2	5	3	7	3	3	5	4	4	6	1	0	3	3	0	0	0	2	4	4	3	1	2	4	9	3	2	1	2	1	4	0	9	3	7	5	8	5	1	4	6	2	2	5	6	9	2	6	1	5	1	5	8	3	9	8	4	4	2	6	6	9	4	9	1	8	2	3	6	8	3	2	4	4	3	4	2	2	2	3	4	0	2	2	7	5	1	2	10	1	2	5	5	2	2	3	3	1	0	1	1	1	11	4	2	5	4	8	2	2	2	1	2	4	5	6	1	6	0	2	4	2	5	4	4	2	5	6	1	4	5	3	1	4	4	10	3	0	4	1	2	0	3	5	0	3	4	2	9	3	1	5	1	1	1	2	2	0	4	0	2	1	2	2	2	0	2	3	2	1	6	2	2	2	2	2	0	2	1	3	7	0	1	5	3	0	1	3	1	3	1	4	0	5	2	2	2	3	0	0	1	6	1	0	2	1	0	1	0	0	0	2	0	1	3	0	6	3	3	0	1	1	1	3	2	3	0	3	5	3	5	3	1	2	3	2	5	5	3	1	4	3	1	2	4	2	1	4	4	5	1	3	2	3	4	0	1	1	2	2	9	2	1	1	3	2	6	2	6	7	6	4	10	5	2	2	2	0	1	0	5	3	1	4	3	5	0	1	1	0	1	1	5	0	0	5	1	1	1	0	2	0	2	1	1	0	3	3	5	5	0	10	2	3	3	3	3	1	4	5	3	4	6
chr9	17933828	2	24	2	4	6	1	2	3	0	2	4	3	8	0	12	6	2	7	4	3	5	13	15	1	1	3	7	1	1	3	0	7	3	2	1	2	5	3	2	2	3	2	0	3	4	0	3	3	0	1	3	1	0	6	0	1	3	1	4	5	1	2	5	3	7	3	3	5	4	4	6	1	0	3	3	0	0	0	2	4	4	4	1	2	4	9	4	2	1	2	1	4	0	9	3	7	5	9	5	1	4	6	2	2	5	6	9	2	6	1	5	1	5	8	3	9	8	4	4	2	6	6	9	4	9	1	8	2	3	6	8	3	2	4	4	3	4	2	2	2	3	4	0	2	2	7	5	1	2	10	1	2	5	5	2	2	3	3	1	0	1	1	1	11	4	2	5	4	8	2	2	2	1	2	4	5	6	1	6	0	2	4	2	5	4	4	2	5	6	1	4	5	3	1	4	4	10	3	0	4	1	2	0	3	5	0	3	4	2	9	3	1	4	1	1	2	2	2	0	4	0	2	1	2	2	2	0	2	3	2	1	6	2	2	2	2	2	0	2	1	3	7	0	1	5	3	0	1	3	1	3	1	4	0	5	2	2	2	3	0	0	1	6	1	0	2	1	0	1	0	0	0	2	0	1	3	0	6	3	3	0	1	1	1	3	2	3	0	3	5	3	5	3	1	2	3	2	5	5	3	1	4	3	1	2	4	2	1	4	4	5	1	3	2	3	4	0	1	1	2	2	9	2	1	1	3	2	6	2	6	7	6	4	10	5	2	2	2	0	1	0	5	3	1	4	3	5	0	1	1	0	1	1	5	0	0	5	1	1	1	0	2	0	2	1	1	0	3	4	5	4	0	10	2	3	3	3	3	1	4	5	3	5	6
chr9	17933829	2	23	2	4	6	1	2	3	0	2	4	3	8	0	12	6	2	7	4	3	5	13	15	1	1	3	7	1	1	3	0	6	3	2	1	2	5	3	2	2	3	2	0	3	4	0	3	3	0	1	3	1	0	6	0	1	3	1	4	5	1	2	5	3	7	3	3	5	4	4	7	1	0	3	4	0	0	0	2	4	4	4	1	2	4	9	4	2	1	2	2	4	0	9	3	7	5	9	5	1	4	6	2	2	5	7	9	2	6	1	5	1	5	8	3	9	8	4	4	2	6	6	9	4	9	1	8	2	3	6	8	3	2	4	4	3	4	2	2	2	3	4	0	2	2	7	5	1	2	10	1	2	5	5	2	2	3	3	1	0	1	1	1	11	4	2	5	4	8	2	2	2	1	2	4	5	6	1	6	0	2	4	2	5	4	4	2	5	6	1	4	6	3	1	4	4	10	3	0	4	1	2	0	3	5	0	3	4	2	9	3	1	4	1	1	2	2	2	0	5	0	2	1	2	2	2	0	2	3	2	1	6	2	2	2	2	2	0	2	1	3	7	0	1	5	3	0	1	3	1	3	1	4	0	5	2	2	2	3	0	0	1	6	1	0	2	1	0	1	0	0	0	2	0	1	3	0	4	3	3	0	1	1	1	3	2	2	0	3	5	3	5	3	1	2	3	2	5	5	3	1	4	3	1	2	4	2	1	4	4	5	1	3	2	3	4	0	1	1	2	2	9	2	1	1	3	2	7	2	6	7	6	4	10	5	2	2	2	0	1	0	5	3	1	4	3	5	0	1	1	0	1	1	5	0	0	5	1	1	1	0	2	0	2	1	1	0	3	4	5	4	0	10	2	3	4	3	3	1	4	6	3	5	6
chr9	17933830	2	23	2	4	6	1	2	3	0	2	4	3	8	0	12	6	2	7	4	3	5	13	15	1	2	3	7	1	1	3	0	6	3	2	1	2	5	3	2	2	3	2	0	3	4	0	3	3	0	1	3	1	0	6	0	1	3	1	4	5	1	2	5	3	7	3	3	5	4	4	7	1	0	3	4	0	0	0	2	4	5	5	1	2	4	9	4	2	1	2	2	4	0	9	3	7	5	9	5	1	4	6	2	2	5	7	9	2	6	1	5	1	5	8	3	9	7	4	4	2	7	6	9	4	9	1	6	3	3	6	8	3	2	4	4	3	4	2	2	2	3	4	0	2	2	7	5	1	2	10	1	2	5	5	2	2	3	3	1	0	1	1	1	11	4	1	5	4	9	2	3	2	4	2	4	5	6	1	6	0	3	4	2	5	4	4	2	5	6	1	4	6	3	1	4	4	10	3	0	4	1	2	0	3	5	0	3	4	2	9	3	1	4	1	1	2	2	2	0	5	0	2	1	2	2	2	0	2	3	2	1	6	2	2	2	2	2	0	2	1	3	7	0	1	5	3	0	1	3	1	4	1	4	0	5	2	2	2	3	0	0	1	6	1	0	2	1	0	1	0	0	0	2	0	1	4	0	4	3	3	0	1	1	1	3	2	2	0	3	5	3	5	3	1	2	3	2	5	5	2	1	4	3	1	2	4	2	1	4	4	5	1	3	2	3	4	0	1	1	2	2	9	2	1	1	3	2	7	2	6	7	6	4	10	5	2	3	2	0	1	0	5	3	1	4	3	4	0	1	1	0	1	1	5	0	0	5	1	1	1	0	2	0	2	1	1	0	2	4	5	4	0	10	2	3	4	3	3	1	4	6	3	7	6
chr9	17933831	2	23	2	4	7	1	2	3	0	2	4	3	8	0	12	6	2	7	4	3	5	13	15	1	2	3	7	1	1	3	0	6	3	2	1	3	5	3	2	2	3	2	0	3	4	0	3	3	0	1	3	1	0	6	0	1	3	1	4	5	1	2	5	3	7	3	3	5	4	4	7	1	0	3	4	0	0	0	2	4	5	5	1	2	4	9	4	2	1	2	2	4	0	9	3	7	5	9	5	1	4	6	2	2	5	7	9	2	6	1	6	1	5	8	3	9	7	4	4	2	7	6	9	4	9	1	6	3	3	6	8	3	2	4	4	3	4	2	2	2	3	4	0	2	2	7	5	1	2	10	1	2	5	5	2	2	3	3	1	0	1	1	1	11	3	1	5	4	9	2	3	2	4	2	4	5	6	1	6	0	3	4	2	5	4	4	2	5	6	1	4	6	3	1	4	4	10	3	0	4	1	2	0	3	5	0	3	4	2	9	3	1	4	1	1	3	2	2	0	5	0	2	1	2	2	2	0	2	3	2	1	6	2	2	2	2	2	0	2	1	3	7	0	1	5	3	0	1	3	1	4	1	4	0	5	2	2	2	3	0	0	1	6	1	0	2	1	0	1	0	0	0	2	0	1	4	0	4	3	3	0	1	1	1	3	2	2	0	3	5	3	5	3	1	2	3	2	5	5	2	1	4	3	1	2	4	2	1	4	4	5	1	3	2	3	4	0	1	1	2	2	9	2	1	1	3	2	7	2	6	7	6	4	10	5	2	3	2	0	1	0	5	3	1	4	3	4	0	1	1	0	1	1	5	0	0	5	1	1	1	0	2	0	2	1	1	0	2	4	5	4	0	10	2	3	4	3	3	1	4	6	3	7	6
chr9	17933832	2	23	2	4	9	1	2	3	0	2	4	3	8	0	12	6	2	7	4	3	5	13	15	1	2	3	7	1	1	3	0	6	3	2	1	3	5	3	2	2	3	2	0	3	4	0	3	3	0	2	3	1	0	6	0	1	3	1	4	5	1	2	5	3	7	3	3	5	4	4	7	1	0	3	4	0	0	0	2	4	5	6	1	2	4	9	4	3	1	2	2	4	1	9	3	7	5	9	6	1	4	6	2	3	5	7	9	2	6	1	6	1	5	8	3	9	7	4	4	2	7	6	9	4	9	1	6	3	3	6	9	3	2	5	4	3	4	3	2	2	4	4	0	2	2	7	5	2	2	11	1	2	5	5	3	2	3	3	1	0	2	1	1	11	5	1	5	4	9	2	3	2	4	3	4	5	6	2	6	0	3	4	2	5	4	4	2	5	6	1	4	8	3	1	4	4	10	3	0	4	1	2	1	3	5	0	3	4	2	9	3	1	4	1	1	3	2	2	0	5	0	2	1	3	2	2	0	2	3	2	1	6	2	2	2	2	2	0	2	1	3	7	0	1	5	3	0	1	3	1	4	1	5	0	5	2	2	2	3	0	0	1	6	1	1	2	1	0	1	0	0	1	2	0	1	4	0	4	3	3	0	1	3	1	3	2	2	0	3	5	3	5	3	1	2	3	2	5	5	2	1	4	3	1	2	4	2	1	4	5	5	1	3	2	3	4	0	1	1	2	2	9	2	1	1	3	2	7	2	6	7	6	4	10	5	2	3	4	0	1	0	5	3	1	4	3	4	0	1	1	0	1	1	5	0	0	6	1	1	1	0	2	0	2	1	1	0	3	4	5	4	0	10	2	3	4	3	3	1	4	6	3	7	7
chr9	17933833	2	23	2	4	9	1	2	3	0	2	4	3	8	0	12	6	2	7	4	3	5	13	15	1	2	3	7	1	1	3	0	6	3	2	1	3	5	3	0	2	3	2	0	3	4	0	3	3	0	2	3	1	0	6	0	1	3	1	4	5	1	2	5	3	7	3	3	5	4	4	7	1	0	3	4	0	0	0	2	4	5	6	1	2	4	9	4	3	1	2	2	4	1	9	3	8	5	9	6	1	4	6	2	3	5	7	9	2	6	1	6	1	5	8	3	9	7	4	4	2	6	6	9	4	9	1	6	3	3	6	9	3	2	5	4	3	4	3	2	2	4	4	0	2	2	7	5	2	2	11	1	2	5	5	3	2	3	3	1	0	2	1	1	11	5	1	5	4	9	2	3	2	4	3	4	5	6	2	6	0	3	4	2	5	4	4	2	5	6	1	4	8	3	1	4	4	10	3	0	4	1	2	1	3	5	0	3	4	2	10	3	1	4	1	1	3	2	2	0	5	0	2	1	3	2	2	0	2	3	2	1	6	2	2	2	2	2	0	2	1	3	7	0	1	5	3	0	1	3	1	4	1	5	0	5	2	2	2	3	0	0	1	6	1	1	2	1	0	1	0	0	1	2	0	1	4	0	4	3	3	0	1	3	1	3	2	2	0	3	5	3	5	3	1	2	3	2	5	5	2	1	4	3	1	2	4	3	1	4	5	5	1	3	2	3	4	0	1	1	2	2	9	2	1	1	3	2	7	2	6	7	6	4	10	5	2	3	4	0	1	0	5	3	1	4	3	4	0	1	1	0	1	1	5	0	0	6	1	1	1	0	2	0	2	1	1	0	3	4	6	4	0	10	2	3	4	3	3	1	4	6	3	7	7
chr9	17933834	2	22	2	5	10	1	2	3	0	2	4	3	8	0	12	6	3	7	4	3	5	13	16	1	2	3	7	1	1	3	0	7	3	2	1	3	5	3	0	2	3	2	0	3	5	0	3	3	0	2	3	1	0	6	0	2	3	1	4	5	1	2	5	3	8	3	3	5	4	4	7	1	0	3	4	0	0	1	2	4	5	7	1	2	4	9	4	3	2	2	2	4	1	10	3	8	5	9	6	1	4	6	3	3	5	7	9	2	6	1	7	1	6	8	3	9	7	4	5	2	6	6	9	4	9	1	6	3	3	6	10	3	2	6	4	3	4	3	4	2	6	4	0	2	2	6	5	2	2	12	1	2	5	7	3	2	3	3	2	0	2	1	1	11	5	1	5	4	9	3	3	2	4	4	4	5	6	2	6	0	3	5	2	6	4	4	2	6	6	1	4	10	3	1	4	4	10	3	0	4	1	2	1	3	5	0	3	4	2	10	3	1	4	1	1	3	2	2	0	6	0	2	1	3	2	2	0	2	3	3	1	6	2	2	2	2	2	0	2	1	3	7	0	1	5	3	0	1	3	1	4	1	5	0	5	2	2	2	3	1	0	1	6	1	1	2	1	1	1	0	0	1	2	0	1	4	0	4	3	3	0	1	4	1	3	3	2	0	3	5	3	5	3	1	4	3	2	5	5	2	2	5	3	1	2	4	5	1	4	5	5	1	3	2	3	4	0	1	1	2	2	10	3	1	1	4	2	7	2	6	7	6	4	10	5	1	4	4	0	1	1	5	3	1	4	3	6	0	1	1	0	1	1	5	0	0	6	1	2	1	0	3	0	2	1	1	0	3	4	6	6	0	10	2	3	4	4	3	1	4	7	3	7	7
chr9	17933835	2	22	2	5	10	1	2	3	0	2	5	3	8	0	12	6	3	7	4	3	5	13	16	1	2	3	7	1	1	3	0	7	3	2	1	3	6	3	0	2	3	2	0	3	5	0	3	3	0	2	3	1	0	6	0	2	3	1	4	5	1	2	5	3	8	3	3	6	4	3	7	2	0	3	4	0	0	1	2	4	5	6	1	2	4	8	4	2	2	2	2	4	1	10	3	8	5	9	6	1	4	6	3	3	5	7	9	2	6	1	7	1	6	8	3	9	7	4	5	2	6	6	8	4	9	1	6	3	3	6	9	3	2	6	4	3	4	3	4	2	6	4	0	2	2	6	5	2	2	12	1	2	6	7	3	2	3	3	2	0	2	1	1	10	5	1	5	4	9	3	3	2	4	4	4	5	6	2	6	0	3	5	3	7	4	4	2	6	6	1	4	10	3	1	4	4	10	3	0	4	1	2	1	3	5	0	3	4	2	10	3	1	4	1	1	3	2	2	0	6	0	3	1	3	2	2	0	2	3	3	1	6	2	2	3	2	2	0	2	1	3	7	0	1	5	3	0	1	2	1	4	2	5	0	5	2	2	2	3	1	0	1	6	1	1	2	1	1	1	0	0	1	2	0	1	4	0	4	3	3	0	1	4	1	3	3	2	0	3	5	3	5	3	1	4	3	2	4	5	2	2	5	3	1	1	4	5	1	4	5	5	1	3	2	3	4	0	1	1	2	2	10	3	1	1	4	2	7	2	5	7	6	4	10	5	1	4	4	0	1	1	5	3	1	4	3	6	0	1	0	0	1	1	5	0	0	6	1	2	1	0	3	0	2	1	1	0	3	4	6	6	0	10	2	3	4	4	3	1	4	7	3	7	7
chr9	17933836	2	22	2	5	10	1	2	3	0	2	5	3	8	0	12	6	3	7	4	3	5	13	16	1	2	3	7	1	1	3	0	7	3	2	1	3	6	3	0	2	3	2	0	3	5	0	3	3	0	2	3	1	0	6	0	3	3	1	4	5	1	2	5	3	8	3	3	6	4	2	7	2	0	3	4	0	0	1	2	4	5	6	1	2	4	8	4	2	2	2	2	4	1	10	3	8	5	9	6	1	4	6	3	3	5	7	9	2	6	1	7	1	6	8	2	8	7	4	5	2	6	6	8	4	9	1	6	3	3	6	9	3	2	6	4	3	4	3	4	2	6	4	0	2	2	6	5	2	2	12	1	3	6	6	3	2	3	3	2	0	2	1	1	10	5	1	5	4	9	3	3	2	4	4	4	5	6	2	6	0	3	5	3	7	4	4	2	6	5	1	4	10	3	1	4	4	10	3	0	4	1	2	1	3	5	0	3	4	2	10	3	1	4	1	1	3	2	2	0	6	0	3	1	3	2	2	0	2	3	3	1	6	2	2	3	2	2	0	2	1	3	7	0	1	4	3	0	1	2	1	4	2	5	0	5	2	2	2	3	1	0	1	6	1	1	2	1	1	1	0	0	1	2	0	1	4	0	4	3	3	0	1	4	1	4	3	2	0	3	5	3	5	3	1	4	3	2	4	5	2	2	5	3	1	1	5	6	1	4	5	5	1	3	2	3	4	0	1	0	2	2	10	3	1	1	4	2	7	2	5	7	5	4	9	5	1	4	4	0	1	1	5	3	1	4	3	6	0	1	0	0	1	1	5	0	0	6	1	2	1	0	3	0	2	1	1	0	3	4	6	6	0	10	2	2	4	4	3	1	4	6	3	7	7
chr9	17933837	2	21	1	5	10	1	2	3	0	2	5	3	8	0	12	7	3	7	5	3	5	13	17	1	2	3	7	1	1	3	0	7	3	2	1	3	7	3	0	2	4	2	0	4	4	0	3	2	1	3	3	1	0	6	1	4	3	1	4	5	1	2	5	3	8	4	3	6	4	2	6	2	0	3	4	0	0	1	2	6	6	7	1	2	6	8	4	2	2	2	3	4	1	10	3	8	7	8	7	1	4	6	3	3	7	8	9	2	7	2	7	1	7	8	3	9	7	4	5	2	6	7	9	4	9	2	7	4	3	6	9	3	3	6	4	3	5	3	4	2	6	4	0	2	6	6	5	2	2	12	1	2	6	6	3	2	3	3	2	0	3	1	2	10	5	2	5	4	10	3	4	3	4	5	4	5	6	3	6	0	4	5	3	8	4	4	2	6	5	1	5	10	3	2	4	4	10	3	0	4	1	2	1	3	5	0	4	4	2	10	3	1	4	1	1	3	2	2	1	6	0	3	1	3	2	3	0	2	3	3	1	6	2	2	3	2	2	0	2	1	3	7	1	1	4	3	0	1	2	1	4	2	5	1	5	2	2	2	3	1	0	3	6	1	1	2	1	1	1	0	0	1	2	0	1	4	0	4	3	4	0	1	4	1	4	3	2	0	2	5	4	5	3	1	5	3	3	4	5	2	2	4	3	1	1	5	7	0	6	5	7	1	3	2	4	5	0	1	0	2	3	10	3	2	1	4	2	7	2	5	7	5	4	9	5	1	4	4	0	1	1	6	3	1	5	3	6	0	1	0	2	1	2	5	0	0	6	1	2	1	0	3	0	2	3	1	0	3	4	6	6	0	10	3	2	4	5	3	1	5	6	3	8	6
chr9	17933838	2	21	1	5	10	1	2	3	0	2	5	3	8	0	13	7	3	7	5	3	5	13	17	1	2	3	7	1	1	3	0	7	3	2	1	3	7	3	0	2	4	2	0	4	4	0	3	2	1	4	3	1	0	6	1	4	3	1	4	5	1	2	5	3	8	4	3	6	5	2	6	2	0	3	4	0	0	1	2	6	6	7	2	2	6	8	4	2	2	2	4	4	1	10	3	8	7	8	8	1	4	6	3	3	7	8	9	3	7	2	7	1	7	8	3	9	7	4	5	2	6	9	9	4	9	2	7	4	4	7	9	3	3	6	4	3	5	3	4	2	6	4	0	2	7	6	5	2	2	12	1	2	6	6	3	2	3	3	2	0	3	1	2	10	5	2	5	4	10	3	4	3	4	5	4	5	6	3	6	0	4	5	4	8	4	3	2	6	5	1	5	10	3	2	4	4	10	3	0	4	1	2	1	3	5	0	4	4	2	10	3	1	4	1	1	3	2	2	1	6	0	3	1	3	2	3	0	2	3	3	1	6	2	2	3	4	2	0	2	1	3	7	1	1	4	3	0	1	2	1	4	2	5	1	5	2	2	2	3	1	0	3	6	1	1	2	1	1	1	0	0	1	3	0	1	4	0	4	3	3	0	1	4	1	4	3	2	0	2	5	4	5	3	1	5	3	3	4	5	2	2	4	3	1	1	5	7	0	6	5	7	1	3	2	5	5	0	1	1	2	5	10	3	2	1	4	2	7	2	5	7	5	4	10	6	1	4	4	0	1	1	6	3	1	5	4	6	0	1	0	2	1	3	5	0	0	6	1	2	1	0	3	0	2	3	1	0	3	4	6	6	0	10	3	2	4	5	3	1	5	6	3	8	6
chr9	17933839	2	21	1	6	10	1	2	3	0	2	5	3	8	0	13	7	3	7	5	3	5	13	17	1	2	3	7	1	1	3	0	7	3	2	1	3	8	3	0	2	4	2	0	4	5	0	3	2	1	4	3	1	0	6	1	4	3	1	4	5	1	3	5	3	8	4	3	6	5	2	6	2	0	3	4	0	0	1	2	6	6	7	3	2	6	8	4	2	2	2	4	4	2	10	3	8	7	8	8	1	4	6	3	3	7	8	9	3	7	2	7	1	7	8	3	9	7	4	5	2	6	9	9	4	9	2	7	4	4	7	9	3	3	6	4	3	5	3	4	2	6	4	0	2	8	6	4	2	2	12	1	2	6	6	3	2	3	3	2	0	3	1	2	10	5	2	5	4	10	3	4	3	4	5	4	5	6	3	6	0	4	5	4	8	4	3	2	6	5	1	5	10	3	2	4	4	10	3	0	4	1	2	1	3	5	0	4	4	2	10	3	1	4	1	1	4	2	2	1	6	0	3	1	3	2	3	0	2	3	3	1	6	2	2	3	4	2	0	2	1	3	7	1	1	4	3	0	1	2	2	4	2	5	1	5	2	2	2	3	1	0	3	6	1	1	2	1	1	1	0	0	1	3	0	1	4	0	4	3	3	0	1	5	1	4	3	2	0	2	5	4	5	3	1	5	3	3	4	5	2	2	4	3	1	1	5	8	0	6	5	7	1	3	2	5	5	0	1	1	2	5	10	3	2	1	4	2	7	2	5	7	5	4	10	6	1	4	4	0	1	1	6	3	1	5	4	6	0	1	0	2	1	3	5	0	0	6	1	2	1	0	3	0	2	3	1	0	3	4	6	6	0	10	3	2	4	5	4	1	5	6	3	8	7
chr9	17933840	2	21	2	6	11	1	2	3	0	2	5	3	8	0	13	7	3	7	5	3	5	13	18	1	2	3	9	1	1	3	0	7	4	2	1	3	8	3	0	2	5	2	0	4	5	0	3	2	1	5	3	3	0	7	1	4	3	1	4	5	1	3	6	3	8	4	3	6	7	2	6	2	0	3	4	0	1	1	2	6	6	7	3	2	6	8	4	2	2	2	4	4	2	10	3	9	7	8	9	1	4	7	3	3	7	8	9	3	7	2	8	1	7	8	3	9	8	5	6	5	6	9	9	5	9	2	9	5	4	7	9	3	3	6	4	3	5	3	4	2	6	4	0	2	8	6	4	2	3	14	1	2	6	6	3	2	3	3	2	1	3	1	2	10	6	2	5	4	10	3	4	3	4	5	4	5	6	3	6	0	5	5	4	9	4	4	2	6	5	1	5	10	3	2	4	4	10	3	0	4	1	2	1	3	5	0	5	4	2	10	3	1	4	1	1	4	2	3	1	6	0	3	1	3	2	3	0	2	3	3	1	6	2	2	3	4	2	0	3	1	4	7	1	1	4	3	0	1	2	3	4	2	5	1	5	2	2	2	3	1	0	3	6	1	1	2	1	1	2	0	0	1	3	0	1	4	0	4	3	3	0	1	5	1	4	3	3	0	3	5	6	5	3	2	5	3	3	4	5	2	4	5	3	1	2	5	8	0	7	5	7	1	3	2	5	5	0	1	1	2	6	11	3	2	1	4	2	7	2	5	7	5	4	10	6	1	4	4	0	1	1	6	3	1	6	4	6	0	1	0	2	1	3	5	0	0	6	1	2	1	0	3	1	2	3	1	0	3	4	6	6	0	10	4	2	4	5	4	1	5	6	3	8	7
chr9	17933841	2	20	2	6	11	1	2	3	0	2	5	3	8	0	12	7	3	7	3	3	5	13	18	1	2	3	8	1	2	3	0	8	4	2	1	4	8	3	0	2	5	2	0	4	4	0	3	2	1	5	3	3	0	7	1	4	3	1	4	5	1	3	6	3	8	4	3	6	7	2	6	2	0	3	4	0	1	1	2	6	6	7	3	2	6	8	4	2	2	2	4	4	2	10	3	9	7	8	9	2	4	7	3	3	7	8	9	3	7	2	8	1	7	8	3	9	8	5	6	5	6	9	9	5	9	2	9	5	4	7	10	3	3	6	4	3	5	3	4	2	6	5	0	2	8	6	4	2	3	14	2	2	6	6	3	2	3	3	2	1	3	1	2	10	6	2	5	5	10	3	5	3	4	5	4	5	6	3	6	0	5	4	4	9	4	4	2	6	6	1	5	11	3	2	4	4	10	3	0	4	1	2	1	3	5	0	5	4	2	10	3	1	4	1	1	5	2	3	1	6	0	3	2	5	3	3	0	2	3	3	1	6	2	2	3	4	3	0	3	1	4	7	1	1	4	3	0	1	2	3	4	2	4	1	5	2	2	2	3	1	0	3	6	1	1	2	1	2	3	0	1	1	3	0	1	4	0	4	3	3	0	1	5	1	4	3	3	0	3	5	6	5	3	2	5	3	3	4	5	2	4	5	3	1	2	5	8	1	7	5	7	1	3	2	5	5	0	1	1	2	6	11	3	2	1	7	2	7	2	5	7	5	5	10	6	1	4	4	0	1	1	6	3	1	4	4	6	0	1	0	2	1	3	5	0	0	6	1	2	2	0	3	1	2	3	1	0	3	4	6	6	0	10	4	2	4	5	4	2	5	6	3	8	7
chr9	17933842	2	19	2	8	11	1	3	3	0	2	5	3	8	0	12	7	3	7	3	3	5	14	19	1	2	3	8	1	2	3	0	8	4	2	1	4	8	3	0	2	5	2	0	4	4	0	3	2	1	5	3	3	0	7	2	4	4	1	4	5	1	3	6	3	9	4	3	7	7	2	6	2	0	3	4	0	1	1	2	6	6	7	3	2	6	8	4	2	2	2	4	4	2	10	3	9	7	8	10	2	4	7	3	4	7	8	9	3	7	2	8	1	7	8	3	9	8	5	7	5	6	9	9	6	9	2	9	5	4	7	10	3	3	6	4	3	5	3	4	2	6	5	0	2	8	6	4	2	3	14	2	2	6	8	3	2	3	3	2	1	3	1	2	10	6	2	5	5	10	2	5	3	4	5	4	5	6	3	6	0	5	4	4	9	4	4	2	6	6	1	5	11	3	2	4	4	10	3	0	4	1	2	1	3	5	0	5	4	2	10	3	1	4	1	1	5	2	3	1	6	0	3	2	5	3	3	0	2	3	3	1	6	2	2	3	4	4	0	3	1	4	7	1	1	4	3	0	1	2	2	4	2	4	1	5	2	2	2	3	1	0	3	6	1	1	2	1	2	3	0	1	1	3	0	1	4	0	4	3	3	0	1	5	1	4	3	3	0	3	5	6	5	3	2	5	3	3	4	5	2	4	5	3	1	2	5	8	1	7	5	7	1	3	2	5	5	0	2	1	2	6	11	3	2	1	7	2	7	2	5	7	5	5	10	6	1	4	4	0	1	1	6	5	1	4	4	6	0	1	0	2	1	3	5	0	0	7	1	2	2	0	3	1	2	3	1	0	3	4	6	6	0	10	4	2	4	5	4	2	5	6	3	8	7
chr9	17933843	2	19	3	8	11	1	3	3	0	2	5	3	8	0	12	7	3	7	3	3	5	14	18	1	2	3	9	1	2	3	0	8	4	2	1	4	8	3	0	3	6	2	0	4	4	0	3	2	1	5	3	3	0	7	2	4	4	1	4	5	1	3	6	3	9	5	3	7	7	2	7	2	0	3	4	0	1	1	2	6	6	7	3	2	6	8	4	2	2	2	4	4	2	10	3	9	7	8	10	2	4	7	3	4	7	9	9	3	8	2	8	1	7	8	3	9	8	5	7	5	6	9	9	6	9	2	9	5	4	7	10	3	3	6	4	3	5	3	4	2	6	5	0	2	8	7	4	2	3	14	2	2	6	8	3	2	3	3	2	1	3	1	2	10	6	2	5	5	10	2	5	3	4	5	4	5	6	3	6	0	5	4	4	9	4	4	2	6	6	1	5	11	3	2	4	4	10	3	0	4	1	2	1	3	5	0	5	4	2	10	3	1	4	1	1	5	3	3	1	6	0	3	2	5	3	3	0	2	3	3	1	6	2	2	2	4	4	0	3	1	4	6	1	1	4	3	0	1	2	2	4	2	4	1	5	2	1	2	4	1	0	3	6	1	1	2	1	2	3	0	1	1	3	0	1	4	0	4	3	3	0	1	5	1	3	3	3	0	3	5	6	5	3	2	5	3	3	4	5	2	4	5	3	1	2	5	8	1	7	5	7	1	3	2	5	5	0	2	1	2	6	11	3	2	1	7	2	7	2	5	7	5	5	10	6	1	4	4	0	1	1	6	5	1	4	4	6	0	1	0	2	1	3	5	0	0	7	1	2	2	0	3	1	2	3	1	0	3	4	6	6	0	10	4	2	4	5	4	2	5	6	3	8	7
chr9	17933844	2	20	3	8	11	1	3	3	0	2	5	3	7	0	12	7	3	7	3	3	5	14	18	1	2	3	9	1	2	3	0	8	4	1	1	4	8	1	0	3	8	2	0	4	4	0	3	2	1	5	3	3	0	8	2	5	4	1	4	5	2	3	6	3	9	5	3	7	7	2	7	2	0	3	3	0	1	1	2	6	6	7	3	3	6	8	3	2	2	2	4	4	2	10	3	9	7	7	10	2	4	7	7	4	7	8	11	3	8	2	8	2	7	8	3	9	7	5	7	5	6	9	10	7	9	3	9	5	4	7	12	2	3	6	4	3	5	3	4	1	6	5	0	2	8	6	4	4	3	14	2	2	6	8	5	2	3	3	2	1	3	1	2	10	7	2	5	4	10	2	5	3	5	5	3	5	5	3	6	0	5	4	5	10	4	4	2	6	6	1	5	11	3	2	4	4	10	3	0	4	1	2	1	3	5	0	5	4	2	10	3	1	4	1	1	5	3	3	1	6	0	3	2	5	3	3	0	2	3	3	1	6	2	2	2	5	4	0	3	1	4	6	1	1	4	3	0	1	2	2	4	2	3	1	5	2	1	2	4	1	0	3	6	1	1	2	1	2	3	0	1	1	3	0	1	4	0	4	3	4	0	1	5	1	3	3	3	0	3	5	6	5	3	2	5	3	3	4	5	2	4	5	3	1	2	5	8	1	8	5	7	1	3	2	5	5	0	2	2	2	6	11	3	2	2	8	2	7	2	5	7	5	5	10	6	1	4	4	0	1	1	6	5	1	4	4	7	0	1	0	2	1	3	5	0	0	7	1	2	2	0	3	1	2	3	1	0	3	4	6	6	0	9	4	2	5	5	4	2	4	6	3	8	7
chr9	17933845	2	20	5	8	11	1	3	3	0	2	5	4	7	0	12	7	3	7	3	3	5	14	18	2	2	3	9	2	2	3	0	8	4	1	1	4	8	1	0	4	8	2	0	4	4	0	3	3	1	6	3	3	0	8	2	6	4	1	4	6	2	3	7	4	9	5	3	7	7	2	8	2	0	3	3	0	1	1	3	6	7	7	3	3	7	8	3	2	2	2	4	4	2	10	4	9	7	7	10	2	4	7	8	5	7	9	11	3	9	2	8	2	7	8	3	9	8	5	7	5	6	9	10	8	9	3	9	5	4	7	12	5	3	6	4	4	5	3	4	1	6	5	0	2	9	6	4	4	3	16	3	2	6	8	5	2	4	3	2	1	3	1	2	10	7	2	5	4	10	2	5	3	5	5	4	5	5	3	7	0	5	4	5	10	4	4	2	6	6	1	5	12	3	2	4	4	10	3	0	4	2	2	1	3	5	0	5	4	2	10	3	1	4	1	1	5	3	3	1	6	0	3	3	5	3	3	0	2	3	3	1	3	3	2	2	5	4	0	3	1	4	6	1	1	4	3	0	1	2	2	4	2	3	1	5	2	1	2	4	1	0	3	6	1	1	2	1	2	3	0	1	1	4	0	1	4	1	4	3	4	0	1	5	1	2	3	3	0	3	5	6	5	3	2	5	3	3	4	5	2	4	5	3	1	2	5	8	1	8	5	7	1	3	2	5	5	0	2	2	2	6	10	3	2	2	9	2	8	2	5	7	5	5	10	6	1	5	4	0	2	1	7	5	1	4	4	7	0	0	0	2	1	3	5	1	0	7	2	2	2	0	3	1	2	3	1	0	3	4	6	6	0	9	4	2	5	5	4	2	4	6	3	8	7
chr9	17933846	2	20	5	8	11	1	3	3	0	2	5	4	7	0	12	7	3	7	3	3	5	14	18	2	2	3	9	2	2	3	0	8	4	1	1	4	8	1	0	4	8	2	0	4	4	0	3	3	1	8	3	3	0	8	2	6	4	1	4	5	2	3	7	4	9	5	3	7	7	2	8	2	0	3	3	0	1	1	3	6	7	7	3	3	7	8	3	2	2	2	4	4	2	10	3	9	7	7	10	2	4	7	8	5	7	10	11	3	9	2	8	2	7	8	3	9	8	5	7	5	6	9	10	8	9	3	9	5	4	7	12	5	3	6	4	4	5	3	4	1	6	5	0	2	9	6	4	4	3	16	3	2	6	8	5	2	4	3	2	1	3	1	2	10	8	2	5	4	10	2	5	3	5	5	5	5	5	3	7	0	5	4	5	10	4	4	2	7	6	1	5	12	3	2	4	4	10	3	0	4	2	2	1	3	5	0	5	4	2	10	3	1	4	1	1	5	3	3	1	6	0	3	3	5	3	3	0	2	3	3	1	3	3	2	2	5	4	0	3	1	4	6	1	2	4	3	0	1	2	2	4	2	3	1	5	2	1	2	4	1	0	3	6	1	1	2	1	2	3	1	1	1	4	0	1	4	1	4	3	4	0	1	5	1	2	3	3	0	3	5	6	5	3	2	5	3	3	4	5	2	4	5	3	1	2	3	8	1	8	5	7	1	3	2	5	5	0	2	2	2	6	10	3	2	2	9	2	8	2	5	7	5	5	10	6	1	5	4	0	2	1	7	5	1	4	4	7	0	0	0	2	1	3	5	1	0	7	2	2	2	0	3	1	2	3	1	0	3	4	6	6	0	9	4	2	5	5	4	2	4	6	3	8	7
chr9	17933847	2	20	5	8	11	1	3	3	0	2	5	4	7	0	12	7	3	7	3	3	5	14	18	2	2	3	9	2	2	3	0	8	5	1	1	4	8	1	0	4	8	2	0	4	4	0	3	3	1	8	3	3	0	8	2	6	4	1	4	5	2	3	7	4	9	5	3	7	7	2	8	2	0	3	3	0	1	1	3	6	7	7	3	3	7	8	3	2	2	2	4	4	2	10	3	9	7	7	10	2	4	7	8	5	7	10	11	3	9	2	8	2	7	8	3	9	8	5	7	5	6	9	9	8	9	3	9	5	4	7	12	5	3	6	4	5	5	4	4	1	6	5	0	2	9	6	4	4	3	16	3	2	6	8	5	2	4	3	2	1	3	1	2	10	8	2	5	4	10	2	5	3	5	5	6	5	5	3	7	0	5	4	5	10	4	4	2	7	6	1	5	12	3	2	4	4	10	3	0	4	2	2	1	3	5	0	5	4	2	10	3	1	4	1	1	5	3	3	1	6	0	3	4	5	3	3	0	2	3	3	1	3	3	2	2	5	4	0	3	1	4	6	1	2	4	3	0	1	2	2	4	2	3	1	5	2	1	2	4	1	0	3	6	1	1	2	1	2	3	1	1	1	4	0	1	4	1	4	3	4	0	1	5	1	2	3	3	0	3	5	6	5	3	2	5	3	3	4	5	2	4	5	3	1	2	3	8	1	8	5	7	1	3	2	5	5	0	2	2	2	6	9	3	2	2	9	2	8	2	5	7	5	5	10	6	1	5	4	0	2	1	6	5	1	4	4	7	0	0	0	2	1	3	5	1	0	7	2	2	2	0	3	1	2	3	1	0	3	4	6	6	0	9	4	2	5	5	4	2	4	6	3	8	7
chr9	17933848	2	20	5	8	11	1	3	3	0	2	5	4	7	0	13	8	3	7	3	3	5	14	19	2	2	4	9	2	2	3	0	8	5	1	1	4	8	1	0	4	9	2	0	4	4	0	3	3	1	8	3	3	0	8	2	6	4	1	4	5	2	3	7	4	9	5	3	7	7	2	8	2	0	3	3	0	1	1	3	6	7	7	3	4	7	8	3	2	2	2	4	4	2	9	3	9	7	7	10	2	4	7	8	5	7	11	11	3	9	3	8	2	7	8	4	9	8	5	7	5	6	9	9	8	9	3	9	5	4	7	12	5	3	6	4	5	6	4	4	1	6	6	1	2	9	6	4	4	3	16	4	2	6	8	5	2	4	3	3	1	3	1	2	10	8	2	5	4	10	2	5	3	5	5	6	5	5	3	7	2	5	4	5	11	4	4	2	7	6	1	5	12	3	2	4	4	10	3	0	4	2	2	1	3	5	0	5	4	2	10	3	1	4	1	1	5	3	3	1	6	0	3	4	5	4	3	0	2	3	4	1	3	3	2	2	5	4	0	3	1	4	6	1	2	4	3	0	1	2	3	4	2	3	1	5	2	1	2	4	1	0	3	6	1	2	2	1	2	3	1	1	1	4	0	1	4	1	4	3	4	0	1	6	1	2	3	3	0	3	5	6	5	3	2	5	3	3	4	5	2	5	5	3	1	2	3	8	1	8	6	7	1	3	2	5	5	0	2	2	2	7	9	3	2	2	9	2	8	2	5	7	5	5	10	7	1	5	4	0	2	1	6	5	1	4	4	8	0	0	1	2	1	3	5	1	0	7	2	2	2	0	3	1	2	3	1	0	3	4	6	6	0	9	4	2	5	5	4	2	4	6	5	8	7
chr9	17933849	2	20	5	8	11	1	3	3	0	2	5	4	7	0	14	8	3	7	3	3	5	15	19	2	2	4	9	2	2	3	0	8	5	1	1	4	8	1	0	4	9	2	0	4	4	0	3	3	1	8	3	3	0	7	2	6	4	1	3	5	2	3	7	4	9	5	3	7	7	2	8	2	0	3	3	0	1	1	3	6	7	7	3	4	7	8	3	2	2	3	4	4	2	9	3	9	7	7	10	2	4	7	8	5	7	11	11	3	9	3	8	2	7	8	4	9	8	5	7	5	6	9	9	8	11	3	9	5	4	7	12	5	3	6	4	5	6	4	4	1	6	6	1	2	9	6	4	4	3	15	4	2	6	8	5	2	4	3	3	1	3	1	2	10	8	2	5	4	10	2	5	3	5	5	6	5	5	3	7	2	5	4	5	11	2	4	2	7	6	1	5	12	3	2	4	4	10	3	0	4	2	2	1	3	5	0	5	4	2	10	3	1	4	1	1	5	3	3	1	6	0	3	4	5	4	3	0	2	3	4	1	2	3	2	2	5	4	0	3	1	4	6	1	2	4	3	0	1	2	3	4	2	3	1	5	2	1	2	4	1	0	3	6	1	2	2	1	2	3	1	1	1	4	0	1	4	1	4	3	4	0	1	6	1	2	3	3	0	3	4	6	5	3	4	5	3	3	4	5	2	5	5	3	1	2	3	8	1	8	6	7	1	3	2	5	5	0	2	2	2	7	9	3	2	2	9	2	8	2	5	7	5	5	10	7	1	5	4	0	2	1	6	5	1	4	4	8	0	0	1	2	1	3	5	1	0	7	2	2	2	0	3	1	2	3	1	0	3	4	6	6	0	9	4	2	5	5	4	2	3	6	5	8	7
chr9	17933850	3	18	5	8	11	1	3	3	0	2	5	4	7	0	14	8	3	7	3	3	5	15	20	2	2	4	9	3	2	3	1	8	5	1	1	4	8	1	0	4	9	2	0	4	5	0	3	3	1	8	3	4	0	7	2	6	4	1	3	5	2	3	7	4	9	5	3	7	7	2	8	2	0	3	3	0	1	2	3	6	7	7	3	4	7	8	3	3	2	3	4	6	2	9	4	9	7	7	11	2	4	7	8	5	8	12	15	3	10	3	10	2	7	9	5	9	8	5	7	5	6	10	9	9	11	3	9	5	5	7	12	5	3	6	4	5	7	4	4	1	5	6	1	2	9	6	4	4	3	15	4	2	6	9	5	3	4	3	3	1	4	1	2	9	8	2	5	4	10	2	6	5	5	5	6	5	5	3	7	3	5	4	5	11	2	4	2	7	6	1	5	12	3	2	4	4	8	3	0	4	2	2	1	3	5	0	5	4	2	10	3	1	4	1	1	5	3	3	1	6	0	3	4	5	5	3	1	2	3	4	1	2	3	2	3	5	5	0	3	1	4	6	1	2	4	1	0	1	2	3	4	2	5	1	5	1	1	2	4	1	0	3	6	1	2	2	1	2	3	1	1	1	4	0	1	4	1	4	3	4	0	1	6	1	2	3	3	1	3	3	7	5	3	4	5	3	4	5	5	2	5	5	3	1	2	4	8	1	8	6	7	1	3	2	5	5	0	3	2	2	7	9	3	2	2	9	2	8	3	5	7	5	5	10	7	1	5	6	0	2	2	6	5	1	5	3	8	0	0	1	2	1	3	5	1	0	7	2	2	2	0	3	1	2	3	1	0	4	4	6	6	0	8	4	2	5	5	4	2	3	6	5	8	9
chr9	17933851	3	18	5	8	11	1	3	3	0	2	5	4	7	0	14	8	3	7	3	3	5	15	20	2	2	4	9	3	2	3	1	8	6	1	1	4	8	1	0	4	9	2	0	4	5	0	3	3	1	8	3	4	0	7	2	6	4	1	3	5	2	3	7	4	9	5	3	7	8	2	8	2	0	3	3	0	1	2	3	6	7	7	3	4	7	8	3	3	2	3	4	6	2	9	5	9	7	7	11	2	4	7	9	5	8	12	15	3	10	3	10	2	7	9	5	8	8	5	7	5	6	10	9	9	11	3	9	6	5	7	12	5	3	6	3	5	7	4	4	1	5	6	1	2	9	6	4	4	3	15	4	2	6	9	5	3	4	3	3	1	4	1	2	9	8	2	5	4	10	2	6	5	5	6	6	5	5	3	7	3	5	4	5	11	2	4	2	7	6	1	5	12	3	2	4	4	8	3	0	4	2	2	1	3	5	0	5	4	2	10	3	1	4	1	1	5	3	3	1	6	0	3	4	5	5	3	1	2	3	4	1	2	3	2	3	5	5	0	3	1	4	6	1	2	4	1	0	1	2	3	4	2	5	1	5	1	1	2	4	1	0	3	6	1	2	2	1	2	3	1	1	1	4	0	1	4	1	4	3	4	0	1	6	1	2	3	4	1	3	3	7	5	3	4	5	3	4	5	5	2	5	5	3	1	2	4	8	1	8	6	7	1	3	2	5	5	0	3	2	2	7	9	3	2	2	9	2	8	3	5	7	5	5	10	7	1	5	6	0	2	2	6	5	1	5	3	8	0	0	1	2	1	3	5	1	0	7	2	2	2	0	3	1	2	3	1	0	4	4	6	6	0	8	4	2	5	5	4	2	3	6	5	8	9
chr9	17933852	3	18	5	8	11	1	3	3	0	2	5	4	7	0	14	8	3	7	3	3	5	14	20	2	3	4	9	3	2	4	1	8	6	1	1	4	9	1	0	4	9	2	0	5	5	0	3	3	1	8	3	4	0	7	2	6	4	1	3	5	2	3	7	4	9	5	3	7	8	2	8	2	0	3	3	0	3	2	3	6	7	7	3	4	7	8	3	3	2	3	4	6	2	9	5	9	7	7	10	2	4	7	9	6	8	11	15	3	11	3	10	2	7	9	5	8	9	5	7	5	6	10	9	9	11	3	9	6	5	8	12	5	3	6	3	5	7	4	4	1	5	6	1	2	9	6	4	4	3	15	4	2	6	9	5	3	5	3	3	1	4	2	2	9	8	2	4	4	10	2	6	5	5	6	6	5	5	3	7	3	5	5	5	11	2	4	2	7	6	1	5	12	3	2	4	4	8	3	0	4	2	2	1	3	5	0	5	4	2	9	3	1	4	1	1	5	3	3	1	6	0	3	4	5	5	3	1	2	3	4	1	2	3	2	3	5	5	0	3	1	4	6	1	2	4	1	0	1	2	3	4	2	5	1	5	1	1	2	4	1	0	3	6	1	2	2	1	2	3	1	1	1	4	0	1	4	1	4	3	4	0	1	6	1	2	3	4	1	3	3	7	5	2	4	5	3	4	5	5	2	5	5	3	1	2	5	8	1	8	6	7	1	3	2	5	5	0	3	2	2	7	9	3	2	2	9	2	8	3	4	8	5	5	10	7	1	5	6	0	2	2	6	5	1	5	3	8	0	0	1	2	1	3	5	1	0	7	2	2	2	0	3	1	2	3	1	0	4	4	6	6	0	8	4	2	5	5	4	2	3	6	5	8	9
chr9	17933853	3	18	5	8	12	1	3	3	0	2	5	4	7	0	14	8	3	7	3	3	5	14	20	3	3	4	9	4	2	3	1	8	6	1	1	4	9	1	0	4	9	2	0	5	5	0	3	3	1	9	3	4	0	7	2	6	4	1	3	5	2	3	7	4	9	5	3	6	8	2	8	2	0	3	3	0	3	2	3	6	7	7	3	4	7	8	3	3	2	3	4	6	2	9	5	9	7	8	10	2	4	7	9	7	8	11	15	3	13	3	10	2	7	9	5	8	9	6	7	5	6	10	9	9	12	3	9	6	5	8	12	5	3	6	3	5	7	4	4	1	5	6	2	2	9	6	4	4	3	15	4	2	6	9	5	3	5	3	3	1	4	2	2	8	8	2	4	4	10	2	6	5	5	6	6	5	5	3	7	3	5	5	5	11	2	4	2	7	6	1	6	12	3	2	4	4	8	3	0	4	2	2	1	3	5	0	5	4	2	9	3	1	4	1	1	5	3	3	1	6	0	3	4	5	5	3	1	2	3	4	1	2	3	2	3	5	5	0	4	1	4	7	1	2	4	1	0	1	2	3	4	2	5	1	5	1	1	2	4	1	0	3	7	1	2	2	1	2	3	1	1	1	4	0	1	4	1	4	3	4	0	1	6	1	2	3	4	1	3	3	7	5	2	4	5	3	4	5	4	2	5	5	3	1	2	5	8	1	8	7	8	1	3	2	5	5	0	3	2	2	7	9	3	2	2	9	2	7	3	4	8	5	5	10	7	1	5	7	0	2	2	6	7	1	6	3	8	0	0	1	2	1	3	5	1	0	7	2	2	2	0	3	1	2	4	1	0	4	4	6	6	0	8	3	2	5	5	4	2	6	8	5	8	9
chr9	17933854	3	18	5	8	12	2	3	3	0	2	5	4	7	0	14	8	3	7	3	3	5	14	20	3	3	4	9	4	2	3	1	8	6	1	1	4	9	1	0	4	9	2	0	5	5	0	3	3	1	9	3	4	0	7	2	6	3	1	3	5	2	3	7	4	9	5	3	6	8	2	8	2	0	3	3	0	3	2	3	6	7	7	3	4	7	7	3	3	2	3	4	6	2	9	5	9	8	8	10	2	4	7	9	7	8	11	15	3	13	3	11	2	7	9	5	8	9	6	6	5	6	10	9	9	12	3	9	6	5	9	12	5	3	6	3	5	7	4	4	1	5	7	2	2	9	6	4	4	3	15	4	2	6	9	5	3	5	4	3	1	4	4	2	8	8	2	4	4	10	2	6	5	5	6	6	5	5	3	7	3	6	5	5	11	2	4	2	7	6	1	6	12	3	2	4	4	8	3	0	4	2	2	1	3	5	0	5	4	2	9	3	1	4	1	1	5	3	3	1	6	0	3	4	5	5	3	1	2	3	4	1	2	3	2	3	5	5	0	4	1	4	7	1	2	4	1	0	1	2	3	4	2	5	1	5	1	1	2	4	1	0	3	7	1	2	2	1	2	3	1	1	1	4	0	1	4	1	4	3	4	0	1	6	1	2	3	4	1	3	3	7	5	2	4	5	3	4	5	4	2	5	5	3	1	2	5	8	1	8	7	8	1	3	2	5	5	0	3	2	2	7	9	3	2	2	10	2	7	3	4	8	5	4	10	7	1	5	7	0	2	2	6	7	1	6	4	8	0	0	1	2	1	3	5	1	0	7	2	2	2	0	3	1	2	4	1	0	4	4	6	6	0	8	3	2	5	5	4	2	6	8	5	8	9
chr9	17933855	3	18	5	8	12	2	3	3	0	2	5	4	7	0	14	8	3	7	3	3	5	14	20	3	3	4	9	4	2	3	1	8	6	1	1	4	9	1	0	3	9	2	0	5	5	0	3	3	1	10	3	4	0	7	2	6	3	1	3	5	2	3	7	4	9	5	3	6	8	2	8	2	0	3	3	0	3	2	3	6	8	7	3	4	7	7	3	3	2	3	4	6	2	9	5	9	8	8	10	2	4	7	9	7	8	11	15	3	13	3	11	2	7	9	6	8	9	6	6	5	6	10	9	9	12	3	9	6	5	9	12	5	3	6	3	5	7	4	4	1	5	7	2	2	9	6	4	4	3	15	4	2	6	9	5	5	5	4	3	1	4	4	2	8	8	2	4	4	10	2	6	5	5	6	6	5	5	3	7	3	6	5	5	11	2	4	2	7	6	1	6	12	3	2	4	4	8	3	0	4	2	2	1	3	5	0	5	4	2	9	3	1	4	1	1	5	3	3	1	6	0	3	4	5	5	3	1	2	3	4	1	2	3	2	3	5	5	0	4	1	4	7	1	2	4	1	0	1	2	3	4	2	5	1	5	1	1	2	4	1	0	3	7	1	2	2	1	2	3	1	1	1	4	0	1	4	1	4	3	4	0	1	6	1	2	3	4	1	3	3	7	5	2	4	5	3	4	5	4	2	5	5	3	1	2	5	8	1	8	7	8	1	3	2	5	5	0	3	2	2	7	9	3	2	2	10	2	7	3	4	8	5	4	10	7	1	5	7	0	2	2	6	7	1	6	4	8	0	0	1	2	1	3	5	1	0	7	2	2	2	0	3	1	2	4	1	0	4	4	6	6	0	8	3	2	5	5	4	2	6	8	5	8	9
chr9	17933856	3	19	5	8	12	2	3	3	0	2	5	4	7	0	14	8	3	7	3	3	5	14	20	4	4	4	9	4	2	3	1	8	6	1	1	4	9	1	0	3	9	2	0	5	5	0	3	3	1	10	3	4	0	7	2	6	3	1	5	5	2	3	7	4	9	5	3	6	8	2	8	2	0	3	4	0	3	2	3	6	8	7	3	4	7	7	3	3	2	3	4	6	2	9	5	11	8	9	10	2	5	7	9	7	8	11	15	3	13	3	12	2	10	9	6	8	9	6	6	5	6	11	9	10	12	4	9	7	5	9	13	5	3	6	3	5	7	4	4	1	5	8	2	2	10	6	4	4	3	15	4	4	6	10	5	6	5	4	3	1	4	4	2	8	8	2	4	4	11	2	6	6	5	6	6	5	5	4	7	3	6	6	5	11	2	4	2	7	6	1	6	12	3	2	4	4	8	3	0	5	2	2	1	3	5	0	5	4	2	9	3	1	4	1	1	5	3	3	1	6	0	3	4	5	5	3	1	2	3	4	1	2	3	2	3	5	5	0	4	1	4	7	1	2	4	1	0	1	2	3	4	2	5	1	5	1	1	2	4	2	0	3	7	1	2	2	1	2	3	1	1	1	4	0	1	4	1	4	3	4	0	1	6	1	2	3	4	1	3	3	7	6	2	4	5	3	4	5	4	2	5	5	3	1	2	6	8	1	8	7	9	1	3	2	5	5	0	3	2	2	7	9	3	2	3	11	2	7	3	4	8	5	4	10	7	2	5	7	0	2	2	6	7	1	6	4	8	0	0	1	2	1	3	5	1	0	7	2	2	2	0	4	1	2	4	1	0	4	4	6	6	0	8	3	2	5	5	4	2	6	8	6	8	9
chr9	17933857	3	19	5	9	12	2	3	3	0	2	5	4	7	0	14	8	3	7	3	3	5	14	20	4	5	4	9	4	2	3	1	8	6	1	1	4	9	2	1	3	9	2	0	5	5	0	3	3	1	10	3	4	0	7	2	6	3	1	5	5	2	3	7	4	9	5	3	6	8	2	8	2	1	3	4	0	4	2	3	6	8	7	3	4	7	7	3	3	2	3	4	6	2	9	5	11	8	9	10	2	5	7	9	7	8	11	15	3	13	3	12	3	10	9	6	8	9	6	6	5	6	11	9	10	12	4	9	7	5	9	13	5	3	6	3	5	7	4	4	1	5	8	2	2	10	6	4	4	3	15	4	4	6	10	5	6	5	4	3	1	4	4	2	8	8	2	4	4	11	2	6	6	5	6	6	5	5	4	7	3	6	6	5	11	2	4	2	7	6	1	6	12	3	2	4	4	8	3	0	5	2	2	1	3	5	0	5	4	2	9	3	1	4	1	1	5	3	3	1	6	0	3	4	5	5	3	1	2	3	4	1	2	4	2	3	5	5	0	4	1	4	7	1	2	4	1	0	1	2	3	4	2	5	1	5	1	1	2	4	2	0	3	7	1	2	2	1	2	3	1	1	1	4	0	1	4	1	4	3	4	0	1	6	1	2	3	4	1	3	3	7	6	2	4	5	3	4	6	4	2	5	5	3	1	2	6	8	1	8	7	9	1	3	2	5	5	0	3	2	2	7	9	3	2	3	11	2	6	3	4	8	5	4	10	7	2	5	7	0	2	2	6	7	1	6	5	8	0	0	1	2	1	3	5	1	0	7	2	2	2	0	4	1	2	4	1	0	4	4	6	6	0	8	3	2	5	5	4	2	6	8	6	8	9
chr9	17933858	4	19	5	9	12	2	3	3	0	2	5	5	9	0	13	8	3	7	3	3	5	14	20	4	5	4	9	4	2	3	1	8	6	1	1	4	9	2	1	3	9	2	0	6	5	0	3	3	1	10	3	4	0	7	2	6	3	1	5	5	2	3	7	4	10	5	3	6	8	2	8	2	1	3	4	0	4	2	3	7	8	7	3	4	7	7	3	3	2	3	4	6	2	9	5	11	7	9	10	2	4	7	9	7	8	11	15	3	13	3	12	4	10	9	6	8	9	6	6	5	7	11	10	10	12	4	9	7	5	9	13	5	3	6	3	5	7	4	4	1	5	8	2	2	10	6	4	4	3	15	4	4	6	10	5	6	7	4	4	1	4	4	2	8	8	2	4	4	11	3	6	6	5	6	6	5	5	4	7	4	6	8	5	11	2	4	2	7	6	3	6	12	3	2	4	4	8	3	0	5	2	2	1	3	5	0	5	4	3	9	3	1	4	1	1	5	3	3	1	6	0	3	4	5	5	3	1	2	3	4	1	2	4	2	3	5	5	0	4	1	4	7	1	2	4	1	0	1	2	3	4	2	5	1	5	1	1	2	4	2	0	3	7	1	2	3	1	2	3	1	1	1	4	0	1	4	1	4	4	4	0	1	6	1	2	3	4	1	3	3	7	6	2	4	5	3	4	6	4	2	5	5	3	1	2	6	8	1	8	7	9	1	3	2	5	5	0	3	2	2	7	9	3	2	3	11	2	6	3	4	8	5	4	11	7	2	5	7	0	2	2	6	7	1	6	5	8	0	0	1	2	1	3	5	1	1	7	2	2	2	0	4	1	2	4	1	0	4	4	6	6	0	8	3	2	5	5	4	2	6	8	6	8	9
chr9	17933859	4	19	5	9	12	2	4	3	0	2	5	5	10	0	13	8	4	7	3	3	5	14	20	4	5	4	9	4	2	3	1	8	6	1	1	4	9	2	1	3	9	2	0	6	5	0	4	3	1	10	3	4	0	7	2	6	3	1	5	5	2	3	7	4	10	6	3	6	8	2	8	2	2	3	4	0	4	2	3	7	8	7	3	4	8	7	3	3	2	4	4	6	2	9	5	11	7	9	10	2	4	7	11	7	8	11	15	3	13	3	12	4	11	9	6	9	9	6	7	5	7	11	10	13	13	4	9	7	5	9	12	5	3	6	3	5	7	4	4	1	5	8	2	2	10	6	4	4	3	15	4	4	6	10	5	6	8	4	4	1	4	3	2	8	11	2	4	4	11	3	6	6	5	6	6	5	5	4	7	4	6	8	5	12	2	4	2	7	7	3	6	12	3	2	4	4	9	3	0	5	2	2	1	3	5	0	5	4	3	9	3	1	4	1	1	5	3	3	1	6	0	3	4	5	5	3	1	2	3	4	1	2	4	2	3	5	5	0	4	1	4	7	1	2	4	1	0	1	2	3	4	2	5	1	5	1	1	2	4	2	0	3	7	1	2	3	1	2	3	1	1	1	4	0	1	4	1	4	3	4	0	1	6	1	2	3	4	1	3	3	7	6	2	4	5	3	4	6	4	2	5	6	3	1	2	6	8	1	8	7	9	1	3	2	5	5	0	3	2	2	8	10	3	2	3	11	2	6	3	4	8	4	4	11	7	2	5	7	0	2	2	6	7	1	6	5	8	0	0	1	2	1	4	5	1	1	7	2	2	2	0	4	1	2	4	1	0	4	4	6	6	0	8	3	2	5	7	4	2	6	8	6	8	9
chr9	17933860	4	19	5	9	12	2	4	3	0	2	6	5	10	0	13	8	4	7	3	3	5	14	20	4	5	4	9	4	2	3	1	8	6	1	1	4	9	2	1	3	9	2	0	6	5	0	4	3	1	10	3	4	0	7	2	6	3	1	5	5	2	3	7	4	10	6	3	6	8	2	9	2	2	3	4	0	4	2	3	7	8	7	3	4	8	7	3	3	2	4	4	7	2	9	5	11	7	9	10	2	4	7	11	7	8	11	16	3	13	3	12	4	11	9	6	9	9	6	7	5	7	11	10	13	13	4	9	7	5	9	12	5	3	6	4	5	7	4	4	1	5	8	2	2	10	6	4	4	3	15	4	4	6	10	5	6	8	4	4	1	4	3	2	8	11	2	4	4	11	3	6	6	5	6	6	5	5	4	7	4	6	8	5	12	2	4	2	7	7	3	6	12	3	2	4	4	9	3	0	5	2	2	1	3	5	0	5	4	3	9	3	1	4	1	1	5	3	3	1	6	0	3	4	5	5	3	1	2	3	4	2	2	4	2	3	5	5	0	4	1	4	7	1	2	4	1	0	1	2	3	4	2	5	1	5	1	1	2	4	2	1	3	7	1	3	3	1	2	3	1	1	1	4	0	1	4	1	4	4	4	0	1	6	1	2	3	4	1	3	3	7	6	2	4	5	3	4	6	4	2	5	6	3	1	2	6	9	1	8	7	9	1	3	2	5	5	0	3	2	2	8	10	2	2	3	11	2	6	3	4	8	4	4	11	7	2	5	7	0	2	2	6	7	1	6	5	8	0	0	1	2	1	4	5	1	1	7	2	2	2	0	4	1	2	4	1	0	4	4	6	6	0	8	3	2	5	7	4	2	6	8	6	8	9
chr9	17933861	4	20	5	9	12	2	4	3	0	2	6	5	10	0	14	8	4	7	3	5	5	14	23	5	6	4	9	5	2	4	1	8	6	1	1	4	9	2	1	3	9	2	0	6	5	0	4	3	1	10	3	4	0	8	2	6	3	1	5	5	2	3	7	4	10	6	3	7	8	2	9	2	2	3	4	0	4	2	3	7	8	7	3	4	8	8	3	3	2	4	4	7	2	9	6	11	7	10	10	2	4	7	11	8	8	11	16	3	13	3	12	5	11	10	6	9	9	6	7	5	7	11	10	13	13	5	9	8	5	9	13	5	4	6	4	5	7	4	4	1	5	8	2	2	10	6	4	4	3	15	4	4	6	11	5	6	8	4	4	1	5	3	2	8	11	2	4	5	11	3	6	6	5	6	6	5	6	4	7	4	6	9	5	12	2	4	3	8	7	3	8	12	3	2	4	4	9	3	1	5	2	2	4	3	5	1	5	4	3	9	3	1	4	1	1	5	3	3	1	6	0	3	4	5	5	3	1	2	3	4	3	2	4	2	3	5	5	0	4	1	4	7	1	2	4	1	0	1	2	4	4	2	5	1	5	1	1	2	4	2	1	3	7	1	3	3	1	2	3	1	1	1	4	0	2	4	1	4	5	4	0	1	6	1	3	3	4	1	3	3	8	6	2	4	5	3	4	6	4	2	5	6	3	1	2	6	9	1	8	7	9	1	3	2	6	5	0	3	2	2	8	10	2	2	3	11	2	6	3	4	8	4	4	11	7	2	5	7	0	2	2	6	7	1	6	5	8	0	0	1	2	1	4	5	1	1	7	2	2	2	0	4	1	2	4	1	0	4	4	6	6	0	8	3	2	5	7	4	2	6	8	6	8	9
chr9	17933862	4	20	5	9	13	2	4	3	0	2	6	5	10	0	14	8	4	7	3	5	5	14	23	5	6	4	9	5	2	4	1	8	6	1	1	4	9	2	1	3	9	2	0	6	5	0	4	3	1	10	3	4	0	8	2	6	3	1	5	5	2	3	7	4	10	6	3	7	8	2	9	2	2	3	4	0	4	2	3	7	8	7	3	4	8	8	3	3	2	4	4	7	2	9	6	11	7	10	10	2	4	7	11	8	8	11	16	3	13	3	12	5	11	10	6	9	9	6	7	5	7	11	10	13	13	5	9	8	5	8	13	5	4	6	4	5	7	4	4	1	5	8	2	2	10	6	4	4	3	15	4	4	6	11	5	6	8	4	4	1	5	3	2	8	11	2	4	5	11	3	6	6	5	6	6	5	6	4	7	4	6	9	5	12	2	4	3	8	7	3	8	12	3	2	4	4	9	3	1	5	2	2	4	3	5	1	5	4	3	9	3	1	4	1	1	5	3	3	1	6	0	3	4	5	5	3	1	2	3	4	3	2	4	2	3	5	5	0	4	1	5	7	1	2	4	1	0	1	2	4	4	2	5	1	4	1	1	2	4	2	1	3	7	1	3	3	1	2	3	1	1	1	4	0	2	4	1	4	5	4	0	1	6	1	3	3	4	1	3	3	8	6	2	4	5	3	4	6	4	2	5	6	3	1	2	6	9	1	8	7	9	1	3	2	6	5	0	3	2	2	8	10	2	2	3	11	2	6	3	4	8	4	4	11	7	2	5	7	0	2	2	6	7	1	6	5	8	0	0	1	2	1	4	5	1	1	7	2	2	2	0	4	1	2	4	1	0	5	4	6	6	0	8	3	2	5	7	4	2	6	8	6	8	9
chr9	17933863	4	20	6	8	14	2	4	2	0	2	7	5	10	1	14	9	5	8	3	5	4	14	23	5	7	4	9	5	2	4	1	8	6	1	1	4	9	3	1	3	10	3	0	6	5	0	4	3	1	11	3	4	0	8	2	7	3	1	5	5	2	3	7	4	10	6	2	7	8	2	9	2	2	3	4	0	4	2	2	8	8	7	3	4	7	8	3	3	2	4	4	7	2	9	6	9	7	11	10	2	4	7	11	10	7	13	16	3	13	3	12	5	11	10	6	9	9	7	6	5	8	11	11	13	13	5	9	8	6	8	13	5	4	6	4	5	7	4	4	0	5	8	2	2	10	5	4	4	3	15	4	4	6	11	5	6	8	4	4	1	5	3	2	8	11	2	4	5	11	3	6	6	5	7	7	5	6	4	7	4	6	9	5	12	2	4	3	8	7	3	8	15	3	2	4	4	9	3	1	5	3	2	4	4	5	1	5	4	3	9	3	1	4	1	1	6	4	3	1	6	0	3	4	6	5	4	1	2	4	4	3	2	4	2	3	5	5	0	4	1	5	7	1	2	4	0	0	1	2	4	3	2	5	1	5	1	1	2	4	2	1	3	7	1	3	4	1	5	4	1	1	1	3	0	3	4	1	4	5	4	0	1	6	1	3	3	4	1	3	3	8	7	2	4	5	3	4	6	4	2	5	7	3	1	2	6	9	1	8	8	9	1	3	2	6	5	0	3	2	2	8	10	2	2	3	11	2	6	3	4	8	4	4	11	7	4	5	7	0	2	2	6	7	1	7	5	7	0	0	1	2	1	4	5	1	1	7	2	2	2	0	4	1	2	3	1	0	5	4	6	6	0	8	3	2	5	7	4	2	6	8	6	8	9
chr9	17933864	4	18	6	8	14	2	4	2	0	2	7	6	11	1	14	9	5	8	3	5	4	14	23	5	7	4	9	5	2	4	1	8	6	1	1	4	10	3	1	3	10	3	0	6	6	0	4	3	1	11	3	4	0	8	2	7	3	1	5	5	2	3	7	5	10	6	2	7	8	2	9	2	2	4	4	0	4	2	3	8	8	7	3	4	7	8	4	3	2	4	4	7	2	9	6	9	7	11	10	2	4	7	11	10	7	13	16	3	13	3	12	5	11	10	6	9	8	7	6	5	8	11	11	13	14	5	9	8	7	8	13	5	4	6	4	5	7	4	4	1	5	8	2	2	10	5	4	4	3	14	4	4	6	11	5	6	8	4	4	1	4	3	2	8	11	2	4	5	11	3	6	6	5	7	7	4	6	4	7	4	6	9	5	12	2	4	3	8	7	3	8	15	3	2	4	4	9	3	1	6	3	2	4	4	5	1	5	4	3	9	3	1	4	1	1	6	4	3	1	7	0	3	5	6	5	4	1	2	5	3	3	2	4	2	3	5	5	0	4	1	5	8	1	2	4	0	0	1	2	5	3	2	5	1	5	1	1	2	4	2	1	3	7	1	3	4	0	5	4	1	1	1	4	0	3	4	1	4	5	4	0	1	6	1	3	3	4	1	3	3	8	7	2	4	5	4	4	7	4	2	5	7	3	1	2	6	9	1	8	9	9	1	3	2	6	5	0	3	2	2	8	10	2	2	3	11	2	6	3	4	7	4	4	11	7	4	5	7	0	2	2	6	7	1	7	5	7	0	0	1	2	1	4	5	1	2	7	2	2	2	0	4	1	2	3	1	0	5	4	6	6	0	8	3	2	5	7	4	2	6	8	6	8	9
chr9	17933865	5	18	6	9	15	2	5	2	0	4	9	7	13	1	14	10	5	8	3	5	4	14	27	5	7	4	9	8	2	4	1	8	8	1	1	7	13	3	1	4	12	3	0	6	7	0	4	3	1	13	3	4	0	8	3	7	3	1	5	5	2	3	7	5	10	6	3	9	9	2	9	3	2	4	6	0	4	3	3	10	8	7	4	4	8	8	4	3	2	4	5	7	3	9	9	10	8	11	10	2	5	7	11	11	7	14	16	5	13	3	12	6	14	10	7	9	8	7	6	5	8	12	11	14	14	5	10	9	7	8	17	6	5	7	4	5	8	4	4	1	6	8	2	2	10	5	5	4	3	14	4	8	6	11	6	8	9	4	4	1	4	4	2	8	12	3	6	5	11	4	7	7	6	7	7	4	6	4	9	8	6	9	5	14	4	4	3	9	9	3	8	16	3	2	4	7	10	3	1	6	3	3	4	4	5	2	5	4	5	9	4	2	4	2	1	6	4	3	1	6	0	3	5	6	5	4	2	2	8	4	3	2	4	2	7	5	5	0	4	1	5	8	3	3	4	0	0	2	2	6	3	4	5	1	6	2	2	2	4	2	1	4	8	1	4	6	0	5	4	1	2	1	4	0	3	4	2	4	5	4	0	1	6	1	3	3	4	3	4	3	8	8	2	4	5	5	4	10	4	3	5	7	3	1	2	6	9	1	9	11	10	1	3	2	6	5	1	4	2	2	8	10	2	2	3	11	2	6	3	5	8	8	4	11	7	4	5	8	1	2	2	6	7	2	7	5	7	0	0	1	2	1	4	5	1	2	9	2	2	2	0	4	1	3	3	1	0	6	4	6	6	0	8	4	2	5	8	4	2	6	9	7	9	10
chr9	17933866	5	18	7	9	15	2	5	2	0	4	9	7	13	1	14	12	5	8	3	5	4	14	27	5	7	4	9	8	2	4	1	9	8	1	1	7	14	4	2	7	14	3	0	6	7	0	4	3	1	13	3	4	0	8	3	7	3	1	5	5	2	3	7	5	10	6	3	9	9	2	9	3	2	4	6	1	4	3	3	10	8	7	4	4	8	8	4	3	2	4	5	7	3	9	9	10	8	11	10	3	5	8	12	11	7	14	17	5	13	4	12	6	14	10	8	9	8	7	6	6	9	12	11	14	14	5	10	10	7	8	17	6	5	8	4	6	8	4	5	1	6	8	2	3	12	5	5	4	3	14	4	8	6	11	6	10	9	4	4	1	4	5	2	8	12	3	7	5	11	4	7	8	6	7	7	4	6	4	9	8	6	9	5	15	4	4	3	9	9	3	9	16	3	2	4	7	10	3	1	6	3	3	4	4	5	3	8	5	5	9	4	2	4	2	1	6	4	3	1	6	0	3	5	6	5	4	2	1	8	4	3	2	4	2	7	5	5	0	4	1	5	5	3	3	4	0	0	2	2	6	3	4	5	1	7	2	2	2	4	2	1	4	9	1	4	6	0	5	4	1	2	1	4	1	3	4	2	4	5	4	0	1	6	1	3	3	4	3	4	3	8	8	2	4	5	5	4	10	4	3	5	7	3	1	2	6	9	1	9	11	10	1	3	2	6	5	2	4	2	2	8	10	2	2	3	11	3	6	3	7	8	8	4	11	7	4	5	8	1	2	3	7	8	2	7	5	7	0	0	1	2	1	4	5	2	2	9	2	3	2	0	4	2	3	3	1	0	6	4	6	6	0	8	4	2	5	8	6	2	6	10	7	9	10
chr9	17933867	5	18	7	9	15	2	5	2	0	4	9	7	13	1	14	13	5	8	3	5	4	14	28	5	7	4	9	8	2	4	1	9	8	1	1	7	16	4	2	7	14	3	0	6	7	0	2	4	2	13	3	4	0	8	3	7	3	1	5	4	2	3	8	5	10	6	3	9	9	2	9	3	2	4	9	1	4	3	3	10	8	7	4	4	8	8	4	3	2	4	5	7	3	9	9	11	9	11	10	3	5	8	12	12	8	14	17	5	13	4	12	6	14	10	9	9	8	7	6	6	10	12	11	14	14	5	10	10	7	8	19	6	5	8	4	6	8	4	5	1	6	8	2	3	12	5	5	4	4	14	4	8	6	11	6	10	9	4	4	1	4	5	3	8	12	3	7	5	11	4	7	8	6	7	7	4	6	4	10	8	6	11	5	15	4	4	3	9	9	3	9	16	3	2	4	7	11	4	1	6	3	3	4	4	5	3	8	5	5	9	4	2	4	2	1	6	4	3	1	7	0	3	5	6	5	4	2	1	8	4	3	2	5	2	7	5	5	0	4	1	5	5	3	3	3	0	0	3	2	6	3	4	5	1	7	2	2	2	4	2	1	4	9	1	4	6	0	5	4	1	2	1	4	1	3	4	2	4	5	4	0	1	6	1	3	3	4	3	4	3	8	8	2	4	5	5	4	10	4	3	5	7	3	1	2	6	9	1	9	11	10	1	3	2	6	5	2	4	2	2	8	10	2	2	3	11	3	6	3	8	8	8	4	11	8	4	5	8	1	2	3	7	8	2	7	5	7	1	0	1	2	1	4	5	2	2	9	2	3	2	0	5	2	3	3	1	0	6	5	6	6	0	8	4	3	5	8	6	2	6	10	7	9	10
chr9	17933868	5	18	7	9	15	2	5	2	0	4	9	7	13	1	14	13	5	8	3	6	4	14	28	5	7	4	9	8	2	4	1	9	8	1	1	7	16	4	2	7	13	3	0	6	7	0	2	4	2	13	3	4	0	8	3	7	3	1	5	4	2	3	8	5	10	6	3	9	9	2	8	3	2	4	9	1	4	3	3	10	8	7	4	4	8	8	4	3	2	4	5	7	3	9	9	11	9	11	10	3	5	8	12	12	8	14	17	5	13	4	12	6	14	10	9	9	7	7	6	6	10	12	11	14	14	5	10	10	7	8	19	6	5	8	4	6	8	4	5	1	6	8	2	3	12	5	5	4	4	12	5	8	6	11	6	10	9	4	4	1	4	5	4	8	12	3	7	5	11	4	7	8	6	7	7	4	6	4	10	8	6	11	5	15	4	4	3	9	9	3	9	16	3	2	4	7	11	4	1	6	3	3	4	4	5	3	8	5	5	9	4	2	4	2	1	6	4	3	1	7	0	3	5	6	5	4	2	1	8	4	3	2	5	2	7	5	5	0	4	1	5	5	3	3	3	0	0	3	2	6	3	4	5	1	7	2	2	2	4	2	1	4	9	1	4	6	0	5	4	1	2	1	4	1	3	4	2	4	5	4	0	1	6	1	3	4	4	3	4	3	8	8	2	4	5	5	4	10	4	3	5	7	3	1	2	6	9	1	9	11	10	1	3	2	6	5	2	4	2	1	8	10	2	2	3	11	3	6	3	8	8	8	4	11	8	4	5	8	1	2	3	7	8	2	7	5	7	1	0	1	2	1	4	5	2	2	9	2	3	2	0	5	2	3	3	1	0	6	5	6	6	0	8	4	3	5	7	6	2	6	10	7	9	10
chr9	17933869	5	18	7	9	15	2	5	2	0	4	9	7	13	1	14	13	5	8	3	6	4	15	28	5	7	4	9	8	2	4	1	9	8	1	1	7	16	3	2	7	13	3	0	6	7	0	2	4	2	13	3	4	0	8	3	7	3	1	5	5	2	3	8	5	10	6	3	9	9	2	7	3	2	4	9	1	4	3	3	10	8	7	4	4	8	8	4	3	2	4	5	7	3	9	9	13	9	10	10	3	5	8	12	12	8	14	17	5	13	4	12	6	14	10	9	9	7	6	6	6	11	12	11	14	14	5	11	10	7	7	19	6	5	8	4	6	8	4	5	1	6	8	2	3	12	5	5	4	4	12	5	8	6	11	6	10	9	4	4	1	4	5	4	8	12	3	7	5	10	4	7	8	7	7	7	4	6	4	10	8	6	11	5	15	4	4	3	9	9	3	9	16	3	2	4	7	12	4	1	6	3	3	4	4	5	3	8	4	5	9	4	2	4	2	1	6	4	3	1	7	0	3	5	6	6	4	2	1	8	4	3	2	5	2	7	6	5	0	4	1	5	5	3	3	3	0	0	3	2	6	3	4	5	1	7	2	2	2	4	2	1	4	9	1	6	6	0	5	4	1	2	1	4	1	3	4	2	4	5	4	0	1	6	1	3	4	4	3	4	3	8	8	2	4	5	5	5	10	4	3	5	7	3	1	2	5	9	1	9	11	9	1	3	2	6	5	2	4	2	1	9	10	2	2	3	11	3	6	3	8	8	8	4	11	8	4	5	8	1	2	3	7	8	2	7	5	7	1	0	1	2	1	4	5	2	2	9	2	3	2	0	5	2	3	3	1	0	6	5	7	6	0	8	4	3	5	7	6	2	6	10	7	9	10
chr9	17933870	5	18	7	9	15	2	5	2	0	4	9	7	13	1	14	13	5	8	3	6	4	15	28	5	7	4	9	9	2	4	1	9	8	1	1	7	16	3	2	7	14	3	0	6	7	0	2	4	2	13	3	4	0	8	3	7	3	1	5	5	2	3	8	5	11	6	3	9	9	2	7	3	2	4	9	1	4	3	3	10	8	7	4	4	8	8	4	3	2	4	5	7	3	9	9	13	9	10	9	3	5	8	12	12	8	14	17	5	13	4	12	6	14	10	9	10	7	6	6	6	11	12	11	14	14	5	11	10	7	7	19	6	5	8	4	6	8	4	5	1	6	8	2	3	12	5	5	4	4	12	5	8	6	11	6	10	8	4	4	1	4	5	4	8	12	3	7	5	10	4	7	8	7	7	7	4	6	4	10	8	6	11	5	15	4	4	3	9	9	3	9	16	3	2	4	7	12	4	1	6	3	3	4	5	5	3	8	4	5	9	4	2	4	2	1	6	4	3	1	7	0	3	5	6	6	4	2	1	8	4	3	2	5	2	7	7	5	0	4	1	5	5	3	3	3	0	0	3	2	6	3	4	5	1	7	2	2	2	4	2	1	4	9	1	6	6	0	5	4	1	2	1	4	1	3	4	2	4	6	4	0	1	6	1	3	4	4	3	4	3	8	8	2	4	4	4	5	10	4	3	5	7	3	1	2	5	9	1	9	11	9	1	3	2	6	5	2	4	2	1	9	10	2	2	3	11	3	6	3	7	8	8	4	11	8	4	5	8	1	2	3	7	8	2	7	5	7	1	0	1	2	1	4	5	2	2	8	2	3	2	0	5	2	3	3	1	0	6	5	7	6	0	8	4	3	5	7	6	2	6	10	7	9	10
chr9	17933871	5	18	9	11	16	2	5	2	0	6	9	7	14	1	14	14	5	8	3	6	4	15	30	6	7	5	10	9	2	4	3	10	8	1	1	7	16	3	2	7	14	3	0	6	8	0	3	4	2	13	3	4	1	8	3	7	3	1	5	5	2	3	9	5	11	6	3	9	10	2	7	3	2	4	9	1	4	3	3	10	9	7	4	4	8	8	4	3	2	4	5	7	4	9	10	13	9	10	10	5	5	9	12	14	8	16	18	6	13	4	12	6	15	10	9	13	8	7	6	9	11	12	11	16	15	5	11	10	7	7	19	6	5	7	4	7	8	5	5	2	6	9	2	3	12	5	7	4	4	12	6	9	6	13	7	10	8	4	4	3	4	6	5	8	14	5	8	7	10	4	7	8	8	7	9	4	6	5	11	8	6	11	5	16	5	4	4	9	9	5	9	16	5	3	4	7	15	4	1	6	3	3	4	5	5	3	8	4	5	9	4	2	5	3	1	6	4	3	1	7	2	3	5	6	6	5	2	1	8	4	3	2	5	2	7	7	5	1	4	1	5	5	4	4	3	0	0	3	2	7	3	5	5	1	7	2	2	2	4	3	1	4	9	1	6	6	0	5	5	1	4	1	5	1	3	4	3	4	6	4	0	2	6	1	3	4	5	3	4	3	8	9	2	4	5	9	6	11	4	3	5	8	3	1	2	5	10	1	10	11	10	1	3	2	6	5	3	4	2	1	9	10	2	2	4	11	3	5	3	7	9	8	5	11	8	4	5	8	1	2	3	7	8	2	7	6	8	1	0	1	2	1	5	5	2	4	8	2	3	2	0	5	2	3	3	1	0	6	5	7	6	0	8	4	3	6	7	7	2	7	10	8	9	10
chr9	17933872	5	18	11	11	16	2	5	2	0	9	9	7	14	1	14	14	5	8	3	6	4	17	30	6	8	5	11	10	2	4	3	10	8	3	1	6	16	3	2	7	14	3	0	6	8	0	3	4	2	13	3	4	1	8	3	7	3	2	5	7	2	3	9	6	11	6	3	9	10	3	7	3	2	4	9	1	4	4	3	12	9	7	4	5	8	8	4	4	3	4	5	7	5	9	10	13	10	10	10	5	5	9	12	14	8	16	18	6	13	4	12	6	15	10	10	12	8	7	8	9	11	12	11	16	15	5	11	12	7	7	19	6	5	8	4	7	8	5	6	3	6	9	2	3	12	5	7	4	4	12	8	9	6	13	7	10	8	4	5	3	5	6	5	7	15	5	8	7	10	4	8	8	8	7	9	4	6	6	11	8	6	11	5	16	5	4	4	10	9	5	9	19	5	3	4	7	15	4	1	7	3	3	4	5	5	4	8	4	5	9	4	3	5	3	1	6	5	3	1	7	2	4	5	6	6	6	2	2	8	4	3	2	5	2	7	7	5	1	4	2	5	8	4	4	3	0	0	3	2	8	3	5	5	2	7	2	2	2	4	3	1	5	9	1	6	6	0	5	5	1	4	1	5	2	3	4	3	4	6	4	0	2	6	1	4	4	5	3	4	3	8	9	2	4	5	9	7	11	4	3	5	7	3	1	2	5	10	1	10	11	10	1	3	2	7	5	3	4	2	1	9	10	2	2	4	11	3	5	3	7	9	9	5	11	8	4	5	8	1	2	3	8	8	2	7	6	8	1	0	1	2	1	5	5	2	4	8	2	3	2	0	5	2	3	3	1	0	6	5	7	6	0	8	4	3	6	8	7	2	7	10	9	9	10
chr9	17933873	5	18	11	11	16	2	5	2	0	9	9	7	14	1	14	14	5	8	3	6	4	17	30	6	8	5	12	11	4	4	3	10	8	3	1	6	16	3	2	7	14	4	0	6	8	0	3	4	2	13	3	4	1	8	3	7	3	2	5	7	2	3	9	6	11	7	3	9	10	5	7	3	2	4	9	1	4	4	3	12	9	8	4	5	8	8	4	4	3	4	5	7	5	11	11	13	10	10	10	5	5	9	12	14	8	16	18	6	13	4	13	6	16	9	10	12	8	7	8	10	11	12	11	16	15	5	11	12	7	8	19	6	5	8	4	7	9	5	8	3	6	9	2	3	13	5	7	4	4	12	8	9	6	14	7	10	8	4	5	3	5	6	5	7	15	5	9	7	10	4	8	8	8	7	9	5	6	6	11	8	6	11	5	16	5	4	4	10	9	5	9	19	5	3	4	7	15	4	1	7	3	3	4	5	5	4	8	3	5	9	4	3	5	3	1	6	5	3	1	7	2	4	5	6	6	6	2	2	8	5	3	2	5	2	7	7	5	1	4	2	5	8	4	4	3	0	0	3	2	8	3	5	5	2	7	2	2	2	4	3	1	5	9	1	6	6	0	5	5	1	4	1	5	2	3	4	3	4	6	4	0	2	6	1	4	4	5	3	4	3	8	9	2	4	5	10	8	11	4	3	5	7	3	1	2	5	10	1	10	11	10	1	3	2	7	5	3	4	2	1	9	10	2	2	5	11	3	6	4	7	10	9	5	11	8	4	5	8	1	2	4	8	8	3	7	6	8	1	0	1	2	1	5	5	2	4	8	2	3	2	0	5	2	3	3	1	0	6	5	7	6	0	8	4	3	6	7	7	2	7	10	9	9	10
chr9	17933874	5	18	11	11	16	2	5	2	0	9	9	7	14	1	14	14	5	8	3	6	4	17	30	6	8	6	12	11	4	4	3	10	8	3	1	6	16	3	2	7	13	4	0	6	8	0	3	4	2	13	3	4	1	8	3	7	3	2	5	7	2	3	9	6	11	7	3	9	10	6	7	3	2	3	9	1	4	4	3	12	9	8	4	5	8	8	4	4	3	4	5	7	5	11	11	13	10	10	10	5	5	9	13	15	8	16	18	6	13	4	13	6	16	9	10	12	8	7	8	10	11	12	12	16	15	5	11	12	7	8	19	6	5	8	4	7	9	5	8	3	6	9	2	3	13	5	7	4	4	12	8	9	6	14	7	10	8	4	5	3	5	6	5	7	15	5	9	7	10	4	8	8	8	7	9	5	5	6	11	8	6	11	5	16	5	4	4	10	9	5	9	19	5	3	4	7	15	4	1	7	3	3	4	5	5	4	8	3	5	9	4	3	5	3	1	6	5	3	1	7	2	4	5	6	6	6	2	2	8	5	3	2	5	2	7	7	5	1	4	2	5	8	4	4	3	0	0	3	2	8	3	5	5	2	7	2	2	2	4	3	1	5	9	0	6	6	0	5	5	1	4	1	5	2	3	4	3	4	6	4	0	2	6	1	4	4	5	3	4	3	8	9	2	4	5	10	8	11	4	3	5	7	3	1	2	5	10	1	10	11	10	1	3	2	7	5	3	4	2	1	9	10	2	2	5	11	3	6	4	7	10	9	5	11	8	4	5	8	1	2	4	9	8	3	7	6	8	1	0	1	2	1	5	5	2	4	8	2	3	2	0	5	2	3	3	1	0	6	5	7	6	0	8	4	3	6	7	7	2	7	10	9	9	10
chr9	17933875	5	18	11	11	16	2	5	2	0	9	9	7	14	1	14	14	5	8	3	6	4	17	30	6	8	6	12	11	4	4	3	10	8	3	1	6	16	3	2	7	13	4	0	6	8	0	3	4	2	13	3	4	1	8	3	7	3	2	5	8	2	3	9	6	11	7	3	9	10	6	7	3	2	3	9	1	4	4	3	12	9	8	4	5	8	8	4	4	3	4	5	7	5	11	11	13	10	10	10	5	5	9	13	15	8	16	18	6	13	4	13	6	16	9	10	12	8	7	8	10	11	12	12	16	15	5	11	12	7	8	19	6	5	8	4	7	9	5	8	3	6	9	2	3	13	5	7	4	4	12	8	10	6	14	7	10	8	4	5	4	5	6	5	7	15	5	9	7	10	4	8	8	8	7	9	5	5	6	11	8	6	11	6	16	5	4	4	10	9	5	9	19	5	3	4	7	15	4	1	7	3	3	4	5	5	4	8	3	5	9	4	3	5	3	1	6	5	3	1	7	2	4	5	6	6	6	2	2	8	5	3	2	5	2	7	7	5	1	4	2	5	8	4	4	3	0	0	3	2	8	3	5	5	2	7	2	2	2	4	3	1	5	10	0	6	6	0	5	5	1	4	1	5	2	3	4	3	4	6	4	0	2	7	1	4	4	5	3	4	3	8	9	2	4	5	10	8	11	4	4	5	7	3	1	2	5	10	1	10	11	10	1	3	2	8	5	3	5	2	1	9	10	2	2	5	11	3	6	4	7	10	9	5	12	8	4	5	8	1	2	4	9	8	3	7	6	9	1	0	1	2	1	5	5	2	4	8	2	3	2	0	5	2	3	3	1	1	6	5	7	6	0	8	4	3	6	7	7	3	7	10	9	9	10
chr9	17933876	5	18	11	11	16	2	5	2	0	9	9	7	14	1	14	14	5	8	3	6	4	17	30	6	8	6	12	12	4	4	3	10	8	3	1	6	16	3	2	7	13	4	0	6	8	0	3	4	2	13	3	4	1	8	3	7	3	2	5	8	2	3	9	6	11	7	3	9	10	6	7	3	2	3	9	1	4	4	3	12	9	8	4	5	8	8	4	4	3	4	5	7	5	11	11	13	10	10	10	5	5	9	13	15	8	17	18	6	13	4	13	6	16	9	10	12	8	7	8	10	11	12	13	16	15	5	11	12	7	8	19	6	5	8	4	7	9	5	8	3	6	9	2	3	13	5	7	4	4	12	8	10	6	14	7	10	8	4	5	4	5	6	5	7	15	5	9	7	10	4	8	8	8	7	10	5	5	6	11	8	6	11	6	16	5	4	4	10	9	5	9	19	5	3	3	7	15	4	1	7	3	3	4	5	5	4	8	3	5	9	4	3	5	3	1	6	5	3	1	7	2	4	5	6	6	6	2	2	8	5	3	2	5	2	7	7	5	1	4	2	5	8	4	4	3	0	0	3	2	8	3	5	5	2	7	2	2	2	4	3	1	5	10	1	6	6	0	5	5	1	4	1	5	2	3	5	3	4	6	4	0	2	7	1	4	4	5	3	4	3	8	9	2	4	5	10	8	11	4	4	5	7	3	1	2	5	10	1	10	11	10	1	3	2	8	5	3	5	2	1	9	10	2	2	5	11	3	7	4	7	10	9	5	12	8	4	5	8	1	2	4	9	8	3	7	6	9	1	0	1	2	1	5	5	2	4	8	2	3	2	0	5	2	3	3	1	1	6	5	7	6	0	8	4	3	5	7	7	3	7	10	9	9	11
chr9	17933877	5	18	11	11	16	2	5	2	0	9	9	7	14	2	14	14	5	8	3	6	4	17	30	6	8	6	12	12	4	3	3	10	8	3	1	6	16	3	2	7	13	4	0	6	8	0	3	4	2	13	4	4	1	8	3	8	3	2	6	8	2	3	9	6	11	7	3	9	11	6	7	3	2	3	9	1	4	4	3	12	9	8	4	5	8	8	4	4	3	4	5	7	5	11	12	13	10	10	10	5	5	9	13	15	8	17	18	6	13	4	13	6	16	10	10	12	8	7	8	10	11	13	13	16	15	5	11	12	7	8	19	6	5	8	4	7	9	5	8	3	6	9	2	3	13	5	7	4	4	12	8	10	7	14	7	10	8	4	5	4	6	6	5	7	15	5	9	7	10	4	8	8	8	7	10	5	5	6	11	8	6	11	6	16	5	4	4	10	9	5	9	19	5	3	3	7	15	4	1	7	3	3	4	5	5	4	9	3	5	8	4	3	5	3	1	6	5	3	1	7	2	3	5	6	6	6	2	2	8	5	3	2	5	2	7	7	5	1	4	2	5	8	4	4	3	0	0	3	2	8	3	5	5	2	7	2	2	2	4	3	1	5	10	1	6	6	0	5	5	1	4	1	5	2	4	5	3	4	6	4	0	2	7	1	4	4	5	3	4	3	8	9	2	4	5	10	8	11	4	4	5	7	3	1	2	5	10	1	10	11	10	1	3	2	8	5	3	6	2	1	9	10	2	2	5	11	3	7	4	7	10	9	5	12	8	4	5	8	1	2	4	9	8	3	7	6	9	1	0	2	2	1	5	5	2	4	8	2	3	2	0	5	2	3	3	1	1	6	5	7	6	0	8	4	3	5	7	7	3	7	10	9	9	11
chr9	17933878	5	18	11	11	16	2	5	3	0	9	10	7	14	2	14	14	5	8	3	6	4	17	31	6	8	6	14	12	4	3	3	10	8	3	1	6	17	3	2	7	13	6	0	7	8	0	3	5	2	13	5	4	1	8	3	8	3	2	7	8	2	3	9	6	12	7	3	8	11	7	7	3	2	3	10	2	4	4	3	13	9	8	4	5	8	8	4	4	4	5	5	7	5	12	12	13	10	10	10	5	5	10	15	17	8	17	19	6	13	4	13	6	18	11	11	12	8	7	8	10	12	13	13	16	15	6	11	12	8	8	19	6	5	8	4	7	9	5	8	3	6	9	2	3	15	5	7	4	5	12	8	11	8	14	7	11	8	4	6	4	7	6	5	7	16	5	9	7	10	4	8	8	8	8	12	5	5	6	11	8	6	11	6	16	5	4	4	10	9	6	10	19	5	4	3	7	15	4	1	7	3	3	4	5	5	4	9	4	5	8	4	3	5	3	2	6	5	3	2	7	2	3	6	6	6	6	2	2	8	5	4	2	5	2	7	7	5	1	5	2	5	8	4	4	4	0	0	3	2	8	3	5	6	2	7	2	2	2	4	3	2	5	11	1	6	6	0	5	5	2	4	1	5	2	5	6	3	4	6	4	0	2	7	1	5	4	5	3	4	3	8	10	2	4	5	11	8	12	4	4	5	7	3	1	2	5	10	1	10	11	12	1	3	2	9	6	3	6	1	2	9	10	2	2	6	12	3	8	4	7	10	9	5	13	9	7	5	8	1	2	4	9	8	3	9	6	9	1	0	2	2	1	5	7	2	4	9	2	3	2	0	5	2	3	5	1	1	7	5	7	6	0	8	4	3	4	7	7	3	7	12	9	10	11
chr9	17933879	5	19	11	11	17	3	5	3	0	11	11	7	14	2	14	14	6	7	3	6	4	17	31	6	8	6	14	12	4	3	3	10	8	3	1	6	17	3	2	7	13	6	0	7	8	0	3	5	2	13	5	4	1	8	3	8	4	2	7	8	2	4	9	6	12	7	3	8	11	7	7	3	2	3	10	2	4	5	3	13	9	8	4	5	8	7	4	5	4	5	5	7	5	12	12	13	10	11	10	5	5	10	15	17	8	17	20	6	13	4	13	6	18	11	11	12	8	7	8	10	12	13	13	16	17	6	11	13	8	8	19	6	5	8	4	7	9	5	8	3	6	9	2	3	15	5	7	4	6	12	9	11	8	14	7	11	8	5	6	4	7	6	5	7	16	5	9	7	10	4	8	8	8	8	12	5	5	7	11	8	6	11	7	16	5	4	4	10	9	6	10	21	5	4	3	7	14	5	1	7	3	3	4	5	5	4	9	4	5	8	4	3	5	2	2	6	5	3	2	7	2	3	7	6	6	5	2	2	8	5	4	1	5	2	7	7	6	1	5	2	5	8	4	4	4	0	0	2	2	8	3	5	6	2	7	2	2	2	4	3	2	5	12	1	6	6	0	5	5	2	4	1	5	2	5	6	3	4	6	4	0	2	7	1	5	4	5	3	4	3	8	12	2	4	5	11	8	12	3	4	5	7	3	2	2	5	10	1	10	11	12	1	3	2	9	6	3	6	1	2	9	9	2	2	6	12	3	8	4	8	10	9	5	13	8	7	5	8	1	2	4	9	8	4	9	6	9	1	0	2	2	1	5	7	2	4	9	2	3	2	0	5	2	3	5	1	1	7	5	7	6	0	8	4	3	4	7	7	3	7	12	9	10	11
chr9	17933880	5	19	9	11	16	3	5	3	0	11	11	6	13	2	13	14	5	6	3	6	3	17	30	5	8	6	14	11	4	3	3	10	8	3	0	5	17	3	2	5	13	6	0	7	9	1	3	5	2	12	4	4	1	8	3	7	3	2	7	8	2	4	8	6	8	6	3	8	11	7	7	3	2	2	10	2	4	5	2	12	8	8	4	5	8	7	4	5	4	5	5	9	5	11	12	12	10	11	10	5	5	10	15	17	8	16	19	6	12	4	13	6	18	11	9	12	8	7	8	8	11	11	12	16	16	6	11	12	6	8	19	6	5	8	4	7	9	5	7	3	6	8	2	3	15	5	7	4	6	12	8	11	7	14	7	11	8	3	6	4	7	6	5	7	16	5	8	7	7	3	8	8	4	8	12	5	5	6	11	8	6	11	7	16	5	4	4	10	9	6	10	21	5	4	3	6	15	5	1	7	3	3	4	5	5	4	9	4	5	8	4	3	5	2	2	6	5	3	2	6	2	3	6	6	5	5	2	2	8	5	4	1	5	2	7	7	6	1	5	2	5	8	4	4	4	0	0	2	2	8	3	5	6	1	7	1	2	2	4	3	2	5	12	1	6	5	0	5	5	2	4	1	5	2	5	5	3	4	6	4	0	2	7	1	5	3	5	3	4	3	8	12	2	4	5	11	8	12	3	4	5	7	3	2	2	4	10	1	9	11	11	1	3	2	9	6	3	6	1	2	9	9	2	2	6	12	3	7	4	8	6	9	4	12	7	7	5	8	1	2	4	9	8	4	8	6	8	1	0	2	2	1	5	7	2	4	9	1	3	2	0	5	2	3	5	1	1	6	5	7	6	0	8	4	3	3	7	6	3	7	12	9	9	11
chr9	17933881	5	19	9	11	17	3	5	3	0	11	11	6	13	2	14	14	5	6	3	6	3	17	30	5	8	6	14	11	4	3	4	10	8	3	0	5	17	3	2	5	13	6	0	7	9	1	3	5	2	12	4	4	1	8	3	7	3	2	7	8	2	4	8	6	8	7	3	8	11	7	7	3	2	2	10	2	4	5	2	12	8	9	4	5	8	7	4	5	4	5	6	9	5	11	12	12	10	11	10	5	5	10	15	17	8	16	20	6	12	4	13	6	18	11	9	12	9	7	8	8	11	11	12	16	16	6	11	12	6	8	20	6	7	8	4	7	9	5	7	3	6	8	2	3	15	5	7	4	6	12	8	12	7	14	7	11	8	4	6	4	7	6	5	7	16	5	8	7	7	3	9	8	4	8	12	5	5	6	11	9	6	11	7	16	5	4	4	10	9	6	10	21	6	4	3	6	15	5	1	7	3	3	4	5	5	5	9	5	5	8	4	3	5	2	2	6	5	3	2	6	2	3	6	6	5	5	2	2	8	6	4	1	5	2	7	7	6	1	5	2	5	8	4	4	4	0	0	2	2	8	3	5	6	1	7	2	2	2	4	3	2	5	12	1	6	5	0	5	5	2	4	1	5	2	5	5	3	4	6	4	0	2	7	1	5	3	5	3	4	3	8	12	2	4	5	11	8	12	3	4	5	7	3	2	2	4	10	1	9	11	11	1	3	2	9	6	3	6	1	2	9	9	2	2	7	12	3	7	4	8	6	9	4	12	7	7	5	8	1	2	4	9	8	4	8	6	8	1	0	2	2	1	5	7	2	4	9	1	3	2	0	5	2	3	5	1	1	6	5	7	6	0	8	4	3	3	7	6	3	7	12	9	9	11
chr9	17933882	5	19	9	11	17	3	5	3	0	11	10	6	13	2	14	14	5	6	3	6	3	17	30	4	8	6	14	11	4	3	4	10	8	3	0	5	18	3	2	5	13	6	0	7	9	1	3	5	2	12	4	4	1	8	3	7	3	2	7	8	2	4	8	5	8	7	3	8	11	7	7	3	2	2	10	2	4	5	2	12	8	9	4	5	8	7	4	5	4	5	6	9	5	11	12	12	10	11	10	5	5	10	15	17	8	16	20	6	12	4	13	6	18	11	9	12	9	7	8	8	11	11	12	16	16	6	11	12	6	8	20	6	7	8	4	7	8	5	7	3	6	8	2	3	14	5	7	4	6	12	8	12	7	14	7	11	8	4	6	4	7	6	5	7	16	5	7	7	7	3	9	8	4	8	12	5	5	6	11	9	6	11	7	16	5	4	4	10	9	6	10	21	6	4	3	6	15	5	1	7	3	3	4	5	5	5	9	5	5	8	4	3	5	2	2	6	5	3	2	6	2	3	6	6	5	5	2	2	8	6	4	1	5	2	7	7	6	1	5	2	5	8	4	4	4	0	0	2	2	8	3	5	6	1	7	2	2	2	4	3	2	5	12	1	6	5	0	5	5	2	4	1	5	2	5	5	3	4	6	4	0	2	7	1	5	3	5	3	4	3	8	12	2	4	5	11	8	12	2	4	5	7	3	2	2	4	10	1	9	11	11	1	3	2	9	6	3	6	1	2	9	9	2	2	7	12	3	7	4	8	6	9	4	12	7	7	5	8	1	2	4	9	7	4	8	6	8	1	0	2	2	1	5	7	2	4	9	1	3	2	0	5	2	3	5	1	1	6	5	7	6	0	8	4	3	3	7	6	3	7	12	9	9	11
chr9	17933883	5	19	9	11	17	3	5	3	0	11	10	6	14	2	14	14	5	6	4	6	3	17	31	4	8	6	14	11	4	3	4	10	8	3	0	5	18	3	2	5	13	8	0	7	9	1	3	5	2	12	4	4	1	8	3	8	3	2	7	8	2	4	8	6	8	7	3	9	11	7	7	3	2	2	10	2	4	5	2	12	8	11	5	5	8	7	4	5	4	5	6	9	5	11	13	11	10	11	10	5	5	10	15	19	8	16	20	7	12	4	13	6	19	11	9	12	8	7	8	8	11	11	12	17	16	7	11	12	6	9	20	6	7	9	4	7	8	5	7	4	6	8	2	3	14	5	8	4	6	12	8	12	7	14	8	11	8	4	6	4	7	6	5	7	18	5	7	7	7	3	9	8	4	8	12	5	5	6	11	9	6	11	7	16	5	4	4	10	9	6	10	21	6	4	3	6	15	5	1	7	3	3	4	5	6	5	9	5	5	8	4	3	5	2	3	6	5	3	2	7	2	3	6	6	5	6	2	2	8	6	4	1	5	2	7	7	6	1	6	2	5	8	4	4	4	0	0	2	2	8	3	5	6	1	7	2	2	3	4	3	2	5	12	1	5	5	0	5	5	2	4	1	5	2	5	5	3	4	5	4	1	2	7	1	5	3	5	3	4	2	8	12	2	4	6	11	8	12	2	4	5	7	3	2	2	4	10	1	9	11	11	1	3	2	9	7	3	6	1	2	9	9	2	2	7	14	3	7	4	8	6	9	4	12	7	7	5	9	1	2	4	8	7	4	8	6	8	2	0	2	2	1	5	7	2	4	9	1	4	2	0	5	2	3	5	1	1	6	5	7	6	0	8	4	3	3	7	6	3	7	11	9	10	11
chr9	17933884	5	19	9	11	17	3	6	3	0	11	10	6	14	2	15	14	5	6	4	6	3	17	30	4	8	6	14	11	4	3	4	10	8	3	0	5	18	3	2	5	13	9	0	7	9	1	3	5	2	13	4	4	1	8	3	8	3	2	7	8	2	4	8	6	8	7	3	9	11	7	7	3	2	2	10	2	4	5	2	12	8	12	5	6	8	7	4	5	4	5	6	9	5	11	13	11	10	11	10	5	5	10	16	19	8	16	20	7	12	4	12	6	19	11	9	12	8	7	8	8	11	11	12	17	17	7	11	12	6	9	20	6	6	10	4	7	9	5	7	4	6	8	2	3	14	5	8	4	6	12	9	12	7	14	8	11	8	4	6	4	7	7	5	7	18	5	7	7	7	3	9	8	4	8	12	5	5	6	11	9	6	12	7	16	5	4	4	10	9	6	10	21	6	4	3	6	15	5	1	7	3	3	4	5	6	5	9	5	5	8	4	4	5	2	3	6	5	3	2	7	2	3	6	6	4	6	1	2	8	6	4	1	5	2	7	7	6	1	6	2	5	8	4	4	4	0	0	2	2	8	3	5	6	1	7	2	2	3	4	3	2	5	12	1	5	5	0	5	5	2	4	1	5	2	5	5	3	4	5	4	1	2	7	1	5	3	5	3	4	2	8	12	2	4	6	11	8	11	2	4	5	7	3	2	2	4	10	1	9	11	11	1	3	2	8	7	3	6	1	2	9	9	2	2	7	15	2	7	4	8	6	9	5	12	7	7	5	9	1	2	4	8	7	4	8	6	8	2	0	2	2	1	5	7	2	4	9	1	4	3	0	5	2	3	5	1	1	6	5	7	6	0	8	4	3	3	7	6	3	7	11	9	9	11
chr9	17933885	5	19	9	11	18	3	6	3	0	11	10	6	14	2	15	14	5	6	4	6	3	17	30	4	8	6	15	11	4	3	4	10	8	4	0	5	20	3	2	5	13	9	0	7	9	1	3	5	2	13	4	4	1	8	3	8	3	2	7	8	2	4	8	6	8	8	3	9	11	7	7	3	2	4	10	2	4	5	2	12	8	12	5	6	8	6	4	5	4	5	6	9	5	11	13	11	10	11	10	5	5	10	16	19	8	16	23	7	12	4	12	6	19	11	9	12	8	7	8	8	11	11	12	17	19	7	11	12	6	9	20	6	6	10	5	7	9	5	7	4	6	8	2	3	14	5	8	4	6	11	9	12	7	14	8	11	8	4	6	4	7	7	5	7	18	5	7	7	8	3	9	8	4	8	12	5	5	6	11	9	5	12	7	16	5	4	4	10	9	6	10	21	7	4	3	6	15	5	1	7	3	3	4	5	7	5	9	5	5	8	4	4	5	2	3	4	5	3	2	7	2	3	6	6	4	6	1	2	8	6	4	1	5	2	7	7	6	1	6	2	5	8	4	4	4	0	0	2	2	7	3	5	6	1	7	2	2	3	4	3	2	5	12	1	5	5	0	5	5	2	4	1	5	2	5	5	3	4	5	4	1	2	7	1	6	3	5	3	4	2	8	12	2	4	6	11	8	11	2	4	5	7	3	2	2	4	10	2	9	11	11	1	3	2	8	7	3	6	1	2	9	9	2	2	7	15	2	7	4	8	6	9	5	13	7	7	5	9	1	2	4	8	7	4	8	6	8	2	0	2	2	1	5	7	2	4	10	1	4	3	0	5	2	3	5	1	1	6	5	7	6	0	8	4	3	3	7	6	3	7	11	9	9	11
chr9	17933886	5	19	9	11	18	3	6	3	0	11	10	6	14	2	15	14	5	6	4	6	3	17	30	5	8	6	15	11	4	3	4	10	8	4	0	5	20	3	2	5	13	9	0	7	9	1	3	5	2	13	4	4	1	8	4	8	3	2	7	8	2	4	8	6	8	8	3	9	11	7	8	3	2	5	10	2	4	5	2	12	8	12	5	6	8	6	4	5	4	5	6	9	5	11	13	11	10	11	10	5	5	10	17	19	8	17	23	7	13	4	12	6	19	11	9	12	8	7	8	8	11	11	12	17	19	7	11	12	6	9	20	6	6	10	5	7	9	5	7	4	6	8	2	3	14	5	8	4	6	11	9	12	7	14	8	12	8	4	6	4	7	7	5	7	18	5	7	7	8	3	11	8	4	8	12	5	5	6	11	10	5	12	8	17	5	4	4	10	9	6	10	21	7	4	3	6	15	5	1	7	3	3	4	5	7	5	9	5	6	8	4	4	5	2	5	4	5	4	2	7	2	3	6	6	5	7	1	2	9	6	4	1	5	2	7	7	6	1	6	2	5	8	4	4	4	0	0	3	2	7	3	5	6	1	7	2	2	3	4	3	2	5	12	1	5	5	0	5	5	2	4	1	5	2	7	5	3	4	5	4	1	2	7	1	6	4	5	3	4	2	8	12	2	4	6	11	8	11	2	4	5	7	3	2	2	4	10	2	9	11	11	1	3	2	8	7	3	6	1	2	9	9	2	2	7	15	2	7	4	10	6	9	5	13	7	7	6	9	1	2	4	8	8	4	8	6	8	2	0	2	2	1	5	7	2	4	10	1	4	3	0	5	2	3	5	1	1	6	5	7	6	0	8	4	3	3	7	6	3	8	11	9	9	11
chr9	17933887	5	19	9	11	18	3	6	3	0	11	10	6	15	2	15	14	5	6	4	6	3	17	30	5	8	6	15	12	4	3	4	10	8	4	0	5	20	3	2	5	13	9	0	7	9	1	3	5	2	13	4	4	1	8	4	8	3	2	7	8	2	4	8	6	8	8	3	9	11	7	8	3	2	5	10	2	4	5	2	12	8	12	5	6	8	6	4	5	4	5	6	9	5	11	13	11	10	11	10	5	5	10	17	18	8	17	23	7	13	4	12	6	19	11	9	12	8	7	8	8	11	11	12	17	19	7	11	12	6	9	20	6	6	10	5	7	10	6	7	4	6	8	2	3	14	5	8	4	6	11	9	12	7	14	8	12	8	4	6	4	7	7	5	7	18	5	7	7	8	3	11	8	4	7	12	5	5	6	11	10	5	12	8	17	5	4	4	10	9	6	10	21	7	4	3	6	15	5	1	7	3	3	4	5	7	5	9	5	6	8	4	4	5	2	5	4	5	4	2	7	2	3	6	6	5	7	1	2	9	6	4	1	5	2	7	7	6	1	6	2	5	8	4	4	4	0	0	3	2	7	3	5	5	1	7	2	2	3	4	3	2	5	12	1	5	5	0	5	5	2	4	1	5	2	7	5	3	4	5	4	1	2	7	1	6	4	5	3	4	2	8	12	2	4	6	11	9	11	2	4	4	7	3	2	2	4	10	2	9	11	11	1	2	2	8	7	3	6	1	2	9	9	2	2	7	15	2	7	4	10	6	9	5	13	7	7	6	9	1	2	4	8	8	4	8	6	8	2	0	2	2	1	5	7	2	4	10	1	4	3	0	5	2	3	5	1	1	6	5	7	6	0	8	4	3	3	7	6	3	8	11	9	9	11
chr9	17933888	5	19	9	11	18	4	6	3	0	11	10	6	15	2	15	14	5	6	4	6	3	17	30	5	8	6	15	12	4	3	4	10	8	4	0	6	20	3	2	5	13	9	0	7	10	1	3	5	2	13	4	4	1	8	4	8	3	2	7	8	2	4	8	6	9	8	3	10	11	8	8	3	2	5	10	2	5	6	2	12	8	12	5	7	8	6	4	5	4	5	8	9	5	11	13	11	11	12	11	5	5	10	17	19	8	17	23	8	13	4	14	6	19	11	9	13	7	7	8	8	11	11	12	17	19	7	11	14	6	9	20	6	6	10	5	7	10	6	7	4	6	8	2	3	14	5	8	4	6	11	10	12	7	14	8	12	8	4	6	4	7	7	5	6	19	5	7	7	8	4	11	8	4	7	12	6	5	6	11	10	5	12	8	18	5	4	4	10	9	6	10	21	7	4	3	6	15	5	1	7	3	3	4	5	7	5	9	5	6	8	4	4	5	2	5	4	5	5	2	7	2	3	6	6	5	7	1	2	9	7	4	1	5	3	7	7	6	1	6	2	5	8	4	4	4	0	0	3	2	7	3	5	5	1	7	2	2	3	3	3	2	5	12	1	5	5	0	5	5	2	5	1	5	2	6	5	3	4	5	5	1	2	7	2	6	4	5	3	4	2	8	12	2	4	6	11	9	11	2	4	4	7	3	2	2	4	10	2	9	11	11	1	2	2	8	7	3	6	1	2	9	9	2	3	7	14	2	7	4	10	6	9	5	13	7	7	6	9	1	2	4	7	8	4	8	6	8	2	0	2	3	1	5	7	3	4	10	1	3	3	0	5	2	3	5	1	1	6	5	7	6	0	8	4	3	3	7	6	3	9	11	9	9	11
chr9	17933889	6	20	9	11	20	4	6	3	0	13	11	6	15	2	15	14	6	6	4	6	3	17	30	6	9	6	16	12	4	3	4	11	8	5	2	6	21	3	2	5	15	9	0	7	10	1	5	5	3	13	6	4	1	9	4	9	3	2	7	8	2	4	8	7	9	8	3	11	12	8	8	3	2	5	10	2	5	6	2	12	8	12	5	7	8	6	4	5	4	5	9	9	5	11	14	11	11	12	12	7	5	10	17	19	8	17	25	8	13	5	14	6	20	11	10	13	8	7	8	8	11	11	12	17	19	8	11	14	6	11	20	6	6	10	7	7	10	8	9	4	7	9	2	3	15	5	9	4	6	12	11	12	7	14	8	12	8	4	6	4	7	7	5	6	19	5	7	8	8	4	11	8	4	7	12	6	5	7	11	10	4	13	8	18	5	4	4	10	9	6	11	21	7	6	3	6	15	5	1	7	3	3	4	5	8	6	9	5	6	8	4	5	5	2	6	5	5	5	2	7	2	3	6	6	5	7	1	2	9	7	4	1	5	3	7	7	6	1	6	2	5	8	4	4	4	0	1	4	2	7	3	5	5	1	9	2	2	3	3	3	2	5	12	1	5	5	0	5	6	2	5	1	5	2	6	5	3	4	5	6	1	2	7	2	6	4	5	4	4	2	8	12	2	4	7	11	9	11	2	4	4	7	3	2	3	4	10	3	9	11	11	1	2	2	8	7	4	6	1	3	9	9	2	3	7	14	2	7	4	10	6	9	6	13	8	7	6	10	1	3	4	8	8	4	8	6	8	3	0	2	3	2	5	7	3	4	10	1	3	3	0	5	2	3	5	1	1	6	5	8	6	0	8	4	3	3	7	6	3	9	11	9	9	11
chr9	17933890	6	20	9	11	20	4	6	4	0	13	11	6	15	2	15	15	6	6	4	6	3	17	30	6	9	6	17	12	4	3	4	11	11	4	2	6	21	3	2	5	16	9	0	8	10	1	5	5	3	13	6	4	1	9	4	9	3	2	8	8	2	4	8	7	10	8	3	11	12	8	8	3	2	5	10	2	5	6	3	12	8	12	5	7	8	6	4	5	4	5	9	9	5	11	14	11	12	12	12	7	5	11	17	19	8	17	25	8	13	5	14	6	20	10	10	13	8	7	8	8	11	11	12	17	19	8	11	14	6	11	21	6	6	10	7	7	9	8	9	4	7	9	2	3	15	5	9	4	6	12	11	12	7	13	8	12	8	4	6	4	7	7	5	6	19	5	7	8	8	4	11	8	4	7	12	6	5	7	11	10	4	14	8	18	5	4	4	10	11	6	11	21	7	6	3	6	15	5	1	7	3	3	4	5	8	6	9	5	6	9	4	5	5	2	6	5	5	5	2	7	2	3	6	6	5	7	1	2	9	7	4	1	5	3	7	7	6	1	6	2	5	8	4	4	4	0	1	4	2	7	3	5	6	1	9	2	2	3	3	3	2	5	12	1	5	5	0	5	6	2	5	1	5	2	6	5	3	4	5	6	1	2	7	2	6	4	5	4	4	2	8	12	2	4	7	11	9	11	2	4	4	7	3	2	3	4	10	3	9	11	11	1	2	2	8	7	4	6	1	3	9	9	2	3	7	14	2	7	4	10	6	9	6	13	8	7	6	10	1	3	4	8	8	4	8	6	8	3	0	2	3	2	5	7	3	4	10	1	3	3	0	6	2	3	5	1	1	6	5	8	7	0	8	4	3	3	7	6	3	9	11	9	10	11
chr9	17933891	6	21	9	12	20	4	7	5	1	13	11	6	15	2	17	16	7	6	5	6	3	17	30	6	9	5	17	13	4	3	4	12	12	5	2	6	22	4	3	5	16	9	0	8	10	2	6	5	3	14	9	5	2	9	5	10	3	2	8	9	2	4	8	8	10	8	4	14	12	9	7	5	2	5	12	3	5	6	3	12	9	12	6	8	8	6	4	5	4	5	9	10	6	11	14	11	13	14	13	7	5	11	17	19	8	18	25	9	17	6	14	6	20	13	12	15	9	7	8	9	11	12	12	17	19	9	12	13	7	11	22	6	6	10	8	7	10	9	9	4	8	9	2	3	15	5	10	4	8	12	11	13	7	15	9	12	9	4	6	4	9	7	6	6	21	5	8	8	9	5	11	8	5	7	13	6	5	7	11	11	5	14	8	18	5	3	4	11	11	7	11	21	8	5	3	6	15	5	2	7	3	3	4	5	9	8	9	5	6	9	4	5	5	2	6	5	5	5	2	7	2	3	6	7	5	7	2	2	9	7	4	1	8	3	7	7	6	3	7	2	5	8	4	4	4	0	1	4	2	7	3	5	6	1	9	2	2	3	3	3	2	5	16	1	7	5	1	5	6	3	5	1	5	2	7	5	3	4	5	6	1	2	7	2	7	5	5	4	4	2	8	12	2	4	7	12	9	11	2	4	4	7	3	2	3	4	10	4	9	11	11	1	2	2	8	7	4	8	1	3	9	10	2	4	7	14	4	8	4	10	6	10	6	13	9	9	8	10	1	3	4	8	8	4	9	6	7	3	0	2	3	2	5	7	3	4	10	2	5	6	1	6	2	3	5	1	1	7	5	8	8	0	8	4	4	3	7	6	3	9	11	9	10	12
chr9	17933892	6	21	10	12	20	4	7	5	1	13	11	6	15	2	16	16	7	6	5	5	3	17	28	6	9	5	17	13	4	3	4	12	12	5	2	6	22	4	3	5	16	9	0	8	10	2	6	5	3	14	9	5	2	9	5	10	3	2	8	9	2	4	8	8	10	8	4	14	12	9	7	5	2	5	12	3	5	6	3	12	9	12	6	8	8	6	4	5	4	5	9	10	6	11	14	11	13	14	13	7	5	11	17	19	8	18	25	9	17	6	14	6	20	13	12	15	9	7	8	9	11	12	12	17	19	9	12	13	7	11	22	6	6	10	8	7	10	9	9	4	8	9	2	3	14	5	10	4	8	12	11	15	7	15	9	12	9	4	6	5	9	7	6	6	21	5	8	8	9	5	11	8	5	7	13	6	5	7	11	11	5	14	8	18	5	3	4	11	11	7	11	21	8	5	3	6	15	5	2	7	3	3	4	5	9	8	9	5	6	9	4	5	5	2	6	5	5	5	2	7	2	3	6	7	5	7	2	2	9	7	4	1	8	3	7	7	6	3	7	2	5	8	4	4	4	0	1	4	2	7	3	5	6	1	7	2	2	3	3	3	2	5	16	1	7	5	1	5	6	3	5	1	5	2	7	5	3	4	5	6	1	2	7	2	7	5	5	4	4	2	8	11	2	4	7	12	9	11	2	4	4	7	3	2	3	4	10	4	9	11	11	1	2	2	8	7	4	8	1	3	9	10	2	4	8	14	4	8	4	10	6	10	6	11	9	9	7	10	1	3	4	8	8	4	9	6	7	3	0	2	3	2	5	7	3	4	10	2	5	6	1	6	2	3	5	1	1	7	5	8	8	0	8	4	4	3	7	6	3	9	11	9	8	12
chr9	17933893	6	21	10	12	20	4	7	5	1	13	11	6	15	2	16	16	7	6	5	5	3	17	29	6	9	5	17	13	4	3	5	12	12	5	2	6	23	4	3	5	16	9	0	8	10	2	6	5	3	14	9	5	2	9	5	10	3	2	8	9	2	4	8	8	12	8	4	14	12	9	7	5	2	5	12	3	7	6	4	12	9	12	6	8	8	6	6	6	4	5	9	10	6	11	13	11	13	14	13	7	5	11	17	19	8	18	27	9	17	6	14	6	20	13	12	15	9	7	8	9	11	12	12	17	19	9	12	13	7	12	22	6	6	10	10	7	10	9	9	4	8	9	2	3	14	5	10	4	8	12	11	15	7	15	9	12	9	6	6	5	9	7	6	6	22	5	8	8	9	5	11	8	6	7	13	7	5	7	11	11	5	14	8	18	5	3	4	11	11	7	11	21	8	5	3	6	15	5	2	7	4	3	4	5	9	8	9	6	6	9	4	5	5	2	6	7	5	6	2	7	2	3	6	8	5	7	2	3	9	7	4	1	8	3	7	8	6	3	7	2	5	8	4	4	4	0	1	4	2	7	3	5	6	1	7	2	2	3	3	3	2	5	17	1	7	5	1	5	6	3	5	1	5	2	7	5	3	4	5	6	1	2	7	2	7	5	5	4	4	2	8	11	2	4	7	12	9	11	2	6	4	7	3	2	3	4	10	4	9	11	11	1	2	2	8	7	4	8	1	3	9	10	2	5	8	14	4	9	4	10	6	10	6	11	9	9	7	10	3	4	4	8	8	4	9	6	7	3	0	2	3	2	5	7	3	4	10	2	5	6	1	6	2	3	5	1	1	7	5	8	8	0	8	4	4	3	7	6	3	9	11	9	8	12
chr9	17933894	6	21	11	12	21	4	7	6	1	13	10	6	16	2	18	16	7	7	5	5	3	17	29	6	9	5	17	13	4	3	5	12	12	6	2	6	23	4	3	5	17	11	0	8	10	2	6	5	4	14	9	5	3	10	5	10	3	2	8	9	2	4	8	8	12	8	4	14	12	9	7	5	3	5	12	3	7	6	4	12	9	13	6	8	8	6	6	7	4	5	10	10	7	11	14	11	13	14	13	7	5	11	18	19	8	18	27	9	18	6	14	6	20	13	12	13	9	7	8	9	11	11	13	17	20	9	12	13	8	12	22	6	6	10	10	7	10	9	9	4	8	9	3	3	14	5	10	4	8	12	11	15	7	15	9	12	9	6	6	5	9	7	6	6	22	5	8	8	9	6	11	8	6	7	13	7	5	7	11	10	6	14	8	18	5	3	4	12	11	7	11	21	8	5	3	6	16	5	2	8	4	3	4	5	9	9	10	6	6	9	4	5	5	2	6	7	5	6	2	7	2	3	6	8	5	7	2	3	8	7	4	1	8	3	7	8	7	3	7	2	5	8	4	4	4	0	1	4	2	7	3	5	6	1	7	2	2	4	3	3	2	5	17	1	7	6	1	5	6	3	6	1	5	2	7	5	3	4	5	6	2	2	7	2	7	5	5	4	4	2	8	11	2	4	7	12	9	11	2	6	4	7	3	2	3	4	10	4	9	11	12	1	3	2	8	7	4	8	1	3	11	10	2	5	8	14	4	9	4	10	6	10	6	11	9	9	7	10	3	4	4	8	8	4	9	6	7	3	0	2	4	2	5	7	3	4	10	2	5	6	1	6	2	3	5	1	1	7	5	8	8	0	8	4	4	3	8	6	3	8	11	9	8	12
chr9	17933895	6	21	11	12	21	4	7	6	1	13	10	6	15	2	17	16	7	7	5	5	3	17	29	6	9	4	17	13	4	3	5	12	12	6	2	5	23	4	3	5	18	11	0	8	10	2	6	5	4	14	9	5	3	9	5	10	3	2	8	8	2	4	8	8	12	8	4	14	12	9	7	5	3	5	12	4	7	7	4	12	8	13	6	8	8	6	6	7	4	5	10	10	7	11	15	12	13	14	14	7	5	11	18	19	8	19	27	9	18	6	14	6	19	13	12	13	9	7	8	9	11	10	13	17	20	9	12	13	8	12	21	6	6	10	10	7	10	9	9	4	8	9	3	3	16	5	10	4	8	11	11	15	7	15	9	12	9	6	6	5	9	7	6	6	22	5	8	8	9	6	11	8	6	6	12	7	5	7	11	10	6	14	8	18	5	3	4	12	11	6	10	21	7	5	3	6	16	5	2	8	4	3	4	5	9	9	10	6	7	9	4	5	4	2	6	7	5	6	2	7	2	3	6	8	5	7	2	3	8	7	4	1	8	3	7	8	7	3	7	2	4	8	4	4	4	0	1	4	2	7	2	5	6	1	7	2	2	4	3	3	2	5	17	1	7	6	1	5	6	3	6	1	4	2	7	5	3	4	5	6	2	2	7	2	7	5	5	4	4	2	8	11	2	4	7	12	9	11	2	6	4	7	3	2	3	4	10	4	9	11	11	1	3	2	8	7	4	8	1	3	11	10	2	5	8	14	4	11	4	10	6	10	6	11	9	9	7	10	3	4	4	8	8	4	9	6	7	3	0	2	4	1	5	7	3	4	10	3	5	6	1	5	2	3	5	1	1	7	5	8	8	0	7	4	4	3	9	6	3	7	11	9	8	12
chr9	17933896	6	21	11	12	21	4	7	6	1	13	10	8	15	2	17	16	7	7	7	5	3	17	30	6	9	4	17	14	4	3	5	12	12	6	2	5	23	4	3	5	18	11	0	9	10	2	6	5	4	14	9	5	3	9	6	11	3	2	9	8	2	4	8	8	12	8	5	15	14	9	7	5	3	5	12	4	7	7	4	12	9	13	6	8	8	6	6	7	4	5	11	10	7	11	16	12	13	14	14	8	5	11	18	19	8	19	27	11	18	6	14	6	19	13	12	14	9	7	9	9	11	10	13	17	20	9	12	13	8	12	22	7	6	10	10	7	10	9	9	4	9	9	3	5	16	5	10	4	10	11	11	16	7	15	9	14	9	6	7	5	9	8	6	6	22	5	8	8	10	6	11	8	6	6	12	7	5	7	11	10	8	15	8	18	6	3	4	12	11	6	10	21	7	6	3	6	16	5	2	8	4	4	4	6	9	9	10	6	7	9	4	5	4	2	6	7	5	6	2	7	2	3	5	8	6	7	2	3	9	7	4	1	9	3	7	8	7	3	7	2	4	8	4	4	4	0	1	4	2	7	2	5	6	1	7	2	2	4	3	4	2	5	17	1	7	6	1	5	6	3	6	1	5	2	7	5	3	4	5	6	2	2	7	2	7	5	5	4	4	2	8	11	2	4	7	12	9	11	3	6	5	8	3	2	3	4	10	4	9	13	10	1	3	2	8	7	5	8	1	5	11	11	2	6	8	14	4	11	4	10	6	10	6	11	9	9	7	10	3	4	4	8	8	5	9	8	7	3	0	2	4	1	5	7	3	4	10	3	5	6	1	6	2	3	5	1	1	7	5	10	9	0	7	4	4	3	9	6	3	7	11	10	8	13
chr9	17933897	6	18	11	12	21	4	7	6	1	13	10	8	14	2	17	16	7	6	8	5	3	16	29	6	9	4	17	14	4	3	5	12	12	6	2	5	23	4	3	5	18	11	0	9	10	2	6	5	4	14	9	5	3	9	6	11	3	2	9	8	2	4	6	8	13	8	5	15	14	9	7	6	3	5	12	4	7	7	4	12	9	13	6	8	8	5	6	7	4	5	11	10	7	11	16	12	13	15	14	8	5	11	18	20	7	19	27	11	19	6	14	6	19	13	12	13	9	7	9	10	12	10	13	17	20	9	11	13	8	12	22	7	6	10	10	7	10	9	9	4	9	9	3	5	15	5	10	4	10	11	11	16	7	15	9	14	10	6	7	5	10	8	6	6	22	5	8	8	10	6	11	8	6	6	12	9	5	7	11	10	8	15	8	19	6	3	4	12	11	6	10	21	7	6	2	6	16	5	2	8	4	5	4	6	9	9	10	6	7	9	4	5	4	2	8	7	5	6	2	7	2	3	5	8	6	8	2	3	9	7	4	1	9	3	7	8	7	3	7	2	4	8	4	4	4	0	1	4	2	7	3	5	6	1	7	2	2	4	3	4	2	5	17	1	7	6	2	5	6	3	6	1	5	2	7	4	3	4	6	6	2	2	7	2	7	5	6	4	3	2	8	11	1	4	7	12	9	11	3	6	5	9	3	2	3	4	10	4	10	12	10	1	3	2	8	7	5	8	1	5	11	11	1	6	8	13	4	12	4	10	6	10	6	11	9	9	7	10	3	4	5	8	8	5	9	8	7	3	0	2	4	1	5	7	3	4	10	3	4	6	1	6	2	3	5	1	2	9	5	10	11	0	7	4	4	3	10	6	3	7	11	10	8	13
chr9	17933898	6	18	11	12	21	4	7	6	1	13	10	8	16	2	17	16	7	6	8	5	3	16	27	6	10	4	17	14	4	3	5	12	12	9	2	5	23	4	3	5	18	11	0	9	10	2	6	5	4	15	9	5	3	9	6	11	3	2	9	8	2	4	6	8	13	8	5	15	15	9	7	6	3	5	13	4	7	7	4	12	8	13	6	8	8	5	6	7	4	5	11	10	7	11	16	12	13	15	14	8	5	11	18	19	7	19	27	11	19	6	14	6	20	13	12	14	9	7	9	10	12	10	13	16	20	9	11	13	8	12	22	7	6	10	10	7	10	9	9	4	9	9	3	5	15	5	10	4	10	11	11	16	7	15	9	14	10	6	7	5	10	8	6	5	22	5	8	8	10	6	11	8	6	6	12	9	5	7	11	10	8	15	8	19	6	3	4	12	11	6	10	21	7	6	2	6	16	5	2	8	4	5	4	6	9	9	10	6	7	9	4	5	4	2	8	7	4	6	2	7	2	3	6	8	6	9	2	3	9	7	4	1	9	3	7	8	7	3	7	2	4	8	4	5	3	0	1	4	2	7	3	5	6	1	7	2	2	4	4	4	2	5	17	1	7	6	2	5	6	3	6	1	5	2	7	4	3	4	6	6	2	2	7	2	7	5	6	4	3	2	8	11	1	4	7	12	9	11	3	6	5	10	3	2	3	4	10	4	10	12	10	1	3	2	8	7	5	8	1	5	11	12	1	7	8	13	4	12	4	10	6	10	6	11	9	9	7	10	3	4	5	8	8	5	9	8	7	3	0	2	4	1	5	7	3	4	10	3	4	6	1	6	2	3	5	1	2	9	5	10	11	0	7	4	4	3	11	6	3	7	11	10	8	13
chr9	17933899	8	18	12	15	24	5	7	6	1	13	14	9	20	4	21	23	8	6	13	7	5	16	29	8	10	5	18	15	7	3	5	15	14	10	2	5	26	6	3	6	22	13	0	10	11	2	8	5	7	18	10	7	4	11	7	12	5	2	13	9	2	6	6	11	13	9	6	17	20	9	7	7	3	5	15	5	7	8	5	13	9	14	7	9	8	5	8	7	5	6	11	12	7	11	25	14	14	19	15	9	5	12	19	19	7	22	29	12	23	6	20	6	25	19	14	18	10	9	9	11	16	10	14	16	22	11	11	13	10	11	23	8	6	10	10	9	11	9	9	5	9	9	4	8	16	4	10	5	10	13	11	17	9	15	9	15	13	8	7	5	11	8	9	5	24	9	8	8	11	11	13	9	6	7	12	11	8	9	12	10	8	15	9	22	6	3	5	15	11	6	11	24	8	7	2	6	16	5	3	8	4	5	5	8	9	11	10	7	11	7	4	6	7	2	8	7	3	8	2	7	2	4	6	8	7	9	2	3	9	7	5	2	10	3	7	10	7	5	7	3	4	8	4	5	4	0	2	4	2	7	3	5	9	1	7	3	2	4	6	4	3	5	17	1	7	7	2	6	7	4	6	2	5	3	8	5	4	4	6	6	2	2	9	3	9	5	7	4	4	2	10	13	1	4	9	14	11	12	5	7	6	14	3	3	3	4	11	5	11	13	11	2	3	2	9	9	6	12	2	7	13	13	1	7	8	15	4	12	4	10	6	10	6	12	9	9	7	10	4	5	5	9	8	5	10	9	8	4	0	3	4	1	5	7	3	9	10	3	4	6	1	6	3	3	7	1	2	9	7	11	11	0	7	4	6	3	11	6	3	9	11	11	8	14
chr9	17933900	7	18	12	15	24	5	7	6	1	13	14	10	20	4	21	22	8	6	13	7	5	16	29	8	10	5	18	15	7	3	5	15	14	10	2	5	26	6	3	6	22	13	0	10	11	2	8	5	7	18	10	7	4	10	7	12	5	2	12	9	2	6	6	11	13	9	6	17	20	9	7	8	3	5	15	5	7	8	5	13	9	14	7	9	8	5	8	8	5	6	11	12	7	11	25	14	14	19	15	9	5	12	19	19	7	22	29	12	23	6	20	6	25	19	14	18	10	9	9	11	16	10	14	16	22	11	11	13	10	11	23	8	6	10	10	9	11	9	10	5	9	9	4	8	16	4	10	5	10	13	11	17	9	15	9	15	13	8	6	5	11	8	10	5	24	9	8	8	11	11	13	9	6	7	12	11	8	9	12	10	8	15	9	22	6	3	5	15	11	6	11	22	8	7	2	6	16	5	3	8	4	5	5	8	9	11	10	7	11	7	4	6	7	2	8	7	3	8	2	7	2	4	6	8	7	9	2	3	9	7	5	2	10	3	8	10	7	5	7	3	4	8	4	5	4	0	2	4	2	7	3	5	9	1	7	3	2	4	6	4	3	5	17	1	7	7	2	6	7	4	6	2	5	3	8	5	4	4	6	6	2	2	9	3	10	5	7	4	4	2	10	13	1	4	9	14	11	12	5	7	7	14	3	3	3	4	11	5	11	13	11	2	3	2	9	9	6	12	2	7	13	13	1	7	8	15	4	12	4	10	6	10	6	12	9	9	7	10	4	5	5	9	8	5	10	9	8	4	0	3	4	1	5	7	3	9	10	3	4	6	1	6	3	3	7	1	2	9	7	11	11	0	7	4	6	3	11	6	3	9	11	11	8	14
chr9	17933901	7	18	13	15	25	5	7	6	1	13	14	11	20	4	22	23	8	6	13	7	5	15	29	9	10	5	18	15	7	3	5	15	14	10	2	5	26	6	3	6	22	13	0	10	11	2	8	5	8	18	10	7	4	10	7	12	5	2	12	9	2	6	6	11	13	9	6	17	20	9	7	8	3	5	15	5	8	8	5	14	9	14	7	9	7	4	9	8	5	6	11	12	7	13	25	14	15	19	15	9	5	12	19	19	7	22	29	13	23	6	20	6	25	19	14	18	10	9	10	11	16	11	14	16	23	12	11	13	10	11	23	8	6	10	11	10	11	9	10	5	9	9	4	8	17	4	10	5	10	14	11	17	9	15	9	15	13	8	7	5	11	8	10	5	25	9	8	8	11	11	13	9	6	7	12	11	8	9	12	10	8	15	9	25	8	3	5	15	11	6	11	24	8	7	2	6	16	5	4	9	5	5	5	8	9	11	10	7	11	7	4	6	7	2	10	7	3	8	2	7	2	4	6	8	7	9	2	3	9	7	5	2	10	3	8	11	7	5	7	3	4	8	4	5	4	0	2	4	2	7	3	6	9	1	8	3	2	4	6	4	3	5	17	1	7	7	2	6	7	4	6	3	5	3	9	5	4	4	6	6	2	2	9	3	10	5	7	4	4	2	10	13	1	4	9	14	11	12	5	7	7	14	3	3	3	4	11	6	11	14	11	3	3	2	10	9	7	12	2	7	13	13	2	7	8	15	4	14	4	10	7	10	6	14	9	9	7	9	4	5	6	9	8	5	10	9	8	4	0	3	4	1	5	7	3	9	10	3	4	6	1	6	3	3	7	1	2	9	7	11	11	0	7	4	6	3	11	6	3	9	11	11	8	14
chr9	17933902	7	18	12	15	25	5	7	6	1	13	14	11	20	4	22	23	7	6	13	7	5	15	29	9	10	5	18	15	7	3	5	15	14	10	2	5	26	6	3	6	22	13	0	10	11	2	8	5	8	18	10	7	4	10	7	12	5	2	12	9	2	6	6	11	13	9	6	17	20	0	7	8	3	5	15	5	8	8	5	14	9	14	7	8	7	4	9	8	5	6	11	12	7	13	25	14	15	19	15	9	5	12	19	19	7	22	29	13	23	6	20	6	25	19	14	18	10	9	10	11	16	11	14	16	23	12	11	13	10	11	23	8	6	10	11	10	11	9	10	5	9	9	4	8	17	4	9	5	10	14	11	17	9	15	9	15	13	8	7	5	12	8	10	5	25	9	8	8	11	11	13	9	6	7	12	11	8	9	12	10	8	15	9	25	8	3	5	15	11	6	11	24	8	7	2	6	4	5	4	9	5	5	5	8	9	11	10	7	11	7	0	6	7	2	10	7	3	9	2	7	2	4	6	7	7	9	2	3	9	7	5	2	10	3	8	11	7	5	7	3	4	8	4	5	4	0	2	4	2	7	3	6	9	1	2	3	2	4	6	4	3	5	2	0	7	7	2	6	7	4	6	3	5	3	9	5	4	1	6	6	2	2	9	3	10	5	7	4	4	2	10	13	1	4	9	14	11	12	5	7	7	14	3	3	3	4	11	6	11	14	11	3	2	2	10	9	7	12	2	7	13	13	2	7	8	15	4	14	4	10	7	10	6	14	9	9	7	9	4	5	6	9	8	5	10	9	8	4	0	3	4	1	5	7	3	9	10	3	4	6	1	6	3	3	7	1	2	9	7	11	11	0	7	4	6	3	11	6	3	9	11	11	8	14
chr9	17933903	7	18	12	15	25	5	7	6	1	13	14	11	20	4	22	23	7	6	13	7	5	15	29	9	10	5	18	15	7	3	5	15	14	10	2	5	26	6	3	6	22	13	0	10	11	2	8	5	8	18	10	7	4	10	7	12	5	2	10	9	2	6	6	11	13	9	6	17	20	0	7	8	3	5	15	5	8	8	5	14	9	14	7	8	7	4	9	8	5	6	11	12	7	13	25	14	15	19	15	9	5	12	19	19	7	22	29	13	23	6	20	6	24	19	14	18	10	9	10	11	16	11	14	16	22	12	11	13	10	11	23	8	6	10	11	10	11	9	10	5	9	9	4	8	17	4	9	5	10	14	11	17	9	15	9	15	13	8	7	5	12	8	10	5	25	9	8	8	11	11	13	9	6	7	13	11	8	9	12	10	8	15	9	25	8	3	5	15	11	6	10	24	8	7	2	6	4	5	4	9	5	5	5	8	9	11	10	7	11	6	0	6	7	2	10	7	3	9	2	7	2	4	6	7	7	9	2	3	9	7	5	2	10	3	8	11	7	5	7	3	4	7	4	5	4	0	2	4	2	7	3	6	9	1	2	3	2	4	6	4	3	5	1	0	7	7	2	6	7	4	6	3	5	3	9	5	4	1	6	6	2	2	9	3	10	5	7	4	4	2	10	13	1	4	9	14	11	12	5	7	7	14	3	3	3	4	11	6	11	14	11	3	2	2	10	9	7	12	2	7	13	13	2	7	8	15	4	14	4	10	7	10	6	14	9	9	7	9	4	5	6	9	8	5	10	9	8	4	0	3	4	1	5	7	3	9	9	3	4	6	1	6	3	2	7	1	2	9	7	11	11	0	7	4	6	3	11	6	3	9	11	11	8	14
chr9	17933904	7	18	12	16	26	5	7	6	2	13	15	13	20	4	23	23	7	6	13	8	5	15	31	9	10	5	18	15	7	3	7	15	14	10	2	5	27	6	3	6	24	13	0	12	11	3	8	5	8	18	10	7	4	11	7	12	5	2	10	9	2	6	7	12	13	9	7	17	20	0	7	8	3	5	17	5	9	8	5	14	9	14	7	9	7	5	10	8	5	6	12	12	7	13	25	15	16	20	18	9	5	14	19	18	7	22	30	13	23	6	20	7	24	19	14	18	12	9	11	11	17	12	16	18	26	12	11	13	11	11	23	8	6	10	11	10	12	9	10	5	9	9	4	8	17	4	9	5	11	15	12	19	9	15	9	16	13	9	7	6	12	11	11	5	25	9	9	8	11	11	13	9	6	7	13	11	8	9	12	10	9	16	9	25	8	3	5	16	12	6	10	25	8	7	2	6	4	5	4	9	5	5	5	7	9	11	10	7	11	6	0	6	10	2	10	7	3	9	2	7	2	4	6	7	7	9	2	3	9	7	6	2	10	3	9	11	7	5	7	3	4	7	4	5	4	0	2	4	2	7	3	6	9	1	2	3	2	4	6	4	4	5	1	0	8	8	2	6	8	5	9	3	5	3	9	5	4	1	6	7	3	2	9	3	10	5	7	4	4	2	10	14	1	4	9	14	11	12	5	7	7	14	3	3	3	4	12	7	11	14	11	3	2	2	10	9	7	12	2	7	13	14	2	7	8	15	4	14	4	11	7	10	6	14	9	9	7	9	5	5	6	9	10	5	10	9	9	4	0	3	4	1	5	7	3	9	9	3	4	6	1	6	3	2	7	1	2	9	7	11	12	0	7	5	6	3	12	6	3	9	11	11	8	14
chr9	17933905	7	19	14	16	29	5	7	6	2	13	15	14	20	4	23	23	7	6	13	9	5	15	31	9	12	6	18	16	7	3	7	15	15	10	3	5	27	6	3	6	25	13	0	12	11	3	10	6	8	18	12	7	4	11	8	12	5	2	10	9	2	6	7	14	13	9	7	19	21	0	7	8	3	5	17	5	11	8	5	15	10	14	7	9	8	5	11	8	5	6	13	12	8	14	25	15	16	20	18	9	5	14	19	18	7	22	30	13	23	6	22	7	25	20	14	18	12	9	11	11	17	12	16	18	26	12	11	14	11	11	24	9	6	10	11	11	12	9	10	5	9	9	5	8	17	4	9	5	11	15	12	20	9	15	9	16	13	8	7	6	12	11	11	5	25	9	9	8	11	11	13	9	6	7	14	11	8	9	12	10	9	17	9	25	8	3	5	17	12	6	10	25	8	7	2	6	4	5	4	9	5	5	5	7	9	11	10	7	11	6	0	6	11	2	10	7	3	8	2	8	2	5	6	7	7	10	2	3	9	7	6	2	11	3	9	11	7	5	7	3	4	7	4	5	4	0	2	4	2	7	3	6	9	1	2	3	2	4	7	4	4	5	1	0	8	8	2	6	8	5	9	3	7	3	9	5	4	1	6	7	4	3	9	3	10	5	8	4	4	2	11	14	1	4	9	14	11	12	5	8	7	13	3	3	3	4	12	7	13	15	12	3	2	2	10	9	7	12	2	9	13	14	2	7	8	15	4	15	4	11	7	10	6	15	9	9	7	9	5	5	6	9	10	5	10	9	9	4	0	3	4	1	5	7	3	9	9	3	4	6	1	7	3	2	7	1	3	9	7	11	13	0	7	5	6	3	12	6	3	9	10	11	8	14
chr9	17933906	7	19	14	16	28	5	7	6	2	13	15	14	20	4	24	23	7	6	13	9	5	15	31	9	12	6	18	17	7	3	8	15	15	10	3	5	27	6	4	6	25	13	0	12	11	4	10	6	8	18	12	7	4	11	8	12	6	2	10	9	2	6	7	14	13	9	7	19	21	0	7	8	3	6	17	6	12	8	5	15	10	14	7	9	8	5	11	8	5	6	13	12	8	14	25	15	16	20	18	9	4	14	19	18	7	22	30	13	24	6	22	7	26	19	14	18	12	10	11	11	17	12	16	18	26	12	11	14	12	11	24	9	6	10	11	11	12	9	10	5	10	9	5	8	17	4	9	5	11	15	12	20	9	15	9	16	11	8	7	6	12	11	11	5	25	9	9	8	11	12	13	9	6	7	14	11	8	9	12	10	9	17	9	25	8	2	5	17	12	6	10	25	8	7	1	6	4	5	4	9	5	5	5	7	9	11	10	7	11	6	0	6	11	2	10	7	3	8	2	8	2	5	6	7	7	10	2	3	9	7	6	2	11	3	9	11	7	5	7	3	3	7	4	5	4	0	2	4	2	7	3	6	9	1	2	3	2	4	7	4	4	5	1	0	8	8	2	6	8	5	9	3	7	3	9	5	4	1	6	7	4	4	9	3	11	5	8	4	4	2	11	14	1	4	9	14	11	12	5	8	7	13	3	3	3	4	12	7	13	15	12	3	2	2	10	9	7	12	2	9	13	14	2	7	8	15	4	15	4	11	7	10	6	15	9	10	7	9	5	5	6	10	10	5	10	9	9	4	0	3	4	1	5	7	3	9	9	3	4	6	1	7	3	2	7	1	4	9	8	11	13	0	7	5	6	3	12	7	3	9	10	11	8	14
chr9	17933907	7	18	14	16	28	5	7	6	2	13	15	14	20	4	24	23	7	7	13	9	5	14	31	9	12	6	18	17	7	3	10	15	15	10	3	5	28	6	4	6	26	13	0	12	11	4	10	6	8	18	12	7	4	11	8	12	6	2	10	9	2	7	7	14	13	9	7	19	21	0	6	8	3	6	17	6	12	8	5	14	10	14	7	9	8	5	11	8	5	6	13	12	8	14	26	15	16	20	18	9	4	15	19	18	7	22	29	13	24	6	22	7	26	19	14	18	12	10	12	11	17	12	16	18	26	12	11	14	12	11	24	9	6	12	11	11	12	9	10	5	10	9	5	8	17	4	9	5	11	15	12	20	9	15	9	16	11	8	7	6	12	11	11	5	25	9	9	8	11	12	13	9	6	7	14	11	8	9	12	10	9	17	9	25	9	2	5	17	12	7	10	26	8	7	1	6	4	5	4	9	5	5	5	7	9	11	10	7	11	6	0	6	11	2	10	7	3	8	2	8	2	5	6	7	7	11	2	3	9	7	6	2	12	3	9	11	7	5	7	3	3	7	4	5	4	0	2	4	2	7	3	6	9	1	2	3	2	4	7	4	4	6	1	0	8	8	2	6	8	5	9	3	7	3	11	5	4	1	6	7	4	4	9	3	11	5	8	4	4	2	11	14	1	4	9	14	11	12	5	8	7	13	3	3	3	4	12	7	13	15	12	3	2	2	10	9	7	12	2	9	13	14	2	7	8	15	4	15	4	11	7	10	6	15	9	10	7	9	5	5	6	10	10	5	10	9	9	4	0	3	4	1	5	7	3	9	9	3	4	6	1	7	3	2	7	1	4	9	8	11	13	0	7	5	6	3	12	7	3	9	10	11	8	14
chr9	17933908	6	10	14	15	28	5	6	6	2	13	15	14	19	4	21	23	7	7	13	9	5	4	30	9	11	6	16	17	7	3	10	14	15	10	3	5	27	6	4	6	26	13	0	12	10	4	10	6	8	18	11	7	4	11	8	12	5	1	10	9	2	7	7	14	13	9	7	19	21	0	2	8	3	6	17	6	12	8	5	13	10	14	7	9	8	4	10	8	5	6	12	12	8	14	26	15	16	20	18	9	1	15	19	18	7	22	29	13	24	6	22	7	26	19	13	18	12	10	12	11	17	12	17	18	26	12	5	14	12	8	24	9	5	12	11	10	12	9	9	4	10	9	5	8	17	3	9	5	11	15	12	20	9	15	9	16	11	8	7	6	12	11	11	0	25	9	9	8	11	12	13	9	6	7	14	11	8	9	12	10	9	17	9	23	9	2	4	17	12	7	10	26	8	7	0	6	4	5	4	9	5	5	5	7	9	10	10	5	11	1	0	7	11	2	10	7	3	8	2	8	2	5	6	7	7	11	2	2	9	7	6	2	12	3	9	11	7	5	7	3	2	5	4	5	4	0	2	4	0	7	3	6	9	1	2	3	2	4	7	3	4	6	1	0	8	8	2	6	8	5	9	3	7	3	11	5	4	1	5	7	4	4	9	3	11	5	8	4	4	1	11	14	1	4	9	14	11	12	5	8	7	13	1	3	3	4	13	7	13	15	12	3	1	2	10	9	7	11	2	9	13	14	2	7	8	15	4	15	4	11	7	10	6	15	9	10	7	9	5	5	6	10	10	5	10	9	9	4	0	3	4	1	5	6	3	9	9	3	4	6	1	7	3	2	7	1	4	9	8	11	13	0	7	5	6	3	12	7	3	9	10	11	8	14
chr9	17933909	6	11	15	16	30	5	6	6	2	14	15	14	21	4	23	24	7	7	14	9	5	6	32	9	12	7	17	17	8	4	10	14	15	10	3	5	28	6	6	6	27	13	0	12	10	4	12	7	8	18	12	7	4	11	9	12	6	1	12	10	2	8	7	15	14	10	9	19	22	0	2	11	5	7	17	6	13	8	6	13	11	16	7	9	8	4	10	10	5	7	13	12	8	16	27	15	17	21	18	10	1	15	19	18	7	24	32	13	24	7	22	7	27	19	18	21	12	10	12	12	17	12	17	19	30	14	7	17	12	8	26	9	5	12	12	12	12	9	10	4	10	9	7	8	17	0	12	6	12	16	12	21	9	15	11	17	13	9	8	6	14	12	11	0	25	9	9	11	14	13	14	11	6	7	14	11	8	11	13	10	9	19	10	23	9	0	5	17	12	10	13	31	9	7	0	6	5	6	4	9	5	5	5	8	10	10	10	5	14	1	0	7	11	2	10	8	4	8	2	8	2	5	6	7	7	11	2	2	10	8	6	2	12	3	9	11	7	5	7	4	2	6	4	5	4	0	2	4	0	8	4	6	9	1	3	3	2	4	8	3	4	6	1	0	8	8	2	6	12	6	9	7	8	3	11	5	4	1	5	8	5	4	9	3	11	5	8	5	4	1	14	14	1	4	9	15	12	12	5	8	7	15	1	3	4	4	17	8	13	20	14	3	1	4	10	9	7	12	2	10	13	15	2	8	8	15	4	17	4	14	9	10	6	17	9	10	7	9	8	5	6	11	11	5	10	9	9	5	0	3	4	1	5	6	3	10	9	3	5	7	1	8	4	3	7	1	4	9	8	11	13	1	7	5	7	3	12	7	4	11	10	12	9	15
chr9	17933910	6	11	15	16	30	5	6	6	2	14	15	14	21	4	23	24	7	7	15	9	5	6	34	9	12	7	17	17	8	4	10	14	15	10	3	5	29	6	6	6	27	13	0	12	10	4	12	7	8	18	12	7	4	11	10	13	6	1	12	10	2	8	7	15	14	10	9	19	22	0	2	11	5	8	17	6	14	8	6	13	11	16	7	9	8	4	10	10	5	7	13	12	8	16	27	15	17	21	18	10	1	15	19	18	7	24	32	13	24	7	22	7	26	19	18	21	12	10	12	12	17	12	17	19	30	14	7	18	12	8	26	10	5	12	12	12	12	9	10	4	10	9	7	8	17	0	12	6	12	17	12	21	9	15	11	17	13	9	9	6	14	11	11	0	25	9	9	11	14	13	14	11	6	7	14	11	8	11	14	11	9	19	10	23	9	0	5	17	12	10	14	31	9	7	0	6	5	6	4	9	5	5	5	8	10	10	10	5	14	1	0	7	12	2	10	8	4	8	2	8	2	5	6	7	8	11	2	2	12	9	6	2	12	3	9	11	7	5	7	4	2	6	4	5	4	0	2	4	0	8	4	6	9	1	3	3	2	4	8	3	4	6	1	0	8	8	2	6	13	6	9	7	8	3	11	5	4	1	5	8	5	4	9	3	11	5	8	5	4	1	14	14	1	4	9	15	12	12	5	8	7	15	1	3	4	4	17	8	13	20	14	3	1	4	10	9	7	12	2	10	13	15	2	8	8	15	4	17	4	14	9	10	6	17	9	10	7	9	8	5	6	10	11	5	10	9	9	5	0	3	4	1	5	6	3	10	9	3	5	7	1	8	4	3	7	1	4	9	8	11	13	1	7	5	7	3	12	7	4	11	10	12	9	15
chr9	17933911	6	11	15	16	31	5	6	6	2	16	16	14	21	4	24	24	7	7	15	9	5	6	35	9	12	7	17	17	8	4	10	14	16	10	3	6	30	6	6	7	27	14	0	12	10	4	13	7	8	18	12	8	4	11	10	13	6	1	13	10	2	8	7	16	14	10	9	19	22	0	2	11	5	9	17	6	14	8	8	13	11	18	7	10	8	4	11	10	5	7	13	12	8	16	28	15	17	21	18	10	1	17	19	18	7	24	32	13	24	7	22	7	26	19	19	21	12	10	12	12	17	12	17	19	30	14	7	18	11	8	26	10	6	12	13	12	12	9	11	4	10	9	7	8	17	0	12	6	12	18	12	23	9	15	11	17	13	9	9	6	14	11	11	0	25	10	10	11	14	13	14	11	6	7	14	11	8	11	14	11	9	20	10	23	9	0	5	19	12	10	15	31	9	7	0	6	5	6	4	9	5	5	5	8	10	10	10	5	14	1	0	8	12	2	10	8	4	7	2	8	2	5	6	7	8	11	2	2	12	9	6	2	12	3	8	11	7	5	7	4	2	7	4	5	4	0	2	4	0	8	5	6	9	1	3	3	2	4	8	5	4	6	1	0	8	8	2	6	13	6	9	7	9	3	11	5	4	1	5	9	5	4	9	3	11	5	8	6	4	1	14	14	1	4	11	17	13	12	5	8	7	15	1	3	4	4	17	8	13	20	15	4	1	4	10	9	7	12	2	11	13	17	2	9	8	15	4	17	4	14	10	10	6	19	9	11	7	9	8	5	6	10	11	5	9	9	11	5	0	3	4	1	5	5	3	10	9	3	5	7	1	8	6	3	7	1	5	9	8	11	13	1	0	6	7	3	12	7	3	12	10	12	9	15
chr9	17933912	6	11	16	16	31	5	6	6	2	16	16	14	21	4	24	24	7	7	15	9	7	6	35	9	12	7	17	17	8	4	10	14	15	10	3	6	30	6	6	7	27	13	0	12	10	4	13	7	8	18	13	8	4	11	10	13	6	1	13	10	2	8	7	16	13	10	9	19	22	0	2	11	5	9	17	6	14	8	8	13	11	18	7	10	8	4	11	11	5	7	13	12	9	16	28	15	17	21	18	10	1	17	19	18	7	24	32	13	24	7	22	7	26	19	19	21	12	10	12	12	17	12	17	19	29	14	7	18	11	8	25	10	6	12	13	12	12	9	11	4	11	9	7	8	17	0	12	6	12	18	12	23	9	15	11	17	13	9	9	6	14	11	11	0	25	10	10	11	14	13	14	11	6	7	14	11	8	11	13	11	9	20	10	23	9	0	5	19	12	10	15	31	9	7	0	6	5	6	4	9	5	5	5	8	10	10	9	5	14	1	0	8	12	2	10	8	4	7	2	8	2	5	6	7	8	11	2	2	12	9	6	2	12	3	9	11	7	5	7	4	2	7	4	5	4	0	2	4	0	8	5	6	9	1	3	3	2	4	8	5	4	6	1	0	8	8	2	5	13	6	8	7	9	3	11	5	4	1	5	9	5	4	9	3	11	5	8	6	4	1	14	14	1	4	11	17	13	12	5	8	8	15	1	3	4	4	17	8	13	20	15	4	1	4	10	9	7	12	2	11	13	17	2	8	8	15	4	17	4	14	10	11	6	19	9	11	6	9	8	5	6	10	11	5	9	9	11	5	0	3	4	1	5	5	3	10	9	5	5	7	1	8	6	3	7	1	5	9	8	11	13	1	0	6	7	3	12	7	3	12	10	12	9	15
chr9	17933913	6	11	16	16	31	5	6	6	2	16	15	14	21	4	24	24	7	7	15	9	7	6	35	9	12	7	17	17	8	3	10	14	15	10	3	6	30	6	6	7	27	13	0	12	10	4	13	7	8	18	13	8	4	11	10	13	6	1	13	10	2	8	7	16	13	10	9	19	22	0	2	11	5	9	17	6	14	8	8	13	11	18	7	10	8	4	11	11	5	7	13	12	9	16	28	15	17	21	17	10	1	17	19	18	7	24	32	13	24	7	22	7	26	19	19	21	12	10	12	12	17	12	17	19	29	14	7	18	11	8	25	10	6	12	13	12	11	9	11	4	11	9	7	8	17	0	11	6	12	18	12	23	9	15	11	17	13	9	9	6	13	11	11	0	25	10	10	11	14	13	14	11	6	7	14	11	8	11	13	11	9	20	10	23	9	0	5	19	12	10	15	31	9	7	0	6	3	6	4	9	5	5	5	8	10	10	9	5	14	1	0	8	12	2	10	8	4	8	2	8	2	5	6	7	8	11	2	2	12	9	6	2	12	3	9	11	7	5	7	4	2	7	4	5	4	0	2	4	0	8	5	6	9	1	3	3	2	4	8	5	4	6	0	0	8	8	2	5	13	6	8	7	9	3	11	5	4	0	5	9	5	4	9	3	11	5	8	6	4	1	14	13	1	4	11	17	13	12	5	8	8	15	1	3	4	4	17	8	13	20	15	4	1	4	10	8	7	12	2	11	12	17	2	8	8	15	4	17	3	14	10	11	6	19	9	10	6	9	8	5	6	10	11	5	10	9	11	5	0	3	4	1	5	5	3	10	9	5	5	7	1	7	6	3	7	1	5	9	8	11	13	1	0	6	7	3	12	7	3	12	10	12	9	15
chr9	17933914	6	11	16	15	31	5	6	6	2	15	15	14	21	4	24	24	7	7	15	9	7	6	35	9	12	7	17	17	8	3	10	14	15	10	3	6	30	6	6	7	27	13	0	12	10	4	13	7	8	18	13	8	4	11	10	13	6	1	13	10	2	8	7	16	13	10	9	19	22	0	2	11	5	9	17	6	14	8	8	13	11	18	7	10	8	4	11	11	5	7	13	12	9	16	28	15	17	21	17	10	1	17	19	18	7	24	32	13	24	7	22	7	26	19	19	21	12	10	12	12	17	12	17	19	29	14	7	18	11	8	25	10	6	12	13	12	11	9	11	4	11	9	7	8	17	0	11	6	12	18	12	23	9	15	11	17	13	9	9	6	13	11	11	0	25	10	10	11	14	13	14	11	6	7	14	11	8	11	13	11	9	20	10	23	9	0	5	19	12	10	15	31	9	7	0	6	3	6	4	9	5	5	5	8	9	10	9	5	14	1	0	8	12	2	10	8	4	8	2	8	2	5	6	7	8	11	2	2	12	9	6	2	12	3	9	11	7	5	7	4	2	7	4	5	4	0	2	4	0	8	5	6	9	1	3	3	2	4	8	5	4	6	0	0	8	8	2	5	13	6	8	6	8	3	11	5	4	0	5	9	5	4	9	3	11	5	8	6	4	1	14	13	1	4	11	17	13	12	5	8	8	14	1	3	4	4	16	8	13	20	15	4	1	4	10	8	7	12	2	11	12	17	2	8	8	15	4	17	3	14	10	11	6	19	9	10	6	9	8	5	6	10	11	5	10	9	11	5	0	3	4	1	5	4	3	10	9	5	5	7	1	7	6	3	7	1	5	9	8	11	13	1	0	6	7	3	12	7	3	12	10	12	9	15
chr9	17933915	6	11	16	15	31	6	6	6	2	15	15	14	21	4	24	24	7	7	15	9	7	6	35	9	12	7	17	17	8	3	10	14	15	10	3	6	30	6	6	7	27	13	0	12	10	4	13	7	8	18	13	8	4	11	10	13	6	1	13	10	2	8	7	16	13	10	9	19	22	0	2	11	5	9	17	6	14	8	8	13	11	18	7	10	7	4	11	11	5	7	14	12	9	16	28	15	17	21	17	10	2	17	19	18	7	24	32	13	24	7	22	7	26	19	19	21	11	10	12	12	17	12	17	19	29	14	7	18	11	8	25	10	6	12	13	12	11	9	11	4	11	9	7	8	16	0	11	6	12	18	12	23	9	15	11	17	13	9	9	6	13	11	11	0	25	10	10	11	14	13	14	11	6	7	14	11	8	11	13	11	9	20	10	23	9	0	5	18	12	10	15	31	9	7	0	6	3	6	4	9	5	5	5	8	9	10	9	5	14	1	0	8	12	2	10	8	4	8	2	8	2	5	6	7	8	11	2	2	11	9	6	2	12	3	9	11	7	5	7	4	2	7	4	6	4	0	2	4	0	8	5	6	9	1	3	3	2	4	8	5	4	6	0	0	8	8	2	5	13	6	8	6	7	3	11	5	4	0	5	9	5	4	9	3	11	5	8	6	4	1	14	13	1	4	11	17	13	12	5	8	8	15	1	3	4	4	16	8	13	20	15	4	1	4	10	8	7	12	2	11	12	17	2	8	8	15	4	17	3	14	10	11	6	17	9	10	6	9	8	5	6	10	11	5	10	9	11	5	0	3	4	1	5	4	3	10	9	5	5	7	1	7	6	3	7	1	5	9	8	11	13	1	0	6	7	3	12	7	3	12	10	12	9	15
chr9	17933916	6	11	16	15	31	6	6	6	2	15	15	14	21	5	24	24	7	7	15	9	7	6	35	9	12	7	17	17	8	3	10	14	15	10	3	6	30	6	6	7	28	13	0	12	10	4	13	7	8	18	13	8	4	11	10	13	6	1	13	10	2	8	7	16	13	10	9	19	22	0	2	11	5	9	17	6	14	8	8	13	11	18	7	10	7	4	11	11	5	7	14	12	9	16	28	15	17	21	17	10	2	17	19	18	7	24	33	13	24	7	22	7	26	19	19	21	11	10	12	12	17	13	17	19	29	14	7	18	11	8	25	10	6	12	13	12	11	9	11	4	11	9	7	8	16	0	11	6	12	18	12	23	9	15	11	17	13	9	9	6	13	11	11	0	24	10	10	11	14	13	14	10	6	7	14	11	8	11	13	11	9	20	10	23	9	0	5	18	12	10	15	31	9	7	0	6	3	6	4	9	5	5	5	8	9	10	9	5	15	1	0	8	12	2	10	8	4	8	2	8	2	5	6	7	8	11	2	2	11	9	6	2	12	3	9	11	7	5	7	4	2	7	4	6	4	0	2	4	0	8	5	6	9	1	3	3	2	4	8	5	4	6	0	0	8	8	2	5	13	6	9	6	7	3	11	5	4	0	5	9	5	4	9	3	11	5	8	6	4	1	14	13	1	4	11	17	13	12	5	8	8	15	1	3	4	4	16	8	13	20	15	4	1	4	10	8	8	12	2	11	12	17	2	8	8	15	4	17	3	14	10	10	6	17	9	10	6	9	8	5	6	10	11	5	10	9	11	5	0	3	4	1	5	4	3	10	9	5	5	7	1	7	6	3	7	1	5	9	8	11	13	1	0	6	7	3	12	7	3	12	10	12	9	15
chr9	17933917	8	12	17	16	33	8	7	7	3	17	21	15	23	6	27	25	7	7	17	11	8	6	37	10	12	9	17	18	8	3	11	15	16	11	4	10	30	10	9	8	29	14	0	13	11	7	13	7	9	19	16	9	6	11	11	15	6	1	14	11	2	8	7	17	13	10	9	21	24	0	2	12	8	11	17	8	15	8	9	16	12	18	7	13	8	4	12	12	6	8	14	16	11	18	29	16	17	26	18	12	2	20	20	20	9	28	37	15	24	9	24	8	30	23	23	23	16	17	13	14	21	13	20	20	32	14	7	19	12	8	26	10	7	17	13	12	14	13	13	7	13	11	9	9	22	0	14	6	13	22	14	24	11	15	12	20	13	11	11	10	18	13	12	0	24	13	13	12	16	15	16	12	7	9	15	15	8	11	14	11	10	24	12	24	11	0	5	23	15	14	16	34	13	7	0	8	3	7	4	9	5	7	5	9	9	11	10	5	16	1	0	9	13	2	12	9	3	8	2	11	2	7	8	7	8	14	2	3	14	9	7	2	15	4	9	11	7	6	7	5	2	7	6	7	6	0	2	5	0	8	5	6	9	1	4	4	3	6	8	5	4	7	0	0	8	8	3	5	15	6	9	7	7	3	12	5	7	0	7	10	5	4	9	5	13	5	10	7	4	1	14	13	2	4	11	17	13	12	5	11	9	15	1	4	4	4	20	10	14	21	17	4	1	4	10	8	10	14	3	11	13	20	2	9	8	16	6	18	3	15	11	14	6	19	9	10	6	9	8	6	6	10	11	5	10	9	11	5	0	4	4	3	5	4	3	10	9	6	5	7	1	7	6	4	7	1	5	9	9	12	13	1	0	6	7	4	12	9	3	16	11	15	9	17
chr9	17933918	8	11	17	16	32	8	7	7	3	17	21	15	23	6	28	25	7	7	17	11	8	6	37	11	12	9	17	18	8	3	11	15	15	11	4	10	30	10	9	8	28	14	0	13	11	8	13	7	9	19	16	9	6	11	11	15	6	1	14	11	2	7	7	17	13	10	10	21	24	0	2	12	8	12	17	8	16	8	9	16	12	18	7	13	8	4	12	12	6	8	14	16	11	18	29	16	17	26	18	12	2	20	20	20	9	28	37	15	22	9	24	8	30	23	24	23	16	17	13	14	21	13	20	22	32	14	7	19	12	6	26	10	7	17	13	12	14	13	13	7	14	11	9	9	22	0	14	6	13	22	14	24	11	15	12	20	13	11	11	10	18	13	12	0	24	14	13	12	16	15	16	12	7	9	15	16	8	11	14	11	10	24	12	24	11	0	5	23	15	14	15	34	13	7	0	8	3	7	4	9	5	8	5	9	9	11	10	5	16	1	0	9	13	2	13	9	3	8	2	11	2	7	8	7	8	14	2	3	14	8	7	2	15	4	9	11	7	6	7	5	2	7	6	7	6	0	2	5	0	9	5	6	9	1	4	4	3	6	8	5	4	6	0	0	8	8	3	5	15	6	9	7	7	3	12	5	7	0	7	10	5	4	9	5	13	5	10	7	4	1	14	13	2	4	11	17	13	12	5	10	9	15	1	4	4	4	20	10	13	23	17	4	1	4	10	8	10	14	3	11	13	20	2	9	8	16	6	18	3	15	11	14	6	19	9	10	6	9	8	6	6	10	11	5	10	9	11	5	0	4	4	3	5	4	3	10	9	6	5	7	1	7	6	4	7	1	5	9	9	12	13	1	0	6	7	4	12	9	3	16	11	15	9	17
chr9	17933919	8	12	18	17	33	8	10	7	3	18	22	15	23	6	27	27	8	6	17	12	8	6	40	11	12	8	17	18	8	3	11	15	16	11	5	10	31	10	9	8	31	14	0	13	11	8	13	7	9	19	17	9	7	11	13	15	7	1	14	11	2	7	8	18	13	10	10	21	25	0	2	12	8	14	17	8	17	8	9	17	12	20	7	14	8	6	13	12	6	8	14	16	11	18	32	16	18	28	19	12	2	22	20	21	10	28	37	15	23	9	26	8	31	25	24	25	16	16	14	15	23	13	21	23	33	14	9	20	12	6	27	13	8	19	13	13	14	15	15	7	14	11	10	11	25	0	15	6	17	22	14	25	13	14	13	20	15	11	11	10	18	13	13	0	24	14	14	12	16	17	21	12	7	9	15	18	8	11	17	11	10	24	12	24	13	0	5	25	15	14	18	35	13	7	0	8	3	7	4	9	5	9	5	11	9	11	11	5	16	1	0	9	14	2	13	10	3	8	2	12	2	8	8	9	8	14	2	3	14	8	8	2	15	4	10	12	7	6	8	6	2	7	6	8	6	0	2	6	0	9	5	6	9	1	4	4	3	6	8	7	3	6	0	0	10	9	3	5	16	6	9	8	7	3	12	6	7	0	7	10	5	5	9	5	13	6	10	7	4	4	14	13	2	4	12	18	13	12	7	12	8	15	1	5	4	4	20	10	13	23	20	4	1	5	11	8	10	15	4	11	13	20	2	10	8	16	6	18	4	15	12	14	6	23	12	11	6	10	8	6	6	10	11	5	10	10	11	5	0	4	5	3	5	4	3	10	9	6	5	8	1	7	6	4	8	1	5	9	10	12	13	1	0	6	7	4	12	9	4	16	11	15	9	17
chr9	17933920	8	12	18	17	33	8	10	7	3	18	22	17	23	6	27	27	8	6	17	12	8	6	41	11	12	8	17	18	8	3	11	15	16	11	5	10	31	10	9	8	31	14	0	13	11	8	13	7	9	19	17	9	7	11	13	15	7	1	14	11	2	8	8	18	13	10	10	21	25	0	2	12	8	14	17	8	17	8	9	17	12	20	7	14	8	6	12	12	6	8	14	16	11	18	32	16	18	28	19	12	2	22	20	21	10	28	37	15	23	9	26	8	31	25	24	25	16	16	14	15	23	13	21	23	33	14	9	19	12	6	27	13	8	19	13	13	14	15	15	7	14	11	10	10	25	0	15	6	17	22	14	25	15	14	13	20	15	11	11	10	18	13	13	0	24	14	14	12	16	17	21	12	7	9	15	18	8	11	17	11	10	23	12	24	13	0	5	25	15	14	18	35	13	7	0	8	3	7	4	9	5	8	5	11	9	11	11	5	16	1	0	9	14	2	13	10	3	8	2	12	2	8	8	9	8	14	2	3	14	8	8	2	15	4	10	12	7	6	8	6	2	7	6	8	6	0	2	6	0	9	5	6	9	1	4	4	3	6	8	7	3	6	0	0	10	9	3	5	16	6	9	8	7	3	12	6	7	0	7	10	5	5	9	5	13	6	10	7	4	4	14	13	2	4	12	18	13	12	7	12	8	15	1	5	4	4	20	10	13	23	20	4	1	5	11	8	10	15	4	11	13	20	2	10	8	16	6	18	4	15	12	14	6	23	12	11	6	10	8	6	6	10	11	5	10	10	11	5	0	4	5	3	5	4	3	10	9	6	5	8	1	7	6	4	8	1	5	9	10	12	13	1	0	6	7	4	12	9	4	16	11	15	9	17
chr9	17933921	8	12	18	17	33	8	10	7	3	18	22	17	23	6	27	27	8	6	17	12	8	6	40	11	12	7	17	18	8	3	11	15	15	11	5	10	30	10	9	8	31	14	0	13	11	8	13	7	9	19	17	9	7	11	13	15	7	1	12	11	2	8	8	18	13	10	10	20	25	0	2	12	8	14	17	8	17	8	9	16	12	20	6	14	8	6	12	12	6	8	14	16	11	18	32	16	18	28	18	12	2	22	20	21	10	28	37	15	23	9	26	8	30	25	26	25	16	16	14	15	23	13	21	23	32	14	9	19	12	6	27	13	8	19	13	13	14	14	15	7	14	11	10	10	25	0	15	6	17	22	14	25	15	14	13	20	15	11	11	10	18	13	13	0	23	14	14	12	16	17	21	12	7	9	15	17	7	11	17	11	10	23	11	24	13	0	5	25	15	14	18	35	13	7	0	8	3	7	4	9	5	8	5	11	9	11	11	5	16	1	0	9	14	2	13	10	3	8	2	12	2	8	8	9	8	14	2	3	14	8	8	2	15	4	10	12	7	6	8	6	2	7	6	7	6	0	2	6	0	9	5	6	8	1	4	4	3	6	8	7	3	6	0	0	10	9	3	5	16	6	9	8	7	3	12	6	7	0	7	10	5	5	9	5	12	6	10	7	4	4	14	13	2	4	12	18	13	12	7	12	8	15	1	5	4	4	20	10	13	23	20	4	1	5	11	8	10	15	4	11	13	18	2	10	8	16	6	18	4	15	12	14	6	23	12	11	6	10	8	6	6	10	11	5	10	10	11	5	0	4	5	3	5	4	3	10	9	6	5	8	1	6	6	4	8	1	5	9	10	12	13	1	0	6	7	4	12	9	4	16	11	15	9	17
chr9	17933922	8	11	20	17	33	8	10	7	3	18	22	17	23	6	27	27	8	6	16	12	8	6	40	12	12	7	17	18	9	3	12	15	15	11	5	10	30	10	10	8	31	14	0	13	11	8	13	7	9	19	17	9	7	11	12	15	7	1	12	11	2	8	8	18	13	10	10	21	25	0	2	12	8	14	17	8	18	8	9	16	12	20	6	14	8	6	11	12	6	8	14	16	11	18	32	16	18	29	19	12	2	22	20	21	10	29	37	15	23	10	26	8	30	25	26	24	16	16	14	15	23	13	21	22	32	14	9	19	12	7	27	13	8	19	13	13	14	14	15	7	14	13	10	10	25	0	15	6	17	22	14	25	15	14	13	20	16	11	11	10	18	13	13	0	23	14	14	12	16	17	21	12	7	9	15	17	7	11	17	11	10	23	11	24	13	0	5	25	15	14	18	35	13	7	0	8	3	7	4	9	5	8	5	11	9	11	11	5	16	2	0	9	14	2	13	10	3	8	2	13	2	8	8	9	8	14	2	3	14	8	8	2	16	4	10	12	7	6	8	6	2	7	6	7	6	0	2	6	0	9	5	6	8	1	4	4	3	6	8	7	3	6	0	0	10	9	3	5	16	6	9	8	7	5	12	6	7	0	7	10	5	5	9	5	12	6	10	7	4	4	14	13	2	4	13	18	13	12	7	12	8	15	1	5	3	4	20	10	13	23	21	4	1	5	11	8	10	15	4	11	13	18	4	10	8	16	6	18	5	15	13	14	6	23	12	12	6	10	8	6	6	9	10	5	9	10	11	5	0	4	5	3	5	4	3	10	9	6	5	8	1	6	6	4	8	1	5	9	10	12	13	1	0	6	7	4	12	9	4	17	11	15	9	17
chr9	17933923	8	11	20	17	33	8	10	7	3	19	22	17	23	6	27	27	8	5	16	12	8	6	39	12	12	7	17	17	9	3	12	15	15	11	5	10	30	10	10	8	31	14	0	13	11	8	13	7	9	19	17	9	7	11	12	15	7	1	12	10	2	8	8	18	13	10	10	21	25	0	2	12	8	14	17	8	18	8	9	16	12	20	6	14	8	6	11	12	6	8	14	16	11	17	32	16	18	28	19	12	2	19	20	21	10	29	37	15	23	10	25	8	30	25	26	24	16	17	13	15	23	13	21	22	32	14	9	19	12	7	27	13	8	17	13	12	14	14	15	7	14	13	10	10	25	0	15	6	17	21	14	25	15	14	13	19	16	11	11	10	18	13	13	0	23	14	13	11	16	17	21	12	7	9	15	17	7	11	17	11	10	23	11	24	13	0	5	25	15	14	18	35	13	7	0	8	3	7	4	9	5	8	5	11	9	11	11	5	16	2	0	9	14	2	13	10	3	8	2	13	2	8	8	9	8	14	2	3	14	8	8	2	16	4	10	12	7	6	7	6	2	7	6	7	6	0	2	6	0	9	5	6	8	1	4	4	2	6	8	7	3	6	0	0	10	9	3	5	16	6	9	8	7	5	12	6	7	0	7	10	5	5	9	5	12	6	10	7	4	4	14	13	2	3	13	18	13	12	7	12	8	15	1	5	3	4	20	10	13	23	21	4	1	5	11	8	10	15	4	11	13	18	4	10	8	16	6	18	5	15	13	14	6	23	11	12	6	10	8	5	6	9	10	5	9	10	9	5	0	4	5	3	5	3	3	10	9	6	5	7	1	6	6	4	8	1	5	9	10	12	13	1	0	6	7	4	12	9	4	17	11	15	9	17
chr9	17933924	8	11	20	17	33	8	10	7	3	19	22	17	24	6	27	27	8	5	16	12	8	6	40	12	12	7	17	17	9	3	12	15	16	11	5	10	30	10	10	8	31	14	0	13	11	8	13	7	9	19	17	9	7	11	13	15	7	1	12	10	2	8	8	18	13	10	9	21	25	0	2	12	8	14	17	8	18	8	9	16	12	22	6	14	8	6	11	12	6	8	17	17	11	17	32	16	18	28	20	12	2	19	20	21	10	29	37	15	23	10	25	8	30	25	26	24	15	17	13	16	23	13	21	22	32	14	9	19	12	7	27	13	8	17	13	12	14	14	15	7	14	13	10	10	25	0	15	6	17	20	14	25	15	14	13	19	15	12	11	10	18	13	13	0	23	14	13	10	16	17	21	12	7	9	15	18	7	11	17	11	10	23	11	24	13	0	5	25	15	14	18	34	13	8	0	8	3	7	4	9	5	8	5	11	9	11	11	5	16	2	0	9	15	2	13	10	4	8	2	13	2	8	8	9	8	14	2	3	14	8	9	2	16	4	10	12	7	6	7	6	2	7	6	7	6	0	2	6	0	9	5	6	8	1	4	4	2	6	8	7	3	6	0	0	11	9	3	5	16	6	9	8	7	5	12	6	7	0	7	10	5	5	9	5	12	8	10	7	4	4	14	13	2	3	14	20	13	12	7	12	8	15	1	5	3	4	20	10	13	23	21	4	1	5	11	8	10	15	4	11	12	18	4	10	8	16	6	18	5	15	13	14	6	23	11	12	6	10	8	5	6	9	11	5	9	10	9	5	0	4	5	4	5	3	3	10	9	6	5	7	1	6	6	4	8	1	5	9	10	12	13	1	0	5	7	4	12	9	4	17	10	15	9	17
chr9	17933925	8	11	20	17	33	8	10	7	3	19	22	17	24	6	27	27	8	5	16	12	8	6	40	12	12	6	17	17	9	3	12	15	16	11	5	10	30	10	10	8	31	14	0	13	11	8	13	7	9	19	17	9	7	11	13	15	7	1	12	10	2	8	8	18	13	10	9	21	26	0	2	12	8	14	17	8	18	8	9	16	12	22	6	14	8	6	11	12	6	8	17	17	11	17	32	16	18	28	20	12	2	19	20	20	10	29	37	15	23	10	25	8	30	25	26	24	15	17	13	16	23	13	21	22	32	14	9	19	12	7	27	13	8	17	13	12	14	14	15	7	14	13	10	10	25	0	15	6	17	20	15	25	15	14	13	19	15	12	11	10	18	13	13	0	23	14	13	10	16	17	21	12	7	9	15	18	7	11	17	11	10	23	11	24	13	0	5	25	15	14	18	34	13	8	0	8	3	7	5	9	5	8	5	11	9	11	11	5	16	2	0	9	15	2	13	10	4	9	2	13	2	8	8	9	8	15	2	3	14	8	9	2	16	4	10	12	7	6	7	6	2	7	6	7	6	0	2	6	0	9	5	6	8	1	4	4	2	6	8	7	3	6	0	0	11	9	3	5	16	6	9	8	7	5	12	6	7	0	7	10	5	5	9	5	13	9	10	7	4	4	14	13	2	3	14	20	13	12	7	12	8	15	1	5	3	4	20	10	13	23	21	4	1	5	12	8	10	15	4	11	12	18	4	10	8	16	6	18	5	15	13	14	6	23	11	12	6	10	8	5	6	9	11	5	9	10	9	5	0	4	5	4	5	3	3	10	9	6	5	7	1	6	6	4	8	1	5	9	10	12	13	1	0	5	8	4	12	9	4	17	10	15	9	17
chr9	17933926	8	11	20	17	33	8	10	7	3	19	22	17	24	6	27	27	8	5	16	12	8	6	40	12	12	6	17	17	9	3	12	15	16	11	5	10	30	10	10	8	31	14	0	13	11	8	13	7	9	19	17	9	7	11	13	15	6	1	12	10	2	8	8	18	13	10	9	21	26	0	2	12	8	14	17	8	18	7	9	16	12	22	6	14	8	6	11	12	6	8	17	17	11	17	32	16	17	28	20	12	2	19	20	18	10	29	36	14	23	10	25	8	30	25	26	24	15	17	13	16	23	13	21	22	32	14	9	19	12	7	27	13	8	17	13	12	14	14	15	7	14	13	10	10	25	0	15	6	17	20	15	25	15	14	13	19	15	12	11	10	18	13	13	0	23	14	13	10	16	17	21	12	7	9	15	18	7	11	17	11	10	23	11	24	13	0	5	24	15	14	18	34	13	8	0	8	3	7	5	9	5	8	5	11	9	11	11	5	16	2	0	9	15	2	13	10	4	9	2	13	2	8	8	9	8	15	2	3	14	8	9	2	16	4	10	12	6	6	7	6	2	6	6	7	6	0	2	6	0	9	5	6	8	1	4	4	2	6	8	7	3	6	0	0	11	9	3	5	16	6	9	8	7	5	12	6	7	0	7	10	5	5	9	5	13	9	10	7	4	4	14	13	2	3	14	20	13	12	7	12	8	15	1	5	3	4	20	10	13	23	21	4	1	5	12	8	10	15	4	11	11	18	4	10	8	16	6	18	5	15	13	14	6	23	11	12	6	10	8	5	6	9	11	5	9	10	9	5	0	4	5	4	5	3	3	10	9	6	5	7	1	6	6	4	8	1	5	9	10	12	13	1	0	5	8	4	12	9	4	17	10	15	9	17
chr9	17933927	8	11	20	18	33	8	10	7	3	20	22	17	24	6	27	27	8	5	16	12	8	6	41	12	12	6	17	17	9	3	12	15	16	11	5	10	30	10	10	8	31	14	0	14	12	8	13	7	9	20	17	9	7	11	14	16	7	1	12	10	2	8	8	18	13	10	9	21	26	0	2	12	8	14	17	8	19	7	9	17	12	22	6	14	8	6	11	12	6	8	17	17	11	17	32	17	20	28	21	13	2	19	20	18	10	29	36	14	23	11	25	8	30	25	26	24	15	17	13	15	23	13	21	22	32	14	9	19	12	7	27	15	8	17	13	12	14	14	15	7	14	13	10	10	25	0	15	6	17	20	16	24	15	14	13	19	15	12	11	10	18	13	13	0	23	14	13	10	16	17	22	12	7	9	15	18	9	11	17	11	10	23	11	24	13	0	5	24	16	14	18	34	13	8	0	8	3	7	5	9	5	8	5	11	9	11	11	5	16	2	0	9	15	2	13	10	4	9	2	13	2	8	9	9	8	15	2	3	13	8	9	2	16	4	10	12	6	6	7	6	2	6	6	7	6	0	2	6	0	9	5	6	8	1	4	4	2	6	9	7	3	6	0	0	11	9	3	5	15	6	9	8	7	5	12	6	7	0	7	10	5	5	9	5	13	9	11	7	4	4	14	13	2	3	14	20	13	12	7	12	8	15	1	5	3	4	20	10	13	23	21	4	1	5	13	8	10	15	4	11	11	18	4	10	8	17	6	18	5	15	13	14	6	23	11	12	6	10	8	5	6	9	11	5	9	10	9	5	0	4	5	4	6	3	3	10	9	6	5	8	1	6	6	4	8	1	5	9	10	12	13	1	0	5	8	4	12	9	4	17	10	15	9	17
chr9	17933928	8	11	20	18	33	8	10	6	3	20	22	17	24	6	27	27	8	5	16	12	8	6	41	12	11	6	17	17	8	3	12	15	16	11	5	10	29	10	10	8	31	14	0	14	12	8	13	7	9	20	17	9	7	11	14	16	7	1	12	9	2	8	8	18	13	10	9	21	26	0	2	12	8	14	17	8	19	7	9	17	12	22	6	14	8	6	11	12	6	8	17	17	11	17	32	17	20	28	21	13	2	19	20	18	10	29	35	14	22	11	25	8	30	24	26	24	15	17	13	15	23	13	21	21	32	14	9	19	12	7	26	15	8	17	13	12	14	14	15	7	14	13	10	10	25	0	14	6	17	20	16	23	15	14	13	19	14	12	11	10	18	13	13	0	23	14	13	10	16	17	22	12	7	9	15	18	9	11	17	11	10	22	11	24	13	0	5	24	16	14	18	34	13	8	0	8	3	7	5	9	5	8	5	11	8	11	11	5	16	2	0	8	15	2	13	10	4	9	2	12	2	8	9	9	8	14	2	3	13	8	9	2	16	3	10	12	6	6	7	6	2	6	6	7	6	0	2	6	0	9	5	6	8	1	4	4	2	6	9	7	3	6	0	0	11	9	3	5	15	6	9	8	7	5	12	6	7	0	7	10	5	5	9	5	13	9	10	7	4	4	14	13	2	3	14	19	13	12	7	12	8	15	1	5	3	4	20	10	13	23	21	4	1	4	13	7	10	15	4	11	11	18	4	10	8	17	6	18	5	15	13	14	6	23	11	12	6	10	8	5	6	9	11	5	9	10	9	5	0	4	5	4	6	3	3	10	9	6	5	8	1	6	6	4	8	1	5	9	10	11	12	1	0	5	8	4	12	9	4	17	10	15	9	17
chr9	17933929	8	11	21	18	34	8	10	7	3	20	23	16	28	6	27	27	9	5	16	12	8	6	42	12	11	6	17	17	8	3	12	15	16	11	5	10	28	10	10	8	32	14	0	17	12	8	13	6	9	20	18	10	9	12	15	17	7	1	12	9	2	8	8	18	15	10	9	22	26	0	3	13	10	15	17	8	20	8	10	18	14	22	6	14	8	6	11	14	6	9	17	17	11	18	33	17	20	29	21	13	2	21	21	21	11	30	36	14	22	11	25	9	31	25	26	23	16	18	13	15	23	13	22	20	32	15	9	20	12	8	27	15	12	20	13	12	14	15	15	7	14	13	11	10	25	1	14	6	18	20	16	24	15	17	13	20	14	12	15	11	19	13	14	0	24	14	13	10	16	17	22	12	7	9	15	18	9	11	18	11	10	22	13	24	13	0	5	23	16	15	18	34	13	9	0	9	3	7	6	9	5	8	5	12	9	11	11	6	16	2	0	9	15	2	14	10	4	9	2	12	2	9	10	9	8	14	2	3	13	9	9	2	17	3	10	13	6	6	7	6	2	6	6	7	6	0	2	7	0	9	5	6	8	1	6	4	2	6	9	7	3	6	0	0	11	9	3	5	16	6	10	8	7	5	12	6	7	0	7	10	5	5	10	5	13	9	10	7	6	5	14	13	2	3	15	20	13	12	7	11	8	16	1	5	3	4	21	10	14	23	21	4	1	4	13	7	11	15	4	11	11	19	4	10	8	18	5	18	5	16	13	14	4	24	11	13	6	10	9	5	6	9	11	6	9	12	10	5	0	4	6	4	6	3	3	10	9	6	4	8	1	6	7	4	10	1	5	9	12	11	13	1	0	5	8	4	12	9	4	17	10	17	9	17
chr9	17933930	9	11	21	18	34	8	10	7	3	20	23	16	28	6	27	26	9	5	16	12	8	6	42	12	11	6	17	17	8	3	12	15	16	11	5	10	28	10	10	8	32	14	0	17	12	8	13	6	9	20	19	10	9	12	15	17	7	1	12	9	2	8	8	19	15	10	9	22	26	0	3	13	10	15	17	8	18	8	10	21	14	21	6	14	8	6	11	14	6	9	17	17	11	18	33	17	20	29	21	13	2	21	21	21	11	30	36	14	22	10	25	9	31	25	26	24	16	18	13	14	24	13	22	20	32	14	9	20	12	8	27	15	12	20	13	12	14	15	16	7	14	13	11	10	25	1	14	6	18	20	16	24	16	17	13	21	14	12	15	10	19	13	14	0	24	14	13	10	16	17	22	12	7	9	15	18	9	11	18	11	11	22	13	24	13	0	5	23	16	15	18	34	13	9	0	9	3	7	6	9	5	9	5	12	9	11	11	6	16	2	0	9	15	2	14	10	4	9	2	12	2	8	10	9	8	14	2	3	13	9	9	2	17	3	11	13	6	6	7	6	2	6	6	7	6	0	2	7	0	9	5	6	8	1	7	4	2	6	9	7	3	6	0	0	11	9	3	5	16	6	10	8	7	5	12	6	7	0	7	10	5	5	10	5	13	9	10	7	6	5	14	13	2	3	15	20	13	12	7	11	8	16	1	5	3	5	21	10	14	23	21	4	1	5	13	7	11	15	4	11	11	19	4	10	8	18	5	18	5	16	13	13	4	24	11	13	6	10	9	5	6	9	11	6	9	12	10	5	0	4	6	4	6	3	3	10	9	6	4	8	0	6	7	4	10	1	5	9	12	11	13	1	0	5	8	4	13	9	4	17	10	17	9	17
chr9	17933931	9	11	21	18	34	10	10	7	3	20	23	16	28	6	27	26	9	5	16	13	8	6	42	12	11	6	17	17	8	3	12	15	16	10	5	10	28	10	11	8	32	15	0	17	12	8	13	6	9	20	19	10	9	12	15	17	7	1	12	9	2	8	8	19	15	10	9	22	27	0	3	13	10	15	17	8	18	8	10	21	14	22	5	14	8	6	11	14	6	9	17	17	11	18	33	17	20	29	21	13	2	21	21	21	11	30	36	14	22	10	25	9	31	25	26	24	16	18	13	14	24	13	22	20	32	14	9	20	12	8	27	15	12	20	13	12	14	15	16	7	14	13	12	10	25	1	14	6	19	20	16	24	16	17	13	21	14	12	15	10	19	13	14	0	24	14	13	10	16	17	22	12	7	9	15	18	9	11	18	11	11	22	13	24	13	0	5	23	16	15	18	34	13	9	0	9	3	7	6	9	5	9	5	12	9	11	11	6	16	2	0	9	15	2	14	10	4	9	2	12	2	8	10	9	8	14	2	3	13	9	9	2	17	3	11	13	6	6	7	6	2	6	6	7	6	0	2	7	0	9	5	6	8	1	7	4	2	6	9	7	3	6	0	0	11	9	3	5	16	5	10	8	7	5	12	6	7	0	7	10	5	5	10	5	13	9	10	7	6	5	14	13	2	3	15	20	13	12	7	11	8	16	1	5	3	5	21	10	14	23	21	4	1	5	12	7	11	14	4	11	11	19	4	10	8	18	5	18	5	16	13	13	4	24	11	13	6	10	9	5	6	9	11	6	9	12	10	5	0	4	6	4	6	3	3	10	9	6	4	8	0	6	7	4	10	1	5	9	12	11	13	1	0	5	8	4	13	9	4	17	10	17	9	17
chr9	17933932	9	11	20	18	34	10	11	7	3	20	23	16	28	6	27	26	9	5	16	13	8	6	42	12	11	6	17	17	8	4	12	15	16	10	5	10	28	10	12	9	32	16	0	17	12	8	13	6	9	20	19	10	9	12	15	17	8	1	12	9	2	8	8	19	15	10	9	22	27	0	3	13	10	15	18	8	18	8	11	21	15	22	5	14	8	6	11	15	6	9	17	17	11	18	33	19	20	29	21	13	2	23	22	21	11	30	36	14	22	10	25	9	31	26	27	24	16	18	15	14	25	13	22	20	32	14	9	20	12	8	28	15	12	21	13	12	14	16	17	7	14	13	12	10	25	1	14	6	19	21	17	26	16	17	13	21	14	12	15	10	19	13	14	0	24	13	13	10	16	17	22	12	7	9	15	18	10	11	18	11	12	22	13	24	13	0	5	23	16	15	19	34	13	9	0	9	3	7	6	9	5	9	5	13	10	11	11	6	15	2	0	9	15	2	14	10	4	9	2	12	2	8	10	9	8	14	2	3	13	9	10	2	17	3	11	13	7	6	7	6	2	6	6	7	6	0	2	8	0	9	5	6	8	1	8	5	2	6	9	7	3	6	0	0	11	9	3	5	16	5	10	8	7	5	12	6	7	0	7	10	5	5	10	6	13	9	10	7	6	5	14	12	2	3	16	20	13	13	7	11	8	16	1	5	3	5	21	10	15	23	21	4	1	5	12	7	11	14	4	11	11	19	4	10	8	17	5	18	5	16	13	13	4	25	11	13	6	10	9	5	6	9	11	6	9	13	10	5	0	4	7	4	6	3	3	10	9	6	4	8	0	6	7	4	10	1	5	9	12	11	13	1	0	5	8	4	13	9	4	17	10	17	9	17
chr9	17933933	9	11	20	18	34	10	11	7	3	20	23	16	28	5	27	26	9	5	16	13	8	6	42	12	13	6	17	17	8	4	12	14	16	10	5	10	28	10	12	9	32	16	0	17	12	8	13	6	9	20	19	10	9	12	15	17	8	1	12	9	2	8	8	19	15	10	9	22	27	0	3	13	10	15	18	8	18	7	11	21	15	22	5	14	8	6	11	15	6	9	17	17	11	17	33	19	19	29	21	13	2	23	22	21	11	30	36	14	22	10	25	9	31	27	28	24	16	18	15	14	25	13	22	20	32	14	9	20	12	8	28	15	12	21	13	12	14	16	17	7	14	13	12	10	25	1	14	6	19	21	17	26	16	17	12	19	14	12	15	10	19	13	14	0	24	13	13	10	16	17	22	12	7	9	15	18	10	11	18	11	12	22	13	24	13	0	5	23	16	15	19	34	13	9	0	9	3	7	6	9	5	9	5	13	10	11	11	6	15	2	0	9	15	2	14	10	4	9	2	12	2	8	10	9	8	14	2	3	13	9	10	2	17	3	11	13	7	6	7	6	2	6	6	7	6	0	2	8	0	9	5	6	8	1	8	5	2	6	9	7	3	7	0	0	11	9	3	5	16	5	10	8	7	5	12	6	7	0	7	10	5	5	10	6	13	9	10	7	6	5	14	12	2	3	16	20	13	13	7	11	8	16	1	5	3	5	21	10	15	23	21	4	1	5	12	7	11	14	4	10	11	19	4	10	7	17	5	18	5	15	13	13	3	25	11	13	6	10	9	5	6	9	11	6	9	13	10	5	0	4	7	4	6	3	3	10	9	6	4	8	0	6	7	4	10	1	5	9	12	11	13	1	0	5	8	4	13	8	4	17	10	17	9	17
chr9	17933934	9	11	20	18	35	10	11	7	3	20	23	16	28	5	27	24	11	5	16	13	9	6	41	12	14	6	17	17	8	4	12	14	16	10	5	10	28	10	12	10	32	16	0	17	12	8	13	6	9	20	19	10	9	12	15	17	8	1	12	9	2	8	8	19	15	11	9	22	27	0	3	13	10	15	18	8	19	7	11	21	15	22	5	14	8	6	11	15	7	9	17	17	11	17	33	19	19	29	21	13	2	24	22	21	11	30	36	14	22	10	25	9	31	27	28	24	16	17	15	14	25	13	22	20	34	15	9	20	12	8	29	15	12	21	13	12	15	16	18	7	14	13	12	10	26	1	14	6	19	21	17	26	17	17	13	19	14	12	15	10	20	13	14	0	24	13	13	10	16	18	22	12	7	9	15	18	10	11	17	12	12	22	13	25	13	0	4	23	16	16	19	35	13	9	0	9	3	7	6	10	4	9	5	13	10	11	11	6	16	2	0	9	15	2	14	10	4	9	2	12	2	8	10	11	8	14	2	4	13	8	10	2	17	3	11	13	7	6	7	6	2	6	6	7	6	0	2	9	0	9	5	6	8	2	8	5	2	6	9	6	4	7	0	0	11	9	3	5	16	5	10	8	7	5	12	6	7	0	7	10	5	5	10	6	13	9	10	7	6	5	14	11	2	3	16	20	14	13	7	11	8	16	1	5	3	5	21	10	15	23	22	4	1	5	12	7	11	14	4	9	11	19	3	10	7	17	5	18	5	15	14	12	3	26	11	13	6	10	9	5	6	9	11	6	9	13	10	5	0	4	7	4	6	3	3	10	9	6	4	8	0	6	7	4	10	1	5	9	12	11	13	1	0	5	8	4	13	8	4	17	10	17	9	17
chr9	17933935	9	11	20	18	35	10	11	7	3	21	24	16	28	5	27	24	11	5	17	13	9	6	41	12	14	6	17	18	8	4	12	14	16	10	6	10	28	10	13	10	32	16	0	17	12	8	13	6	8	20	19	10	9	13	15	17	8	1	12	9	2	8	8	20	15	11	10	22	27	0	3	13	10	15	18	8	19	7	11	21	16	22	5	14	8	6	11	15	7	9	17	17	11	17	33	19	19	29	22	13	2	24	23	21	11	30	36	16	22	10	25	9	31	28	29	25	16	17	15	14	25	13	22	20	34	15	9	20	12	9	29	15	12	21	13	12	15	16	18	7	14	13	12	10	26	1	14	6	19	21	17	26	17	17	13	19	13	12	15	10	20	13	14	0	24	13	13	10	16	18	21	12	8	9	15	18	10	11	17	12	12	22	13	24	13	0	4	23	17	16	19	35	13	9	0	9	3	8	6	10	4	9	5	13	10	11	11	6	16	2	0	9	15	2	14	11	4	9	2	12	2	8	10	11	8	14	2	4	14	8	10	2	17	3	11	13	7	6	7	6	2	6	6	7	8	0	2	9	0	9	5	6	8	2	8	6	2	6	9	6	4	7	0	0	11	9	3	5	16	5	10	9	7	5	12	6	7	0	7	10	5	5	10	6	13	9	10	7	6	5	14	11	2	3	16	20	14	13	7	11	8	16	1	5	3	5	22	10	15	23	22	4	1	5	12	7	11	14	4	10	11	19	3	10	7	17	5	18	5	15	14	12	3	25	11	13	6	10	9	5	6	9	11	6	9	13	11	5	0	4	7	4	6	3	3	10	10	6	4	8	0	6	7	4	10	1	5	9	12	11	13	1	0	5	8	4	13	8	4	17	10	17	9	17
chr9	17933936	9	11	20	18	35	10	11	7	3	21	24	16	28	5	27	24	11	5	17	13	9	6	40	12	14	6	17	18	8	4	12	14	16	10	6	10	28	10	13	10	32	16	0	17	12	8	13	6	8	20	19	10	9	13	15	17	8	1	12	9	2	8	8	20	15	11	10	22	27	0	3	13	10	15	18	8	19	7	11	21	16	22	5	14	8	6	11	15	7	9	17	17	11	17	33	19	19	28	23	13	2	23	22	21	11	30	36	16	22	10	25	9	31	28	29	25	16	17	15	14	25	13	22	20	33	15	9	20	12	9	30	15	12	21	13	12	15	16	18	7	14	13	12	10	26	1	14	6	19	21	17	26	17	17	13	19	13	12	15	10	20	13	14	0	24	13	13	10	16	18	21	12	8	9	15	18	10	11	17	12	12	22	13	24	13	0	4	23	17	16	19	35	13	9	0	9	3	8	6	10	3	9	5	13	10	11	11	6	16	2	0	9	15	2	14	11	4	9	2	12	2	8	10	11	8	13	2	4	14	8	10	2	17	3	11	13	7	6	7	6	2	6	6	7	8	0	2	9	0	8	5	6	8	2	8	6	2	6	9	6	4	7	0	0	11	9	3	5	16	5	10	9	7	4	12	6	7	0	7	10	5	5	10	6	13	9	10	7	6	5	14	11	2	2	16	20	14	13	7	11	8	16	1	5	3	5	22	10	15	23	22	4	1	5	12	6	11	14	4	10	11	19	3	10	7	17	5	18	5	15	14	12	3	25	11	13	6	10	9	5	6	9	11	6	9	13	11	5	0	4	7	4	6	3	3	10	10	6	4	8	0	6	7	4	10	1	5	9	12	11	13	1	0	5	8	4	13	8	4	17	10	17	9	17
chr9	17933937	9	12	20	18	36	10	11	7	3	21	24	16	28	7	27	24	11	5	17	13	9	6	40	12	14	6	18	18	8	4	13	14	16	10	6	11	28	11	14	11	33	16	0	17	12	8	13	6	8	20	20	9	9	13	16	17	8	1	13	8	2	8	8	20	15	11	10	22	27	0	3	13	11	15	17	8	19	7	12	21	18	25	5	14	8	6	11	15	7	9	17	17	11	17	34	20	19	29	23	13	2	23	23	21	11	30	38	16	22	10	25	10	31	28	29	26	16	17	15	15	25	14	22	20	33	15	9	20	12	11	30	15	12	21	15	14	15	16	18	7	14	13	12	10	26	1	15	6	19	22	17	26	16	17	13	19	13	12	15	10	20	13	14	0	24	13	13	13	16	18	21	12	8	9	16	19	10	11	17	12	12	23	13	24	13	0	4	23	17	17	19	36	13	9	0	9	3	8	7	10	3	9	5	13	10	11	11	6	16	2	0	9	15	3	14	12	6	9	3	12	2	8	10	11	8	13	2	4	14	8	11	2	17	3	11	13	7	6	7	6	2	6	6	7	8	0	2	9	0	8	5	6	8	2	8	6	2	6	9	6	5	8	0	0	13	9	3	5	16	5	10	9	7	4	13	6	7	0	7	10	5	5	10	6	14	10	10	7	6	5	14	11	2	2	16	20	14	13	7	11	8	16	1	5	3	5	21	10	15	23	23	4	1	5	12	6	11	14	5	10	12	19	3	10	7	17	5	18	5	15	15	12	3	25	11	14	6	10	9	5	6	9	11	6	9	13	11	5	0	4	7	4	6	3	3	10	10	6	4	8	0	6	7	4	10	1	5	9	12	12	13	1	0	5	8	4	13	8	4	17	11	17	9	17
chr9	17933938	8	12	20	18	36	10	11	7	3	21	24	16	28	7	27	24	11	5	17	13	9	6	40	12	14	6	18	18	8	4	13	14	16	10	6	11	28	11	14	11	33	16	0	17	12	8	13	6	8	20	20	9	9	13	16	17	8	1	13	8	2	9	8	20	15	12	10	22	27	0	3	13	11	15	17	8	19	7	12	21	18	25	5	13	8	6	11	15	7	9	17	17	11	17	34	20	19	29	23	13	2	23	23	21	11	31	38	16	22	10	25	10	31	27	29	26	16	16	15	15	25	14	22	20	33	15	9	20	12	11	30	15	12	20	13	14	15	16	18	7	14	13	12	10	26	1	14	6	19	23	17	26	15	17	13	19	13	12	15	10	20	13	14	0	24	14	13	13	16	17	21	12	8	9	16	19	10	11	17	12	12	23	13	24	13	1	4	23	17	17	19	36	13	8	0	9	3	8	7	10	3	10	5	13	10	11	11	6	16	2	0	9	15	3	14	12	6	9	3	12	2	8	10	11	8	13	2	4	15	8	11	2	17	3	11	13	6	6	7	6	2	5	6	7	8	0	2	9	0	8	5	6	8	2	8	6	2	6	9	6	5	8	0	0	13	9	3	5	16	5	10	9	7	4	13	6	7	0	7	10	5	5	10	6	14	10	9	7	6	5	13	11	2	2	16	20	14	13	7	11	8	16	1	5	3	5	21	10	14	23	24	4	1	5	12	6	11	14	5	10	12	18	3	10	7	17	5	18	5	15	15	12	3	24	11	14	6	10	9	5	6	9	11	6	9	13	11	5	0	4	7	4	6	3	3	10	11	6	4	8	0	6	7	4	10	1	5	9	12	12	13	1	0	5	8	4	13	8	4	17	10	17	9	17
chr9	17933939	8	12	20	18	36	10	11	7	3	21	24	14	28	7	27	24	11	5	17	13	9	6	39	12	14	6	17	17	8	4	13	14	17	10	6	11	28	11	14	11	33	16	0	17	12	8	13	6	8	20	20	9	10	13	16	17	8	1	13	8	2	9	8	20	15	12	10	22	27	0	3	13	11	15	17	8	19	7	12	21	18	25	5	13	8	6	11	15	7	9	17	17	11	18	34	20	19	29	23	13	2	23	23	21	11	31	38	16	22	10	24	10	31	28	29	26	16	16	15	15	25	14	22	20	33	15	9	20	12	11	30	15	12	20	13	14	15	16	18	7	14	13	12	10	26	1	14	6	19	23	17	26	15	16	13	19	13	12	15	10	20	13	14	0	24	14	13	13	16	17	21	12	8	9	16	19	10	11	17	12	11	23	13	24	13	1	4	23	17	17	19	36	13	8	0	9	3	8	7	10	3	10	5	13	10	11	13	6	16	2	0	9	15	3	14	12	6	9	3	12	2	8	10	11	8	13	2	4	15	8	11	2	17	3	11	13	6	6	7	6	2	5	6	7	8	0	2	9	0	9	5	6	8	2	8	6	2	6	9	6	5	8	0	0	13	9	3	5	16	5	10	9	7	4	13	6	7	0	7	10	5	5	10	6	14	10	9	7	6	5	13	11	2	2	16	20	13	14	7	11	8	17	1	5	3	5	21	10	14	23	24	4	1	5	12	6	11	14	5	10	12	18	3	10	7	17	5	18	5	15	14	12	3	24	11	14	6	10	9	5	6	9	11	6	9	13	11	5	0	4	7	4	6	3	3	10	11	6	4	8	0	6	7	4	10	1	5	8	11	12	13	1	0	5	8	4	13	8	4	17	10	17	9	17
chr9	17933940	8	12	20	18	36	10	11	7	3	21	24	14	28	7	27	24	11	5	17	13	9	6	40	12	14	6	17	17	8	4	13	14	17	10	6	11	28	11	14	11	33	16	0	17	12	8	13	6	8	20	20	10	10	14	16	16	8	1	13	8	2	9	8	20	15	12	10	22	27	0	3	13	11	15	17	8	19	7	12	21	18	25	5	13	8	6	11	15	7	9	17	17	11	18	34	19	19	30	23	13	2	23	23	21	11	31	38	16	22	10	24	10	31	28	29	26	16	16	15	15	25	14	22	20	33	15	9	20	12	11	30	15	12	20	13	14	15	16	18	7	14	13	12	10	26	1	14	6	19	23	17	26	15	16	13	19	13	12	15	10	20	13	14	0	24	14	13	13	16	17	21	12	8	9	16	19	10	11	17	12	11	23	13	24	13	1	4	24	17	17	19	35	13	8	0	9	3	8	7	10	3	10	5	13	10	11	13	6	16	2	0	9	15	3	14	12	6	9	3	12	2	8	10	11	8	13	2	4	15	8	11	2	17	3	10	13	6	6	7	6	2	5	6	7	8	0	2	9	0	9	5	6	8	2	8	6	2	6	9	6	5	8	0	0	13	9	3	5	16	5	10	9	7	4	13	6	7	0	6	10	5	5	10	6	14	10	9	7	6	5	13	11	2	2	16	20	13	14	7	11	8	17	1	5	3	5	23	10	14	23	24	4	1	5	12	6	11	14	5	10	12	20	3	10	7	17	5	18	5	15	14	12	3	24	11	14	6	10	9	5	6	9	11	6	9	13	10	5	0	4	7	4	6	3	3	10	11	6	4	8	0	6	7	4	10	1	5	8	11	12	13	1	0	5	8	4	13	8	4	17	10	17	9	17
chr9	17933941	8	12	20	18	36	10	11	7	3	21	24	14	28	7	28	24	11	5	17	13	9	6	40	12	14	6	17	18	8	4	13	14	17	10	6	11	29	11	14	11	33	16	0	17	12	8	13	6	8	20	20	10	10	14	16	16	8	1	13	8	2	9	8	20	14	12	10	23	27	0	3	13	11	15	17	8	19	7	12	21	18	25	5	13	8	6	11	16	7	9	17	16	11	18	34	21	19	30	23	13	2	23	23	21	11	31	38	16	22	10	24	10	31	28	30	26	16	16	15	15	25	14	22	20	33	15	9	20	14	11	30	15	12	20	13	14	15	17	18	7	14	13	12	10	26	1	14	6	19	23	17	26	15	16	13	19	13	12	15	10	20	13	14	0	24	14	13	13	16	17	21	12	8	9	16	19	10	11	17	12	11	23	13	24	13	1	4	24	17	17	19	35	12	8	0	9	3	8	7	10	3	10	5	13	10	11	14	6	17	2	0	9	15	3	14	12	6	9	3	12	2	8	10	11	8	13	2	4	15	8	11	2	17	3	10	13	6	6	7	6	3	5	6	7	8	0	1	9	0	9	5	6	8	2	8	6	2	6	9	6	5	8	0	0	13	9	3	5	16	5	10	9	7	4	13	6	7	0	6	10	5	5	9	6	14	10	9	7	6	5	13	11	2	2	16	20	13	14	7	11	8	17	1	6	3	5	23	10	14	23	24	4	1	5	12	6	12	14	5	11	12	20	3	10	7	16	5	18	4	14	14	11	3	24	11	14	5	10	9	5	6	9	10	5	9	12	10	5	0	4	7	4	6	3	3	10	13	6	4	8	0	6	7	4	11	1	4	8	11	12	15	1	0	5	8	4	13	8	4	17	10	17	9	17
chr9	17933942	8	12	20	18	36	10	11	7	3	20	24	14	28	7	28	24	11	5	17	13	9	6	40	12	14	6	17	18	10	4	13	14	17	10	6	11	29	11	14	11	33	17	0	17	12	8	13	6	8	20	20	10	10	14	16	16	8	1	13	8	2	9	10	20	14	12	11	24	27	0	3	13	11	15	17	8	19	7	12	21	17	25	5	13	8	6	11	16	7	9	17	16	11	18	34	21	20	30	23	13	2	23	23	21	11	31	38	16	22	12	25	12	31	28	31	27	16	16	15	15	25	14	22	20	34	15	9	20	14	11	31	15	12	21	13	14	16	17	18	7	14	13	13	10	27	1	14	6	19	23	17	26	15	16	13	20	13	12	15	10	20	13	14	0	24	14	13	13	16	17	21	12	9	9	16	19	10	11	17	12	11	23	13	24	13	1	4	24	17	17	19	35	12	8	0	9	3	8	7	10	3	10	5	13	10	11	14	6	17	2	0	9	15	3	14	12	6	9	3	12	2	8	10	11	8	14	2	4	15	8	11	2	17	3	10	13	6	6	7	6	3	5	6	7	8	0	1	9	0	9	5	6	8	2	9	6	2	6	9	6	5	8	0	0	13	9	3	5	16	5	10	11	7	4	13	7	7	0	6	10	5	5	8	6	14	10	8	7	6	5	13	11	2	2	16	20	13	14	7	11	8	17	1	6	3	5	23	10	14	23	24	4	1	5	12	6	12	14	5	11	13	20	3	10	7	16	5	18	6	14	14	11	3	24	11	14	5	10	9	5	6	9	10	5	9	12	10	5	0	4	7	4	6	4	3	12	13	6	4	8	0	6	7	4	11	1	4	8	11	12	15	1	0	5	8	4	13	8	4	17	10	17	9	17
chr9	17933943	8	12	20	18	36	10	11	7	3	20	24	14	28	7	28	24	11	5	17	13	9	6	40	12	14	6	17	18	10	4	13	14	17	10	6	11	30	11	14	11	32	17	0	17	12	8	13	6	8	20	20	10	10	14	16	16	8	1	13	8	2	9	10	20	14	12	11	24	26	0	3	13	11	15	17	8	19	7	12	21	17	25	5	13	8	6	11	16	7	9	17	16	11	18	34	21	20	30	23	13	2	22	23	21	11	31	38	16	22	12	25	12	31	28	31	27	16	16	15	15	25	14	22	20	34	15	9	20	14	11	31	15	12	21	13	14	16	17	18	7	14	13	13	10	27	1	14	6	19	23	17	26	15	16	13	20	13	12	15	10	20	13	14	0	24	14	13	13	16	17	21	12	9	9	16	19	10	11	17	12	11	23	13	24	13	1	4	24	17	17	19	35	12	8	0	9	3	8	7	10	3	10	5	13	10	11	14	6	17	2	0	9	15	3	14	12	6	9	3	12	2	8	10	11	8	14	2	4	15	8	11	2	17	3	10	13	6	6	7	6	3	5	6	7	8	0	1	9	0	9	5	6	8	2	9	6	2	6	9	6	5	8	0	0	13	9	3	6	16	5	10	11	7	4	13	7	7	0	6	10	5	5	8	6	14	10	8	7	6	5	13	11	2	2	16	20	13	14	7	11	8	17	1	6	3	5	23	10	14	23	24	4	1	5	12	6	12	14	5	11	13	20	3	10	7	16	5	18	6	14	14	11	3	24	11	14	5	10	9	5	6	9	10	5	9	12	10	5	0	4	7	4	6	4	3	12	13	6	4	8	0	6	7	4	11	1	4	8	11	12	15	1	0	5	8	4	13	8	4	17	10	17	9	17
chr9	17933944	8	12	22	18	36	10	11	7	3	20	24	14	28	7	28	23	11	5	17	13	9	6	40	12	15	6	17	18	10	4	13	14	17	10	6	11	31	11	14	11	32	17	0	17	12	8	13	6	8	20	20	10	10	14	16	16	8	1	13	8	2	9	10	20	14	12	11	24	26	0	3	13	11	15	17	8	19	7	12	21	17	25	5	13	8	6	11	16	7	9	17	16	11	18	34	21	20	29	23	13	2	22	23	21	11	31	37	16	22	12	25	12	31	28	31	27	16	16	15	15	25	14	22	20	34	15	9	20	14	11	31	15	12	21	13	14	16	17	18	7	14	13	13	10	27	1	14	6	19	23	17	26	15	16	13	20	13	12	15	10	20	13	14	0	24	14	13	13	16	17	20	12	9	9	16	19	10	11	17	12	11	22	13	24	13	1	4	24	17	17	19	35	12	8	0	9	3	8	7	10	3	10	5	13	10	11	14	6	17	2	0	9	15	3	14	12	6	9	3	12	2	8	10	11	8	14	2	4	15	9	11	2	17	3	10	13	6	6	7	6	3	5	6	7	8	0	1	9	0	9	5	6	8	2	9	6	2	6	9	6	5	8	0	0	13	9	3	6	16	5	10	12	7	4	13	7	7	0	6	10	5	5	8	6	14	10	8	7	6	5	13	11	2	2	16	20	13	14	7	11	8	17	1	6	3	5	23	10	14	23	24	4	1	5	12	6	12	14	5	11	13	20	3	10	7	16	5	18	6	14	14	11	3	24	11	14	5	10	9	5	6	9	10	5	9	12	10	5	0	4	7	4	6	4	3	14	13	6	4	8	0	6	7	4	11	1	4	8	11	12	15	1	0	5	8	4	13	8	4	17	10	17	9	17
chr9	17933945	8	12	23	18	36	10	11	7	3	20	24	14	28	7	28	23	11	5	17	13	9	6	41	12	15	6	17	18	10	4	13	13	17	10	6	11	31	11	14	11	32	17	0	17	12	8	13	6	8	20	20	10	10	14	16	16	8	1	14	8	2	9	10	20	14	12	11	24	26	0	3	12	11	15	17	8	19	7	13	21	17	25	5	13	8	6	11	16	7	9	17	16	11	17	34	21	20	29	23	13	2	22	23	21	11	31	37	16	22	12	25	12	31	28	31	27	16	16	15	15	25	14	22	20	34	15	9	19	14	11	31	15	12	21	13	14	16	17	18	7	14	13	13	10	27	1	14	6	19	23	17	26	15	16	13	20	13	12	15	10	20	13	14	0	24	14	13	13	16	17	20	12	9	9	16	19	10	11	17	12	11	22	13	24	13	1	4	24	17	17	19	35	12	8	0	9	3	8	7	10	3	10	5	13	10	11	14	6	17	2	0	9	15	3	14	12	6	9	3	12	2	8	10	11	8	14	2	4	15	9	11	2	17	3	10	13	6	6	7	6	3	5	6	7	8	0	1	9	0	9	4	6	8	2	9	6	2	6	9	6	5	8	0	0	13	9	3	6	16	5	10	12	7	4	13	7	7	0	6	10	5	5	8	6	14	10	8	7	6	5	13	11	2	2	16	20	13	14	7	11	8	17	1	6	3	5	23	10	14	23	24	4	1	5	12	6	12	14	5	11	13	20	3	10	7	16	5	18	6	14	14	11	3	24	10	14	5	10	9	5	6	9	10	5	9	12	10	5	0	4	7	4	6	4	3	14	13	6	4	8	0	6	7	4	11	1	4	8	11	12	15	1	0	5	8	4	13	8	4	17	10	17	9	17
chr9	17933946	8	12	23	18	36	10	11	7	3	20	24	14	29	7	30	22	11	5	17	13	9	7	44	12	15	6	17	18	12	4	13	13	18	10	6	11	31	11	14	11	32	17	0	17	12	8	13	6	8	20	20	10	10	14	17	16	8	1	14	8	2	9	10	20	14	12	11	25	27	0	3	12	11	15	17	8	20	7	13	21	19	25	5	13	9	6	11	16	7	9	17	16	10	17	34	21	21	29	23	13	2	23	25	21	11	31	37	16	22	12	26	12	31	28	31	27	16	16	15	15	25	14	23	20	36	15	11	19	14	11	31	14	12	21	13	14	16	17	19	7	14	14	13	10	28	1	14	6	20	24	18	26	15	16	13	20	13	12	16	10	20	13	15	0	24	14	13	13	16	17	20	12	9	9	16	19	10	11	17	12	11	22	13	24	13	1	4	23	17	17	19	35	12	8	0	9	3	8	8	10	3	10	5	13	10	11	15	6	17	2	0	9	15	3	14	12	6	9	3	12	2	8	10	11	8	14	2	4	16	9	11	2	17	3	10	13	6	6	7	6	3	5	6	7	10	0	1	11	0	9	4	6	8	2	9	6	2	6	9	6	5	8	0	0	13	9	3	6	17	5	10	12	7	4	13	7	7	0	6	11	5	5	8	6	14	10	8	7	6	5	13	11	2	2	16	20	13	14	7	11	8	17	1	6	3	5	24	10	14	23	24	4	1	5	12	6	12	14	5	11	13	21	3	10	8	18	5	19	6	14	14	11	3	24	10	14	5	10	9	5	6	9	10	6	9	12	12	5	0	4	7	4	6	4	3	14	13	6	4	8	0	6	7	4	11	1	4	8	11	12	15	1	0	5	8	4	13	8	4	17	10	17	9	17
chr9	17933947	8	12	23	17	36	10	11	7	3	20	25	14	29	7	30	22	11	5	17	13	9	7	46	12	15	6	17	18	12	4	13	13	18	10	6	11	31	11	14	11	32	17	0	17	12	8	13	6	8	20	20	10	10	14	17	16	8	1	14	8	2	9	10	20	15	12	11	25	27	0	3	12	11	15	17	9	19	6	13	21	20	25	5	13	9	6	11	17	7	9	17	16	10	18	34	21	21	30	22	13	2	23	25	21	11	31	37	16	22	12	26	12	31	28	33	29	16	16	15	15	24	14	23	20	36	15	11	19	16	11	31	14	12	21	13	14	16	17	20	7	14	14	13	10	28	1	14	6	20	24	18	26	15	16	13	20	13	12	17	10	21	13	15	0	24	14	13	13	16	17	20	12	9	9	16	19	10	11	17	12	11	22	13	24	13	1	4	23	18	17	19	35	12	8	0	9	3	8	8	11	3	10	5	13	10	11	15	6	17	2	0	9	15	3	14	12	6	9	3	12	2	8	10	11	8	14	2	4	16	9	11	2	17	3	10	13	6	6	7	6	3	5	6	7	10	0	1	11	0	9	4	6	8	2	9	6	2	6	9	6	5	8	0	0	13	9	3	6	17	5	10	12	7	4	13	8	7	0	6	11	5	5	8	6	14	10	8	7	6	5	13	10	2	2	16	20	13	14	7	11	8	17	1	6	3	5	23	10	14	23	24	4	1	5	12	6	12	14	5	11	13	21	3	10	8	18	5	19	6	14	14	11	3	24	11	14	5	10	9	5	6	9	10	6	9	12	12	5	0	4	7	4	6	4	3	14	13	6	4	8	0	6	7	4	11	1	4	8	11	12	15	1	0	7	8	4	13	8	4	17	10	17	9	17
chr9	17933948	8	13	23	17	36	10	11	7	3	20	25	14	29	7	30	22	11	5	17	12	9	7	47	12	15	6	18	18	12	5	13	13	18	10	6	11	31	12	14	11	32	17	0	17	12	8	13	6	8	20	23	10	11	15	19	16	8	1	14	8	2	9	10	20	15	14	11	26	27	0	3	12	11	16	17	9	19	6	13	21	20	26	5	13	9	6	11	17	7	9	16	16	10	18	35	22	21	30	22	13	2	23	25	21	11	31	37	16	22	12	26	12	31	28	33	31	16	16	15	15	24	14	26	22	36	15	11	20	16	11	31	14	12	21	13	14	16	17	20	7	13	13	13	10	29	1	14	6	22	24	18	27	15	16	14	20	13	12	17	10	21	13	15	0	25	14	13	13	16	17	20	12	9	9	16	21	10	11	17	12	11	23	13	25	13	1	4	25	18	17	19	34	12	8	0	9	3	7	8	11	3	10	5	13	10	11	15	6	17	2	0	9	15	3	14	13	6	9	3	12	2	8	10	11	8	14	2	4	16	9	11	2	17	3	11	13	6	6	7	6	3	5	6	7	10	0	2	11	0	9	4	6	8	2	9	6	2	6	9	6	5	9	0	0	13	9	3	6	18	5	10	12	7	4	13	10	8	0	6	11	6	5	8	6	14	10	8	7	6	5	13	10	2	2	16	20	13	14	7	11	7	17	1	6	3	5	24	10	15	23	24	4	1	5	12	6	12	14	5	12	13	21	3	10	8	17	5	21	6	14	14	11	3	24	11	14	5	10	9	5	6	9	10	6	9	12	12	5	0	4	7	4	6	4	3	14	13	6	6	8	0	6	7	4	11	1	4	8	11	12	15	1	0	7	8	4	13	8	4	18	10	17	9	17
chr9	17933949	8	13	23	17	36	11	11	8	3	20	25	14	29	8	30	22	11	5	17	12	9	7	48	12	15	6	18	18	12	5	13	13	18	10	6	11	31	13	14	11	32	17	0	17	12	8	13	6	8	20	23	10	11	15	19	16	8	1	15	8	2	9	10	20	15	14	11	26	27	0	3	12	11	16	17	9	19	6	13	21	20	26	5	13	8	6	11	17	7	9	16	16	10	18	35	24	21	30	22	13	2	22	25	21	11	31	37	16	21	12	28	12	31	28	33	32	16	16	15	17	24	14	26	22	36	15	11	20	16	11	31	14	12	21	13	14	16	17	20	8	13	13	13	10	29	1	14	6	22	24	18	27	15	16	14	20	13	12	17	10	20	13	15	0	25	14	13	13	16	17	20	12	9	9	16	21	9	11	17	12	11	23	13	25	13	1	4	25	18	17	19	34	12	8	0	9	3	7	8	11	3	10	5	13	10	11	15	6	17	2	0	9	15	3	14	13	6	9	5	12	2	8	10	10	8	14	2	4	16	9	11	1	17	3	11	13	6	6	7	6	3	5	6	7	10	0	2	11	0	9	4	6	8	2	9	6	2	6	9	6	5	9	0	0	13	9	3	6	18	5	10	12	7	4	13	10	9	0	6	11	6	5	8	5	14	10	8	7	6	5	14	10	2	2	16	20	13	15	7	11	7	17	1	6	3	5	24	9	15	23	24	4	1	5	12	6	12	14	5	13	13	21	3	10	8	17	5	21	6	14	14	11	3	24	12	15	5	10	9	5	6	8	10	6	9	12	12	5	0	4	7	4	6	4	3	14	13	6	6	8	0	6	7	4	11	1	4	8	11	12	15	1	0	7	8	4	13	8	4	18	10	18	9	17
chr9	17933950	8	13	23	17	36	11	11	8	3	20	25	14	29	9	30	22	11	6	17	12	9	7	48	12	14	6	18	18	12	5	13	13	18	10	6	11	31	13	14	11	32	17	0	17	12	8	13	6	8	20	23	10	11	15	19	16	8	1	15	8	2	9	10	20	15	14	11	26	27	0	3	13	11	16	17	9	20	6	13	21	20	26	5	12	8	6	11	17	7	9	16	15	10	18	35	24	21	30	22	13	2	22	25	21	11	29	37	16	20	12	29	12	31	28	33	32	16	16	15	17	24	14	26	21	36	15	11	20	18	11	31	15	12	21	13	14	16	17	20	8	13	13	13	10	29	1	14	6	22	24	18	27	15	16	14	20	13	12	17	10	20	13	16	0	26	14	13	13	16	17	20	12	9	9	16	21	9	11	17	12	11	23	13	25	13	1	4	25	18	17	19	34	12	8	0	9	3	7	8	11	3	10	5	13	10	11	15	6	17	2	0	9	15	3	14	13	6	9	5	12	2	8	10	10	8	14	2	4	16	9	11	1	17	3	11	13	6	6	7	6	3	5	6	7	10	0	2	11	0	9	4	5	8	2	9	6	2	6	9	6	5	9	0	0	13	9	3	6	19	5	10	12	7	4	13	10	9	0	6	11	6	5	8	5	14	10	8	7	6	5	14	10	2	2	16	20	13	15	7	11	7	17	1	6	3	6	24	9	15	23	24	4	1	5	12	6	12	14	5	13	13	21	3	10	8	17	5	21	6	14	14	11	3	24	12	15	5	10	9	5	6	8	10	6	9	12	12	5	0	4	7	4	6	4	3	14	13	6	6	8	0	6	7	4	11	1	4	8	11	12	15	1	0	7	8	4	13	8	4	18	10	18	9	17
chr9	17933951	8	14	23	16	36	11	11	8	3	20	25	14	29	9	30	22	11	6	17	12	9	7	48	12	14	6	18	18	12	5	14	13	18	10	6	11	29	13	14	11	32	17	0	17	11	8	13	6	8	20	23	10	11	14	20	16	8	1	15	8	2	9	10	20	15	14	12	26	26	0	3	13	11	16	17	9	20	6	13	21	20	26	5	12	8	6	11	17	7	8	16	15	10	18	35	24	21	30	22	13	2	22	25	21	11	29	37	16	20	12	29	12	31	28	33	32	16	16	15	17	24	14	26	21	36	15	11	20	18	11	31	15	12	21	13	14	16	17	21	8	13	14	13	10	29	1	14	6	22	24	18	27	15	16	14	20	13	12	17	10	20	13	16	0	26	14	13	13	16	17	20	12	9	9	16	21	9	11	17	13	11	23	13	25	13	1	4	25	18	17	19	32	12	8	0	9	3	7	8	10	3	10	5	13	10	11	15	6	17	2	0	9	15	3	14	13	6	9	5	12	2	8	10	10	8	14	2	5	16	9	11	1	17	3	11	13	5	6	7	6	3	5	6	7	10	0	2	11	0	8	4	4	8	2	9	6	2	6	9	6	5	9	0	0	13	9	3	6	19	5	10	12	7	4	13	10	9	0	6	11	6	5	8	5	14	10	8	7	6	5	14	10	2	2	16	20	13	15	7	11	7	17	1	6	3	6	23	9	15	23	24	4	1	5	12	6	12	14	5	13	13	21	3	10	8	17	5	21	6	14	13	11	3	24	12	15	5	10	9	4	6	8	10	6	9	12	12	5	0	4	7	4	6	4	3	14	13	6	6	8	0	6	7	4	11	1	4	8	11	12	15	1	0	7	8	4	13	8	4	18	10	18	10	16
chr9	17933952	9	17	23	15	36	11	12	8	3	20	25	14	29	9	35	22	11	7	22	13	9	7	48	12	14	6	18	18	12	8	14	13	20	10	6	12	32	13	14	11	32	17	0	17	11	8	15	7	8	20	23	11	12	15	21	17	8	1	15	8	2	9	10	20	15	15	12	26	26	0	3	13	13	16	18	9	22	8	14	22	20	26	9	14	10	6	11	19	7	9	17	16	11	18	35	24	22	32	23	13	2	26	26	21	11	30	38	17	20	12	29	13	31	28	34	36	17	17	16	19	25	14	26	22	36	15	11	20	19	11	31	16	12	22	15	14	16	16	24	8	13	15	13	10	29	1	14	6	27	24	18	28	16	18	18	20	13	13	17	10	20	13	16	0	28	15	14	13	17	17	21	13	9	9	18	22	9	11	17	13	11	23	13	25	14	1	4	24	18	17	19	31	12	8	0	9	3	8	8	10	3	10	5	13	10	13	15	6	18	2	0	9	16	3	14	14	6	10	5	12	2	9	11	11	9	14	2	5	16	9	11	1	17	3	14	13	5	6	8	6	3	5	6	7	10	0	2	11	0	8	4	4	9	4	9	8	2	6	9	6	5	9	0	0	13	12	3	6	19	5	12	13	7	4	13	10	9	0	6	11	6	7	8	6	14	10	8	7	6	5	16	12	2	2	17	19	14	14	7	11	7	18	1	7	3	6	23	9	17	24	24	4	1	5	12	6	12	14	5	14	13	21	3	10	8	17	6	21	6	15	12	11	3	24	14	15	5	10	9	4	8	9	10	6	11	12	12	5	0	4	7	4	6	4	3	14	13	7	7	8	0	6	7	4	12	1	4	7	14	12	15	1	0	7	8	4	13	9	4	18	11	19	10	16
chr9	17933953	9	17	25	15	37	11	12	8	3	20	26	14	30	9	35	23	11	7	22	13	9	7	51	12	13	8	18	18	12	8	14	13	20	10	6	12	32	13	15	11	32	17	0	17	11	8	15	7	8	22	23	11	12	15	21	17	8	1	15	8	2	9	10	20	15	15	12	26	26	0	3	13	13	16	18	9	22	8	14	22	20	26	9	14	10	5	11	20	7	11	17	16	11	18	35	24	21	33	23	14	2	26	27	21	11	30	38	17	20	12	30	14	31	28	34	36	17	17	16	19	25	14	26	22	36	15	11	20	19	11	31	16	12	23	17	15	16	16	24	8	13	15	15	10	29	1	14	6	27	24	18	28	16	18	18	21	13	13	18	10	20	13	16	0	28	17	14	13	17	17	21	13	9	9	18	23	9	11	17	13	11	23	13	25	14	1	4	24	18	17	19	31	12	8	0	9	3	8	8	10	3	10	4	13	10	13	15	6	18	2	0	9	16	3	14	14	6	10	5	12	2	11	11	11	9	14	2	5	16	9	11	1	18	3	15	13	5	6	8	6	3	5	6	7	10	0	2	11	0	8	4	4	9	4	9	8	2	6	9	6	5	9	0	0	13	12	3	6	19	5	12	14	7	4	13	10	9	0	6	11	6	7	8	6	14	10	8	7	6	5	16	12	2	2	17	23	14	14	7	11	7	18	1	7	3	6	22	9	17	24	24	4	1	4	12	6	12	14	5	14	13	21	3	10	8	17	6	21	6	15	12	12	3	24	16	16	5	10	9	4	8	9	9	6	11	12	12	5	0	4	7	6	6	4	3	14	13	7	7	8	0	6	7	4	12	1	4	7	14	12	15	2	0	7	8	4	13	9	4	19	11	19	10	16
chr9	17933954	9	17	25	15	37	11	12	8	3	20	26	14	30	9	35	23	11	7	22	14	9	7	51	12	13	8	18	18	12	8	15	13	20	10	6	12	32	13	16	11	32	17	0	17	11	8	14	7	8	22	23	11	12	15	21	17	8	1	15	8	2	9	10	20	15	15	12	26	26	0	3	13	13	16	18	9	22	8	14	22	20	26	9	14	10	6	11	20	7	11	17	16	11	18	35	24	21	33	23	15	2	26	27	21	11	31	38	17	20	12	30	14	32	28	34	36	17	17	16	19	25	14	26	22	36	15	12	20	19	11	31	16	12	23	17	15	16	16	24	8	13	15	15	10	29	1	14	6	27	24	18	28	16	18	18	21	13	13	18	10	20	13	16	0	29	17	14	13	17	17	21	13	9	9	18	23	9	11	17	13	11	23	13	25	14	1	4	24	18	17	19	31	12	8	0	9	3	8	9	10	3	10	4	13	10	13	15	6	18	2	0	9	16	3	14	14	6	10	5	12	2	11	11	11	9	14	2	5	16	9	11	1	18	3	15	13	5	6	8	6	3	5	6	7	10	0	2	11	0	8	4	4	9	4	9	8	2	6	9	6	5	9	0	0	13	12	3	6	19	5	12	14	7	4	13	10	9	0	6	11	6	7	8	6	14	10	8	7	6	5	16	12	2	2	17	23	14	14	7	11	7	18	1	7	3	6	22	9	17	24	24	4	1	4	12	6	12	14	5	14	14	21	3	10	8	17	6	21	6	15	12	12	3	24	16	16	5	10	9	4	8	9	9	6	11	12	12	5	0	4	7	6	6	4	3	14	13	7	7	8	0	6	7	4	12	1	4	7	14	12	15	2	0	7	8	4	13	9	4	19	11	19	10	16
chr9	17933955	9	17	25	14	36	11	12	8	3	21	26	14	30	9	35	22	11	7	22	14	9	7	51	12	12	8	17	18	12	7	15	13	20	10	6	12	31	13	16	11	30	17	0	16	11	8	14	7	8	22	23	11	12	15	21	16	7	1	14	8	2	9	9	20	14	14	13	26	24	0	3	14	13	16	18	9	21	8	14	22	20	25	9	12	10	5	11	20	7	11	17	16	11	18	34	24	21	32	22	16	2	25	27	21	11	31	38	17	20	12	30	14	31	28	34	36	17	17	16	19	25	14	26	22	36	15	12	20	19	11	31	16	12	23	18	15	16	16	24	8	13	15	15	10	29	1	14	4	27	24	18	28	16	18	17	21	13	13	18	10	20	13	16	0	30	17	14	13	16	17	21	13	9	9	18	23	9	11	17	13	11	23	12	24	14	1	4	24	18	17	19	30	12	8	0	8	3	8	9	10	3	10	4	12	10	13	15	6	18	2	0	8	16	3	14	14	6	10	5	12	2	11	11	11	9	14	2	5	16	9	11	1	18	3	16	13	5	6	8	6	3	5	6	7	10	0	2	11	0	8	3	4	9	4	9	8	2	6	9	6	5	9	0	0	13	12	3	6	19	5	12	14	7	4	13	10	9	0	6	11	6	7	8	6	14	10	7	7	6	5	15	12	2	2	17	23	14	14	7	11	7	18	1	7	3	6	22	9	16	24	24	4	1	4	12	5	12	14	5	14	14	21	3	10	8	17	6	21	6	15	12	12	3	24	16	16	5	10	9	4	8	9	9	6	11	12	12	5	0	4	7	6	6	4	3	14	13	7	7	8	0	6	7	4	12	1	4	7	14	12	14	2	0	7	8	3	13	9	4	19	11	19	10	16
chr9	17933956	9	17	25	14	36	11	12	8	3	21	26	14	30	9	35	22	11	7	22	14	9	7	52	12	12	8	17	18	12	7	15	13	20	10	6	12	31	13	16	11	30	17	0	16	11	8	14	7	7	22	24	11	12	15	21	16	7	1	14	8	2	9	9	20	14	14	12	26	24	0	3	14	13	16	18	9	21	8	14	22	20	25	9	12	10	5	11	20	7	11	17	16	11	18	34	24	21	32	22	16	2	25	27	20	11	31	38	17	20	12	30	14	31	28	34	36	18	17	16	19	25	14	26	23	36	15	12	20	19	11	31	16	12	23	18	15	16	16	24	8	13	15	15	9	29	1	14	4	27	24	18	28	16	18	17	21	13	13	18	10	20	13	16	0	30	17	14	13	16	17	21	13	9	9	18	21	9	11	17	13	11	23	12	24	14	1	4	24	18	17	19	30	12	8	0	8	3	8	10	10	3	9	4	12	10	13	15	6	18	2	0	8	16	3	14	14	6	10	5	12	2	11	11	11	9	14	2	5	16	9	11	1	18	3	16	13	6	6	8	6	3	5	6	7	10	0	2	11	0	8	3	4	9	4	9	8	2	6	9	6	5	9	0	0	13	12	3	6	19	5	12	14	7	4	13	10	9	0	6	11	6	7	8	6	14	10	7	7	6	5	15	12	2	2	17	23	13	14	7	11	7	18	1	7	3	6	22	9	16	24	24	4	1	4	12	5	12	14	5	14	14	21	3	10	8	17	6	21	6	15	12	12	3	24	16	16	5	10	9	4	8	9	9	6	11	12	12	5	0	4	7	6	6	4	3	14	13	7	7	8	0	6	7	4	12	1	4	7	14	12	14	2	0	7	8	3	13	9	4	19	11	19	10	16
chr9	17933957	9	17	26	14	37	11	13	8	4	21	26	14	31	9	37	22	11	7	22	14	9	7	52	12	12	10	16	18	12	7	15	13	20	10	6	12	31	13	16	11	30	16	0	16	12	8	14	7	7	22	24	11	12	15	21	16	7	1	14	8	2	8	9	19	14	14	12	26	25	0	3	14	13	16	18	9	21	8	14	22	20	27	9	13	10	5	11	20	7	10	17	16	11	18	33	24	21	33	22	16	2	25	27	20	11	31	38	17	20	12	31	14	31	28	34	36	18	17	16	19	25	14	26	23	35	15	12	20	19	11	31	16	12	23	18	15	16	16	24	8	13	15	15	9	29	1	14	4	27	24	18	28	16	19	17	22	13	13	18	10	20	13	16	0	30	17	14	14	16	17	21	13	9	9	18	22	9	11	17	13	12	23	12	24	14	1	4	24	18	17	19	30	12	8	0	8	3	8	11	10	3	9	4	12	10	13	15	7	18	2	0	9	16	3	15	14	6	10	5	12	2	11	11	11	9	14	2	5	16	9	11	1	18	3	16	13	6	6	8	6	3	5	6	7	10	0	2	11	0	8	3	4	9	4	9	8	2	6	9	6	5	9	0	0	13	12	3	6	19	5	12	14	7	4	14	10	9	0	6	12	6	7	8	6	14	10	7	7	6	5	15	12	2	2	17	23	13	14	7	11	7	18	1	6	3	6	22	9	16	24	24	4	1	4	12	5	12	14	5	14	14	23	4	10	8	17	6	21	6	15	12	12	4	24	16	16	5	10	9	4	8	10	9	6	11	12	12	5	0	4	7	6	6	4	3	14	13	7	7	8	0	6	8	4	12	1	5	7	14	11	14	2	0	7	8	3	13	9	4	19	11	19	10	15
chr9	17933958	9	17	26	14	37	11	13	8	4	21	26	14	31	9	37	22	11	7	22	14	9	7	52	12	12	10	16	18	12	7	15	12	20	10	6	12	32	13	16	11	30	16	0	16	12	8	14	7	7	22	24	11	12	15	21	16	7	1	14	8	2	8	9	19	14	14	12	27	25	0	3	14	13	16	17	9	21	8	14	22	21	27	9	13	10	5	11	20	7	10	17	16	11	17	33	24	21	33	22	16	2	25	27	20	11	31	37	17	20	12	31	14	31	28	34	35	18	17	16	19	25	14	26	23	35	15	12	20	19	11	31	16	12	23	20	15	16	16	24	8	13	15	15	9	29	1	14	4	27	24	18	28	16	18	17	22	13	13	18	10	20	13	16	0	30	17	15	13	16	17	21	13	9	9	18	22	9	11	17	13	12	23	12	24	14	1	3	24	18	17	19	30	12	9	0	8	3	8	11	10	3	9	4	12	10	13	15	7	18	2	0	9	16	3	15	14	6	10	5	12	2	11	11	11	9	14	2	5	16	9	11	1	18	3	16	13	6	6	8	6	3	5	6	7	10	0	2	11	0	8	4	4	9	4	9	8	2	6	9	6	5	8	0	0	13	12	3	5	19	5	12	14	7	4	14	10	9	0	6	12	6	7	8	6	14	10	7	7	6	5	15	12	2	2	17	23	13	14	7	11	7	18	1	6	3	6	22	9	16	24	24	4	1	4	12	5	12	14	5	14	14	23	4	10	8	17	6	20	6	16	12	12	5	24	16	16	5	10	9	4	8	10	9	6	11	12	12	5	0	4	7	6	6	4	3	14	13	7	7	8	0	6	8	4	12	1	5	7	14	11	14	2	0	7	8	3	13	8	4	20	11	19	10	15
chr9	17933959	9	17	26	14	36	12	15	8	4	21	26	14	31	9	38	22	11	8	22	14	8	7	55	12	12	10	16	18	13	7	15	12	21	10	6	12	32	13	16	12	30	16	0	17	13	8	14	7	7	23	24	11	13	15	21	17	7	1	14	9	2	9	9	19	15	15	12	26	25	0	3	14	13	16	17	9	21	8	15	22	22	28	11	16	10	5	11	21	7	9	18	16	11	17	33	25	22	34	22	16	2	26	28	22	11	31	35	17	20	13	31	14	31	28	34	35	18	17	16	19	25	14	26	23	32	14	12	20	19	11	32	16	12	23	20	15	18	17	24	8	14	15	16	9	29	1	14	4	26	24	18	28	16	17	17	22	14	15	18	10	20	13	17	0	30	17	17	13	16	17	21	13	9	9	18	22	9	12	17	14	12	23	12	25	13	1	3	24	17	17	19	30	12	9	0	8	3	7	11	10	4	10	4	12	10	13	16	7	18	2	0	10	17	3	15	14	6	9	5	14	2	11	11	11	9	14	2	5	16	9	11	1	18	3	17	13	6	6	8	6	3	6	6	7	13	0	2	11	0	8	4	4	9	4	9	8	3	6	8	6	5	8	0	0	13	12	3	5	21	5	12	14	7	4	15	10	9	0	6	12	6	7	8	6	14	10	7	7	6	5	15	13	2	2	17	23	13	16	7	11	7	18	0	6	3	6	24	9	16	24	26	4	1	4	13	5	12	14	5	14	14	23	4	10	8	17	6	20	6	16	12	12	6	24	16	16	5	10	9	4	10	10	9	6	11	12	12	5	0	4	7	6	5	4	3	14	12	7	7	8	0	6	8	5	12	1	5	7	14	11	14	2	0	7	9	3	13	8	4	21	12	19	10	15
chr9	17933960	9	17	26	14	36	12	15	8	4	21	26	14	33	9	38	22	11	8	22	14	8	7	55	12	12	10	16	18	13	7	15	12	21	10	6	12	32	13	16	12	30	16	0	17	13	8	14	7	7	23	24	11	13	15	21	17	9	1	14	9	2	9	9	19	15	15	12	26	25	0	3	14	13	16	18	9	20	8	15	22	22	28	11	16	10	5	11	21	7	9	18	16	11	17	33	25	22	33	22	16	2	26	28	22	11	31	35	17	20	13	31	14	31	28	34	35	18	17	16	19	25	14	26	23	32	14	12	20	19	11	32	16	12	23	20	15	18	17	24	8	14	15	16	9	29	1	15	4	26	24	18	28	16	17	17	22	14	15	18	10	20	13	17	0	30	17	17	13	16	17	21	13	9	9	18	22	9	12	17	14	12	23	12	26	13	1	3	24	17	18	19	30	12	9	0	8	3	7	11	10	4	10	4	12	10	13	16	7	18	2	0	10	17	3	15	14	6	9	5	14	2	11	11	11	9	14	2	5	16	9	11	1	17	3	17	13	6	6	8	7	3	6	6	7	13	0	2	11	0	8	4	4	9	4	9	8	3	6	8	6	5	8	0	0	13	12	3	5	21	5	12	14	7	4	15	10	9	0	6	12	6	7	8	6	14	10	7	7	6	5	15	13	2	2	17	23	13	16	7	11	7	18	0	6	3	6	24	9	16	26	26	4	1	4	13	5	12	14	5	14	14	23	4	10	8	17	6	20	6	16	12	12	6	24	16	16	5	10	9	4	10	10	9	6	11	12	12	5	0	4	8	6	5	4	3	14	12	7	7	8	0	6	8	5	12	1	5	7	14	10	14	2	0	7	9	3	13	8	4	21	12	19	10	15
chr9	17933961	9	17	26	14	37	12	15	8	4	21	26	14	33	9	38	22	11	8	22	14	8	7	55	13	12	10	16	17	13	7	15	12	21	10	6	12	32	12	17	12	30	16	0	17	13	8	14	7	7	23	24	11	13	15	21	17	9	1	14	9	2	9	9	19	15	15	12	26	24	0	3	14	13	16	18	9	20	8	14	22	22	28	11	16	10	5	11	21	7	9	18	16	11	17	33	25	22	33	22	16	2	27	28	22	11	31	35	17	20	13	31	14	31	28	34	35	18	17	16	19	25	13	25	22	32	14	12	20	19	11	32	16	12	23	20	18	18	17	24	8	14	15	16	9	29	1	15	4	26	24	18	28	16	17	17	22	14	15	18	10	20	13	17	0	29	17	17	13	16	17	21	13	9	9	18	22	9	12	17	14	12	23	12	26	13	1	3	24	17	18	19	30	12	9	0	8	3	7	11	10	4	10	4	12	10	13	16	7	18	2	0	10	17	3	15	14	6	9	5	14	2	11	11	11	9	14	2	5	16	9	11	1	17	3	17	13	6	6	8	7	3	6	6	7	13	0	2	11	0	8	4	4	9	4	9	8	3	6	8	6	5	8	0	0	13	12	3	5	21	5	12	14	7	4	15	10	9	0	6	12	6	7	8	6	14	10	7	6	6	5	15	13	2	2	17	23	13	17	7	11	7	18	0	6	3	6	24	9	16	26	26	4	1	4	13	5	12	14	5	14	14	23	4	10	8	17	6	20	6	16	12	12	6	23	16	16	5	10	9	4	10	10	9	6	11	12	12	5	0	4	8	6	5	4	3	14	12	7	7	8	0	6	8	5	12	1	5	7	14	10	14	2	0	7	9	3	13	8	4	21	12	19	10	15
chr9	17933962	9	17	26	14	37	12	15	8	4	21	26	13	32	9	38	22	11	7	22	14	8	7	55	13	12	10	16	17	13	7	15	12	21	10	6	12	32	12	17	12	30	15	0	17	13	8	14	7	7	23	25	11	13	15	21	17	9	1	14	9	2	9	9	19	15	15	12	26	24	0	3	13	13	16	18	8	20	9	14	22	22	28	11	16	10	5	11	21	7	9	18	16	11	17	33	24	22	32	22	16	2	27	28	22	11	30	32	17	19	13	31	14	31	28	34	34	18	17	16	19	23	13	25	22	31	14	12	20	19	11	31	16	12	23	20	18	18	17	24	8	14	14	16	9	29	1	14	4	26	22	18	28	16	17	17	22	14	15	19	10	20	13	17	0	29	17	17	13	16	17	21	13	9	9	17	22	9	12	15	14	12	23	12	25	13	1	3	23	16	18	19	30	12	9	0	7	3	7	11	10	4	10	4	12	10	13	16	7	18	2	0	10	16	3	15	13	6	9	5	14	2	11	11	11	9	14	2	5	16	9	11	1	17	3	17	13	6	6	8	7	3	6	6	7	13	0	2	11	0	8	4	4	9	4	9	8	3	6	8	6	5	8	0	0	13	12	3	4	21	5	12	14	7	4	15	10	9	0	6	12	6	7	8	6	15	10	7	6	6	5	15	13	2	2	17	23	13	17	7	11	7	18	0	6	3	6	24	9	16	26	26	4	1	4	13	5	12	14	5	14	14	23	4	10	8	17	6	20	6	16	12	12	6	23	16	16	5	10	9	4	10	10	9	6	11	12	12	5	0	4	8	6	5	3	3	14	11	6	7	8	0	6	8	4	12	1	5	7	14	10	14	2	0	7	9	3	13	8	4	21	12	19	9	13
chr9	17933963	9	17	26	14	37	14	15	8	4	22	26	13	32	9	38	22	11	7	22	14	8	7	55	13	12	10	16	17	13	7	15	12	21	10	6	12	32	12	17	12	30	15	0	17	13	8	14	7	7	22	25	11	13	15	21	17	9	1	14	9	2	9	9	19	15	15	12	26	24	0	3	13	13	16	18	8	20	9	14	22	22	28	11	16	10	5	11	21	7	9	18	17	11	17	33	24	22	32	22	16	2	28	28	22	11	30	32	17	19	13	31	16	31	28	34	34	18	18	16	19	23	13	25	22	31	14	12	20	19	11	31	16	12	23	20	18	18	17	24	9	14	14	16	9	29	1	14	4	26	22	18	28	16	17	17	25	14	15	19	10	20	13	17	0	29	17	17	13	16	17	21	13	9	9	17	22	9	12	15	14	12	23	12	25	13	1	3	23	16	19	19	30	12	9	0	7	3	7	12	10	4	10	4	12	10	13	16	7	18	2	0	10	16	3	15	13	6	9	5	15	2	11	11	11	9	14	2	5	16	9	11	1	17	3	17	13	6	6	8	7	3	6	6	7	13	0	2	11	0	8	4	4	9	4	9	8	3	6	8	6	5	8	0	0	13	12	3	4	20	5	12	14	7	4	15	10	9	0	6	12	6	7	8	6	15	10	7	6	6	5	15	13	2	2	17	23	13	17	7	11	7	18	0	6	3	6	24	9	16	26	26	4	1	4	13	5	12	14	5	14	14	23	4	10	8	17	6	20	7	15	12	12	6	23	16	16	5	10	9	4	10	10	9	6	11	12	12	5	0	4	8	6	5	3	3	14	11	6	7	8	0	5	8	4	12	1	5	7	14	10	14	2	0	7	9	3	13	8	4	21	12	19	9	13
chr9	17933964	9	17	26	14	37	14	15	8	6	22	26	13	32	9	39	22	12	7	22	14	8	7	55	13	12	10	16	17	13	7	15	12	21	10	6	12	32	12	17	12	29	15	0	17	13	8	14	7	7	22	25	11	13	15	21	17	9	1	14	9	2	9	9	19	15	15	12	26	24	0	3	13	13	16	18	8	20	9	14	22	22	28	11	16	10	5	11	21	7	9	18	17	11	17	33	24	22	32	21	15	2	30	28	22	11	30	32	17	19	13	31	16	31	28	34	35	18	18	16	19	23	13	25	22	31	14	11	20	19	11	31	16	12	23	20	18	19	17	24	9	14	14	16	9	29	1	14	4	26	22	18	28	16	17	17	25	14	15	19	10	20	13	17	0	29	17	17	13	16	17	20	13	9	9	17	22	9	12	15	14	12	23	12	25	13	1	3	23	16	19	19	30	12	9	0	7	3	7	12	10	4	10	4	12	10	13	16	7	18	2	0	10	16	3	15	13	6	9	5	15	2	11	11	11	9	14	2	5	16	9	11	1	17	3	17	13	6	6	8	7	3	6	6	7	13	0	2	11	0	8	4	4	9	4	9	8	3	6	8	6	5	8	0	0	13	12	3	4	20	5	12	14	7	4	15	10	9	0	6	13	6	7	8	6	15	10	7	7	6	5	15	13	2	2	17	22	13	17	7	11	7	18	0	6	3	6	24	9	16	26	26	4	1	4	13	5	12	14	6	15	14	23	4	10	8	17	6	20	7	16	12	12	8	23	16	16	5	10	9	4	10	10	9	6	11	12	12	5	0	4	8	6	5	3	3	14	11	6	7	8	0	5	8	4	12	1	5	7	14	10	14	2	0	7	9	3	13	8	4	22	12	19	9	13
chr9	17933965	9	19	26	14	40	14	15	10	7	24	31	14	35	9	46	22	11	7	22	15	8	9	57	13	12	11	17	17	15	9	16	12	22	10	6	12	35	12	17	13	30	16	0	17	13	8	17	10	7	22	29	12	15	16	23	20	12	3	15	9	2	10	10	20	15	16	14	26	24	0	4	13	15	17	18	8	22	14	16	24	23	30	10	17	11	5	11	24	7	10	18	19	11	18	38	25	22	33	21	17	2	33	29	23	11	32	35	17	19	14	35	17	31	35	36	36	18	19	17	19	25	15	26	22	33	15	11	20	19	11	31	16	12	26	20	18	21	18	27	12	18	15	16	9	30	1	17	4	30	22	19	30	17	18	18	26	15	17	20	10	20	13	18	0	29	19	17	14	16	17	21	14	9	9	18	22	9	12	15	14	13	25	12	26	13	1	5	24	18	19	20	31	14	10	0	8	3	7	13	10	6	12	4	13	10	13	17	7	18	2	0	10	17	4	16	13	7	9	5	16	2	11	11	11	10	15	3	5	16	10	12	1	18	3	17	13	6	6	9	7	3	6	6	7	13	0	2	11	0	8	4	4	10	4	9	8	3	5	9	6	5	8	0	0	13	13	3	4	22	6	13	15	8	3	15	12	9	0	6	13	8	9	8	6	15	10	7	7	5	5	16	13	2	2	17	22	15	17	7	11	9	18	0	6	3	6	24	10	17	26	27	4	1	4	14	5	12	14	8	16	14	24	5	13	8	17	6	20	9	16	13	13	8	23	16	16	5	10	9	4	10	11	9	6	12	12	12	7	0	4	9	6	5	3	3	17	12	8	7	8	0	5	9	4	12	1	5	9	14	10	14	2	0	7	9	3	14	8	4	23	13	19	9	13
chr9	17933966	9	19	26	14	40	14	15	10	7	24	31	13	35	9	46	22	11	7	22	15	8	9	57	13	12	11	17	17	15	9	16	12	22	10	6	12	35	12	17	13	30	16	0	17	13	8	17	10	7	22	29	12	15	16	23	20	12	3	15	9	2	10	10	20	15	16	14	26	24	0	4	13	15	17	18	8	22	14	16	24	23	30	10	17	11	5	11	24	7	10	18	19	11	19	38	25	22	33	21	17	2	33	29	23	11	32	35	17	19	14	35	17	31	35	36	36	18	19	17	19	25	15	26	23	33	15	11	20	19	11	31	16	12	26	20	18	21	18	27	12	18	15	16	9	30	1	17	4	30	22	19	30	16	18	18	26	15	17	20	10	19	13	18	0	29	19	17	14	16	17	21	14	9	9	18	22	9	12	15	14	13	25	12	26	13	1	5	24	18	19	20	31	14	10	0	8	3	7	13	10	6	12	4	13	10	13	17	7	18	2	0	10	17	4	15	13	7	9	5	16	2	11	11	11	10	15	3	5	16	10	12	1	18	3	17	13	6	6	9	7	3	6	6	7	13	0	2	11	0	8	4	4	10	4	9	8	3	5	9	6	5	8	0	0	13	13	3	4	22	6	13	15	8	3	15	12	9	0	6	13	8	9	8	6	15	10	7	7	5	5	16	13	2	2	17	22	15	17	7	11	9	18	0	6	3	6	24	10	18	27	27	4	1	4	14	5	12	14	8	16	14	24	5	13	8	17	6	20	9	16	13	13	8	23	15	16	5	10	9	4	10	11	9	6	12	12	12	7	0	4	9	6	5	3	3	17	12	8	7	8	0	5	9	4	12	1	5	9	14	10	14	2	0	7	9	3	14	8	4	23	13	19	9	13
chr9	17933967	9	19	26	15	40	14	15	9	8	24	31	13	34	10	46	22	11	7	22	15	8	9	57	13	12	11	17	17	15	9	16	12	22	10	6	12	35	13	17	13	31	16	0	16	13	8	17	10	7	22	28	14	15	15	24	20	12	3	15	9	2	11	10	20	14	15	14	26	24	0	4	13	15	16	18	8	22	14	17	24	23	30	10	17	12	5	11	24	7	10	18	19	12	17	38	25	22	33	21	17	2	33	29	23	11	32	35	17	19	13	35	16	31	35	36	36	17	18	16	19	26	15	25	23	33	15	11	20	19	11	31	16	12	26	20	18	21	18	27	12	18	15	16	8	30	1	17	4	30	23	19	30	16	18	16	28	14	17	20	10	19	13	18	0	29	19	16	14	16	17	21	15	9	9	18	22	9	12	15	14	13	24	11	26	13	1	5	24	18	19	20	29	13	10	0	8	3	7	13	10	6	13	4	14	10	13	16	6	19	2	0	10	16	4	15	13	6	9	5	16	2	11	11	12	9	15	3	5	16	11	12	1	18	3	17	13	6	6	8	7	3	6	6	7	13	0	2	11	0	8	4	4	10	4	9	8	3	5	9	6	5	8	0	0	13	13	3	4	22	6	13	15	8	3	15	13	9	0	6	13	8	8	8	7	15	10	7	7	5	5	16	13	2	2	17	23	15	17	7	11	9	19	0	6	3	6	25	10	19	27	27	3	1	4	14	5	12	14	8	16	14	24	5	13	8	18	6	19	9	16	13	12	8	23	15	16	5	10	9	4	11	10	9	6	12	11	12	7	0	4	9	6	5	3	3	17	12	8	7	8	0	5	9	4	12	1	5	9	14	10	14	2	0	8	8	3	14	8	4	23	13	19	8	13
chr9	17933968	9	19	26	16	40	14	15	9	8	25	31	13	34	11	46	22	11	7	23	15	8	9	58	13	12	11	18	17	15	9	16	12	22	10	6	12	35	13	19	13	31	16	0	16	13	8	17	10	8	22	28	14	15	15	24	19	12	3	15	9	2	11	10	20	14	15	14	26	24	0	4	13	15	16	18	8	22	14	17	24	23	30	10	17	12	5	11	24	7	10	18	19	12	17	38	25	22	34	21	16	2	33	29	23	11	32	35	17	19	13	35	16	31	35	36	36	17	18	16	19	26	14	25	23	33	15	11	20	19	11	30	16	12	26	20	18	21	18	27	12	18	15	16	8	30	1	17	4	30	23	19	30	17	18	16	28	15	17	20	10	19	13	18	0	29	19	16	14	16	18	21	15	9	9	18	22	9	12	14	14	13	24	11	26	13	1	5	24	18	19	20	29	13	10	0	8	3	7	13	11	6	13	4	14	10	13	16	6	19	2	0	10	16	4	15	13	6	9	5	17	2	11	11	12	9	15	3	5	16	11	12	1	18	3	17	13	6	6	8	7	3	6	6	8	14	0	2	11	0	8	4	4	10	4	9	8	3	5	9	6	5	8	0	0	13	14	3	4	22	6	13	15	8	3	15	13	9	0	6	13	8	8	8	7	15	10	7	7	5	5	16	13	2	2	17	23	15	17	6	11	9	19	0	7	3	7	25	11	19	27	27	3	1	4	14	5	12	14	8	16	14	25	5	12	8	18	6	19	9	16	13	13	8	23	15	16	5	10	9	4	11	10	9	6	12	11	12	7	0	4	9	6	5	3	3	17	12	8	7	8	0	5	9	4	12	1	5	9	14	10	14	2	0	8	8	3	14	8	4	23	13	19	8	13
chr9	17933969	9	18	26	17	40	14	15	9	8	25	31	13	33	11	46	22	10	7	23	15	8	9	57	13	12	11	18	17	15	9	16	12	22	10	6	12	35	13	19	13	31	16	0	15	13	8	17	10	7	22	28	14	15	15	24	19	12	3	15	9	2	11	10	20	14	14	14	26	24	0	4	13	15	16	18	8	22	14	17	24	23	29	10	17	12	5	11	24	7	10	18	19	12	18	38	25	21	34	21	16	2	33	28	23	11	32	34	17	19	13	34	16	30	35	36	36	17	18	16	19	26	14	25	23	33	15	11	20	19	11	29	16	12	26	20	18	21	18	27	12	15	15	16	8	30	1	17	4	30	22	19	30	17	18	16	28	15	17	20	10	19	13	18	0	29	19	16	14	15	17	21	15	9	8	18	22	9	12	14	14	13	24	11	26	12	1	5	24	18	19	20	29	13	10	0	8	3	7	13	11	6	13	4	14	10	13	16	6	19	2	0	10	16	4	15	13	6	9	5	16	2	11	11	12	9	15	3	5	16	11	12	1	18	3	17	13	6	6	8	7	3	6	6	8	14	0	2	11	0	8	4	4	10	4	9	8	3	5	9	5	5	8	0	0	13	14	3	3	23	6	13	15	8	3	15	13	9	0	6	14	8	8	8	7	15	10	7	7	5	5	16	13	2	2	17	23	15	17	6	11	9	18	0	7	3	7	24	11	19	26	27	3	1	4	14	5	12	14	8	16	15	25	5	12	8	18	6	18	9	16	13	13	8	23	15	16	4	10	9	4	11	10	9	6	12	11	12	7	0	4	9	6	5	3	3	17	12	8	7	8	0	5	9	4	12	1	5	9	14	10	12	2	0	8	8	3	14	8	4	23	13	19	8	13
chr9	17933970	9	18	27	17	41	14	16	9	8	25	32	14	33	11	46	22	10	7	23	15	8	9	57	13	12	13	18	17	16	9	16	12	22	10	6	12	35	14	20	13	33	16	0	15	13	8	17	11	7	22	28	14	15	15	24	19	12	3	15	9	2	11	10	20	14	16	14	28	24	0	4	15	15	16	18	8	22	15	17	24	23	29	10	17	12	5	11	25	7	10	18	19	12	18	38	25	22	35	21	16	2	33	28	24	11	32	34	17	19	13	33	16	30	35	36	36	17	18	18	19	26	14	25	23	33	16	12	21	19	11	28	17	12	26	21	17	22	19	27	12	17	15	16	8	30	1	17	4	30	22	21	30	17	18	16	29	15	17	20	10	19	13	18	0	31	19	16	14	15	18	21	15	10	8	18	22	10	13	14	14	13	24	11	26	12	1	5	25	18	20	22	31	13	10	0	8	3	7	13	11	7	13	4	14	10	13	16	6	20	2	0	10	16	4	15	13	6	9	5	16	2	11	11	12	10	15	3	5	17	11	12	1	18	3	18	13	6	6	8	8	3	6	6	8	14	0	2	11	0	8	4	4	10	4	9	8	4	5	9	5	5	8	0	0	14	14	3	3	23	6	13	15	8	3	16	13	9	0	6	14	8	8	8	8	15	10	7	7	5	5	16	13	2	2	17	22	15	17	6	11	9	18	0	7	3	7	24	11	18	26	28	3	1	4	14	5	12	14	8	16	15	26	6	12	8	18	6	18	9	16	13	13	8	23	15	16	4	10	9	4	11	10	9	7	12	11	12	7	0	4	9	6	5	3	3	17	12	8	7	8	0	5	9	4	12	1	5	9	14	10	12	2	0	9	8	3	14	8	4	23	13	20	8	14
chr9	17933971	9	18	27	17	41	14	16	9	8	25	32	14	33	11	46	22	10	7	23	15	8	9	57	13	12	13	18	17	16	9	16	12	22	10	6	12	35	14	20	13	33	16	0	15	13	8	17	11	7	22	28	14	15	15	24	19	12	3	15	9	2	11	10	20	14	16	14	28	24	0	4	16	15	16	18	8	22	15	17	24	23	29	10	17	12	5	11	25	7	10	18	19	12	18	38	25	22	35	21	16	2	33	28	24	10	32	34	17	18	13	33	16	28	35	36	36	17	18	18	19	26	14	25	23	33	16	12	21	19	11	28	17	12	26	21	17	22	19	27	12	17	15	16	8	30	1	17	4	29	22	21	30	17	18	16	29	14	17	20	10	19	13	18	0	31	19	16	14	15	18	21	15	10	8	18	22	10	13	14	14	13	24	11	26	13	1	5	25	18	20	22	31	13	10	0	8	3	7	13	11	7	13	4	14	10	13	16	6	20	2	0	10	15	5	15	13	6	9	5	16	2	11	11	12	10	15	3	5	17	11	11	1	18	2	18	13	6	6	8	8	3	6	6	8	14	0	2	11	0	8	4	4	10	4	9	8	4	5	9	5	5	9	0	0	14	14	3	3	23	6	13	15	8	3	16	13	9	0	6	14	7	8	8	8	15	10	7	7	5	5	16	13	2	2	17	22	15	16	6	11	9	18	0	7	3	7	24	11	18	26	28	3	1	4	14	5	12	14	8	16	15	26	6	12	8	18	6	18	9	16	13	13	9	23	15	16	4	10	9	4	11	10	9	7	12	11	12	7	0	4	9	6	5	3	3	17	12	8	7	8	0	5	9	4	12	1	5	9	14	10	11	2	0	9	8	3	14	8	4	23	13	20	8	14
chr9	17933972	9	18	27	17	43	14	17	11	10	25	36	14	34	12	49	22	10	7	23	16	8	9	59	13	13	13	18	19	16	11	16	12	24	10	6	12	36	14	20	13	33	17	0	14	13	8	22	11	7	22	30	15	17	16	24	19	12	3	15	9	4	11	11	20	15	19	14	28	22	0	4	16	16	17	19	8	23	15	18	26	23	30	10	18	12	6	12	24	6	11	18	18	12	19	40	24	23	39	23	18	2	34	33	24	9	37	35	18	17	13	33	15	31	33	37	37	17	18	20	19	28	14	25	27	35	16	12	22	20	11	30	17	12	26	22	17	22	20	28	12	16	16	16	8	31	1	17	4	29	22	23	30	17	18	19	29	15	21	20	12	19	13	18	0	32	19	19	14	15	18	22	19	10	7	20	23	10	14	15	15	15	25	13	30	13	1	5	25	18	21	23	32	14	10	0	8	3	9	13	12	8	13	5	14	9	13	16	6	18	2	0	10	15	5	15	13	7	9	5	16	3	12	11	13	11	16	3	5	17	12	11	1	18	2	19	13	6	6	8	7	3	5	7	8	15	0	2	12	0	9	4	5	10	4	9	8	5	5	9	5	5	9	0	0	14	13	4	3	23	8	14	15	9	4	16	15	9	0	6	14	8	8	8	10	15	10	7	9	5	4	15	13	1	2	17	22	15	16	6	11	9	18	0	7	3	7	24	12	19	26	28	3	1	4	14	4	12	15	8	16	15	24	6	12	8	18	6	19	10	16	13	13	9	23	15	16	6	10	9	4	11	11	9	8	14	11	12	7	0	4	9	6	5	3	3	17	12	8	7	8	0	5	9	3	13	1	5	11	14	8	9	2	0	9	9	4	14	9	5	23	12	19	8	15
chr9	17933973	9	18	27	17	44	15	17	11	10	25	37	14	34	12	50	22	10	7	23	16	8	9	60	13	13	13	18	19	16	11	16	11	25	10	6	12	38	14	20	13	33	17	0	15	13	8	22	12	7	22	30	15	18	16	24	19	12	3	16	9	4	11	11	20	15	19	14	28	22	0	4	16	16	17	19	9	23	15	18	26	23	30	10	18	12	6	12	24	6	11	18	18	12	19	40	24	23	39	23	18	2	34	33	24	8	37	36	19	17	14	33	16	32	33	37	37	17	19	20	19	27	13	24	27	35	16	12	22	20	11	30	17	12	26	22	17	22	20	28	12	16	16	16	8	32	1	17	4	29	23	23	30	17	18	19	29	15	21	20	13	19	13	18	0	31	19	19	14	15	18	22	19	10	7	20	23	10	14	16	17	15	24	13	30	13	1	5	25	17	21	23	32	14	10	0	7	2	10	13	12	8	13	5	14	9	13	16	6	18	2	0	10	15	5	15	14	7	9	5	17	3	12	11	13	12	16	3	5	17	12	11	1	18	2	20	13	6	6	8	7	3	5	7	8	15	0	2	12	0	9	4	5	10	4	9	8	5	5	9	5	5	9	0	0	14	13	4	3	23	8	14	15	9	4	16	15	9	0	6	15	8	8	8	10	15	10	7	9	5	4	15	13	1	2	18	23	15	16	6	11	10	16	0	7	3	7	24	12	18	26	28	3	1	4	15	4	12	15	8	16	15	24	6	12	8	17	6	19	10	16	13	13	9	23	17	16	6	9	9	4	11	10	9	8	14	10	12	7	0	4	9	6	5	3	3	17	12	8	7	8	0	5	9	3	13	1	5	11	14	8	9	2	0	9	9	4	14	11	5	23	12	19	8	15
chr9	17933974	9	19	27	17	44	15	17	11	10	25	39	15	34	11	50	22	10	8	23	16	8	9	60	13	14	15	18	19	18	11	16	10	26	10	6	12	38	14	20	13	33	17	0	15	13	8	22	12	7	23	32	15	18	16	24	19	12	3	17	9	4	11	11	20	15	19	14	28	21	0	4	16	16	17	19	9	23	15	18	27	23	30	10	18	12	6	12	24	6	12	19	18	12	18	40	24	23	39	23	19	2	34	33	24	8	37	36	19	17	14	33	18	32	33	37	36	17	19	21	19	27	13	24	27	36	17	12	22	20	11	30	17	12	26	22	17	22	20	27	12	16	16	17	8	32	1	17	4	29	23	23	32	17	18	19	29	15	21	19	14	19	13	18	0	29	19	19	14	15	19	22	19	10	7	20	23	9	14	16	17	15	25	13	30	13	1	5	25	17	21	23	31	14	10	0	7	2	10	14	12	8	13	5	14	9	13	16	6	18	2	0	10	15	5	15	14	7	9	5	16	3	12	11	13	12	16	3	5	17	13	11	1	18	2	20	13	6	6	8	7	3	5	7	8	15	0	2	12	0	9	4	5	10	4	9	8	5	5	9	5	5	9	0	0	14	13	4	3	23	8	14	15	9	4	16	15	9	0	6	14	8	8	8	10	15	10	7	9	5	4	15	13	1	2	17	23	15	16	4	11	10	16	0	7	3	7	24	12	18	28	28	3	1	4	15	4	12	15	8	16	15	24	6	12	8	17	6	19	10	16	13	13	9	23	17	16	6	9	9	4	11	10	9	8	14	10	12	7	0	4	9	6	5	3	3	17	12	8	7	8	0	5	9	3	13	1	5	11	14	8	9	2	0	9	9	4	14	11	5	23	12	19	10	15
chr9	17933975	11	19	27	17	45	16	17	11	10	26	39	16	34	11	50	22	10	8	23	16	8	9	62	13	14	17	19	20	18	11	16	9	26	10	6	12	38	14	20	13	33	17	0	15	13	8	22	12	7	23	32	15	18	16	24	19	12	3	17	9	4	11	11	20	15	20	14	29	22	0	4	16	16	17	19	9	23	15	18	27	24	31	10	18	12	6	12	24	6	12	20	18	12	18	40	25	23	39	23	19	2	34	32	24	8	39	38	19	17	14	33	18	32	33	37	37	18	19	22	19	27	13	27	27	36	17	12	22	20	11	29	17	12	27	22	17	21	20	26	12	18	16	17	8	32	1	17	4	29	23	21	32	16	18	19	30	17	21	20	14	19	13	18	0	29	20	19	14	14	20	22	19	10	8	20	23	9	14	16	17	15	25	13	30	13	1	5	25	17	21	23	31	14	10	0	7	2	10	14	12	8	13	5	14	9	13	16	6	18	2	0	10	16	5	15	14	7	9	5	16	3	12	11	13	13	16	4	5	17	13	11	1	18	2	20	12	6	6	8	8	3	5	7	8	14	0	2	12	0	9	4	5	10	4	10	8	5	5	9	5	5	9	0	0	14	13	4	3	23	8	14	16	9	4	16	15	9	0	7	14	8	8	7	10	15	10	7	9	5	4	15	13	1	2	17	23	16	16	5	11	10	16	0	7	3	7	24	12	18	29	28	3	1	4	16	4	12	15	8	16	15	23	6	12	8	18	6	19	10	16	13	13	9	23	17	18	6	9	9	4	11	9	9	8	14	11	12	7	0	4	9	6	5	3	3	18	12	8	7	8	0	5	9	3	13	1	5	11	14	7	9	2	0	10	9	4	14	12	5	23	12	19	10	15
chr9	17933976	11	19	27	17	44	16	18	11	11	26	39	17	35	11	49	22	10	8	23	16	8	9	62	13	15	17	19	20	18	11	16	8	26	10	6	12	38	14	20	13	33	17	0	15	13	8	23	12	7	23	32	15	18	16	24	18	13	3	17	9	4	11	11	20	15	20	14	29	22	0	4	17	16	17	19	9	23	16	18	27	25	31	10	18	12	6	12	24	5	12	21	18	12	18	40	24	23	39	24	19	2	34	33	24	8	39	38	19	18	14	32	18	32	33	37	37	18	19	21	19	27	13	27	27	36	17	12	22	20	11	29	17	12	28	22	18	21	20	26	12	18	16	17	8	32	1	17	4	29	23	21	32	16	17	19	30	17	21	20	14	19	13	18	0	29	20	19	14	15	20	22	19	10	8	20	24	9	16	16	17	15	25	13	29	14	1	5	25	18	21	23	31	14	10	0	7	2	10	14	12	8	13	5	14	9	13	16	7	18	2	0	10	16	5	15	14	7	9	5	16	3	12	11	13	13	16	4	5	16	12	11	1	18	2	20	12	6	7	8	8	3	5	7	8	14	0	2	12	0	9	4	5	10	4	10	8	5	5	9	5	5	9	0	0	14	13	4	3	23	8	14	17	9	4	17	15	9	0	7	14	8	8	7	10	15	10	7	9	5	4	15	13	1	2	16	23	16	16	5	11	10	15	0	7	4	7	24	12	18	29	28	3	1	4	16	4	12	15	8	16	15	23	6	12	8	18	6	19	10	16	13	13	9	23	17	18	6	9	9	4	10	9	9	8	14	11	11	7	0	4	9	6	5	3	3	18	12	8	7	8	0	5	9	3	13	1	5	11	14	7	9	2	0	10	9	4	14	12	5	23	12	19	10	15
chr9	17933977	11	19	27	15	44	15	18	10	11	26	39	17	34	11	47	21	10	8	23	16	7	9	63	13	15	17	19	20	17	11	16	8	26	10	6	12	38	14	20	13	33	17	0	15	12	8	23	12	7	23	32	15	18	18	24	18	13	3	17	8	4	11	9	19	14	20	13	29	22	0	4	17	16	17	19	9	23	16	18	27	24	29	10	18	12	6	11	24	5	12	21	18	12	18	40	23	23	38	22	19	2	33	33	24	8	38	37	19	17	14	30	18	32	33	37	38	17	19	22	19	27	13	26	27	36	17	12	22	20	11	28	16	12	28	22	18	20	20	26	12	18	16	17	8	32	1	17	3	29	23	21	32	15	17	19	30	17	21	20	14	20	13	18	0	29	20	18	13	14	20	22	18	10	8	18	24	8	16	16	19	15	25	13	29	14	1	5	25	16	21	21	31	14	10	0	7	2	9	14	13	8	13	5	14	7	13	15	7	18	2	0	10	16	5	15	13	7	9	5	16	3	11	11	13	13	16	4	5	15	12	11	1	17	1	20	12	6	7	8	8	3	5	7	8	13	0	2	12	0	10	4	5	10	4	10	8	5	4	7	5	4	9	0	0	14	13	4	3	23	8	14	17	9	4	17	14	9	0	7	13	8	8	6	10	15	9	7	9	5	4	15	13	1	2	16	22	16	16	5	11	10	15	0	7	5	7	25	12	18	28	28	3	1	4	15	4	12	15	8	16	14	23	6	12	8	15	6	18	10	15	13	13	9	21	17	18	6	9	9	4	12	10	9	7	13	11	11	7	0	4	9	6	5	2	3	18	11	8	7	7	0	5	9	3	13	0	5	10	11	7	8	2	0	10	9	4	13	12	5	22	12	18	10	14
chr9	17933978	11	20	28	15	44	15	18	12	11	26	39	17	34	11	47	21	11	8	22	16	7	9	63	13	15	17	18	20	17	11	16	8	26	10	6	12	38	14	21	13	33	17	0	15	12	8	22	12	7	23	32	15	18	18	24	19	13	3	17	8	4	11	9	19	14	21	13	29	22	0	3	17	16	17	17	9	23	16	18	27	24	29	10	18	12	8	11	24	5	13	20	18	11	17	42	23	23	38	22	20	2	34	32	24	8	37	37	19	17	14	31	18	32	32	37	38	17	19	22	19	27	14	26	27	36	17	12	22	20	11	28	16	12	28	22	19	20	20	26	12	18	16	17	8	32	1	17	3	29	23	21	32	15	17	19	30	18	21	20	14	20	13	18	0	29	20	18	13	14	20	22	18	10	8	18	24	8	16	16	19	15	24	13	29	14	1	5	25	16	21	21	33	14	10	0	7	2	9	14	13	8	13	5	14	7	13	15	7	18	2	0	10	16	5	15	12	7	9	5	15	3	11	11	13	13	16	4	5	15	12	11	1	17	1	20	12	6	7	8	8	3	5	7	9	13	0	2	12	0	10	4	5	10	4	10	8	5	4	7	5	5	9	0	0	14	13	4	3	23	8	14	17	9	4	17	13	9	0	7	13	8	8	6	10	16	9	7	9	6	4	15	13	1	2	17	22	16	16	5	11	10	15	0	7	5	7	25	12	19	27	27	3	1	4	17	4	12	15	8	16	14	23	6	12	8	15	6	18	10	15	13	13	9	21	17	18	6	10	9	4	12	10	9	9	13	11	11	8	0	4	9	6	5	2	3	18	11	8	7	7	0	5	9	3	13	0	5	10	11	7	8	2	0	10	9	4	13	12	5	22	12	18	9	13
chr9	17933979	11	20	28	15	43	15	18	12	11	26	39	17	34	11	47	21	11	8	22	16	7	9	63	13	15	17	18	20	17	11	16	8	26	10	6	12	38	14	21	13	33	17	0	15	12	8	22	12	7	23	32	15	18	18	24	19	13	3	17	8	4	11	9	19	14	21	13	29	22	0	3	17	16	17	17	9	23	16	18	27	24	29	10	18	12	8	11	24	5	13	20	18	11	17	42	23	23	38	22	20	2	34	32	24	8	37	37	19	17	14	31	18	31	32	37	38	17	19	22	19	27	14	26	27	36	17	12	22	20	11	28	16	12	28	22	19	20	20	26	12	18	16	17	8	32	1	18	3	29	23	21	32	15	17	19	30	18	21	20	14	20	13	18	0	29	20	18	13	14	20	22	18	10	8	18	24	8	16	16	19	15	24	13	29	14	1	5	25	16	21	21	33	14	10	0	7	2	9	14	13	8	13	5	14	7	13	15	7	17	2	0	10	16	5	15	12	7	9	5	15	3	11	11	13	13	16	4	5	15	12	11	1	17	1	20	12	6	7	8	8	3	5	7	9	13	0	2	12	0	10	4	5	10	4	10	8	5	4	7	6	5	9	0	0	14	13	4	3	23	8	14	17	9	4	17	13	9	0	7	13	8	8	6	10	16	9	7	9	6	4	15	13	1	2	17	21	16	16	5	11	10	15	0	7	5	7	25	12	19	27	27	3	1	4	17	4	12	15	8	16	14	23	6	12	8	15	6	18	10	15	13	13	9	21	17	18	6	10	9	4	12	10	9	9	13	11	11	8	0	4	9	6	5	2	3	18	11	8	7	7	0	5	9	3	13	0	5	10	11	7	8	2	0	10	9	4	14	12	5	22	12	18	9	13
chr9	17933980	11	20	29	16	43	15	18	12	12	28	39	17	34	11	48	21	11	8	22	16	7	10	63	13	15	17	18	21	17	12	16	8	26	10	6	13	38	14	21	13	34	17	1	15	12	9	21	13	7	23	34	16	18	18	24	19	14	3	17	8	3	11	9	19	15	22	14	30	22	0	3	17	17	17	18	10	23	16	20	29	27	29	10	18	12	8	11	26	5	14	21	18	11	18	42	23	23	39	22	20	2	34	28	24	8	39	36	21	16	14	31	19	31	33	37	38	17	19	23	19	26	15	26	27	35	17	12	22	20	10	29	16	12	29	23	19	21	20	26	12	18	17	18	8	32	1	19	3	29	24	21	32	15	17	20	30	18	21	20	14	20	14	18	0	31	20	20	13	14	20	25	18	10	8	18	25	8	16	16	19	15	24	13	29	14	1	5	25	16	21	21	33	14	11	0	7	2	9	14	13	8	13	5	14	7	13	15	7	17	2	0	10	16	5	15	12	7	9	5	15	3	11	11	13	13	16	4	5	16	12	11	1	17	1	20	14	6	7	8	8	3	5	7	9	13	0	4	12	0	10	4	5	12	4	10	8	5	4	7	6	5	9	0	0	14	13	4	3	23	8	14	18	10	4	18	13	9	0	7	14	8	8	6	10	17	9	7	9	7	4	15	13	1	2	17	22	16	16	5	11	12	16	0	7	5	7	25	12	20	27	28	3	1	4	17	4	14	15	8	16	14	23	6	12	7	15	6	18	10	15	13	14	9	20	18	18	6	10	9	4	12	10	9	9	13	11	11	9	0	4	9	6	5	3	3	18	13	8	7	7	0	4	9	3	13	0	5	10	11	7	8	2	0	10	9	4	14	12	4	23	11	18	9	13
chr9	17933981	11	20	29	16	43	17	19	13	12	28	41	17	34	11	49	21	11	11	22	19	8	11	66	13	16	17	19	21	17	12	17	9	26	10	6	13	39	14	21	11	36	20	1	17	12	10	22	13	7	23	36	17	19	19	25	20	14	3	17	10	3	11	9	20	16	22	14	30	22	0	3	18	17	17	17	10	25	16	20	29	28	30	11	18	12	8	13	27	6	16	21	18	13	18	44	23	23	40	23	20	2	34	28	24	8	39	36	21	16	14	32	19	31	33	38	37	18	19	23	19	27	15	25	27	36	17	12	22	20	10	29	16	15	29	24	19	21	20	26	14	18	17	18	8	32	1	20	4	29	24	21	32	15	17	20	30	18	21	20	14	20	14	18	0	32	20	21	14	14	20	24	19	10	9	18	25	8	16	16	20	16	24	13	30	14	1	5	25	16	22	21	33	14	12	0	7	2	9	15	13	8	13	3	14	7	13	15	7	17	2	0	11	16	5	15	12	7	9	5	15	3	11	11	14	13	17	4	5	16	12	11	1	18	1	20	14	7	7	8	8	3	5	9	9	13	0	4	12	0	10	4	5	12	4	10	8	5	4	7	6	5	9	0	0	14	13	4	3	23	8	14	18	11	5	18	13	9	0	7	14	9	8	6	10	18	9	7	10	7	4	16	13	1	2	17	22	16	16	5	11	12	16	0	7	5	6	25	12	20	28	28	3	1	4	17	5	14	15	8	16	14	25	6	12	7	15	6	18	10	13	13	14	9	20	19	18	6	10	9	4	12	12	9	9	13	12	11	9	0	4	9	7	5	3	3	18	13	8	7	7	0	5	9	6	13	0	5	10	11	7	9	2	0	10	9	4	14	13	4	23	11	18	9	14
chr9	17933982	11	20	30	16	44	17	19	13	12	28	42	17	38	11	50	22	11	11	22	18	8	11	67	14	16	17	19	21	18	12	17	9	26	10	6	14	40	14	21	11	37	22	1	17	12	10	22	13	8	23	35	18	19	19	25	20	15	3	18	11	3	11	9	21	16	22	14	30	22	0	3	18	17	18	17	10	26	16	20	30	28	30	11	18	13	8	13	27	6	16	21	18	13	18	44	22	23	43	26	20	2	35	29	24	8	41	37	21	16	14	35	19	32	35	39	38	18	20	25	19	27	15	25	29	36	17	12	23	20	11	29	16	15	31	25	19	21	21	27	16	18	18	18	8	32	1	20	4	29	24	21	33	15	17	20	33	20	21	20	14	20	15	18	0	32	22	22	14	14	20	24	19	11	9	18	25	9	16	16	20	16	24	13	33	14	1	6	26	18	22	21	33	14	13	0	7	2	9	15	13	8	15	3	14	7	13	15	7	19	2	0	11	17	5	15	13	7	9	6	15	3	11	11	16	13	17	4	5	16	13	11	2	19	1	20	14	8	7	8	9	3	5	10	10	13	0	4	14	0	10	4	7	12	5	10	8	5	4	7	6	5	9	0	0	15	13	4	3	23	8	14	19	11	5	18	13	9	0	6	14	9	8	6	10	18	9	9	10	7	4	16	13	1	2	19	22	16	16	5	11	12	16	0	7	5	8	25	12	20	28	28	3	1	4	17	5	14	17	9	16	14	25	6	12	7	15	6	18	10	13	13	14	9	21	19	19	6	10	9	5	12	12	10	9	13	13	12	9	0	4	9	7	5	3	3	18	13	8	7	7	0	6	9	6	13	1	5	10	11	7	9	3	0	10	9	5	14	13	4	23	11	19	11	15
chr9	17933983	11	20	30	16	42	18	19	13	12	28	42	17	38	11	50	22	11	11	22	18	8	11	67	14	16	17	19	21	18	12	17	9	26	10	6	14	40	14	21	11	37	22	1	17	12	10	22	13	8	22	35	18	19	18	25	20	15	3	18	11	3	11	9	21	16	22	14	31	23	0	3	18	17	18	16	10	26	16	21	30	28	30	11	18	13	8	13	26	6	16	21	18	12	18	44	22	23	43	26	20	2	35	29	23	8	41	37	21	16	14	35	19	32	36	39	38	18	20	25	19	27	15	25	29	36	17	12	23	20	11	28	16	15	30	25	19	21	20	27	16	17	18	18	8	32	1	20	3	29	23	21	33	15	17	19	33	20	21	20	14	18	15	18	0	31	22	22	14	14	20	24	19	11	8	18	25	9	15	16	20	16	23	12	33	14	1	6	26	18	22	21	33	14	13	0	7	2	10	16	13	8	15	2	14	7	13	15	8	19	2	0	11	17	5	15	13	7	9	6	15	3	11	11	15	13	17	4	5	16	13	11	2	19	1	20	14	8	7	8	9	3	5	10	11	13	0	4	14	0	10	4	7	11	5	10	8	5	4	7	6	5	9	0	0	15	14	4	3	23	8	14	19	11	5	18	13	9	0	6	14	9	8	4	10	18	9	9	10	7	4	16	13	1	2	19	22	16	16	5	11	12	16	0	7	5	8	25	12	20	27	28	3	1	4	17	5	14	17	9	16	14	25	6	12	7	15	6	18	10	13	12	14	9	21	19	19	6	8	9	5	12	12	10	9	13	13	12	9	0	4	9	7	5	3	3	18	12	8	7	7	0	6	9	6	13	1	5	9	11	7	9	3	0	10	9	5	14	13	4	23	11	19	11	15
chr9	17933984	11	20	30	17	42	19	20	13	12	29	43	17	40	12	51	22	11	12	24	20	8	11	67	14	17	18	19	23	18	12	17	10	27	10	6	14	40	14	22	12	38	23	1	17	12	10	22	13	8	22	35	18	21	19	25	20	15	3	18	11	3	11	9	21	16	22	15	33	24	0	3	19	17	18	16	10	26	16	22	30	29	31	11	18	13	8	13	26	6	18	22	19	12	19	45	23	24	44	26	21	2	35	32	24	8	41	37	22	16	14	35	19	34	37	42	39	18	20	26	19	27	15	25	29	36	17	13	25	20	11	28	17	15	30	25	20	21	20	27	15	17	18	18	8	32	1	20	3	31	23	22	34	15	17	19	34	20	21	21	15	18	16	18	0	31	22	23	14	15	21	24	19	11	8	19	27	9	15	16	20	18	23	12	34	14	1	6	26	18	24	21	33	14	13	0	7	2	10	16	13	8	16	2	14	7	13	15	8	19	2	0	11	18	6	15	13	7	9	6	16	3	11	11	15	14	17	4	5	17	13	11	3	19	1	20	15	8	7	8	9	3	5	10	11	13	0	5	15	0	10	4	8	11	6	10	9	5	4	7	6	5	9	0	0	16	14	4	3	23	8	14	19	12	5	18	13	9	0	6	16	9	8	4	10	19	9	9	11	8	4	19	13	1	2	19	22	16	16	5	11	12	17	0	8	5	8	25	13	20	27	28	3	1	4	17	5	14	17	10	16	14	25	6	12	7	15	6	18	10	13	12	15	9	21	19	19	6	9	9	5	12	13	10	9	13	13	13	9	1	4	9	7	5	3	3	18	12	8	7	7	0	6	9	6	13	1	6	9	11	7	10	3	0	10	9	6	14	13	4	23	11	19	11	16
chr9	17933985	11	20	30	17	42	19	20	13	12	29	43	17	40	12	50	22	11	12	24	20	8	11	67	14	17	18	19	23	18	12	17	10	27	7	6	14	40	14	22	12	38	23	1	17	11	10	22	13	8	22	36	18	21	19	25	20	15	3	18	11	3	11	9	21	15	22	14	33	24	0	3	19	17	18	16	10	26	16	22	30	29	31	11	18	13	8	13	26	6	18	22	19	12	19	47	23	24	44	26	21	2	35	32	24	8	41	37	22	16	14	35	19	34	37	42	39	18	20	26	19	27	15	25	29	36	17	13	25	20	11	29	17	15	30	25	20	21	20	27	15	17	18	18	8	32	1	20	3	31	23	22	34	15	17	19	34	20	20	20	15	17	16	18	0	31	22	23	14	15	21	24	19	11	8	19	27	9	15	16	20	18	23	12	34	14	1	6	26	18	24	21	32	14	13	0	7	2	10	16	13	8	16	2	14	7	13	15	8	19	2	0	11	18	6	15	13	7	9	6	16	3	11	11	13	14	16	4	5	17	13	11	3	18	1	20	15	7	7	8	9	3	5	10	11	13	0	5	15	0	10	4	8	11	6	10	9	5	4	7	6	5	9	0	0	16	14	4	3	23	8	14	19	12	5	18	12	9	0	6	16	9	8	4	10	19	9	9	11	8	4	23	13	1	2	19	22	16	17	5	11	12	17	0	8	5	8	25	13	19	27	28	3	1	4	17	5	14	17	10	16	14	24	6	12	7	15	6	18	10	13	12	15	9	21	19	19	6	9	9	5	12	13	10	9	13	13	13	9	1	4	9	7	5	3	3	18	12	8	7	6	0	6	9	6	13	1	6	9	11	7	10	3	0	10	10	6	14	13	4	23	11	19	11	16
chr9	17933986	12	20	32	18	42	20	21	14	12	30	44	17	41	12	53	23	12	12	25	20	8	12	70	14	18	18	20	23	20	12	17	10	28	9	7	15	40	14	23	12	38	26	1	17	10	11	22	14	8	21	37	19	21	19	25	22	17	3	18	13	3	11	9	21	16	22	14	34	26	0	3	18	18	19	16	10	28	17	22	32	32	31	11	19	13	8	13	27	6	21	23	19	15	20	49	23	26	46	26	23	2	36	33	27	8	42	37	22	17	14	36	19	34	37	41	39	20	21	27	20	29	16	25	31	37	18	13	25	20	11	29	17	15	32	25	20	20	22	27	15	18	18	18	8	34	1	21	3	33	27	24	34	15	17	19	34	22	20	22	15	17	16	17	0	32	22	23	14	15	24	24	20	11	8	23	27	9	15	17	21	20	23	11	33	14	1	6	27	19	24	22	32	16	13	0	8	2	10	16	13	8	16	2	16	6	13	15	8	19	2	0	11	19	7	15	13	8	10	6	17	3	11	11	13	13	17	4	5	18	14	11	4	18	1	20	15	8	7	8	9	3	5	9	11	14	0	5	17	0	9	6	7	11	6	10	9	5	5	7	6	5	9	0	0	17	14	4	3	24	10	14	19	12	5	19	12	9	0	7	17	12	9	4	10	20	9	9	12	8	5	23	12	1	3	19	22	16	17	5	11	13	17	0	8	5	8	26	12	20	27	28	3	1	4	17	5	14	18	10	17	14	24	6	12	7	16	6	18	10	14	12	18	8	22	20	19	6	11	9	7	12	16	10	9	13	13	13	9	1	4	9	7	5	3	3	18	12	8	7	6	0	6	9	6	13	1	6	9	11	7	10	3	0	10	11	6	14	13	4	24	11	20	11	17
chr9	17933987	12	20	32	17	42	20	21	14	12	30	44	17	41	12	53	23	12	12	25	20	8	12	72	14	18	18	20	23	20	12	17	10	28	9	7	15	40	14	23	12	38	26	1	17	10	11	22	14	8	21	37	19	21	19	26	22	17	3	18	14	3	11	9	21	17	22	14	34	26	0	3	18	18	19	16	10	28	17	22	32	32	31	10	19	13	8	13	27	6	21	23	20	15	20	49	23	25	46	26	22	2	36	33	27	8	42	37	21	17	14	36	19	33	37	41	40	20	21	27	21	29	15	24	31	38	18	13	25	20	11	29	17	14	32	25	20	20	22	27	15	18	18	18	8	33	1	21	3	32	27	24	33	15	17	19	34	23	20	22	15	17	16	17	0	32	23	23	14	15	24	24	19	11	8	23	27	9	15	18	21	20	23	12	35	14	1	6	27	19	24	23	33	16	13	0	8	2	10	16	13	8	16	2	16	6	14	15	8	19	2	0	11	19	7	15	13	8	10	6	17	3	11	11	13	13	16	4	5	18	14	11	4	18	1	19	14	8	7	8	9	3	5	9	11	14	0	5	17	0	9	6	7	11	6	10	9	5	5	7	6	5	9	0	0	17	14	4	3	24	10	14	19	12	5	18	12	9	0	7	16	12	9	4	10	19	9	9	12	8	5	23	12	1	3	19	23	16	17	5	11	13	18	0	8	5	8	25	12	20	27	28	3	1	4	17	4	15	18	10	18	14	24	6	11	7	16	6	18	10	14	12	18	8	22	20	19	6	11	9	7	12	16	10	9	13	13	13	9	1	4	9	7	5	3	3	17	12	8	7	6	0	6	9	6	12	1	6	9	11	7	10	3	0	10	11	6	14	13	4	25	11	20	11	17
chr9	17933988	12	20	32	17	42	20	21	14	12	30	44	17	41	12	54	22	12	12	24	20	8	12	71	14	18	18	20	23	20	12	18	10	28	9	7	15	39	14	23	12	37	27	1	17	12	11	22	14	7	20	37	20	21	19	25	22	17	3	18	14	3	11	9	21	17	21	14	34	26	0	3	18	18	20	16	10	28	17	22	30	32	30	10	19	11	8	13	28	6	21	23	20	15	20	49	23	25	46	26	22	2	36	33	27	6	41	37	21	17	14	36	19	33	37	41	40	20	21	27	21	29	14	24	31	38	17	13	25	20	11	30	17	14	32	25	20	20	22	27	15	18	18	18	8	31	1	21	3	32	27	24	33	15	16	20	34	23	20	22	15	17	16	17	0	32	24	23	14	14	24	23	19	11	7	23	27	9	14	18	21	19	23	12	35	14	1	7	27	19	24	22	33	16	13	0	9	2	10	16	13	9	16	2	16	6	13	14	8	19	2	0	11	19	7	15	13	8	9	5	17	3	11	11	13	13	16	4	5	18	14	11	4	18	1	19	13	8	7	8	9	3	5	9	11	14	0	5	17	0	9	6	7	11	6	10	9	5	5	7	6	5	8	0	0	17	14	4	3	24	10	14	19	12	5	18	13	9	0	7	16	12	9	4	10	19	9	9	12	8	5	22	12	1	3	18	23	15	18	5	11	13	18	0	8	5	8	25	12	19	27	26	3	1	4	16	5	15	18	9	18	13	24	6	11	7	16	6	18	10	14	12	18	8	21	20	19	6	11	9	7	12	15	10	9	12	13	13	9	1	4	7	7	4	3	3	17	12	8	7	6	0	6	9	6	11	1	6	9	11	7	10	3	0	9	11	6	13	13	4	24	11	20	10	16
chr9	17933989	12	20	32	17	42	20	21	14	12	31	44	17	41	12	54	22	12	12	25	20	8	12	70	14	18	18	20	23	20	12	18	10	28	9	9	15	39	15	23	12	37	27	1	17	12	11	22	14	7	19	37	20	21	19	25	22	17	3	18	14	3	11	9	21	16	21	14	34	25	0	3	18	18	20	16	10	28	17	22	30	33	30	10	19	11	8	13	28	6	21	23	20	15	20	49	23	25	45	26	22	2	36	33	27	6	41	37	21	17	14	36	19	33	37	41	40	20	21	27	21	29	12	24	31	38	16	12	24	19	10	30	17	14	32	25	20	20	22	27	15	18	18	18	8	31	1	21	3	32	27	24	33	15	16	20	34	23	21	22	15	17	16	17	0	32	24	23	13	14	24	23	19	11	7	23	27	9	14	18	21	19	23	11	35	14	1	7	27	19	24	22	34	16	13	0	9	2	10	16	13	9	16	2	16	6	13	14	8	19	2	0	11	19	7	15	13	8	9	5	17	3	11	11	13	13	16	4	5	18	14	11	4	18	1	19	13	8	7	8	9	3	5	9	11	14	0	5	17	0	9	6	7	11	6	10	9	5	5	7	6	5	8	0	0	17	14	4	3	24	10	14	19	12	5	18	13	9	0	7	16	12	9	4	10	19	9	9	12	8	5	21	12	1	3	18	23	14	20	5	11	13	18	0	8	5	8	25	12	19	27	27	3	1	4	15	5	15	18	9	18	12	23	6	11	7	16	6	18	10	14	12	18	8	21	19	19	6	11	9	7	12	15	10	9	13	12	13	9	1	4	7	7	3	3	3	17	12	8	7	6	0	6	9	6	11	1	6	9	11	8	10	3	0	9	11	6	13	13	4	24	12	20	10	16
chr9	17933990	12	20	33	17	43	20	21	14	12	30	44	17	41	12	59	22	13	12	25	20	8	12	69	15	17	18	20	23	21	12	18	11	28	9	9	16	41	15	22	13	36	27	1	17	12	11	22	14	7	23	37	20	21	17	25	21	17	3	18	14	3	10	9	21	16	21	14	34	24	0	3	18	18	20	16	10	28	17	22	31	33	30	10	19	11	7	13	28	6	22	23	20	14	20	50	22	25	45	26	22	2	36	33	27	6	41	37	21	17	14	35	18	33	36	41	40	20	22	27	20	29	14	24	30	38	16	12	24	18	10	29	17	14	32	25	20	20	22	27	15	18	18	18	8	31	1	21	3	31	26	24	33	16	16	20	34	23	21	22	14	16	16	17	0	32	24	23	13	14	24	23	19	11	7	23	27	9	14	18	21	19	23	11	35	14	1	6	26	20	24	21	34	16	13	0	9	2	10	16	12	9	16	1	16	6	13	13	8	20	2	0	11	20	7	15	13	8	9	5	17	3	11	11	13	13	16	4	5	18	14	11	4	18	1	19	13	8	7	7	9	3	5	9	11	14	0	5	17	0	8	6	7	11	6	10	9	5	5	7	6	5	9	0	0	17	14	4	3	24	10	14	19	12	5	18	13	9	0	6	16	12	9	4	10	18	9	9	12	8	5	20	12	1	3	18	23	15	20	5	11	13	18	0	8	4	8	25	12	19	27	27	3	1	5	15	5	15	18	9	18	11	23	6	11	7	16	6	18	10	14	12	18	8	22	19	19	6	11	9	7	12	15	9	9	12	12	13	9	1	4	7	7	3	3	3	17	12	8	7	6	0	6	8	6	11	1	6	9	12	10	10	3	0	8	11	6	13	12	4	24	12	20	10	16
chr9	17933991	13	22	35	20	46	22	24	17	13	32	52	19	45	14	70	24	16	13	25	22	8	12	80	18	21	20	22	26	23	15	19	14	32	9	9	16	43	18	24	13	39	29	3	20	12	11	25	15	8	25	44	19	24	29	29	24	18	3	18	17	3	10	11	26	18	22	16	36	26	1	3	22	18	21	16	12	33	17	24	35	36	32	12	24	13	7	18	29	7	28	23	21	16	22	57	25	32	55	28	24	2	36	38	31	6	42	42	26	18	15	39	24	37	45	45	45	21	23	30	19	32	15	29	29	42	18	11	25	20	10	34	21	16	36	28	22	22	24	29	20	19	20	19	11	32	1	27	3	37	25	26	35	21	20	21	36	24	29	23	18	21	19	18	1	33	25	26	16	17	25	24	20	16	8	29	28	9	14	21	21	19	29	13	42	18	1	6	27	22	28	22	39	15	15	0	12	4	11	17	14	9	19	4	16	6	17	16	9	20	3	0	12	23	8	15	15	9	8	5	19	4	16	10	17	15	16	5	6	21	16	13	6	24	1	21	13	12	13	8	13	1	7	11	11	16	0	7	19	0	11	7	7	11	7	14	10	8	5	7	6	5	10	0	0	18	15	5	4	25	11	14	20	12	7	20	14	10	0	8	18	15	10	6	10	19	10	9	15	8	8	24	14	1	3	18	25	15	21	5	11	11	20	0	11	4	10	26	12	20	31	29	3	1	8	15	5	16	18	11	19	15	26	7	11	7	20	6	18	10	15	17	21	10	24	20	21	6	12	9	7	13	16	10	9	12	12	13	9	1	4	8	8	3	3	3	18	15	8	7	7	2	6	10	6	12	1	6	10	12	10	11	4	0	8	11	7	13	12	5	24	13	24	14	21
chr9	17933992	13	22	35	20	47	22	24	17	13	32	53	19	45	14	70	24	16	13	25	22	8	13	80	18	21	20	22	26	24	15	19	14	32	9	9	16	43	18	24	13	39	29	3	20	12	11	25	15	8	25	44	19	24	29	29	24	18	3	18	17	3	10	11	26	18	22	16	38	26	1	3	22	18	21	16	12	33	17	24	35	36	32	12	24	13	7	18	30	7	29	23	21	16	22	56	26	32	55	28	24	2	36	38	31	6	42	42	26	19	15	39	24	38	45	45	46	21	23	30	20	32	15	29	30	42	18	11	25	20	10	35	21	16	36	28	22	22	24	29	20	19	20	19	11	32	1	27	3	36	25	26	35	21	20	21	36	24	29	23	18	21	19	18	1	33	25	26	16	17	25	24	20	16	8	29	28	9	14	21	21	19	28	13	42	18	1	6	27	23	28	21	39	15	15	0	12	4	11	18	14	10	19	4	15	6	17	16	9	20	3	0	12	24	8	15	15	9	8	5	19	4	16	10	17	15	16	5	6	21	16	13	6	24	1	21	13	12	12	8	13	1	7	11	11	16	0	7	19	0	11	7	7	11	7	14	10	8	5	7	6	5	10	0	0	17	15	5	5	25	11	14	20	12	7	20	14	10	0	8	18	15	10	6	10	20	10	9	15	8	8	24	14	1	3	18	25	15	21	5	11	11	20	0	11	4	10	26	12	20	31	29	3	1	8	15	5	16	18	11	19	15	26	7	11	7	20	6	18	10	14	17	21	10	24	20	21	6	12	9	7	14	16	10	9	11	12	13	9	1	4	9	8	3	3	3	18	15	8	7	7	2	6	10	6	12	1	6	10	12	10	11	4	0	8	11	7	14	12	5	24	13	24	14	21
chr9	17933993	13	22	35	20	48	22	23	17	13	33	53	19	45	14	71	24	16	13	25	22	8	12	79	18	21	22	22	26	24	15	19	14	32	9	9	16	42	18	24	13	38	29	3	20	13	11	25	15	8	25	44	19	24	29	29	24	18	3	18	17	3	10	11	26	17	22	16	38	26	1	3	22	18	21	16	12	33	17	24	35	36	32	12	24	13	7	18	30	7	29	23	21	17	22	56	26	32	55	27	24	2	36	38	31	7	42	44	26	19	15	39	24	38	45	45	46	21	23	29	20	32	15	29	29	42	18	11	25	20	10	35	21	16	36	28	22	22	25	29	20	19	20	19	11	32	1	27	3	37	25	26	35	21	18	21	37	23	29	23	18	21	19	18	1	34	25	26	16	17	25	24	20	16	8	29	28	9	14	21	21	19	28	13	42	18	1	6	27	23	28	21	39	15	15	0	12	4	11	18	14	10	19	4	15	6	17	16	9	20	3	0	12	24	8	15	15	9	8	5	19	4	15	10	17	15	16	5	6	22	16	13	6	24	1	21	13	11	13	8	13	1	7	11	11	16	0	7	19	0	11	7	7	11	7	14	10	9	5	8	6	5	10	0	0	17	15	5	5	25	11	14	20	12	7	20	14	10	0	8	18	15	10	6	10	20	10	9	15	8	8	24	14	1	3	18	25	15	21	5	11	11	20	0	11	4	10	26	12	20	31	29	3	1	8	15	5	16	17	11	19	15	26	7	11	7	20	6	18	11	14	17	21	10	24	20	21	6	12	9	7	14	16	8	9	12	12	13	9	1	4	9	8	3	3	3	18	15	8	7	7	2	6	10	6	12	1	6	10	12	10	11	4	0	8	11	7	14	12	5	24	13	24	14	21
chr9	17933994	13	22	35	20	48	22	23	17	13	32	54	19	45	14	71	24	16	13	25	22	8	12	79	18	21	22	21	26	24	15	19	14	32	9	9	16	42	18	24	13	38	29	3	20	13	11	25	15	8	25	44	19	24	29	29	24	18	3	18	19	3	10	11	26	17	21	16	38	26	1	3	22	18	21	16	12	33	17	24	35	36	32	12	24	13	7	18	29	7	29	23	21	17	22	56	26	32	55	27	24	2	36	38	31	7	41	44	26	18	15	39	24	38	45	45	46	21	23	29	20	31	15	29	29	42	18	11	25	20	10	35	21	16	36	28	22	22	24	29	20	19	20	19	11	32	1	27	3	37	25	26	35	21	18	21	37	23	29	23	18	21	19	18	1	34	25	26	16	17	25	24	20	16	8	29	28	9	14	21	21	19	28	13	42	18	1	6	27	23	28	21	39	15	15	0	12	4	11	19	14	10	19	4	15	6	17	16	9	20	3	0	12	24	8	15	15	9	8	5	20	4	15	10	17	15	16	5	6	22	16	13	6	24	1	21	13	11	13	8	13	1	7	11	11	16	0	7	19	0	11	7	8	11	7	14	10	9	5	8	6	5	10	0	0	17	15	5	5	25	12	14	20	12	7	20	14	10	0	8	18	15	10	6	10	20	10	9	15	8	8	24	14	1	3	18	25	15	21	5	11	11	20	0	11	4	10	26	11	20	31	29	3	1	8	15	5	16	17	11	19	15	26	7	11	6	20	6	18	11	14	17	21	10	24	20	21	6	12	9	7	14	16	8	9	12	12	13	9	1	4	9	8	3	3	3	18	15	8	7	7	2	6	10	6	12	1	6	10	12	10	11	4	0	8	11	7	14	12	5	24	13	24	14	21
chr9	17933995	13	22	35	20	47	22	23	17	13	32	54	19	45	14	72	24	16	13	25	22	8	12	79	18	20	22	21	26	24	15	18	14	31	9	9	16	42	18	24	13	38	29	3	19	13	11	25	15	8	25	44	19	24	29	29	24	18	3	18	19	3	10	11	26	17	21	16	38	26	1	3	22	18	21	16	11	33	17	24	35	36	32	12	24	13	7	18	30	7	29	23	20	17	22	56	26	32	55	27	24	2	36	38	30	7	41	44	26	18	15	39	24	38	45	45	46	21	23	29	20	31	15	29	29	41	18	11	25	20	10	33	21	16	36	28	22	22	24	29	20	19	20	19	11	32	1	27	3	37	25	26	35	21	18	20	37	23	28	23	18	21	19	18	1	33	25	26	16	17	25	24	20	16	8	29	28	9	14	21	21	19	27	13	42	18	1	6	26	23	28	21	39	15	15	0	12	4	12	19	14	10	19	4	15	6	17	16	9	20	3	0	12	24	8	15	15	9	8	7	20	4	15	10	17	15	16	5	6	22	17	13	6	23	1	21	12	11	13	8	13	1	7	11	11	16	0	7	20	0	11	7	8	11	7	14	10	9	5	8	6	5	10	0	0	17	15	5	5	25	12	14	20	12	7	20	14	9	0	8	17	15	10	6	10	20	10	9	15	8	8	24	14	1	3	18	25	15	21	5	11	11	20	0	11	4	10	26	11	20	31	29	3	1	8	15	5	16	17	11	19	15	26	7	11	6	20	6	18	11	14	17	21	10	24	20	21	5	12	9	7	14	16	8	9	12	12	12	10	1	3	9	8	3	3	2	18	15	8	7	7	2	6	10	6	12	1	6	10	12	10	11	4	0	8	11	7	14	12	5	24	13	24	14	21
chr9	17933996	13	22	35	20	48	22	24	19	15	33	54	19	45	14	72	24	15	14	25	23	8	14	81	18	20	22	21	25	24	15	18	17	31	9	9	16	43	18	26	13	37	29	4	19	13	11	24	14	8	24	45	19	24	31	29	24	18	4	18	19	3	10	12	25	19	22	16	40	26	1	3	22	18	22	16	11	34	17	24	35	36	34	12	25	13	7	18	32	7	29	23	22	19	23	55	27	34	55	26	25	2	37	37	30	7	41	44	26	18	15	41	24	38	45	46	46	20	23	30	20	32	15	31	31	41	18	11	25	21	10	33	18	16	36	28	21	22	24	29	20	19	20	19	12	32	1	27	3	37	24	26	35	21	20	20	37	24	28	23	19	21	19	18	1	34	25	27	16	17	25	24	20	19	8	28	28	8	14	23	22	19	27	13	42	18	1	6	30	23	28	21	38	16	15	0	12	4	13	19	16	9	19	4	15	6	17	16	9	20	3	0	12	24	8	16	15	9	8	7	20	4	15	9	17	15	16	5	6	22	17	13	6	23	1	23	13	12	13	9	13	1	8	11	10	16	0	7	20	0	11	7	8	11	8	14	10	9	5	8	6	5	10	0	0	17	15	5	5	25	12	14	20	11	8	20	14	9	0	8	17	15	10	6	10	20	10	8	15	8	9	24	15	1	3	18	25	15	21	6	11	11	20	0	11	4	9	26	11	20	33	30	3	1	9	15	5	16	17	11	19	15	26	7	11	6	20	7	17	11	16	17	25	10	24	20	21	5	12	9	6	14	15	8	9	13	12	12	10	1	3	9	8	3	3	2	19	15	8	7	7	2	6	10	6	12	1	6	10	12	10	11	4	0	9	13	7	14	12	5	24	13	24	14	21
chr9	17933997	13	22	37	20	48	23	24	19	15	33	54	19	47	14	73	24	16	14	25	23	9	14	81	18	20	22	20	25	24	15	18	17	31	9	9	16	43	18	26	13	37	29	4	19	13	11	24	14	8	23	45	19	24	31	29	25	19	4	18	19	3	10	12	25	19	22	16	40	26	1	3	22	18	22	16	11	34	17	24	35	36	34	12	25	13	7	18	32	7	29	23	22	19	23	55	27	34	55	26	25	2	37	37	30	7	43	44	26	19	15	41	24	38	45	46	46	20	23	30	20	33	15	31	31	41	19	11	25	22	10	33	19	16	36	28	21	22	24	29	20	19	20	19	12	32	1	27	3	37	24	26	35	21	20	20	37	24	28	23	19	21	19	18	1	33	25	27	17	17	25	24	20	19	8	28	28	8	14	23	22	19	27	13	42	18	1	6	30	23	28	21	38	17	15	0	13	4	13	19	16	9	19	4	15	6	17	16	9	20	3	0	12	24	8	16	15	9	8	7	20	4	15	9	17	14	16	5	6	22	18	13	6	23	1	23	13	12	13	9	13	1	8	11	10	16	0	7	20	0	11	7	8	11	8	14	10	9	5	8	6	5	10	0	0	17	15	5	5	25	12	14	20	11	8	20	14	9	0	8	17	15	10	6	10	20	10	8	15	8	9	24	15	1	3	18	25	15	21	6	11	11	20	0	11	4	9	26	11	20	33	30	3	1	9	15	5	16	17	11	19	15	26	7	11	6	19	7	17	11	16	17	26	13	23	20	21	5	12	9	6	14	15	8	8	13	12	12	10	1	3	9	8	3	3	2	19	15	8	7	7	2	6	10	6	12	1	6	10	12	10	11	4	0	9	13	7	14	12	5	24	13	24	14	21
chr9	17933998	16	22	41	22	49	24	25	21	16	35	57	20	51	16	79	24	17	16	27	24	9	14	87	19	20	26	22	27	25	16	18	19	33	9	9	18	44	18	28	14	38	29	5	21	15	13	24	16	9	24	48	20	26	35	31	27	20	5	19	23	3	12	13	26	20	25	17	47	26	1	4	24	19	22	19	11	37	19	24	37	37	38	15	29	15	7	20	32	9	33	23	22	19	24	59	27	36	56	27	27	2	40	42	32	7	44	44	26	19	14	43	30	45	46	50	48	21	24	36	22	35	20	32	32	44	20	11	26	23	10	35	20	19	38	30	21	23	27	32	21	20	22	22	13	33	1	28	5	41	25	27	37	22	20	19	38	24	32	26	22	23	20	19	1	35	27	30	17	18	28	24	22	19	8	29	32	9	16	23	24	22	27	15	46	18	1	6	32	24	31	23	42	18	18	0	15	4	13	21	19	10	20	4	17	8	17	20	9	21	3	0	13	25	11	17	15	10	9	8	20	4	17	9	19	15	16	6	6	25	20	15	8	25	1	23	14	13	14	11	13	1	8	14	10	16	0	8	21	0	11	8	9	11	10	14	12	9	6	8	7	5	10	0	0	17	15	7	8	25	15	14	20	13	9	22	17	9	0	8	20	16	13	8	12	20	10	9	15	9	9	24	15	1	3	18	26	15	22	6	12	12	22	0	12	5	10	28	11	21	34	33	3	1	9	15	5	17	20	12	22	15	26	8	12	9	24	11	19	14	16	21	30	14	26	22	23	5	12	9	10	14	17	10	8	14	12	14	10	1	3	10	8	3	3	2	19	15	8	7	10	3	6	10	8	12	1	6	10	12	10	15	4	0	9	14	7	14	12	5	24	13	23	15	23
chr9	17933999	16	22	41	24	49	24	25	21	16	35	57	20	51	16	79	24	17	16	27	24	9	14	89	19	20	26	22	27	25	16	18	19	33	9	9	18	44	18	28	14	38	29	5	22	15	13	24	16	9	23	48	20	26	35	31	27	22	5	19	23	3	12	13	26	20	25	17	47	26	1	4	25	19	22	19	11	37	19	24	37	38	38	15	28	15	7	20	32	9	33	23	22	19	24	59	27	36	56	27	27	2	40	42	32	7	44	44	26	19	15	43	30	45	46	50	48	21	24	36	22	35	20	32	32	44	20	11	26	23	10	35	20	19	38	30	21	22	27	32	21	20	21	21	13	33	1	28	5	41	25	26	37	22	20	19	38	27	32	26	22	23	20	19	1	35	27	30	17	18	28	24	22	19	8	29	32	9	16	23	23	22	27	15	46	18	1	6	32	24	31	23	42	18	18	0	15	4	13	21	19	10	20	4	17	8	17	20	9	21	3	0	13	25	11	17	15	10	9	8	19	4	17	9	19	15	16	6	6	25	18	15	8	25	1	23	14	14	14	11	13	1	8	14	10	16	0	8	22	0	11	8	9	11	10	14	12	9	6	8	7	5	10	0	0	16	15	7	8	25	15	14	20	13	9	22	17	9	0	8	20	16	13	7	12	20	10	9	15	9	9	24	15	1	3	18	26	16	22	6	12	12	21	0	12	5	10	28	11	21	33	33	3	1	9	15	5	17	20	12	22	14	26	8	12	9	24	11	20	14	16	21	30	14	26	21	23	5	11	9	10	14	17	10	8	14	13	14	10	1	3	10	8	3	3	2	19	15	8	7	10	3	6	10	8	12	1	6	10	12	10	15	4	0	9	14	7	14	12	5	24	13	23	15	23
chr9	17934000	16	22	41	24	49	24	26	21	16	35	58	20	51	16	79	25	18	16	28	24	9	14	89	19	20	26	22	27	25	16	18	19	33	9	9	18	44	18	28	14	38	29	5	22	15	12	24	16	9	23	48	20	26	35	33	27	22	5	20	23	3	12	13	26	20	25	17	47	26	1	4	25	19	23	19	11	39	19	24	38	38	38	15	28	15	7	20	32	9	34	24	22	19	24	59	28	36	56	27	28	2	40	42	32	7	44	44	26	19	15	43	30	45	46	50	49	21	24	36	22	35	21	32	31	44	18	11	27	23	10	37	20	19	38	30	21	22	27	32	21	20	21	21	13	33	1	28	5	42	25	26	38	22	20	19	38	27	32	26	24	23	19	19	1	35	27	30	17	19	28	24	22	19	8	28	32	9	16	23	23	22	28	15	48	18	1	8	31	24	31	23	42	18	18	0	15	4	14	21	19	10	20	4	17	8	18	20	9	21	3	0	13	25	11	17	15	10	9	8	20	4	17	9	19	15	16	6	6	25	18	15	8	25	1	23	14	14	14	11	13	1	8	14	10	16	0	8	22	0	11	8	9	11	10	14	12	9	6	8	7	5	10	0	0	16	15	7	8	25	15	14	20	13	9	22	18	9	0	8	20	16	13	8	12	20	10	9	15	9	9	24	15	1	1	18	26	16	22	6	12	12	21	0	12	5	9	28	11	21	32	33	3	1	9	15	5	17	20	12	22	15	26	8	12	9	24	11	20	13	16	21	30	14	26	21	23	5	11	9	10	14	17	11	8	14	13	14	10	1	3	10	8	3	3	2	19	15	8	7	11	3	6	9	8	12	1	6	10	12	10	15	4	0	9	14	8	14	12	5	24	13	23	15	24
chr9	17934001	16	21	40	24	49	24	26	21	16	35	58	20	51	16	78	25	18	16	28	24	9	14	88	19	20	26	22	27	25	16	17	19	33	9	9	18	44	18	28	14	38	29	5	22	14	12	24	16	9	23	48	19	26	35	33	28	22	5	20	23	3	12	13	26	19	25	17	47	26	1	4	25	19	23	19	11	39	18	25	38	38	38	15	28	15	7	20	31	9	34	24	21	19	24	58	28	37	56	27	28	2	40	41	34	6	43	42	26	18	15	42	30	45	45	48	49	21	24	36	22	35	21	31	31	45	18	11	28	23	10	37	20	19	38	30	21	21	27	32	21	20	21	21	12	33	1	28	5	42	25	26	38	22	19	19	37	27	32	26	24	22	18	19	1	35	27	30	17	19	28	24	19	19	8	28	32	9	16	23	23	21	28	15	48	19	1	8	31	24	31	23	42	18	18	0	15	4	14	21	19	10	20	4	17	7	18	20	9	21	3	0	13	25	11	17	15	10	10	8	20	4	17	8	20	15	16	6	6	26	18	15	8	25	1	22	14	13	14	11	13	1	8	14	10	16	0	8	22	0	11	8	9	10	10	14	12	9	6	8	7	5	10	0	0	16	15	7	8	25	15	15	20	13	9	22	18	9	0	8	20	16	13	8	12	20	10	9	15	9	9	23	15	1	1	18	26	15	21	6	12	12	21	0	12	5	9	29	11	21	32	33	4	1	9	15	5	17	20	12	22	15	26	8	12	9	24	11	20	12	16	21	29	14	26	21	23	5	11	9	10	13	17	11	8	14	13	15	11	1	3	10	8	3	3	2	19	15	8	7	11	3	6	9	8	12	1	6	9	12	10	15	4	0	9	14	8	14	12	5	24	13	23	15	22
chr9	17934002	16	21	40	24	48	24	26	21	16	35	57	20	51	16	78	25	18	16	28	24	9	14	88	19	20	26	22	28	25	16	17	19	33	9	9	18	44	18	28	14	38	29	5	22	14	12	24	15	9	23	48	19	26	35	33	28	22	5	20	23	3	12	11	26	19	25	17	47	26	2	4	25	19	23	19	11	39	18	25	38	38	38	15	28	15	7	20	31	9	33	24	21	19	23	58	28	37	56	27	28	2	40	40	33	6	42	42	26	18	15	42	30	45	45	48	49	21	24	36	22	35	21	31	31	44	18	11	27	23	10	37	20	19	38	30	21	21	27	32	21	20	21	21	12	33	1	28	5	42	25	26	38	22	19	19	37	27	32	26	24	22	18	19	1	35	27	30	17	19	28	24	19	19	8	28	32	9	16	23	23	21	29	15	48	19	1	8	31	24	31	22	41	18	18	0	15	4	14	21	19	10	20	4	17	7	18	20	9	21	3	0	13	25	11	17	15	10	10	8	20	4	17	8	20	15	16	6	6	26	18	15	8	25	1	22	14	13	14	11	13	1	8	14	10	16	0	8	22	0	11	8	9	10	10	14	12	9	6	8	7	5	10	0	0	16	15	7	8	25	15	15	20	13	9	22	18	9	0	8	20	16	13	8	12	20	10	9	15	9	9	23	15	1	1	18	26	15	21	6	12	12	21	0	12	5	9	29	11	21	32	33	4	1	9	15	5	17	20	12	22	15	26	8	12	9	24	11	20	12	16	21	29	14	26	21	23	5	11	9	10	13	17	11	8	14	13	15	11	1	3	10	8	3	3	2	19	15	8	7	11	3	6	9	8	12	1	6	9	12	10	15	4	0	9	14	8	14	12	5	24	13	23	15	22
chr9	17934003	16	21	43	26	52	24	30	23	16	36	63	20	52	19	82	29	23	18	29	27	10	14	91	19	23	26	24	31	25	16	18	20	34	9	11	18	47	19	31	15	42	29	7	24	14	12	26	21	9	24	50	20	28	40	36	31	23	5	21	23	4	12	11	30	19	26	19	53	27	2	4	28	23	26	20	11	41	18	26	41	38	40	15	29	18	7	21	34	9	36	25	22	23	29	63	29	39	63	28	32	2	45	42	34	8	44	45	27	22	16	46	31	47	46	56	51	27	24	36	24	36	24	33	31	46	19	12	28	25	12	40	21	21	43	34	21	25	29	36	25	22	23	22	14	37	2	32	5	42	29	31	41	25	21	19	38	32	33	27	25	25	18	20	2	37	30	31	18	19	29	24	23	21	11	29	36	10	16	25	25	22	30	15	48	19	1	9	34	29	34	24	44	20	18	0	15	4	14	22	20	10	24	5	19	7	20	20	9	22	3	0	16	27	11	17	17	11	10	10	22	7	18	9	20	16	16	6	6	26	18	16	8	26	1	25	14	14	15	13	13	1	8	15	11	16	1	10	22	0	12	10	9	10	11	14	13	9	6	9	7	5	11	0	0	16	15	8	8	26	15	15	20	14	10	22	20	10	0	8	21	17	13	8	12	20	10	9	15	9	9	23	15	1	2	18	26	17	22	6	12	12	24	0	13	5	9	29	12	22	32	36	4	1	9	15	5	18	21	13	23	17	26	8	12	10	24	11	22	14	16	23	29	16	27	23	25	5	11	10	12	14	19	13	8	15	13	16	11	1	4	11	9	3	4	2	20	16	9	8	13	3	6	10	8	11	1	6	9	12	13	15	4	0	9	14	11	14	12	5	23	13	23	16	25
chr9	17934004	16	21	43	26	52	24	30	23	16	36	63	20	52	19	82	29	23	18	29	27	10	14	91	18	23	26	24	30	25	16	18	20	34	9	11	18	47	19	31	15	42	29	7	24	13	12	26	21	9	23	50	20	28	39	36	31	23	5	21	23	4	12	11	30	19	26	19	53	27	2	4	27	23	26	20	11	41	18	26	41	38	40	15	29	18	7	21	34	9	36	25	22	23	29	63	29	39	62	28	32	2	45	42	33	8	44	45	27	20	16	46	31	46	46	56	51	27	23	35	24	36	24	33	31	45	19	12	28	25	12	40	21	21	43	34	21	25	29	36	25	22	23	21	14	37	2	32	5	42	29	30	41	25	21	19	38	32	33	27	25	25	18	20	2	37	30	31	18	19	29	24	23	21	11	29	36	10	16	25	24	22	30	15	48	19	1	9	34	29	34	24	44	20	18	0	13	4	14	22	20	10	24	5	19	7	20	20	9	22	3	0	16	27	11	17	17	11	10	10	22	7	18	9	20	16	16	6	6	26	18	16	8	26	1	25	14	14	15	12	13	1	7	15	11	16	1	10	22	0	12	10	9	10	11	14	13	9	6	9	7	5	11	0	0	16	15	8	8	26	15	15	20	14	9	22	20	10	0	8	21	17	13	8	12	20	10	9	15	9	9	23	15	1	2	18	26	17	22	6	12	12	24	0	13	5	9	29	12	22	31	35	4	1	9	15	5	18	21	13	23	17	26	8	12	10	24	11	22	14	16	23	29	16	27	23	25	5	10	10	12	14	19	11	8	15	13	16	11	1	4	11	9	3	4	2	20	16	9	8	13	3	6	10	8	11	1	6	9	12	13	15	4	0	9	14	11	14	12	5	22	11	23	16	25
chr9	17934005	16	21	43	26	54	23	30	23	16	36	63	20	52	20	82	29	23	18	29	26	10	14	93	18	22	26	24	30	25	16	18	20	35	9	11	18	47	20	31	15	42	29	7	24	13	12	26	21	9	22	50	20	28	39	36	31	23	5	21	22	4	12	11	31	19	26	19	53	27	2	4	27	23	26	20	10	41	19	26	40	38	40	15	29	18	7	21	34	9	38	25	22	23	29	63	31	38	62	28	32	2	45	42	33	8	44	45	27	20	16	45	31	47	46	56	51	27	23	35	24	36	24	32	31	45	19	12	28	25	11	41	21	21	43	33	21	25	29	36	25	22	22	21	14	37	2	32	5	43	29	31	41	25	20	19	38	32	32	27	25	26	18	20	2	37	30	31	18	19	29	24	23	21	11	29	37	10	15	25	24	21	30	15	48	19	1	9	34	29	34	24	44	20	18	0	13	4	14	22	20	10	25	5	19	7	20	20	9	22	3	0	16	27	11	18	17	11	11	10	22	7	18	9	20	16	16	6	6	26	18	16	8	26	1	25	14	14	15	12	13	1	7	15	11	16	1	10	22	0	13	10	9	10	11	14	13	9	6	9	7	5	11	0	0	16	15	8	8	26	15	15	20	14	9	21	20	10	0	8	22	17	13	8	12	20	12	9	15	9	9	23	15	1	2	18	27	17	22	6	12	12	24	0	13	5	9	30	12	22	31	35	4	1	9	15	5	18	21	13	23	17	26	8	12	10	23	11	22	14	16	23	29	16	27	23	25	5	10	10	12	14	19	11	8	15	12	16	11	1	4	11	9	3	4	3	20	16	9	8	13	3	6	10	8	11	1	6	9	12	13	15	4	0	9	14	11	14	12	5	22	14	23	17	24
chr9	17934006	16	22	44	26	54	23	30	23	16	36	62	19	52	20	83	29	23	18	29	26	10	15	95	18	22	26	24	30	25	16	18	20	35	9	11	18	47	20	31	15	42	29	7	26	13	12	26	23	9	22	52	20	28	40	37	33	23	5	21	22	4	12	11	33	20	27	19	54	27	2	4	27	24	26	20	10	42	19	27	40	37	41	15	30	18	7	21	34	9	40	28	22	23	30	63	32	37	63	28	33	2	45	42	34	8	44	45	28	20	16	46	31	48	46	58	51	27	23	35	24	36	24	32	31	46	19	12	29	25	11	42	21	21	43	32	21	25	29	36	25	23	22	21	14	37	2	32	5	43	29	31	41	25	20	20	38	32	32	27	25	26	18	20	2	38	30	31	18	20	29	25	25	21	12	29	37	10	15	25	24	21	30	15	49	19	1	9	35	29	34	24	44	21	18	0	13	4	14	22	19	10	25	5	19	7	20	20	9	22	3	0	16	27	11	19	17	11	13	11	22	7	18	9	20	16	16	6	6	26	18	16	8	26	1	26	14	14	15	12	13	1	7	15	11	16	1	11	22	0	13	10	9	10	11	14	13	9	6	9	7	5	11	0	0	16	15	8	8	28	15	15	20	14	9	21	20	10	0	8	22	17	13	8	12	20	12	9	15	9	9	23	15	1	2	19	28	17	22	7	12	12	24	0	14	5	8	30	12	22	32	35	4	1	9	15	5	18	21	13	24	17	26	8	12	10	22	11	22	14	16	23	29	19	27	24	25	6	10	10	12	14	19	11	8	14	12	16	11	1	4	11	9	3	4	3	20	16	11	8	13	3	6	12	8	11	1	6	9	12	13	15	4	0	9	14	11	14	12	5	22	14	23	18	27
chr9	17934007	16	22	44	26	54	23	30	24	16	37	62	19	52	20	84	29	23	18	29	26	10	15	98	18	22	26	24	31	25	17	18	20	35	9	11	18	47	20	31	15	41	29	7	26	14	14	26	23	9	22	53	20	28	41	37	33	23	5	21	23	4	12	11	33	20	27	20	55	26	2	4	27	24	26	19	10	43	19	27	41	37	41	15	31	18	7	21	34	9	40	29	21	23	30	63	31	36	63	28	33	2	45	42	34	8	44	45	29	20	16	45	31	46	46	60	51	27	23	36	24	36	24	32	30	47	18	12	28	25	11	41	21	21	43	32	21	24	29	38	24	23	21	22	16	37	2	32	5	43	29	31	39	25	20	20	37	32	32	27	25	25	18	20	2	38	30	31	18	19	29	25	25	21	12	30	37	10	15	24	25	21	30	15	49	19	1	9	34	29	34	24	44	21	18	0	13	4	15	22	19	10	25	5	19	7	19	20	9	22	3	0	16	27	11	19	17	11	13	11	22	7	18	9	20	16	16	6	6	26	18	16	8	26	1	27	12	14	16	13	13	1	7	15	11	16	1	11	22	0	13	10	9	10	11	14	13	9	6	9	7	5	11	0	0	16	15	8	8	28	15	15	20	14	9	21	20	10	0	8	22	17	13	8	12	20	12	9	15	9	9	23	15	1	2	19	28	17	22	7	12	12	24	0	14	7	8	30	12	22	32	34	4	1	9	17	5	18	21	13	24	17	29	8	12	9	21	11	22	14	16	23	29	19	27	23	24	6	10	10	12	14	19	11	9	14	12	16	11	1	4	11	9	3	4	3	20	16	11	8	13	3	5	12	8	11	1	6	9	12	13	15	4	0	9	14	11	14	12	5	22	13	22	18	27
chr9	17934008	16	22	44	26	54	23	31	26	16	38	63	19	50	20	87	29	23	18	29	26	10	15	101	18	23	27	25	31	25	17	17	22	36	10	11	18	47	22	29	15	41	29	7	26	14	14	26	23	11	22	55	20	28	43	37	33	23	5	21	25	4	12	11	34	20	27	23	57	26	2	4	27	23	26	21	10	43	20	27	41	37	41	15	33	19	7	21	38	9	40	30	21	23	30	63	32	35	65	28	33	2	46	42	34	8	45	45	29	20	17	45	32	46	47	60	52	27	23	36	24	36	25	33	30	49	18	12	28	25	11	41	21	21	43	34	21	24	29	38	24	23	22	22	16	37	2	33	5	44	30	30	39	26	20	20	38	31	33	27	25	25	17	21	2	38	31	30	18	19	32	25	24	21	12	29	38	10	16	24	26	21	30	15	49	19	1	9	34	29	35	25	44	21	18	0	13	4	15	22	20	10	25	5	19	9	19	21	9	21	3	0	16	27	11	19	17	11	13	11	21	7	18	9	20	16	16	6	6	28	19	16	8	26	2	27	12	15	16	13	13	1	7	15	11	16	1	11	23	0	13	10	9	10	11	14	13	9	6	9	7	5	11	0	0	17	15	9	8	29	15	14	20	16	9	22	20	10	0	8	22	17	13	8	12	20	12	9	15	9	10	24	15	1	2	19	28	17	21	7	12	14	25	0	14	7	8	31	12	21	31	34	4	1	9	17	6	19	21	13	24	18	29	8	14	9	21	11	22	14	17	22	29	19	27	24	25	6	10	11	12	13	20	11	9	14	12	16	12	1	5	11	9	3	4	3	20	16	11	9	13	3	5	13	8	10	1	6	9	12	13	15	4	0	9	14	12	14	12	5	22	13	22	18	27
chr9	17934009	15	22	44	26	54	23	31	26	16	38	63	19	48	20	87	29	23	18	29	26	10	15	101	18	23	27	25	31	24	17	17	22	37	9	11	18	47	22	29	15	41	29	7	25	14	14	26	23	11	22	55	20	28	43	37	33	23	5	21	24	4	12	11	34	19	27	23	57	26	2	4	27	23	26	21	10	43	20	27	40	37	41	15	33	19	7	21	38	9	40	30	21	23	30	63	32	35	65	28	32	2	46	42	34	8	45	45	29	20	17	45	31	46	47	60	52	27	23	36	24	35	25	32	30	49	18	12	28	25	11	41	21	21	43	34	20	24	29	38	24	23	22	22	16	37	2	33	5	44	30	30	39	26	20	20	37	31	33	26	25	25	17	21	2	38	31	30	18	19	31	25	25	21	12	29	37	10	16	24	26	21	28	15	49	19	1	9	34	29	35	25	44	21	18	0	13	4	15	22	20	10	25	5	19	9	19	21	9	21	3	0	16	27	11	19	17	11	13	11	21	7	18	9	20	16	16	6	6	28	18	16	8	26	2	27	12	15	16	13	13	1	7	15	11	16	1	11	23	0	13	10	9	10	11	14	13	9	6	9	7	5	11	0	0	17	14	9	8	29	15	14	20	16	9	22	20	10	0	8	22	17	13	8	12	20	12	9	15	9	10	24	15	1	2	19	28	17	21	7	12	14	25	0	15	7	8	31	12	21	31	34	4	1	9	17	6	19	21	13	24	18	29	8	14	9	21	11	22	14	17	23	29	19	27	24	25	6	10	11	12	13	20	11	9	14	12	16	12	1	5	11	9	3	4	3	19	16	11	9	13	3	5	13	8	10	1	6	9	12	13	15	4	0	9	14	12	13	12	5	22	13	22	18	27
chr9	17934010	15	22	44	26	54	23	30	26	16	38	63	19	48	21	87	29	23	18	29	26	10	15	101	18	24	27	25	31	24	17	16	22	37	9	11	18	47	22	29	15	41	29	7	25	14	14	25	23	11	21	54	20	28	43	37	33	23	5	21	25	4	12	11	34	19	26	23	56	26	2	4	27	23	26	23	10	43	21	27	40	37	41	15	33	19	7	21	38	9	40	30	21	23	30	63	32	35	64	28	32	2	46	41	34	8	45	45	29	20	17	45	31	46	47	60	51	27	23	36	23	35	25	32	27	49	18	12	28	25	11	41	21	21	43	34	20	24	29	38	24	23	22	22	16	37	2	33	5	44	30	30	39	26	20	20	38	30	33	26	25	26	17	21	2	36	31	30	18	22	31	25	25	21	12	29	37	10	16	24	26	20	28	15	48	19	1	9	34	28	35	26	44	22	18	0	13	4	15	22	20	10	25	5	19	9	19	21	9	22	3	0	16	27	11	19	17	11	13	11	21	7	19	9	20	16	16	6	6	28	18	16	8	26	2	27	12	15	16	13	14	1	7	15	11	16	1	11	24	0	13	10	9	10	11	14	13	9	6	9	7	5	11	0	0	17	14	9	8	29	15	14	20	16	9	22	20	10	0	8	22	17	13	8	12	20	12	9	15	9	10	24	15	1	2	19	28	17	21	7	12	15	25	0	15	7	8	31	12	21	31	34	4	1	9	17	6	19	21	13	24	17	28	8	14	9	21	11	22	14	17	23	29	19	27	24	25	6	10	11	12	13	20	11	9	14	12	16	12	1	5	11	9	2	4	3	19	16	11	9	13	3	5	13	8	10	1	6	9	12	13	15	4	0	9	14	12	12	12	5	22	13	22	18	27
chr9	17934011	15	22	44	26	54	23	30	26	16	38	63	19	48	21	86	29	23	18	29	26	10	15	101	18	24	27	24	31	24	16	16	22	37	9	11	18	47	22	30	15	41	30	7	25	14	14	25	23	11	21	54	20	28	43	36	33	23	5	21	25	4	12	11	34	19	26	23	56	26	2	4	27	23	26	23	10	43	21	27	40	37	41	15	33	19	7	21	38	9	40	30	21	23	30	64	32	35	66	28	32	2	46	41	34	8	45	45	29	20	17	45	31	46	47	60	51	27	23	36	23	35	25	32	27	49	18	12	28	25	11	41	21	21	43	34	20	24	29	38	24	23	22	21	16	37	2	33	5	44	30	30	38	26	20	20	38	30	33	26	25	26	17	21	2	36	31	30	18	22	31	25	25	21	12	28	37	10	16	24	26	20	28	15	48	19	1	9	34	28	35	26	45	22	18	0	13	4	15	22	20	10	25	5	19	9	19	21	9	22	3	0	16	27	11	19	17	11	13	11	21	7	19	9	20	17	16	6	6	28	18	15	8	26	2	27	12	15	16	13	15	1	7	15	11	16	1	11	24	0	13	10	9	10	11	14	13	9	6	9	7	5	11	0	0	17	14	9	8	29	15	14	20	16	9	22	20	10	0	8	22	17	13	8	11	20	12	9	15	9	11	24	15	1	2	19	28	19	21	7	12	15	25	0	15	7	8	32	12	21	32	34	4	1	9	16	6	19	21	13	24	17	28	8	14	9	21	11	22	14	17	23	29	19	27	23	25	6	10	11	12	13	20	11	9	14	12	16	11	1	5	11	9	2	4	3	19	16	11	9	13	3	5	13	8	10	1	6	9	12	14	15	4	0	9	14	12	12	12	5	22	13	22	18	27
chr9	17934012	15	22	44	26	54	23	30	26	16	38	63	19	48	21	86	28	23	17	29	25	10	15	101	17	24	27	24	31	24	16	16	22	37	9	11	18	47	22	30	15	41	30	7	25	14	14	25	23	11	21	54	20	28	43	36	33	23	5	21	25	4	12	11	34	19	26	23	55	26	2	4	27	23	26	23	10	43	21	27	40	37	41	15	33	19	7	21	38	9	40	30	21	23	30	63	32	35	66	28	32	2	46	41	34	8	45	45	29	20	17	45	31	46	47	60	52	27	23	36	23	35	25	32	27	49	18	12	28	25	11	41	21	20	43	34	20	24	29	38	24	23	22	21	16	37	2	33	5	44	30	30	38	26	20	20	38	30	34	26	25	25	17	21	2	35	31	30	18	22	31	25	25	21	12	28	37	10	16	24	26	20	28	15	48	19	1	9	34	28	35	25	45	22	18	0	13	4	15	22	20	10	25	5	19	9	19	21	9	22	3	0	16	27	11	18	16	11	13	11	21	7	19	9	20	16	16	6	6	28	18	14	8	26	2	27	12	15	16	14	15	1	7	15	11	16	1	11	24	0	13	10	9	10	11	14	13	9	6	9	7	5	11	0	0	17	14	9	8	30	15	14	20	16	9	22	20	10	0	8	22	17	13	9	11	20	11	9	15	9	11	24	15	1	2	19	27	18	21	7	12	15	25	0	15	7	8	32	12	21	32	34	4	1	9	15	6	19	21	13	24	17	28	8	14	9	21	11	22	14	17	23	29	19	27	23	25	6	10	11	12	13	20	11	9	14	12	16	11	1	5	11	9	2	4	3	19	16	11	9	13	3	5	13	8	10	1	6	9	12	14	15	4	0	9	14	12	12	12	5	22	13	22	18	27
chr9	17934013	15	22	44	26	54	23	30	26	16	38	63	19	48	21	85	28	23	17	29	25	10	15	101	18	24	27	24	31	24	16	16	21	38	9	11	19	46	22	30	15	41	30	7	25	14	14	25	23	11	21	54	20	28	43	36	33	23	5	20	25	4	12	11	35	19	26	23	56	26	2	4	27	23	26	23	10	43	21	27	40	37	41	15	33	19	7	21	38	9	41	30	22	23	30	63	32	36	66	28	32	2	46	41	34	8	44	45	29	20	17	45	31	46	47	60	52	27	23	37	23	35	25	33	27	49	18	12	28	25	11	41	21	20	44	34	20	25	29	38	24	23	22	21	16	37	2	33	5	44	30	31	38	26	20	20	38	30	35	26	25	25	17	21	2	36	31	30	18	22	31	25	25	21	12	28	37	10	16	24	26	20	28	15	48	19	1	9	35	28	35	25	45	21	18	0	13	4	15	22	20	10	25	5	20	9	19	21	9	22	3	0	16	27	11	18	16	11	13	11	21	7	19	9	20	16	16	6	6	29	18	14	8	26	2	27	12	17	16	14	15	1	7	15	11	17	1	11	24	0	13	11	10	10	11	14	13	9	6	9	7	5	11	0	0	16	14	9	8	30	15	14	20	16	10	22	20	10	0	8	22	17	13	9	11	20	11	9	15	9	11	24	15	1	2	19	27	18	21	7	12	15	25	0	15	7	8	32	12	21	32	34	4	1	9	15	6	19	21	13	23	17	28	8	14	9	21	11	22	14	17	23	29	19	27	23	25	6	10	11	12	13	20	11	9	14	12	16	11	1	5	11	9	2	4	3	19	16	11	9	13	3	5	13	8	10	1	6	9	12	13	15	4	0	9	14	12	12	12	5	22	13	22	17	27
chr9	17934014	17	24	46	27	55	23	33	27	16	39	66	21	51	23	86	31	25	18	32	27	11	15	109	19	24	29	24	32	26	17	19	21	40	10	14	21	47	23	30	17	40	30	7	27	15	14	25	23	12	20	55	20	29	46	36	33	23	5	21	25	4	14	13	37	20	26	23	57	26	2	4	29	24	25	23	12	45	21	29	42	41	44	16	34	19	8	22	41	11	43	32	22	23	33	65	36	36	67	30	34	2	48	42	33	8	46	46	31	20	19	45	33	47	51	62	57	27	23	39	26	35	26	33	29	52	20	12	29	25	11	46	22	22	44	37	23	26	32	40	25	23	23	23	16	37	2	34	5	44	32	33	42	28	20	21	45	30	36	27	25	25	20	24	2	37	31	30	23	24	31	26	27	21	11	29	42	10	16	25	27	21	29	16	49	19	2	9	35	29	37	25	44	22	19	0	13	4	15	22	20	9	25	5	19	9	21	22	9	24	3	0	17	27	11	18	19	10	15	13	24	8	19	9	21	17	16	8	8	28	19	14	8	28	2	28	12	18	16	14	18	1	7	15	11	17	1	11	25	0	12	11	11	10	11	14	13	10	7	13	8	5	11	1	0	17	13	10	7	30	17	15	21	17	10	23	22	10	0	8	22	17	13	11	12	21	12	10	18	9	11	25	15	1	2	19	27	17	21	8	12	17	24	0	15	7	8	33	12	22	31	36	4	2	9	15	6	20	21	13	23	18	29	8	14	9	21	11	23	14	19	23	29	19	29	23	23	6	11	10	13	15	21	11	9	13	13	16	12	1	5	11	9	2	5	3	18	18	11	9	13	4	7	13	8	10	1	6	9	13	14	15	4	0	9	14	12	12	12	5	24	15	23	18	28
chr9	17934015	17	24	48	27	56	23	34	27	16	39	67	20	50	23	86	33	25	18	33	28	11	15	116	20	25	29	24	34	28	17	19	21	40	10	14	21	47	25	30	18	40	30	7	28	15	14	28	24	12	20	59	20	29	47	37	33	23	5	21	25	4	15	13	39	20	28	23	57	26	2	4	29	24	25	24	12	47	21	28	42	41	45	19	36	19	8	24	41	12	44	32	22	25	33	65	37	38	68	30	34	2	48	43	35	8	48	46	31	22	21	45	33	47	51	62	57	28	23	39	27	35	28	34	29	49	20	12	29	24	11	46	22	22	44	39	24	26	32	40	26	25	23	23	15	38	2	34	5	44	32	34	42	30	21	22	46	30	37	28	27	26	21	26	2	39	32	30	23	24	32	26	29	21	11	29	43	10	16	26	27	23	29	16	49	19	2	8	37	29	39	25	46	22	19	0	13	4	15	22	21	9	25	5	20	9	24	22	9	25	3	0	17	27	11	17	19	11	15	13	23	8	20	8	21	17	16	9	8	27	19	14	8	28	2	28	15	18	17	14	18	1	6	15	11	17	1	11	25	0	12	11	11	10	11	14	13	10	7	13	9	5	11	1	1	17	13	11	7	30	17	15	21	18	11	23	23	11	0	8	21	18	13	11	12	21	12	10	20	9	11	25	15	1	2	19	27	17	21	8	13	17	24	0	15	7	8	34	12	22	31	38	4	2	9	15	6	20	21	13	23	19	29	8	14	10	21	11	23	14	20	23	29	19	29	23	24	6	13	10	13	15	21	12	9	14	13	16	12	1	5	11	10	4	5	3	18	18	11	9	13	4	7	14	8	10	1	6	9	13	14	16	4	0	9	14	12	13	12	5	24	15	23	18	28
chr9	17934016	16	24	48	26	55	23	33	27	16	37	65	19	48	23	86	31	25	18	33	29	11	14	113	20	25	29	24	31	28	17	19	21	39	10	14	18	45	25	30	17	38	30	7	28	15	14	29	24	12	19	59	20	29	47	36	33	22	5	21	25	4	15	13	39	20	28	22	57	26	2	4	29	24	25	22	12	47	21	28	40	41	45	18	36	18	8	24	41	12	44	31	22	24	33	62	36	38	68	30	34	1	48	43	35	7	47	46	29	22	21	45	33	45	51	62	57	28	23	40	27	34	27	34	29	48	20	12	26	24	11	43	21	21	42	39	24	26	32	40	26	25	23	23	15	36	2	33	5	44	32	35	41	31	21	21	44	29	37	28	27	26	20	26	2	40	32	30	23	23	31	25	28	20	11	29	42	10	16	25	23	23	28	17	46	17	2	9	36	27	39	25	46	23	19	0	12	4	15	22	21	9	24	5	20	9	23	22	9	25	3	0	16	27	10	18	19	11	16	13	23	8	20	8	21	17	16	8	8	26	18	14	8	28	2	24	14	19	17	14	18	1	6	13	10	17	1	11	24	0	11	11	9	10	11	14	12	9	7	13	9	5	10	1	1	16	11	11	7	30	17	14	21	18	11	23	23	10	0	8	21	18	13	11	12	21	12	10	18	8	11	25	13	1	2	19	26	17	18	8	12	17	24	0	15	7	8	34	12	21	30	37	4	2	9	15	6	19	21	13	23	19	29	8	14	9	21	11	23	15	19	22	26	19	29	23	24	6	12	10	13	15	21	12	9	14	13	16	12	1	5	11	10	4	5	3	19	16	11	9	13	4	7	14	8	10	2	6	8	13	14	16	4	0	8	14	12	12	12	5	24	15	22	17	28
chr9	17934017	16	24	48	26	55	23	33	27	16	37	65	19	48	23	87	29	25	18	33	29	11	14	113	20	25	29	24	31	28	17	19	21	39	10	14	18	43	24	30	15	36	30	7	28	15	14	29	24	12	19	59	20	29	47	36	33	22	5	22	25	4	15	13	39	20	29	22	57	26	2	4	29	24	25	22	12	47	21	28	40	41	45	18	36	18	8	24	41	12	44	31	22	24	33	62	36	38	68	30	34	1	48	42	35	7	47	45	29	22	21	46	33	45	51	62	57	28	23	40	27	35	27	34	29	48	20	12	26	24	11	43	21	21	41	39	24	26	32	39	26	25	23	23	15	36	2	33	5	44	32	35	41	31	21	21	42	29	37	28	27	26	19	24	2	40	32	29	23	23	31	25	27	20	11	29	42	10	16	24	23	23	28	17	45	17	2	9	36	26	39	25	45	23	19	0	12	4	15	22	21	9	24	5	20	9	22	19	8	25	3	0	16	27	10	18	19	11	16	13	23	8	20	8	21	17	16	8	8	26	18	14	8	27	2	24	14	19	17	14	17	1	6	13	10	17	1	11	24	0	11	11	9	10	11	14	12	9	7	13	9	5	10	1	1	16	11	11	7	30	17	14	21	18	11	23	23	10	0	8	21	18	13	11	12	21	12	10	18	8	11	25	13	1	2	19	26	17	18	8	12	17	24	0	15	7	8	34	12	21	30	37	4	2	9	15	6	18	21	13	23	19	29	8	14	9	21	10	23	15	19	22	26	19	29	23	24	6	12	10	13	15	20	11	9	14	13	16	12	1	5	11	10	3	5	2	19	16	11	8	13	4	7	14	8	10	2	6	8	13	14	16	4	0	8	14	12	12	11	5	24	14	22	17	28
chr9	17934018	16	24	48	26	55	23	33	28	16	37	65	19	46	23	87	28	25	18	33	29	10	14	113	20	25	29	24	31	28	17	19	22	39	10	14	18	42	24	30	15	36	30	7	28	15	14	29	24	12	19	59	20	29	47	36	33	22	5	22	26	4	15	13	39	20	29	22	57	25	2	4	29	24	25	19	12	47	21	28	40	41	45	18	36	18	8	24	41	12	44	31	22	24	33	62	35	37	68	30	34	1	48	42	34	7	46	45	29	22	21	46	33	45	51	61	57	28	23	40	27	35	27	34	29	48	20	12	26	24	11	42	21	21	41	39	24	26	32	39	26	25	23	23	15	36	2	33	5	43	32	35	41	31	21	21	42	29	37	28	27	26	19	24	2	40	32	29	23	23	31	25	27	20	11	29	42	10	16	26	23	23	26	17	45	16	2	9	35	26	39	25	45	23	19	0	12	4	14	22	21	9	24	5	20	9	22	19	8	25	3	0	16	27	10	18	19	11	16	13	22	8	20	8	21	17	15	8	8	26	18	14	8	26	2	24	14	19	17	14	17	1	6	13	10	17	1	11	23	0	11	11	9	10	11	14	12	9	7	13	9	5	10	1	1	15	11	11	7	30	17	14	21	18	11	23	23	10	0	8	21	18	13	11	12	21	12	10	18	8	11	25	13	1	2	19	26	17	18	8	12	17	24	0	15	7	8	34	12	21	30	37	4	2	9	15	6	18	21	13	23	19	29	8	14	8	22	10	22	15	19	22	26	19	29	23	24	7	12	10	13	15	20	11	9	14	13	16	12	1	5	11	10	3	5	2	19	16	11	8	13	4	7	14	8	10	2	6	8	12	14	16	4	0	8	13	12	12	11	5	24	14	22	17	28
chr9	17934019	16	26	49	26	57	23	33	28	16	39	67	19	47	25	90	29	25	18	32	31	10	15	117	20	25	29	24	32	28	18	20	24	39	10	14	19	42	24	30	15	36	32	7	28	16	14	29	25	12	20	62	20	31	49	37	33	22	5	22	27	4	15	13	39	20	31	23	57	25	2	4	29	24	26	20	12	46	21	28	40	41	46	18	37	18	8	25	41	12	44	32	22	24	33	64	35	40	68	31	34	1	48	42	34	7	47	45	29	22	22	46	33	45	51	61	57	29	24	41	27	36	28	34	29	49	20	12	26	24	11	41	21	21	41	39	24	26	34	39	26	26	23	23	16	37	2	34	5	43	33	35	41	31	22	23	42	30	37	28	27	26	21	25	2	41	32	29	23	23	31	26	27	21	11	29	43	10	16	26	26	23	26	17	45	16	2	9	36	27	39	25	46	23	21	0	12	4	14	23	21	9	24	5	21	9	22	20	8	26	3	0	17	28	10	19	19	11	16	13	23	8	20	8	22	17	16	8	9	26	18	14	9	27	2	24	14	19	18	14	18	1	6	13	10	18	1	11	23	0	11	10	9	11	10	14	12	9	7	13	9	5	10	1	1	16	11	13	7	30	17	14	21	18	12	23	22	10	0	8	21	18	13	11	12	21	12	10	19	8	12	25	13	1	2	20	26	17	18	8	12	17	24	0	15	8	8	34	12	21	30	38	4	2	9	15	6	19	21	13	23	19	29	8	15	8	23	10	22	15	19	23	26	19	29	23	25	8	12	10	13	15	21	11	9	15	13	16	12	1	5	11	10	3	5	2	19	16	11	8	13	4	7	14	8	10	2	6	9	12	14	16	4	0	9	14	12	12	11	5	24	15	22	17	28
chr9	17934020	16	26	50	26	57	24	34	28	16	39	70	20	49	25	96	31	26	18	33	31	11	14	123	21	25	29	24	34	30	18	22	24	39	12	17	19	44	24	31	19	37	33	7	32	16	14	29	25	12	20	64	20	31	50	38	32	22	5	21	27	4	15	13	39	21	32	23	59	25	2	4	29	24	28	21	12	47	22	29	40	42	48	18	38	20	9	25	41	13	46	33	23	25	35	65	34	40	67	31	34	2	51	43	37	8	49	46	29	22	22	47	33	45	53	65	55	32	27	42	27	35	28	34	29	49	21	11	26	24	11	42	21	22	42	40	24	26	35	40	26	28	24	23	16	39	2	35	5	44	33	35	43	32	22	24	42	30	38	27	27	26	22	27	2	43	32	30	26	26	31	26	27	21	11	29	43	10	19	27	26	23	25	17	46	16	2	9	37	31	41	25	46	23	21	0	12	4	16	23	21	9	24	6	21	9	22	20	8	26	3	0	18	28	12	19	19	11	16	13	25	8	20	8	22	17	16	8	9	26	18	14	10	29	1	24	14	19	18	14	19	1	6	13	10	19	1	11	23	0	11	10	9	11	11	17	12	9	7	13	10	5	10	1	1	16	13	13	8	32	18	14	22	18	12	23	23	11	0	8	23	18	13	12	12	21	12	10	20	10	12	25	12	1	2	20	26	17	18	8	12	18	24	0	15	9	9	33	12	22	30	39	4	3	9	15	6	20	22	13	23	19	29	8	17	8	24	10	22	15	19	24	26	20	28	24	25	9	12	10	13	15	21	11	9	15	13	20	12	1	5	11	10	3	5	2	19	16	11	9	13	4	7	14	8	9	2	7	8	12	14	16	4	0	9	15	12	12	11	5	23	15	22	18	28
chr9	17934021	17	26	50	28	59	24	35	28	16	39	70	22	50	27	99	34	26	18	34	34	13	14	128	21	27	31	24	34	31	18	23	24	39	12	17	20	48	24	31	19	38	37	7	32	17	14	31	25	12	20	64	24	32	52	40	32	23	5	22	28	4	17	12	43	22	32	23	59	25	2	4	29	24	28	23	14	47	22	29	42	43	48	20	39	20	10	26	41	13	48	34	24	26	38	66	35	40	68	32	34	2	52	43	38	8	51	47	30	22	22	47	34	46	54	68	56	33	30	42	27	37	28	33	31	51	21	11	26	26	11	42	21	22	42	40	24	26	37	40	27	28	26	23	16	41	2	34	5	45	33	36	43	34	22	24	42	32	38	27	27	26	22	27	2	44	32	31	26	28	31	28	27	21	11	30	44	10	20	28	26	23	26	17	47	16	2	9	38	31	43	27	46	23	21	0	12	5	16	25	20	9	25	7	21	9	24	20	8	26	3	0	19	28	12	20	19	11	16	13	25	8	20	8	22	18	17	8	9	28	18	15	10	30	1	25	14	19	18	14	20	1	6	12	11	19	1	12	24	0	12	10	9	11	11	17	13	9	7	14	10	5	11	1	1	17	13	15	9	33	18	14	24	19	14	23	23	11	0	7	24	19	13	14	13	21	12	10	20	11	12	25	12	1	2	20	25	17	19	8	12	18	24	0	15	9	9	37	12	22	30	39	4	3	10	15	7	20	22	13	23	19	29	8	18	8	24	11	21	15	19	24	26	20	28	26	25	9	12	10	13	15	22	11	9	17	13	20	13	1	6	11	11	3	6	2	19	18	11	11	13	4	7	14	8	9	2	8	8	12	14	16	5	0	9	15	12	12	10	5	23	16	22	20	28
chr9	17934022	17	26	48	27	58	24	35	28	16	40	71	22	49	27	98	34	26	18	34	34	13	14	126	20	27	30	23	35	31	18	21	23	39	12	19	20	48	24	31	18	38	37	7	32	16	15	30	25	12	20	64	24	31	52	40	31	23	5	22	28	4	17	12	43	22	33	23	59	24	2	4	29	24	28	23	14	47	22	30	42	42	48	20	39	20	10	26	41	12	48	34	24	25	38	65	35	40	68	31	33	2	51	43	36	8	50	46	29	22	22	47	35	45	54	68	55	33	30	42	26	37	28	33	29	50	21	11	25	26	11	42	22	22	42	40	23	26	35	40	27	28	25	24	16	41	2	34	5	45	34	37	42	34	21	24	42	32	38	27	26	26	23	26	2	41	30	30	24	28	31	27	27	20	11	28	44	10	19	27	26	23	26	17	46	16	2	8	38	31	41	27	46	22	20	0	12	4	16	25	20	9	25	7	21	9	24	20	8	26	3	0	19	27	11	20	19	11	16	13	25	6	20	8	22	18	17	8	9	28	18	15	10	31	1	25	14	19	17	14	20	1	6	12	10	19	1	12	24	0	12	10	9	11	11	17	13	9	7	15	10	5	11	1	1	17	13	15	9	32	18	13	24	18	14	23	23	10	0	7	24	19	12	14	13	21	12	9	20	11	12	25	12	1	2	19	22	16	19	8	12	18	23	0	15	9	9	36	12	22	30	39	4	3	10	14	6	19	22	13	23	19	29	7	18	8	24	11	21	15	19	24	26	19	27	26	26	10	12	10	13	15	22	11	9	17	12	19	13	1	6	11	11	3	6	2	17	18	11	11	13	4	7	14	8	9	2	8	8	12	14	16	5	0	9	15	11	12	10	5	22	16	21	20	28
chr9	17934023	17	25	47	27	58	24	35	28	16	37	71	22	49	27	98	34	26	18	34	34	13	13	126	20	27	30	23	33	31	18	21	23	39	11	19	20	48	24	31	18	38	37	7	32	15	15	30	25	12	20	64	24	31	52	40	31	23	4	21	26	4	17	12	42	21	33	23	59	24	2	4	29	24	28	23	14	47	21	30	40	42	48	20	38	20	10	26	41	12	48	34	22	25	39	65	35	40	68	31	33	2	51	43	36	8	50	43	29	22	22	47	35	45	53	67	55	33	30	40	26	37	28	33	29	50	21	11	24	26	11	42	22	22	41	40	23	26	35	40	27	28	25	24	16	40	2	34	5	45	34	35	42	34	21	24	42	32	38	27	26	25	23	26	2	41	30	30	24	28	31	27	27	20	11	28	44	10	18	26	26	23	26	16	46	16	2	8	38	31	41	27	45	22	20	0	12	4	16	25	19	9	25	7	21	9	23	20	8	26	3	0	18	27	11	20	19	11	16	13	25	6	19	8	22	18	16	8	9	28	18	15	10	31	1	25	14	19	17	14	20	1	6	12	10	19	1	12	24	0	11	10	9	11	11	17	13	9	7	15	10	5	11	1	1	17	13	15	9	32	18	13	24	18	13	23	23	10	0	7	24	19	12	14	13	20	12	9	20	11	12	25	12	1	2	19	22	14	19	8	12	18	23	0	15	9	9	36	12	22	30	39	4	3	10	14	6	19	22	13	22	19	29	7	18	8	24	11	21	15	19	24	26	19	27	26	26	10	12	10	13	15	22	11	8	17	12	19	13	1	6	11	11	3	6	2	17	18	11	11	13	4	7	14	8	9	2	8	8	12	14	16	5	0	9	15	11	11	10	5	22	16	20	20	27
chr9	17934024	17	25	48	27	58	25	36	28	16	38	71	22	50	27	101	35	26	18	34	34	13	13	132	20	27	30	24	32	29	19	21	24	41	11	21	20	49	24	33	18	39	39	7	32	15	15	31	28	12	20	67	24	31	54	41	31	24	4	21	28	4	16	15	43	22	32	23	60	26	2	4	30	24	28	23	14	47	21	31	41	43	48	21	38	22	10	26	41	12	48	34	22	26	41	66	36	41	72	31	33	2	51	44	37	8	51	43	31	26	25	46	35	46	55	68	56	33	30	40	26	39	28	34	29	53	21	11	24	26	10	42	23	22	43	40	23	25	35	39	28	28	25	27	17	43	2	35	5	45	34	35	42	34	20	25	43	32	38	27	26	25	23	26	2	41	31	29	25	28	34	28	30	21	12	28	43	10	18	27	26	23	27	16	43	16	2	8	39	31	41	29	44	22	20	0	12	5	16	25	19	9	25	7	21	8	25	21	8	27	3	0	18	27	11	20	19	11	16	13	26	6	21	7	22	18	16	8	9	29	18	16	10	31	2	25	14	18	17	14	21	1	6	12	11	19	1	13	25	0	11	10	10	11	11	18	13	9	7	15	11	5	11	1	1	18	13	17	9	32	19	13	25	18	14	24	25	11	0	7	24	20	12	14	13	19	12	9	21	11	12	26	12	1	2	19	23	14	20	8	12	18	23	0	14	9	9	36	12	22	31	41	4	3	10	14	6	21	21	13	23	19	29	7	18	8	25	12	21	16	19	26	27	20	26	26	28	10	12	10	14	15	22	11	8	17	12	19	13	1	6	11	12	3	6	2	19	18	11	13	13	4	7	15	8	9	2	8	8	12	14	16	5	0	9	15	11	13	10	5	22	16	20	20	27
chr9	17934025	17	25	49	30	59	26	37	28	16	40	72	23	50	28	103	35	29	18	35	36	13	14	138	21	27	30	24	34	30	21	22	23	42	11	21	20	55	24	34	18	41	40	8	32	15	15	32	29	12	23	69	24	31	56	41	31	25	4	22	28	4	18	15	44	23	34	24	62	27	2	6	33	24	28	25	14	50	23	31	43	45	52	22	38	26	10	26	42	12	48	34	23	27	42	68	37	44	74	32	34	2	54	48	38	8	52	44	33	26	25	47	37	48	55	69	57	33	30	41	26	42	32	34	31	53	22	11	26	28	11	44	23	22	43	40	24	25	36	41	28	28	26	27	19	43	2	35	6	45	35	36	43	36	21	25	43	35	39	27	26	26	23	28	2	44	34	29	28	28	34	29	31	21	12	28	45	12	18	27	27	23	28	18	45	16	2	8	40	31	44	30	48	22	22	0	12	5	16	27	19	9	28	8	22	8	27	22	8	27	3	0	18	27	11	21	19	11	16	13	27	7	21	8	23	18	15	9	10	30	19	18	10	31	2	25	14	19	17	14	22	1	6	12	11	20	1	14	25	0	12	10	10	11	12	18	13	9	8	16	11	5	11	1	1	19	13	17	10	34	20	16	25	19	15	26	26	11	0	7	26	22	13	14	13	19	12	10	21	11	12	27	14	1	2	19	23	15	20	9	12	18	24	0	14	9	9	36	15	24	33	41	4	4	11	14	7	21	21	14	23	22	29	7	19	9	25	12	21	16	21	26	28	22	26	27	29	10	13	10	15	15	23	11	8	17	14	19	13	1	6	11	12	3	5	2	19	18	12	13	13	4	7	15	8	9	3	8	13	12	14	17	5	0	9	15	11	13	13	5	22	17	20	20	28
chr9	17934026	17	26	49	30	60	26	37	28	16	41	72	23	50	28	104	35	29	18	35	36	13	14	138	21	27	30	24	34	30	21	22	23	42	11	21	20	56	24	35	18	40	40	8	32	15	16	32	29	12	24	69	25	31	57	41	34	25	4	23	28	4	18	15	44	23	34	24	64	27	2	6	33	24	28	25	14	50	23	32	45	45	52	22	38	26	10	26	42	12	48	34	23	28	42	70	38	44	75	32	34	2	54	48	38	8	51	43	34	26	25	47	37	48	55	70	57	33	30	41	26	42	32	34	31	53	22	11	26	28	11	44	24	22	43	40	24	25	36	41	28	27	26	27	19	43	2	35	6	44	35	36	42	35	21	25	43	36	39	27	25	26	23	28	2	44	34	29	28	28	34	29	31	21	12	28	45	12	18	28	27	23	28	18	45	16	2	8	41	31	44	30	49	22	22	0	13	5	16	27	19	9	28	8	22	8	27	21	8	27	3	0	18	27	11	20	19	11	16	13	27	7	21	8	23	18	15	9	10	30	19	18	10	31	2	25	14	19	17	14	22	1	6	12	11	20	1	14	25	0	12	10	10	11	12	18	13	9	8	16	11	5	12	1	1	19	13	17	10	34	20	16	26	20	15	26	26	11	0	7	26	22	13	14	13	19	12	10	21	11	12	27	14	1	2	19	23	15	20	9	13	18	24	0	14	9	9	36	15	24	33	41	4	4	11	14	7	21	21	14	23	21	31	7	19	9	25	12	21	16	21	26	28	22	26	27	29	10	13	10	15	15	23	11	8	17	14	18	13	1	6	11	12	3	5	2	19	18	12	13	13	4	7	14	8	9	3	7	13	12	14	17	5	0	9	15	11	13	13	5	23	17	22	20	28
chr9	17934027	17	25	49	30	60	26	37	28	16	41	72	23	49	28	108	35	29	17	34	36	13	14	138	21	27	30	24	34	30	21	22	23	42	11	21	20	55	24	35	18	40	40	8	32	15	16	32	29	12	24	69	25	31	57	39	34	25	4	23	28	4	18	15	44	23	34	24	64	27	2	6	33	24	28	25	14	50	23	32	45	45	52	22	38	26	10	25	42	12	48	34	23	28	41	70	39	44	75	32	34	2	54	48	38	9	51	43	35	26	25	47	35	47	55	70	57	33	30	41	26	42	32	33	31	53	22	11	26	28	11	44	24	22	43	40	24	25	36	41	28	27	26	27	19	43	2	35	6	44	35	36	42	35	21	25	43	36	39	26	25	26	24	28	2	44	34	29	28	28	34	29	31	21	12	28	45	12	18	28	27	23	28	18	45	16	2	8	41	31	44	30	49	22	22	0	13	5	16	27	19	9	28	8	22	8	27	21	8	27	3	0	18	27	11	20	19	11	16	13	27	7	21	8	23	18	15	9	10	30	19	17	10	31	2	25	14	19	17	14	22	1	6	12	11	20	1	14	25	0	12	10	10	11	12	18	13	9	8	17	11	5	12	1	1	19	13	17	10	34	20	16	26	20	15	26	26	11	0	7	26	22	13	14	13	20	12	10	21	11	12	27	14	1	2	19	24	15	20	10	13	18	24	0	14	9	9	36	15	24	33	40	4	4	11	14	7	21	21	14	22	21	31	7	19	9	25	13	21	16	21	26	28	22	26	27	29	10	13	10	14	15	23	11	8	17	14	18	12	1	6	11	12	3	5	2	19	18	10	13	13	4	7	14	8	9	3	7	14	12	14	17	5	0	9	15	11	13	13	5	23	17	22	20	28
chr9	17934028	17	25	49	30	60	26	37	28	16	41	72	23	49	28	108	35	29	17	34	36	13	14	137	21	27	30	24	34	30	21	22	23	42	11	21	20	55	24	35	18	40	40	8	32	15	16	32	29	12	24	68	25	31	57	39	34	25	4	23	28	4	18	15	44	23	34	24	64	27	2	6	33	24	28	25	14	50	23	32	45	45	52	22	38	26	10	25	42	12	48	34	23	28	41	69	39	44	75	32	34	2	54	48	38	9	51	43	35	26	25	47	35	47	54	70	57	33	30	41	26	42	31	33	31	53	22	11	26	28	11	44	24	22	43	40	24	25	36	41	28	27	26	27	19	43	2	35	6	43	35	36	42	35	21	25	43	36	39	26	25	26	24	28	2	44	34	29	28	28	34	29	31	21	12	28	45	12	18	28	27	23	28	18	45	16	1	8	41	31	44	30	49	22	22	0	13	5	16	27	19	9	28	8	22	8	26	21	8	27	3	0	18	27	11	20	19	11	16	13	27	7	21	8	23	18	15	9	10	30	19	17	10	31	2	25	14	19	17	14	22	1	6	12	11	20	1	14	25	0	12	10	10	11	12	18	13	9	8	18	11	5	12	1	1	19	13	17	10	34	20	16	26	20	15	25	26	11	0	7	26	21	13	14	13	20	12	10	20	11	12	27	14	1	2	19	24	15	20	10	13	18	24	0	14	9	9	36	15	24	33	40	4	4	11	14	7	21	21	14	22	21	31	7	19	9	25	13	21	16	21	26	28	22	26	27	29	10	13	10	14	15	23	11	8	17	14	18	12	1	6	11	12	3	5	2	19	18	10	13	13	4	7	14	8	9	3	7	14	12	14	17	5	0	9	15	11	13	13	5	23	17	22	20	28
chr9	17934029	17	25	50	30	60	26	38	29	16	41	70	25	50	28	109	35	30	17	34	36	14	14	136	21	29	30	22	36	30	21	23	24	39	11	21	21	56	24	36	18	40	37	9	33	15	18	33	28	13	24	67	25	31	58	41	35	25	5	24	29	4	18	16	45	23	34	24	65	28	2	6	34	24	29	25	13	51	24	33	46	47	54	22	38	27	10	25	43	12	47	36	24	28	42	71	40	45	77	33	35	2	53	49	36	9	51	43	36	27	26	47	36	46	55	70	59	33	32	41	26	40	31	33	32	52	21	11	28	30	12	45	24	22	43	42	25	25	36	43	29	28	27	28	19	43	2	35	6	44	35	36	43	36	22	25	42	38	39	25	28	26	24	28	2	43	34	28	29	28	34	30	31	21	11	28	46	13	18	28	27	23	29	18	44	16	1	8	41	32	45	29	49	22	21	0	14	5	15	27	20	9	28	8	22	7	26	21	7	28	3	0	19	28	11	19	19	11	16	12	26	7	21	9	24	18	15	10	10	29	19	18	11	31	2	25	13	20	17	13	22	1	6	12	11	19	1	14	25	0	12	11	10	10	12	18	12	9	8	18	11	4	12	1	1	19	13	18	10	34	19	16	26	20	17	24	26	11	0	7	27	21	13	15	13	19	14	10	20	11	12	28	13	1	2	19	25	15	19	10	13	19	24	0	14	9	9	36	15	25	33	39	4	4	11	13	7	21	22	14	22	21	31	7	20	8	24	13	20	16	21	26	28	22	26	26	26	10	14	10	14	16	23	11	8	15	14	18	12	1	6	12	12	3	5	2	20	16	10	13	14	6	7	14	8	9	3	7	13	12	13	17	5	1	9	15	11	13	14	5	23	15	22	20	29
chr9	17934030	17	25	51	30	61	26	38	29	17	40	70	25	50	28	110	35	31	17	34	36	14	15	136	21	29	30	22	36	30	21	25	24	39	11	21	21	56	25	37	18	40	37	9	34	15	18	33	28	13	23	67	26	32	58	41	35	25	5	24	29	3	19	16	45	25	34	25	65	28	2	5	35	24	29	25	13	52	24	34	46	47	54	22	38	28	10	26	42	12	47	36	24	28	43	72	40	48	76	36	35	2	53	49	36	9	52	43	37	28	26	50	37	47	55	72	59	33	32	42	26	40	31	33	32	53	21	11	28	32	12	45	24	25	44	42	25	25	36	43	30	28	27	28	21	43	2	35	6	44	35	35	44	37	22	25	43	38	39	24	28	27	25	28	2	43	34	27	29	28	34	31	31	21	11	29	46	13	17	29	27	24	29	20	44	16	1	8	41	33	46	29	50	23	21	0	14	5	15	27	20	9	28	8	22	7	26	21	7	28	3	0	19	28	11	20	19	11	16	12	27	7	21	9	24	18	15	10	11	30	19	18	13	32	3	25	13	20	17	13	22	1	6	12	11	21	1	14	25	0	13	12	11	10	12	18	12	9	8	18	11	4	12	1	1	19	13	18	11	34	19	16	26	20	17	24	27	11	0	7	27	21	13	15	13	19	14	10	20	11	12	28	13	1	3	19	25	15	19	10	13	19	24	0	14	9	9	36	15	25	33	39	5	4	11	13	7	21	22	15	22	21	31	7	21	8	24	13	21	16	21	26	28	23	26	26	26	10	14	10	14	16	23	11	8	15	14	18	12	1	6	12	12	3	5	2	21	16	11	13	14	6	7	14	8	8	3	7	13	13	13	17	5	1	9	15	11	13	14	5	23	15	22	20	29
chr9	17934031	20	34	63	38	87	34	51	39	24	52	80	38	67	36	140	50	39	22	42	44	20	16	178	30	42	40	33	57	42	24	33	37	57	18	30	28	73	28	44	33	58	46	11	44	17	22	42	40	18	39	84	33	42	73	48	48	34	6	29	40	4	22	26	55	29	40	31	85	39	2	5	47	28	40	31	17	66	29	47	57	61	67	35	48	31	13	33	53	19	61	39	29	35	49	94	57	64	91	46	49	2	58	60	46	15	62	52	58	30	30	62	44	59	67	88	70	39	38	52	28	52	45	52	38	63	29	13	36	42	15	62	35	31	55	50	35	36	42	49	41	34	32	47	28	55	2	44	9	49	41	43	49	43	27	35	48	52	54	31	36	34	31	38	2	53	49	35	38	37	39	37	40	30	18	40	52	27	19	40	33	31	41	32	53	20	1	8	46	40	61	37	72	29	23	0	25	8	21	34	29	15	41	13	29	8	30	23	12	39	3	1	27	33	22	24	25	22	26	18	34	15	26	13	33	22	24	14	14	41	23	19	19	40	7	26	21	26	21	19	26	1	9	14	17	29	2	19	26	0	20	17	11	15	17	25	17	15	8	26	13	10	15	1	1	28	14	26	15	41	28	20	32	25	29	27	34	11	0	8	34	24	16	17	16	26	16	12	28	15	15	34	19	2	4	25	25	18	24	12	16	19	26	0	20	12	16	40	20	32	38	49	7	6	13	18	11	22	27	15	27	26	36	8	22	13	29	16	32	23	24	29	34	25	32	27	30	12	18	13	17	18	30	14	8	20	15	22	18	1	7	15	13	4	6	3	23	21	12	19	14	6	9	16	8	8	3	17	22	13	18	19	5	1	10	21	13	17	17	5	27	16	26	29	40
chr9	17934032	20	34	63	38	86	34	51	39	24	52	80	38	67	36	140	50	39	22	42	44	20	16	178	30	42	40	33	57	42	24	33	37	57	18	30	28	73	28	44	33	58	46	11	44	17	22	42	40	18	39	84	33	42	73	48	48	34	6	29	40	4	22	26	55	29	39	31	85	39	2	5	47	28	40	31	17	66	29	47	57	61	67	35	48	30	13	33	53	19	61	38	29	35	49	94	57	64	91	46	49	2	58	60	46	15	62	52	57	30	30	62	44	59	67	88	70	38	38	52	28	52	45	52	38	63	29	13	36	42	15	62	35	29	55	50	35	36	42	49	41	34	32	47	28	55	2	44	9	49	41	43	48	43	27	35	48	52	54	31	36	34	31	38	2	54	49	35	38	37	39	36	40	30	18	40	52	27	19	40	32	31	41	32	53	20	1	8	46	40	61	37	72	29	23	0	25	8	21	34	29	16	41	13	29	8	30	23	11	39	3	1	27	33	22	24	25	22	26	18	34	15	26	13	33	22	24	14	14	41	23	19	19	40	7	26	21	26	21	19	26	1	9	14	17	29	2	19	26	0	20	17	11	15	17	25	17	15	8	26	13	10	15	1	1	28	14	26	15	41	28	20	32	25	29	27	34	11	0	8	34	24	16	17	16	26	15	12	28	15	15	34	19	2	4	25	25	18	24	12	16	19	27	0	20	12	16	40	20	32	38	49	7	6	13	18	11	22	27	15	27	26	36	8	22	13	29	16	32	23	24	29	33	25	32	27	30	12	18	13	17	18	30	14	8	20	15	22	18	1	7	15	13	4	6	3	23	21	12	19	14	6	9	16	8	8	3	17	22	13	18	19	5	1	10	21	13	17	17	5	27	16	26	29	40
chr9	17934033	20	35	65	38	91	34	51	41	26	53	83	41	70	38	144	51	39	27	46	45	20	16	190	33	43	44	34	64	43	25	33	38	60	21	33	30	79	28	48	36	60	47	12	49	17	26	46	40	20	41	87	36	42	74	50	50	36	6	29	42	4	25	27	58	29	41	31	88	40	2	5	50	28	40	33	17	67	32	50	59	65	68	38	51	34	13	36	57	20	66	38	29	36	54	97	59	65	97	45	49	2	59	65	50	15	67	53	58	32	33	62	45	61	71	89	71	40	40	54	28	55	48	57	38	66	29	13	36	43	15	64	35	29	57	58	36	37	43	52	41	35	34	50	28	59	2	45	11	50	45	46	53	46	29	38	52	54	56	35	36	34	32	38	2	56	49	38	39	37	40	37	42	30	18	41	54	27	20	42	32	32	43	32	57	22	1	8	46	42	63	37	76	29	23	0	27	9	24	35	29	16	43	14	30	8	31	23	11	41	3	1	29	33	23	25	25	25	27	18	35	15	27	13	33	23	24	14	14	41	25	20	19	44	7	27	26	26	22	22	25	1	10	16	17	30	2	20	28	0	20	21	11	16	18	25	18	15	8	26	13	11	15	1	1	28	16	27	15	42	28	21	35	27	32	27	37	13	0	8	35	24	16	17	16	27	15	13	29	16	15	34	19	2	5	26	26	19	26	12	16	19	28	0	20	13	17	41	22	35	38	54	7	6	14	18	11	23	28	16	27	29	37	8	23	15	30	16	35	25	24	33	33	27	32	27	33	12	18	13	17	18	30	16	8	21	15	23	18	1	7	15	14	4	6	3	24	22	12	21	14	6	9	17	8	8	3	17	23	16	18	20	6	1	10	22	13	17	18	7	27	16	26	29	40
chr9	17934034	20	35	66	38	91	34	51	42	26	53	83	41	69	38	144	51	39	27	45	45	20	16	190	33	43	44	34	64	43	25	33	38	60	21	33	30	79	28	48	36	60	46	12	49	17	26	46	40	20	41	88	36	42	74	50	49	36	6	29	42	4	25	27	57	29	41	31	87	40	2	5	50	28	40	33	17	66	32	50	59	65	68	39	51	34	13	36	57	20	66	38	29	36	53	98	59	65	97	45	49	2	59	65	49	15	67	53	58	32	33	62	45	60	71	89	72	40	40	54	28	55	48	57	37	66	28	13	36	44	14	64	35	29	56	58	36	37	43	52	41	35	34	50	28	59	2	47	11	50	45	46	53	46	29	37	52	54	56	36	36	34	32	38	2	54	49	38	39	37	40	37	43	30	19	41	54	27	20	42	32	32	43	32	57	22	1	8	46	42	63	37	76	29	23	0	27	9	24	35	30	16	43	15	30	8	31	23	11	41	3	1	29	33	23	24	25	25	27	18	34	15	27	13	33	23	25	15	14	41	25	20	19	44	7	27	26	26	22	21	25	1	10	16	17	30	2	20	28	0	20	21	12	16	18	25	18	15	7	26	13	11	15	1	1	28	16	27	15	43	28	21	35	27	33	28	38	13	0	8	36	24	16	17	16	27	15	13	29	16	15	34	19	2	5	26	26	20	26	12	16	19	28	0	20	13	17	41	22	35	38	54	7	6	14	18	13	23	28	16	27	28	37	8	23	15	31	16	35	25	24	33	33	27	32	27	33	12	17	13	17	18	30	16	8	21	15	23	18	1	7	15	14	4	6	3	24	22	12	20	14	6	9	17	8	8	3	17	23	16	18	20	6	1	10	22	13	17	18	7	27	16	26	28	40
chr9	17934035	20	35	66	37	92	35	51	43	26	54	84	42	69	38	143	53	40	27	45	45	20	16	190	33	43	44	34	64	43	25	33	38	60	21	33	30	78	28	48	36	60	45	12	50	17	26	45	40	20	41	89	36	42	73	50	50	37	6	29	42	4	25	27	56	29	41	31	87	40	2	5	51	29	40	33	17	66	32	51	59	65	71	39	51	34	13	36	57	20	67	38	29	36	53	99	59	65	98	46	49	2	59	63	49	15	67	53	58	34	33	62	45	62	72	90	72	42	40	54	29	56	48	57	37	66	28	13	36	44	14	66	35	29	56	57	36	37	43	53	42	35	34	50	28	59	2	47	11	51	45	46	52	46	29	37	52	54	56	36	36	34	32	39	2	55	49	38	39	37	42	37	43	31	19	41	55	27	21	42	32	33	43	32	57	23	1	8	47	42	63	38	76	29	23	0	27	9	24	35	30	16	43	15	30	8	31	23	11	41	3	1	29	33	23	24	25	25	27	18	34	16	27	13	33	23	26	15	14	41	25	20	19	44	7	27	26	26	22	21	25	1	10	15	17	30	2	20	28	0	20	21	12	16	18	25	18	15	7	26	13	11	15	1	1	28	16	27	15	43	28	21	35	27	33	26	38	13	0	8	36	25	17	17	16	27	14	13	30	16	15	34	19	2	5	26	26	20	26	12	16	19	29	0	20	13	17	41	22	35	37	54	7	6	15	19	13	23	28	16	27	30	38	8	23	15	32	16	35	25	24	34	33	26	32	27	33	12	17	13	17	18	32	16	9	21	15	23	18	1	7	16	14	4	6	3	24	22	12	20	13	6	9	17	8	8	3	17	23	16	18	20	6	1	10	22	13	17	18	7	27	16	26	28	40
chr9	17934036	21	35	68	38	95	35	51	43	26	55	86	42	69	38	145	55	40	32	45	46	21	17	192	36	44	45	34	64	43	25	34	39	62	21	33	31	79	28	48	36	60	46	13	50	18	26	45	40	20	42	91	38	44	74	50	51	37	6	29	42	4	25	28	57	30	42	33	89	40	2	5	54	31	39	34	18	67	34	51	60	67	71	39	51	36	14	36	59	20	68	38	29	37	54	100	60	65	100	45	49	2	60	66	49	15	68	53	58	36	33	62	45	64	73	91	71	45	40	54	29	57	50	57	38	66	29	13	36	44	14	70	35	29	56	58	39	37	45	54	45	35	35	53	28	58	2	47	11	51	45	46	52	47	29	38	52	54	56	37	36	35	32	40	2	55	49	39	43	38	44	37	46	31	19	42	56	27	21	43	32	33	43	32	58	23	1	8	47	43	64	39	78	29	23	0	27	9	25	36	31	16	44	15	30	8	32	25	11	41	3	1	29	33	23	25	26	27	28	18	35	16	27	13	34	23	28	15	14	42	25	20	19	45	7	27	26	26	23	21	26	1	10	16	18	30	2	20	28	0	21	21	12	17	18	25	18	15	7	26	14	11	15	1	1	28	16	28	15	43	28	21	35	28	33	25	40	13	0	8	37	25	18	18	16	27	14	13	30	17	15	34	19	2	5	26	26	22	26	12	16	19	30	0	20	13	18	41	23	35	37	54	7	6	15	19	13	23	29	17	27	30	39	8	24	15	33	17	35	25	25	34	33	27	33	27	33	13	17	12	17	19	32	15	9	22	15	23	18	1	7	16	15	4	6	3	24	22	12	20	13	6	9	17	8	8	3	17	23	15	18	20	6	1	10	22	14	17	19	8	28	17	27	28	40
chr9	17934037	21	34	70	38	95	35	51	43	26	55	87	42	69	38	145	55	40	32	45	46	21	17	192	35	44	45	34	64	43	25	34	39	62	21	34	31	79	28	48	36	60	46	13	50	18	26	45	40	20	42	91	38	44	74	50	51	37	6	29	42	4	25	28	57	30	42	33	89	40	2	5	54	32	38	34	18	67	34	51	61	67	71	39	51	36	14	36	59	20	68	39	29	37	54	100	60	65	100	45	49	2	60	65	49	15	67	53	58	35	33	62	46	64	73	91	71	45	40	55	29	57	50	57	38	66	29	13	36	44	13	70	35	29	56	58	39	37	45	53	45	35	35	53	28	59	2	46	11	51	44	46	52	47	29	38	52	54	56	37	36	35	32	40	2	55	49	39	43	38	44	35	46	31	19	43	56	27	20	43	32	33	43	31	57	23	1	8	47	43	64	40	78	29	23	0	27	9	25	36	31	16	44	15	30	8	32	25	11	40	3	1	29	33	23	24	26	27	28	19	35	16	27	13	34	22	27	15	15	42	25	20	19	45	7	27	26	26	23	21	26	1	10	16	18	30	2	20	26	0	21	21	12	17	18	25	18	15	7	26	14	11	15	1	1	28	16	28	15	43	28	21	35	28	33	25	40	13	0	8	37	25	18	18	16	27	14	13	30	17	15	34	19	2	5	27	26	22	26	12	16	19	30	0	20	13	18	41	24	35	37	54	7	6	15	19	13	23	29	17	27	30	39	8	24	15	33	17	35	25	24	34	33	27	33	27	33	12	17	12	17	19	32	15	9	22	15	23	18	1	7	16	15	4	6	3	24	22	12	20	13	6	9	17	8	8	3	17	23	16	18	20	6	1	10	22	14	17	19	8	27	17	27	28	40
chr9	17934038	21	34	70	38	97	34	51	43	26	55	87	42	72	38	145	56	40	34	45	47	21	18	195	36	45	45	34	63	43	26	34	40	62	21	35	31	79	28	48	36	63	46	13	50	19	26	45	40	21	42	91	39	45	75	52	51	37	6	29	42	4	25	28	57	31	42	34	89	41	2	5	54	32	38	34	18	69	34	51	62	68	72	39	51	36	14	34	59	20	68	39	29	39	54	100	60	67	99	46	49	2	60	65	49	15	70	53	58	35	33	60	46	64	73	91	71	48	41	55	35	60	50	57	40	66	29	13	36	46	13	69	35	29	56	59	39	39	45	53	46	36	35	54	28	59	2	46	11	51	45	47	57	48	29	38	52	54	56	37	36	36	32	40	2	55	49	44	44	38	43	35	48	31	19	43	56	26	20	43	32	33	43	31	58	23	1	8	47	44	66	40	78	31	23	0	27	9	25	37	32	16	45	15	30	8	32	24	11	41	3	1	29	33	23	24	26	26	28	19	35	16	27	13	34	23	27	15	17	42	25	20	20	45	7	28	28	26	24	21	26	1	10	16	18	30	2	20	27	0	21	21	12	18	18	25	18	15	7	26	16	11	15	1	1	28	17	29	15	43	28	21	35	28	34	25	40	13	0	8	37	25	18	18	16	27	14	13	30	17	16	34	19	2	6	27	27	22	26	12	15	19	30	0	20	14	18	41	24	35	37	54	7	6	15	19	13	23	29	17	29	30	40	8	23	16	34	17	34	25	24	34	33	27	33	27	33	12	16	12	17	19	32	16	9	22	15	23	18	1	7	16	15	4	6	3	24	22	12	20	13	6	9	17	8	8	3	17	23	16	18	19	6	1	10	22	14	17	19	8	28	17	27	30	41
chr9	17934039	22	34	73	39	99	35	52	45	27	56	95	43	74	38	147	58	39	35	47	49	21	18	201	37	46	48	36	66	46	27	35	40	67	23	37	30	83	30	48	37	62	49	14	52	20	26	45	42	24	47	91	41	49	78	52	51	40	6	30	44	4	25	28	59	33	43	35	90	43	2	5	54	34	39	39	18	71	33	52	66	70	73	40	51	38	14	37	64	22	72	37	29	40	54	101	63	70	100	48	51	2	60	66	54	16	72	54	58	35	34	63	49	64	73	91	73	49	43	58	37	60	50	61	42	67	29	13	34	46	14	73	36	29	56	61	39	40	45	54	46	36	36	54	29	59	2	47	11	51	46	51	59	52	29	38	54	55	60	40	37	36	33	41	2	55	50	44	45	38	46	36	49	31	19	46	59	27	24	44	35	33	47	32	59	23	1	9	48	45	68	42	82	36	25	0	27	9	28	37	32	16	47	15	30	8	32	25	11	42	3	1	29	33	23	25	26	28	28	20	36	20	28	14	35	23	29	18	17	45	24	22	21	48	8	28	29	26	25	21	27	1	11	16	20	31	2	20	28	0	21	22	12	19	19	25	18	15	8	26	17	12	15	1	1	28	17	29	16	43	28	22	35	30	35	25	41	13	0	8	38	25	20	19	17	29	15	14	31	17	16	35	19	2	6	29	27	25	26	12	16	20	30	0	20	14	19	41	24	37	38	54	8	6	16	19	14	24	29	17	29	31	41	8	21	16	35	18	35	26	25	36	33	27	35	27	35	12	16	12	17	19	32	16	10	22	17	23	18	1	7	15	15	4	6	2	26	23	12	20	13	6	9	17	10	8	3	18	24	16	18	19	6	1	10	22	16	18	20	8	28	17	27	33	45
chr9	17934040	21	34	72	39	97	35	52	45	27	53	95	43	73	38	147	58	39	35	47	49	21	18	201	36	45	48	35	66	46	27	35	39	66	23	36	30	82	30	48	37	60	49	14	52	20	26	44	42	24	47	90	41	49	74	52	51	40	6	30	44	4	25	28	58	33	43	35	89	42	2	5	54	34	39	39	18	71	33	52	66	70	73	40	51	38	14	37	63	22	72	36	29	40	54	101	63	70	100	47	50	2	60	66	54	16	72	51	58	35	33	63	49	62	73	90	73	48	43	58	37	60	50	61	42	67	28	13	34	46	14	73	36	29	56	59	39	40	44	51	46	35	35	54	29	58	2	47	11	51	46	50	59	52	29	38	54	55	60	40	37	36	33	41	2	55	50	44	45	38	46	36	49	31	19	46	59	27	24	44	35	32	46	32	59	23	1	9	48	44	68	40	82	36	23	0	27	9	28	36	32	16	47	15	30	8	31	25	11	42	3	1	28	33	23	25	25	28	28	20	36	20	28	14	35	23	29	18	17	45	24	22	21	48	8	28	29	25	25	21	27	1	11	16	20	31	2	20	27	0	21	22	12	18	19	24	18	15	8	26	17	12	15	1	1	28	17	29	16	42	28	22	35	30	36	25	41	13	0	8	37	25	20	19	17	29	15	14	30	17	16	35	19	2	6	28	27	25	26	11	16	20	30	0	20	13	19	41	24	37	38	54	8	6	16	19	14	23	29	17	28	31	41	8	21	16	35	18	35	26	25	36	33	27	35	26	35	12	16	10	16	19	32	16	10	22	17	23	17	1	7	15	14	4	6	2	26	23	12	20	13	6	9	17	10	8	3	18	24	16	17	19	6	1	10	22	16	18	20	8	28	17	27	32	45
chr9	17934041	21	34	72	39	97	35	52	46	28	53	95	43	73	38	148	58	39	34	49	50	22	18	205	36	45	48	35	68	46	28	35	38	66	23	36	30	82	30	48	37	64	49	15	52	20	26	45	42	25	47	90	41	49	74	52	53	41	6	30	43	6	25	29	58	34	43	35	90	43	2	5	55	34	40	39	18	71	32	51	68	71	73	40	53	38	14	38	63	22	72	36	30	40	55	101	63	70	100	47	50	2	61	66	55	16	70	52	58	36	35	63	49	62	72	90	72	49	43	58	37	61	51	61	45	67	28	13	36	46	14	73	36	30	57	59	38	41	44	51	46	35	35	54	29	59	2	47	11	51	47	50	61	53	29	40	54	55	60	40	39	39	32	40	2	54	50	43	45	38	46	36	49	31	19	46	59	27	24	45	35	32	49	32	60	23	1	9	49	47	69	40	82	35	24	0	27	10	29	38	32	16	47	15	30	8	30	26	11	42	2	1	29	33	23	24	25	31	28	20	36	21	28	14	34	24	29	18	17	45	24	22	21	48	8	28	30	25	25	21	27	1	11	16	21	34	2	20	27	0	21	22	12	18	19	24	18	15	8	26	17	12	15	1	1	28	18	30	16	42	27	22	35	30	36	25	41	13	0	8	38	25	20	19	18	29	16	14	30	17	16	35	19	2	8	29	27	26	27	12	16	20	30	0	20	13	19	41	24	38	38	54	8	8	16	19	14	23	29	17	28	32	41	8	21	16	35	17	35	27	25	36	33	27	35	25	36	11	16	10	16	19	32	16	10	22	17	23	17	1	7	15	14	4	6	2	26	23	12	20	12	6	8	17	10	8	3	18	24	16	17	19	6	1	10	21	16	18	20	8	28	17	27	32	45
chr9	17934042	21	33	71	38	97	35	52	45	27	53	95	43	73	38	146	58	39	34	48	50	22	18	204	36	45	48	35	67	46	28	34	38	65	22	36	30	82	29	48	37	64	49	15	52	20	25	45	42	25	46	88	40	49	78	51	52	41	6	30	43	6	25	29	58	34	43	34	88	43	2	5	53	34	40	38	18	71	32	51	68	70	72	40	53	38	14	38	63	22	72	36	29	40	55	100	63	69	98	46	50	2	61	66	55	16	70	52	57	33	34	63	49	62	70	89	71	48	43	58	36	61	51	61	45	67	27	12	36	45	14	73	36	30	57	58	38	40	44	51	46	34	35	54	29	58	2	47	11	50	47	50	60	53	27	40	54	55	60	40	39	39	32	40	2	53	50	43	45	37	45	36	49	29	19	46	59	27	24	45	34	32	49	32	60	23	1	9	48	47	68	40	82	35	24	0	27	10	29	38	32	16	47	15	30	7	29	26	10	41	2	1	29	33	23	24	25	31	28	20	36	21	28	14	34	24	29	17	17	45	24	22	21	47	8	28	30	25	25	20	27	1	11	16	21	34	2	20	27	0	21	22	12	18	19	24	18	15	8	26	17	12	15	1	1	26	17	29	16	42	27	21	35	30	36	25	41	13	0	8	38	25	20	19	18	29	16	14	30	17	16	35	19	2	8	29	26	26	27	12	16	20	30	0	20	13	19	41	23	38	38	54	8	8	16	19	14	23	26	17	28	32	40	8	20	16	35	16	35	27	25	36	32	27	35	25	35	10	16	10	16	19	32	16	10	21	17	23	17	1	7	15	14	4	6	2	26	23	11	19	11	6	8	17	10	8	3	18	24	16	17	19	6	1	10	21	16	18	20	8	28	17	27	32	45
chr9	17934043	21	33	71	38	97	35	52	45	27	53	95	43	74	38	147	58	39	34	48	50	22	18	205	36	45	48	35	67	46	28	34	38	65	22	36	30	82	29	48	37	64	49	15	52	20	25	45	42	25	46	87	40	48	78	51	52	41	6	30	43	6	24	29	58	33	43	34	88	43	2	5	53	34	41	38	18	71	32	51	68	70	72	40	53	38	14	38	63	22	72	35	29	40	55	100	63	69	98	46	50	2	61	66	55	16	70	51	57	33	34	63	49	62	70	88	71	48	43	58	36	61	51	61	45	67	27	12	36	44	14	73	36	30	58	58	38	40	44	52	46	34	35	54	29	58	2	47	11	51	47	50	60	53	27	40	54	55	58	40	38	40	31	40	2	53	50	43	45	37	45	36	49	29	19	46	58	27	24	45	34	32	49	32	60	23	1	9	48	47	68	40	82	35	24	0	27	10	29	38	32	16	47	15	30	7	29	26	10	41	2	1	29	33	23	24	25	31	28	20	36	21	28	14	34	25	30	17	17	45	24	22	21	47	8	28	30	25	25	20	27	1	11	16	21	34	2	20	27	0	21	22	12	18	19	24	18	15	8	26	17	12	15	1	1	26	17	29	16	42	27	21	35	31	36	25	41	13	0	8	38	25	20	19	18	29	16	14	30	17	16	36	19	2	8	29	26	26	27	12	16	19	30	0	20	13	19	41	23	38	38	54	8	8	16	19	14	23	26	17	28	32	40	8	20	15	35	16	35	27	25	36	32	27	35	25	35	10	16	10	17	20	32	16	10	21	17	23	17	1	7	15	14	4	6	2	26	23	11	19	11	6	8	17	10	9	3	18	24	16	17	19	6	1	10	21	16	18	20	8	28	17	27	32	45
chr9	17934044	21	33	71	39	98	35	52	45	27	53	96	43	76	38	147	62	39	35	47	50	22	18	208	36	45	48	35	68	46	28	35	38	65	22	36	31	82	30	50	41	68	50	17	53	20	25	46	43	26	46	87	41	48	78	52	53	40	6	30	43	6	24	29	58	33	45	34	89	43	2	5	54	34	41	38	18	71	32	51	69	70	73	40	54	38	14	39	63	22	72	35	29	40	55	101	63	70	99	48	50	2	61	66	55	16	70	50	57	33	35	63	49	62	70	89	71	48	43	58	36	61	51	62	45	69	27	12	36	44	15	75	36	30	58	57	38	40	44	53	46	34	36	54	29	58	2	48	11	51	51	50	60	53	27	40	55	55	58	40	40	40	31	40	2	54	50	45	45	39	46	36	49	29	19	46	58	27	24	45	35	32	51	34	60	23	1	10	48	48	68	40	82	36	24	0	28	10	30	38	33	15	47	15	30	7	29	26	10	42	2	1	29	33	23	24	23	31	27	20	36	21	28	14	33	25	30	17	16	46	26	22	21	47	9	28	29	25	25	20	28	1	11	16	21	34	2	20	27	0	21	22	12	18	19	24	18	15	8	26	18	13	15	1	1	26	17	32	16	42	27	22	35	32	37	25	41	13	0	8	38	25	20	19	20	29	16	14	31	17	16	38	19	2	8	29	27	26	27	12	15	19	31	0	21	14	19	41	23	38	38	54	8	8	16	19	14	24	26	17	28	32	40	8	20	15	36	17	35	28	25	36	33	27	35	25	35	10	16	10	17	20	32	16	10	21	17	23	17	1	7	15	14	4	6	4	26	23	12	19	11	6	8	17	10	9	3	18	24	16	17	19	6	1	10	21	16	18	23	8	29	17	27	32	46
chr9	17934045	21	33	70	39	100	35	52	44	27	53	95	43	76	38	146	62	39	34	47	50	22	19	207	35	45	48	35	68	46	28	35	38	65	21	36	30	82	30	50	41	65	49	17	53	19	25	46	43	25	46	87	41	47	78	52	53	40	6	30	43	6	23	29	58	33	45	35	89	44	2	5	54	33	41	38	18	72	32	52	69	72	73	40	55	38	14	39	62	22	72	34	29	39	55	101	63	70	99	48	50	2	61	66	55	16	70	50	57	33	35	64	50	62	70	89	71	48	42	58	36	61	51	61	45	68	27	12	36	43	15	75	36	30	58	56	38	40	44	54	46	34	36	53	28	56	2	48	11	51	51	50	59	53	28	40	55	55	58	41	40	40	33	40	2	55	50	45	45	40	45	36	49	29	19	48	58	27	24	45	35	32	51	34	60	23	1	10	47	48	68	40	81	36	24	0	28	10	30	38	32	15	47	16	30	7	28	26	10	42	2	1	29	33	23	24	24	31	27	20	36	21	28	14	33	25	30	17	16	46	26	22	21	47	9	28	29	25	25	20	29	1	11	16	21	34	2	20	27	0	21	24	12	18	19	24	18	16	7	26	18	13	15	1	1	26	16	32	17	42	27	21	35	32	37	25	42	13	0	8	40	24	20	19	20	29	16	14	31	17	16	38	19	2	8	29	27	28	27	12	15	19	31	0	21	14	19	41	23	38	38	54	8	7	16	19	14	24	26	17	28	31	40	8	20	15	36	17	33	28	25	36	33	27	34	25	35	10	16	10	17	20	32	16	11	21	17	23	17	1	7	14	14	4	6	4	26	23	11	19	11	7	8	17	10	8	3	18	24	16	17	19	6	1	10	21	16	16	23	8	29	17	27	32	46
chr9	17934046	21	33	71	39	100	35	52	44	27	53	95	43	76	38	146	62	39	35	44	50	22	19	207	34	45	49	35	68	46	28	35	38	67	21	37	31	82	30	50	41	64	49	17	54	19	25	46	43	24	46	87	41	47	78	52	53	40	6	31	43	6	23	29	58	33	45	35	89	44	2	5	54	33	41	38	18	72	32	52	69	72	73	40	55	38	14	39	62	24	72	34	29	39	55	102	63	70	99	48	50	2	61	67	55	16	70	50	57	32	35	63	50	62	70	89	71	48	43	58	36	61	51	62	46	69	27	12	37	43	15	75	36	31	58	56	38	40	44	54	48	34	36	53	27	56	2	48	11	51	50	50	59	53	29	40	55	55	58	40	40	40	33	40	2	55	50	46	45	40	45	37	49	29	19	49	58	27	24	45	36	32	51	34	60	23	1	10	47	48	68	40	81	36	24	0	28	10	30	37	32	15	47	16	30	7	28	25	10	42	2	1	29	33	23	24	24	31	27	21	36	21	28	14	33	25	30	17	16	46	26	22	21	47	9	28	29	25	25	20	29	1	11	16	21	34	2	20	27	0	21	24	12	18	19	24	18	16	7	26	17	13	15	1	1	26	16	33	17	42	27	21	35	32	37	25	42	13	0	9	41	24	20	19	20	29	16	14	31	17	16	38	19	2	8	29	27	28	27	12	15	19	31	0	21	14	19	42	23	38	38	55	8	8	16	19	14	24	26	17	28	31	40	8	20	15	36	17	34	28	25	36	33	27	35	25	35	10	16	10	17	20	32	16	11	21	17	23	16	1	7	14	14	4	6	4	26	24	11	19	11	7	8	17	10	8	3	18	24	16	17	19	6	1	10	21	16	16	23	8	29	17	27	33	46
chr9	17934047	25	43	90	48	116	46	63	55	36	61	125	50	85	50	180	72	46	43	50	59	27	24	249	36	53	56	42	73	54	34	41	47	78	26	45	37	99	35	62	49	73	59	19	67	22	28	58	54	27	59	103	46	57	89	60	62	48	7	45	49	8	26	30	66	38	50	45	104	54	3	5	65	38	50	44	26	89	39	61	78	83	83	41	64	42	16	45	69	29	81	37	34	53	64	119	74	80	115	56	53	2	66	78	67	20	87	61	63	36	46	83	58	71	81	105	79	62	55	65	40	72	62	64	55	77	36	17	47	53	21	87	39	33	80	66	47	45	52	67	51	42	40	58	31	63	2	59	13	53	62	54	62	66	37	46	59	62	62	45	48	42	38	49	2	63	55	49	63	43	52	42	55	35	22	62	69	32	32	50	40	42	59	41	73	28	1	15	54	58	72	47	97	41	27	0	34	12	41	48	41	18	47	25	31	11	32	30	11	52	2	1	36	37	30	34	30	37	29	24	42	26	31	18	40	29	33	24	19	51	33	28	24	58	9	34	36	28	28	25	33	1	12	22	24	39	2	25	35	0	21	27	16	23	26	27	22	19	12	32	23	15	18	1	1	33	21	41	18	49	33	25	38	34	48	29	49	16	0	11	49	26	20	26	27	33	20	16	35	20	18	43	20	2	9	34	32	30	29	14	19	22	32	0	25	15	19	45	26	39	42	61	9	11	16	23	15	26	27	22	31	36	41	10	21	16	43	23	38	32	39	40	38	27	41	25	37	14	19	14	22	22	39	21	14	28	17	24	19	1	9	15	16	5	7	4	26	25	14	20	11	7	10	19	11	8	6	22	28	16	15	24	6	1	18	26	18	19	29	9	35	23	27	36	47
chr9	17934048	25	43	90	48	115	46	63	55	36	61	125	50	85	50	180	72	46	43	49	59	27	24	248	36	53	57	42	73	54	34	41	47	77	26	45	37	99	35	62	48	73	58	20	67	22	28	58	54	26	59	103	46	57	89	60	62	48	7	44	49	8	27	30	65	38	51	45	104	54	3	5	65	38	50	44	26	89	39	61	77	83	83	41	64	42	16	45	69	30	82	37	34	53	64	119	75	80	114	56	53	2	66	78	66	20	87	61	63	36	46	82	59	70	81	105	79	62	55	65	39	71	62	64	55	77	35	17	47	53	21	87	39	33	80	66	47	45	52	67	51	42	40	58	31	63	2	59	13	53	62	54	62	66	37	46	58	61	62	46	48	41	38	49	2	63	55	49	63	43	52	42	55	35	22	62	67	32	32	50	40	42	58	41	72	28	1	15	54	58	72	46	97	42	27	0	34	12	41	48	41	18	46	25	30	11	32	30	11	52	2	1	36	37	30	32	30	37	29	24	42	26	31	18	40	28	32	24	19	51	33	28	24	58	9	34	36	28	27	25	33	1	12	22	24	39	2	25	35	0	21	26	16	22	26	27	21	19	12	32	23	15	18	1	1	33	21	40	18	49	33	25	38	34	48	29	49	16	0	11	49	26	20	26	27	33	20	15	35	20	18	43	19	2	9	34	32	30	29	14	19	22	29	0	25	15	19	45	26	38	42	61	9	11	15	23	15	26	27	22	31	36	41	10	21	16	43	23	37	32	39	40	38	27	41	25	37	14	19	14	23	21	39	21	14	28	17	24	19	1	9	15	15	5	7	4	26	25	14	20	11	7	10	19	11	8	6	21	27	16	15	23	6	1	18	26	18	18	29	9	35	23	27	36	47
chr9	17934049	25	43	90	48	117	46	63	55	36	61	126	50	83	50	181	73	47	43	50	58	28	24	249	36	53	57	42	73	54	34	41	47	78	27	45	37	100	35	62	48	73	59	20	67	22	28	58	54	26	58	102	46	57	89	59	62	48	7	44	50	8	26	30	66	38	53	45	106	54	3	5	65	38	50	45	26	91	40	62	77	83	83	41	64	42	16	45	69	30	82	37	34	53	64	118	76	80	114	56	55	2	66	78	66	21	88	60	63	36	46	82	59	68	85	107	79	62	56	66	39	72	63	65	55	77	35	17	47	53	21	88	39	34	80	66	47	45	52	67	53	42	40	59	33	65	2	60	13	53	62	54	63	66	39	47	57	61	62	48	50	41	39	49	2	63	56	51	63	42	53	43	55	35	21	62	67	32	32	50	40	42	58	41	72	28	1	15	55	58	72	46	97	41	27	0	34	12	41	47	41	20	46	25	31	11	32	30	10	52	2	1	36	34	30	32	30	37	29	24	42	28	31	19	40	28	32	24	19	52	33	28	24	58	9	34	37	28	27	25	33	1	12	22	23	39	2	25	35	0	21	27	16	21	26	28	22	19	12	31	23	15	18	1	1	33	21	40	18	51	33	26	38	34	50	29	50	16	0	11	49	26	20	26	27	33	21	14	36	20	18	42	19	2	9	34	32	30	29	14	19	22	29	0	25	15	19	45	26	38	42	61	9	11	15	23	14	26	27	24	31	36	40	10	20	16	43	23	37	32	40	40	38	29	41	26	37	14	19	14	24	21	39	21	14	29	17	24	19	1	9	15	15	5	7	4	26	25	15	20	11	7	10	19	11	8	6	21	27	16	15	23	6	1	18	26	18	18	29	9	35	23	27	36	47
chr9	17934050	23	44	92	51	121	45	63	59	36	61	125	50	82	50	187	68	46	44	49	59	26	25	252	36	55	56	42	73	52	34	42	47	76	27	45	38	100	35	63	50	73	58	20	70	25	29	59	55	26	57	103	45	57	95	58	61	46	7	43	50	8	26	30	69	41	54	46	107	54	3	6	66	39	50	44	25	94	39	63	77	85	84	40	67	42	16	43	69	29	82	37	34	53	64	113	77	79	112	59	55	3	66	80	68	21	86	59	63	35	47	80	59	67	83	107	77	61	57	70	38	71	63	64	55	73	36	17	49	53	21	91	38	34	81	72	47	47	53	68	53	42	41	58	34	65	2	59	12	56	62	54	64	70	41	49	57	60	65	48	53	41	39	47	2	62	54	51	64	43	49	41	56	37	21	65	67	29	30	50	41	44	62	40	73	29	1	16	55	58	74	47	97	45	26	0	34	12	44	47	42	20	46	25	31	11	31	31	10	48	2	1	35	34	30	33	30	37	26	24	43	28	31	19	44	28	32	24	21	52	36	30	23	59	9	35	38	28	26	25	32	1	12	22	23	39	2	24	36	0	22	28	17	20	26	28	23	19	12	30	23	14	19	1	1	33	22	41	18	51	33	27	39	35	50	29	51	15	0	10	52	28	21	26	28	31	21	16	36	19	18	40	19	2	9	34	32	29	30	13	20	21	31	0	24	15	19	44	24	38	41	60	8	11	15	22	13	24	24	24	30	35	40	10	23	16	42	23	39	33	41	41	38	29	41	27	38	15	21	14	24	21	38	23	15	31	16	24	19	2	8	15	15	5	8	4	22	25	16	20	11	7	10	19	11	8	6	24	27	16	14	23	6	1	18	24	18	18	29	9	34	23	26	36	46
chr9	17934051	23	44	92	51	121	47	63	59	36	61	125	50	82	50	187	68	46	44	49	59	26	25	253	36	55	56	42	73	52	34	42	47	76	27	45	38	101	35	63	50	74	58	20	70	25	29	59	55	26	57	103	45	57	95	58	61	46	7	43	50	8	26	30	69	41	54	46	107	54	3	6	66	39	50	44	25	94	39	63	77	85	84	40	68	42	16	43	69	29	82	37	34	53	63	112	77	80	112	59	55	3	66	80	68	21	86	60	62	35	47	80	59	67	83	107	77	61	57	70	38	71	62	64	55	74	36	17	49	53	21	91	38	34	81	72	47	47	53	67	53	43	42	58	34	65	2	59	12	56	61	55	64	70	41	49	56	60	65	48	53	42	39	47	2	62	55	51	64	43	49	41	56	36	21	64	67	29	30	50	41	44	62	40	73	27	1	16	55	58	74	47	96	46	26	0	34	12	44	47	42	20	47	25	31	11	31	31	10	48	2	1	35	34	30	33	30	37	26	24	43	28	31	19	44	28	32	24	21	52	36	30	23	59	9	35	38	28	26	25	32	1	12	22	23	39	2	24	36	0	22	28	17	20	26	28	23	19	12	30	23	14	19	1	1	33	22	41	18	51	33	27	39	35	50	29	51	15	0	10	52	28	21	26	28	31	21	16	36	19	18	40	19	2	9	34	32	29	30	13	21	21	31	0	24	15	20	44	24	38	41	61	8	11	15	22	13	24	24	24	31	35	40	10	23	16	42	23	39	33	41	41	38	29	41	27	37	15	21	14	24	20	38	23	15	31	16	24	19	2	8	15	15	5	8	4	22	25	16	20	11	7	11	19	11	8	6	24	27	15	15	23	6	1	18	24	18	18	29	9	34	23	26	36	46
chr9	17934052	23	44	92	52	121	48	63	60	37	61	128	49	82	53	191	70	46	44	49	59	26	25	255	35	55	59	42	81	52	36	42	47	77	31	45	39	103	35	63	51	77	60	21	72	25	29	59	55	29	59	103	46	57	95	58	62	47	7	44	50	8	26	30	69	41	56	46	108	54	3	6	68	39	50	44	27	94	39	65	76	86	87	40	69	42	19	42	70	29	83	39	34	55	63	117	79	82	113	61	55	3	66	81	68	21	86	61	64	36	47	80	59	67	84	108	79	62	57	70	38	71	65	65	55	78	36	18	50	53	21	95	38	34	83	74	46	47	53	67	54	43	44	58	34	65	2	59	13	56	65	56	64	70	42	51	58	61	66	49	54	46	39	48	2	62	55	52	65	44	49	41	56	36	21	66	67	29	31	52	43	44	62	42	74	27	1	16	56	61	74	48	96	47	26	0	34	12	45	47	44	20	47	25	31	12	34	31	10	48	2	1	35	36	31	33	30	39	26	24	43	28	30	19	45	28	32	24	21	52	37	30	25	59	9	34	39	29	27	25	32	1	12	23	23	39	2	24	36	0	22	28	19	21	26	27	23	19	12	30	23	14	19	1	1	35	22	42	18	51	33	28	38	35	51	28	52	15	0	10	53	29	22	27	28	32	21	16	38	19	18	42	20	2	9	35	33	30	31	13	21	21	31	0	25	15	20	45	24	38	41	61	7	11	15	22	13	24	24	25	32	35	41	10	24	16	42	23	38	34	41	40	38	30	44	27	38	17	21	15	24	20	38	23	15	31	16	26	19	2	8	15	16	5	8	4	22	25	17	20	11	7	11	20	11	8	6	24	27	15	15	23	6	1	18	24	18	18	29	9	34	23	26	36	48
chr9	17934053	23	45	92	52	121	48	63	60	37	61	128	49	82	53	191	70	46	44	49	60	26	25	255	35	55	59	42	81	52	36	42	47	77	31	45	39	103	36	63	51	77	60	21	71	25	29	59	55	29	59	103	46	57	95	61	62	47	7	44	50	8	26	30	69	41	56	46	108	55	3	6	68	39	50	44	27	94	39	65	76	87	88	40	69	42	19	42	70	29	83	39	34	55	63	117	79	82	113	62	55	3	66	82	68	21	87	61	64	36	47	80	59	67	84	108	79	62	56	70	38	71	65	65	54	78	37	18	50	53	21	95	38	34	83	74	46	48	53	67	54	43	44	57	34	66	2	59	13	56	65	56	63	70	42	51	58	61	66	49	56	46	40	48	2	62	55	52	65	44	49	41	56	36	21	67	67	29	31	52	43	44	62	43	74	28	1	16	56	61	74	48	96	47	26	0	34	12	45	47	44	20	47	25	31	12	34	31	11	48	2	1	35	36	32	33	30	39	26	24	42	28	30	19	45	29	32	24	21	52	37	30	25	59	9	34	39	29	27	25	32	1	12	23	23	40	2	24	36	0	22	28	19	21	26	27	23	19	12	30	23	14	19	1	1	35	22	42	18	51	34	28	39	35	51	29	52	15	0	10	53	29	22	27	28	32	21	16	38	19	18	42	20	2	9	35	34	30	31	13	21	21	30	0	25	15	20	45	24	38	41	61	7	11	15	22	13	24	24	25	32	35	41	10	24	16	42	23	38	34	41	40	38	30	44	27	38	17	21	15	24	20	38	23	15	31	16	26	19	2	8	15	16	5	8	4	22	25	17	21	11	7	11	20	11	8	6	24	27	15	15	23	6	1	18	24	18	18	29	9	35	23	26	36	48
chr9	17934054	23	45	92	52	121	48	63	60	37	61	128	49	82	53	189	70	46	44	49	60	26	25	255	35	54	59	42	81	52	36	41	47	77	31	45	39	102	36	62	51	78	60	21	71	25	28	59	55	29	59	102	46	57	95	61	62	47	7	44	50	8	26	30	69	41	56	46	108	55	3	6	68	39	50	43	26	93	39	65	76	87	88	40	69	42	19	41	70	29	83	38	34	55	63	117	78	81	114	61	55	3	66	82	68	21	87	61	64	35	47	79	59	67	84	108	79	60	56	70	38	71	65	65	54	78	37	18	50	52	21	94	38	34	83	74	46	47	53	67	54	43	44	57	34	66	2	59	13	56	65	55	63	70	42	51	58	61	66	49	56	45	40	47	2	62	55	52	65	44	49	41	56	36	21	67	67	29	31	52	43	43	61	43	74	28	1	16	56	61	75	48	96	47	26	0	34	12	45	47	44	20	47	25	31	12	34	31	11	48	2	1	35	36	32	33	30	39	26	24	42	28	30	19	45	29	32	24	21	52	37	30	25	59	9	34	39	29	27	25	32	1	12	23	23	40	2	24	36	0	22	28	19	21	26	27	23	19	12	30	23	14	18	1	1	34	21	42	18	50	34	28	39	35	51	29	52	15	0	10	53	29	22	26	28	32	21	16	38	19	18	42	20	2	9	35	34	29	31	13	21	21	30	0	25	15	20	45	24	38	41	61	7	11	15	22	13	26	24	25	32	35	40	10	24	16	42	23	38	34	40	40	38	30	44	27	38	17	21	15	24	20	38	23	15	31	16	26	19	2	8	15	16	5	8	4	22	25	17	21	11	7	10	20	11	8	6	23	27	15	15	23	6	1	18	24	18	18	29	9	35	23	26	36	48
chr9	17934055	24	46	92	51	121	48	63	60	36	61	127	47	82	53	190	71	46	44	49	60	26	25	255	35	54	59	42	81	52	36	41	47	77	31	45	39	102	36	62	51	78	60	21	71	25	26	59	55	29	59	102	46	57	94	63	63	47	7	45	50	8	26	30	68	41	57	46	108	55	3	6	68	39	50	42	26	93	39	65	76	87	89	40	69	42	18	43	70	30	84	38	34	55	62	116	78	81	113	60	57	3	65	82	71	24	87	60	66	35	47	79	58	67	84	108	79	59	56	69	38	73	65	64	54	75	37	18	50	52	21	95	38	34	84	74	46	48	53	67	54	43	44	57	34	67	2	59	13	55	64	55	62	70	42	51	57	61	65	49	55	48	39	47	2	62	55	52	64	44	49	41	56	37	21	67	67	29	32	52	43	43	61	43	74	27	1	16	55	60	75	48	96	47	26	0	34	12	45	47	44	20	48	26	31	12	34	31	11	48	3	1	35	36	32	33	30	39	26	24	43	28	30	19	45	30	32	24	21	52	37	29	25	59	9	34	39	29	27	25	32	1	12	23	23	40	2	24	36	0	21	28	19	21	27	27	23	19	12	30	23	13	18	1	1	34	22	42	18	50	33	27	39	35	51	29	52	15	0	10	53	28	22	26	28	32	21	16	39	19	18	42	19	2	9	35	34	29	31	13	20	21	29	0	25	15	20	45	23	38	41	61	7	11	15	22	13	26	24	25	32	35	39	10	23	16	42	23	38	34	40	40	39	30	44	27	38	17	21	14	24	20	38	22	15	31	16	26	19	2	8	15	16	5	8	4	22	25	17	21	11	7	10	20	11	8	6	23	27	15	15	22	6	1	17	24	18	17	29	9	35	23	26	36	48
chr9	17934056	24	45	91	51	118	48	63	60	36	61	127	46	82	53	190	71	46	44	49	59	26	25	254	35	53	58	42	80	52	36	41	47	76	31	44	39	102	36	62	51	78	60	21	71	25	26	56	53	29	59	101	45	56	94	62	63	45	7	45	50	8	25	30	65	41	57	45	106	54	3	6	68	39	47	42	26	92	39	62	76	86	88	40	69	41	18	41	70	30	84	37	34	54	61	116	78	81	112	60	57	3	65	82	70	24	87	60	66	35	47	78	58	66	83	108	79	59	56	69	38	73	65	64	54	75	37	18	50	51	21	95	37	34	84	74	45	48	53	67	54	43	44	56	34	66	2	59	13	55	64	55	61	70	42	51	57	61	65	49	55	48	39	47	2	62	55	52	64	44	49	41	56	37	21	66	67	29	32	52	43	43	60	43	74	27	1	16	54	60	75	48	96	47	26	0	34	12	45	47	44	20	48	26	31	12	34	31	11	48	3	1	34	36	32	33	30	39	26	24	42	28	30	19	45	30	31	24	21	52	37	29	25	56	9	34	39	29	27	25	32	1	12	23	23	40	2	24	36	0	21	28	19	21	27	27	23	19	12	29	22	13	18	1	1	34	22	42	18	50	33	27	39	33	51	29	52	15	0	10	53	28	21	26	28	32	21	15	39	19	18	41	19	2	9	34	32	29	31	13	20	21	29	0	24	15	20	44	23	36	39	60	7	11	15	22	13	26	24	25	30	35	38	10	23	16	42	23	37	34	40	40	39	30	42	27	38	17	21	14	24	20	38	22	15	31	16	26	19	2	8	15	16	5	8	4	22	25	17	21	11	7	10	20	11	8	6	23	27	15	15	21	6	1	17	24	18	17	29	9	35	23	26	36	48
chr9	17934057	24	45	93	52	119	49	64	61	36	62	127	49	84	53	189	73	47	44	50	60	26	25	256	36	58	60	42	83	54	38	42	48	78	31	44	38	103	36	65	52	78	62	21	72	25	27	56	55	30	62	105	48	56	97	65	63	45	7	44	50	9	25	30	66	42	59	47	109	54	3	6	68	39	47	42	26	92	39	63	76	86	87	42	70	41	18	41	70	30	84	38	34	55	61	119	82	82	114	65	58	3	65	85	71	25	87	62	67	35	48	80	58	67	84	114	79	59	55	69	41	74	67	64	54	76	39	18	50	51	21	97	40	34	85	73	45	48	57	67	55	43	46	56	34	68	2	60	13	55	66	58	61	70	43	51	58	64	65	50	55	50	39	47	2	62	56	54	66	45	48	41	59	37	22	70	67	29	32	54	45	44	62	43	75	28	1	16	54	60	77	49	97	47	26	0	35	13	45	48	44	20	49	29	32	13	35	31	12	50	3	1	33	37	32	33	34	40	26	24	43	29	30	19	45	32	32	24	21	53	37	29	25	57	9	35	39	29	27	25	32	1	12	23	23	41	2	25	36	0	21	28	20	23	27	28	23	19	12	29	24	14	18	1	1	35	23	43	18	51	34	29	39	33	53	32	54	15	0	11	54	28	21	26	28	32	22	16	39	19	18	42	19	2	9	33	32	29	31	13	20	24	29	0	24	15	21	45	24	36	39	60	6	11	15	22	13	26	24	25	31	38	39	10	23	17	42	23	37	34	42	40	39	30	40	27	36	18	21	14	25	20	38	23	15	31	16	24	19	2	8	15	16	5	8	4	22	25	17	22	11	7	10	19	11	9	6	22	27	15	15	21	6	1	17	24	18	17	28	9	34	23	26	36	48
chr9	17934058	24	45	93	53	119	49	64	62	36	62	130	52	83	53	189	74	48	43	51	60	27	26	260	37	58	61	42	83	55	38	42	48	79	32	44	38	103	37	65	53	78	62	25	73	25	28	57	55	30	64	105	51	56	98	66	64	45	7	46	50	9	25	30	67	43	61	47	109	54	3	6	69	39	47	42	26	93	40	63	76	86	90	42	70	41	20	41	71	30	84	38	35	55	60	119	82	82	116	65	60	3	64	86	72	25	87	62	67	35	48	82	58	69	86	114	82	60	56	69	41	75	68	64	54	77	40	19	50	52	21	101	40	34	86	74	48	52	57	67	56	43	48	58	34	69	2	62	13	55	66	61	64	70	43	51	58	66	65	50	55	51	40	48	2	63	56	54	67	45	48	42	62	37	22	70	67	29	33	55	45	44	62	45	75	27	1	16	54	61	76	49	96	48	26	0	35	13	45	49	44	20	49	29	32	14	36	32	12	50	3	1	33	37	34	33	34	40	26	25	44	30	31	19	45	32	32	24	21	54	37	29	25	57	11	35	39	29	27	25	32	1	12	23	23	41	2	25	36	0	21	29	20	24	27	29	23	20	13	30	26	14	19	1	1	35	24	45	18	53	34	29	39	33	53	31	54	15	0	11	54	28	21	26	29	33	22	16	39	21	18	42	19	2	9	33	32	29	31	13	20	25	29	0	24	15	21	45	25	36	39	60	6	11	14	22	13	26	24	26	33	38	39	10	23	17	42	23	37	34	42	41	39	30	41	27	36	18	21	14	25	20	41	23	15	31	16	24	19	2	8	15	16	5	8	4	22	27	17	22	11	7	10	19	11	9	6	22	27	15	15	21	6	1	17	24	18	17	29	9	34	23	26	37	48
chr9	17934059	24	45	97	53	119	49	64	62	36	62	130	52	83	53	191	76	48	43	51	60	27	26	259	37	58	61	42	84	54	38	42	48	79	32	44	38	103	37	65	55	78	62	25	73	25	28	57	55	30	64	105	51	56	98	66	64	45	7	46	52	9	25	31	67	44	61	47	109	54	3	6	69	39	47	42	26	94	40	63	76	86	90	43	70	41	20	41	71	30	83	38	35	55	60	119	83	83	116	65	60	3	64	86	72	25	87	62	67	35	49	82	58	69	86	113	82	61	56	69	41	75	68	63	54	77	41	19	49	53	21	101	40	34	86	74	48	52	57	67	56	43	48	58	34	69	2	62	13	55	66	61	64	70	43	52	58	67	64	51	56	50	40	48	2	63	56	54	67	45	48	42	62	37	22	70	67	29	33	55	45	45	61	45	75	27	1	16	54	61	76	49	96	47	27	0	35	13	45	49	44	20	52	29	32	14	36	32	12	49	3	1	33	37	36	33	34	40	26	25	44	30	31	19	45	32	32	24	21	54	37	29	25	57	11	35	39	29	27	25	32	1	12	23	23	41	2	26	36	0	21	29	20	24	27	29	23	20	13	30	26	14	19	1	1	35	24	45	18	53	34	29	39	33	53	31	54	15	0	11	54	28	22	28	30	33	22	16	39	21	18	42	19	2	9	33	32	29	31	13	20	25	29	0	24	15	21	43	25	36	39	60	6	11	14	22	13	26	24	26	33	38	40	10	23	17	42	23	37	34	42	41	39	30	41	27	36	18	21	14	25	20	40	23	15	31	16	25	19	2	8	15	16	5	8	4	22	27	17	22	11	7	10	19	11	9	6	22	27	15	15	21	5	1	17	24	18	17	29	9	34	23	26	37	49
chr9	17934060	24	44	96	52	118	49	65	62	36	61	131	53	83	53	189	75	48	43	51	60	27	24	260	37	58	60	41	84	53	37	42	48	79	32	44	38	102	37	64	55	77	62	25	73	25	28	56	54	32	64	104	51	56	99	65	64	45	7	44	52	9	24	31	67	43	61	45	109	54	3	6	65	37	46	42	26	93	41	62	76	85	88	43	70	41	20	41	70	30	83	37	35	55	59	118	83	83	115	65	59	3	64	86	72	25	85	59	67	35	48	82	59	69	86	107	82	61	56	69	40	75	68	63	53	73	39	17	47	53	21	100	40	34	86	73	46	52	57	66	56	43	48	57	34	69	2	61	12	55	68	61	63	72	43	51	57	66	65	52	56	49	39	48	2	63	56	55	64	42	47	41	60	37	22	71	67	29	31	54	45	45	61	44	75	27	1	15	55	63	74	46	93	47	27	0	35	12	45	49	44	20	52	29	31	14	36	32	12	48	3	1	34	37	37	33	33	41	26	25	46	30	31	19	45	32	33	24	21	53	36	29	25	57	11	35	40	29	27	25	31	1	11	24	23	41	2	26	36	0	20	29	20	24	27	28	23	20	13	29	26	14	19	1	1	35	24	45	18	51	33	29	35	32	53	31	54	15	0	11	53	27	22	28	30	33	22	16	38	21	18	40	19	2	9	33	32	29	31	13	20	25	28	0	24	14	21	40	24	36	36	58	8	11	13	22	13	26	23	26	33	38	39	11	22	17	42	23	37	34	39	39	39	30	41	27	36	18	21	12	25	20	40	23	15	31	16	25	18	2	8	15	16	5	8	4	21	27	17	21	10	7	9	18	10	9	6	22	27	15	15	21	5	1	17	23	18	17	29	8	33	23	25	36	48
chr9	17934061	24	44	96	52	118	49	66	62	36	60	131	54	83	52	189	75	48	43	51	60	29	24	259	37	58	60	41	84	53	37	42	48	79	32	44	38	101	37	64	55	77	62	25	73	25	28	56	54	32	64	103	51	56	99	65	63	45	7	44	52	9	24	31	67	43	61	45	109	54	3	6	65	37	46	42	26	93	41	62	76	87	88	43	69	41	20	41	69	30	83	37	35	55	59	118	83	83	115	65	59	3	64	86	72	25	85	59	67	35	48	82	59	69	86	107	82	61	56	69	40	75	68	63	53	73	39	17	47	54	21	102	39	34	88	73	46	52	57	66	56	43	48	57	34	69	2	61	12	54	67	61	63	72	43	51	57	66	65	52	56	49	39	48	2	63	56	55	64	42	47	41	60	37	22	71	67	29	31	54	44	45	61	44	75	27	1	15	55	63	74	46	93	47	27	0	35	12	45	49	44	20	52	30	31	14	36	32	12	48	3	1	34	36	37	33	33	41	26	25	46	30	31	19	45	31	33	24	20	51	36	30	25	57	11	35	40	29	27	25	31	1	11	24	23	41	2	26	36	0	20	29	20	24	27	28	23	20	13	29	25	14	20	1	1	35	24	45	18	51	33	29	35	32	53	31	54	15	0	11	53	27	22	28	30	33	22	16	38	21	18	41	19	2	9	33	32	29	31	13	20	25	28	0	24	14	21	40	24	36	36	57	9	11	13	22	13	26	23	26	32	38	39	11	22	17	42	23	37	34	40	39	39	30	41	27	36	18	21	12	25	20	40	23	15	31	16	26	18	2	8	15	16	5	8	4	21	27	15	21	10	7	9	18	10	9	6	22	27	15	15	21	5	1	17	23	18	17	29	8	33	23	25	36	48
chr9	17934062	25	44	98	60	124	51	69	65	39	63	135	56	90	52	193	77	51	46	54	63	30	25	266	38	60	65	43	87	54	38	44	50	84	33	45	39	107	39	68	59	86	64	25	75	31	31	61	55	34	65	107	52	57	101	67	66	45	7	45	52	10	24	32	73	47	63	46	111	59	3	6	69	38	48	42	28	99	44	64	80	92	95	45	70	46	22	44	79	30	86	38	37	56	62	123	87	86	125	73	66	3	66	87	73	25	91	67	68	36	48	91	64	74	89	110	85	63	59	71	42	80	68	66	53	76	40	17	48	55	25	109	43	34	94	76	49	53	63	67	60	45	48	59	37	76	2	64	13	56	66	64	63	75	43	54	59	73	66	53	56	53	43	53	2	68	56	55	69	43	47	42	63	40	22	78	69	29	32	56	47	45	66	44	76	30	1	15	58	66	77	51	96	49	30	0	35	13	46	49	46	21	55	33	35	15	40	33	13	48	3	1	36	38	38	33	34	42	26	26	47	31	33	20	47	31	37	27	23	53	37	31	29	58	11	37	42	32	28	27	32	2	12	25	23	49	2	27	40	0	22	29	21	29	27	28	23	24	13	30	25	15	20	1	1	37	24	48	18	53	34	33	42	33	57	32	54	17	0	13	53	30	23	30	32	33	23	16	40	21	18	44	20	2	10	33	33	29	32	13	20	25	28	0	25	14	21	40	27	36	38	57	9	11	15	24	13	26	23	26	32	38	40	12	22	18	43	24	37	36	41	40	40	30	43	29	41	18	21	14	25	20	41	24	15	32	17	28	18	2	10	15	16	5	9	4	22	28	15	21	11	7	9	17	11	10	6	22	28	15	15	21	5	1	16	25	18	17	29	8	33	23	25	37	50
chr9	17934063	25	44	97	60	124	51	69	65	39	63	135	56	90	52	194	77	51	46	53	63	29	25	266	38	60	65	43	87	54	38	44	50	86	33	45	39	108	40	68	59	86	64	25	75	31	31	61	55	34	64	108	52	57	101	67	66	45	7	45	52	10	24	32	73	47	63	46	113	59	3	6	69	38	49	40	28	99	44	64	80	92	95	45	70	46	22	44	79	30	86	38	37	55	63	123	87	86	125	73	66	3	66	88	73	25	91	67	68	36	49	93	66	74	89	110	84	63	59	71	42	81	68	66	53	76	40	17	48	55	25	109	43	34	94	76	49	53	63	67	60	43	48	59	37	76	2	64	13	56	66	64	63	76	43	55	59	73	66	53	56	53	43	53	2	68	56	55	69	43	48	42	63	40	22	78	69	29	32	56	47	46	66	44	76	30	1	15	58	66	77	51	96	49	30	0	35	14	46	49	46	21	55	33	35	15	40	33	13	48	3	1	36	38	38	33	34	42	26	26	47	31	33	20	47	31	37	29	24	53	37	31	29	58	11	37	42	32	28	27	32	2	12	25	23	49	2	27	40	0	22	29	21	29	27	28	23	24	13	30	25	15	20	1	1	37	24	49	18	53	35	33	42	33	57	32	54	17	0	13	53	30	23	30	33	34	23	16	40	21	18	44	20	2	10	33	34	29	34	13	20	26	28	0	25	14	21	40	27	36	38	57	9	11	15	24	13	26	23	26	32	38	40	14	22	18	43	24	37	36	41	40	41	30	43	29	41	18	23	14	25	20	41	24	15	31	18	28	18	2	10	15	16	5	9	4	22	28	15	21	11	7	9	18	11	10	6	22	28	15	15	21	5	1	16	25	18	17	29	8	33	23	25	37	50
chr9	17934064	25	44	97	60	124	51	70	65	39	63	135	56	90	53	194	77	51	46	53	63	29	25	266	38	60	65	43	87	54	38	44	50	86	33	45	39	109	40	68	59	86	64	25	76	31	31	61	55	34	65	108	52	57	101	67	66	45	7	45	52	10	24	32	73	47	63	46	113	59	3	6	69	38	49	42	28	99	44	64	80	92	95	45	70	46	22	44	79	30	86	38	37	55	63	123	87	86	125	73	66	3	66	88	73	25	91	67	68	36	49	93	66	74	89	110	84	63	59	71	42	81	68	66	53	76	40	17	48	55	25	109	43	34	94	76	49	53	63	67	60	44	48	59	37	76	2	64	13	56	66	64	64	76	43	55	59	73	66	53	56	53	43	53	2	68	56	55	70	43	48	42	63	40	22	78	69	29	32	56	47	46	66	44	76	30	1	15	58	66	77	51	96	49	30	0	35	14	46	49	46	21	55	34	35	15	40	33	13	48	3	1	36	38	38	33	34	42	26	26	47	31	33	20	47	31	37	29	24	53	37	31	29	58	11	37	42	32	28	27	32	2	12	25	23	49	2	27	40	0	22	29	21	29	27	28	23	24	13	30	25	15	20	1	1	37	24	49	18	53	35	33	42	33	57	32	54	17	0	13	53	30	23	30	33	34	23	16	40	21	18	44	21	2	10	33	34	29	34	12	20	26	28	0	25	14	21	40	27	36	38	57	9	11	15	24	13	26	23	26	32	38	40	14	22	18	43	24	37	36	41	40	41	30	43	29	41	18	23	14	25	20	41	24	15	32	18	28	18	2	10	15	16	5	9	4	22	28	15	21	12	7	9	19	11	10	6	22	28	15	15	21	5	1	16	25	18	17	29	8	33	23	25	37	50
chr9	17934065	25	44	97	60	124	51	70	65	39	63	135	56	90	53	194	77	51	46	53	63	29	25	266	38	60	65	43	87	54	38	44	50	86	33	45	39	109	40	68	59	86	64	25	76	31	31	61	55	34	65	108	52	57	101	67	66	45	7	45	52	10	24	32	73	47	63	46	113	59	3	6	69	38	49	42	28	99	44	64	80	92	95	45	70	46	22	44	79	30	86	38	37	55	63	123	87	86	125	73	66	3	66	88	73	25	91	67	68	36	49	93	66	74	89	110	84	63	59	71	42	81	68	66	53	76	40	17	48	55	25	109	43	34	94	76	49	53	63	67	60	44	48	59	37	76	2	64	13	56	66	64	64	76	43	54	59	73	66	53	56	53	43	53	2	68	56	55	70	43	48	42	63	40	22	78	69	29	32	56	47	46	66	44	76	30	1	15	58	67	77	51	96	49	30	0	35	14	46	49	46	21	55	34	35	15	40	33	13	48	3	1	36	38	38	33	34	42	26	26	47	31	33	20	47	31	37	29	23	53	37	31	29	58	11	37	43	32	28	27	32	2	12	25	23	49	2	27	40	0	22	29	21	29	27	28	23	24	13	30	25	15	20	1	1	37	24	49	18	53	35	33	42	33	57	32	54	17	0	13	54	30	23	30	33	34	23	16	40	21	18	44	21	2	10	33	34	29	34	12	20	26	28	0	25	14	21	40	27	36	38	57	9	11	15	24	13	26	23	26	32	38	40	14	22	18	43	24	37	36	41	40	41	30	43	29	41	18	23	14	25	20	41	24	15	32	18	28	18	2	10	15	16	5	9	4	22	28	15	21	12	7	9	19	11	10	6	22	28	15	15	21	5	1	16	25	17	17	29	8	33	23	25	37	50
chr9	17934066	25	45	100	62	125	50	72	65	39	64	136	56	92	53	197	77	52	46	54	62	29	25	267	38	60	66	45	87	54	38	44	50	88	33	45	39	111	41	68	60	86	64	26	77	31	31	61	55	34	66	108	52	57	103	67	67	45	7	45	52	10	24	32	75	47	65	46	114	60	3	6	71	38	49	42	28	99	44	65	81	92	96	46	71	46	22	44	79	30	86	37	37	56	63	123	89	89	127	74	67	2	68	91	73	25	91	68	68	37	49	95	66	76	92	111	85	63	59	71	42	83	68	66	53	76	40	17	48	55	25	109	43	35	94	76	50	53	63	67	60	44	48	59	37	76	2	66	13	56	66	64	64	76	43	54	59	74	66	53	58	54	43	54	2	68	57	55	70	43	49	43	63	40	22	79	69	29	32	56	47	46	66	44	76	30	1	15	58	68	78	51	96	50	30	0	35	14	46	49	46	21	56	35	35	15	42	34	13	48	3	1	37	38	38	33	34	42	26	26	48	31	33	20	47	31	37	29	23	54	37	31	29	59	11	37	44	32	28	27	33	2	12	27	23	49	2	27	41	0	23	29	21	29	27	28	23	24	13	30	27	15	20	1	1	38	24	49	18	53	35	34	42	33	58	32	55	17	0	14	54	30	23	30	33	34	23	16	40	21	19	44	21	2	10	33	34	29	34	12	20	26	28	0	25	14	21	39	27	37	38	58	11	11	15	24	13	25	23	26	32	38	40	14	22	19	43	24	37	36	41	40	41	30	43	29	41	18	23	14	25	20	41	24	15	32	18	28	18	2	10	15	16	5	9	4	22	28	15	21	12	7	9	19	11	10	6	22	28	15	16	21	5	1	16	25	17	17	29	8	34	23	25	37	50
chr9	17934067	25	45	100	62	124	50	72	65	39	64	134	56	92	52	197	76	52	46	52	62	29	25	268	38	60	66	45	87	54	38	43	49	88	33	45	39	111	40	68	59	85	64	26	77	30	31	61	55	34	66	108	52	56	101	67	66	45	7	45	53	10	24	32	75	47	65	46	114	60	3	6	71	37	49	42	26	98	44	65	81	92	96	46	70	46	22	43	79	29	86	37	37	56	62	123	89	89	126	74	67	2	68	91	73	25	90	66	67	37	49	95	66	75	91	111	85	63	59	71	42	83	67	66	52	75	40	17	48	54	25	110	43	35	92	76	50	50	63	67	60	44	47	58	37	75	2	66	13	56	65	64	64	76	43	53	57	74	64	52	57	53	42	54	2	68	56	55	70	42	48	43	63	40	22	79	68	29	32	56	47	46	65	44	76	29	1	15	57	67	76	51	95	49	30	0	35	14	46	49	46	21	55	35	35	15	42	34	13	47	3	1	37	37	38	32	34	42	26	26	48	31	32	20	47	31	37	29	23	53	37	31	29	59	11	37	44	32	28	27	32	2	12	27	23	48	2	27	41	0	23	29	21	29	27	28	22	24	13	30	27	15	19	1	1	38	24	49	18	53	35	33	42	33	58	32	55	16	0	14	54	30	23	30	33	33	23	16	40	21	19	44	21	2	10	33	34	29	34	12	19	26	28	0	25	14	21	39	27	37	37	57	11	11	15	24	13	24	23	26	32	38	40	14	22	19	43	22	37	36	41	40	41	30	42	29	41	18	23	14	25	20	41	24	15	32	18	28	18	2	9	15	16	5	9	4	22	28	14	21	12	7	9	19	11	10	6	22	28	15	15	21	5	1	16	25	17	17	28	8	34	22	23	37	50
chr9	17934068	23	44	99	61	122	48	70	64	38	62	129	56	90	51	195	76	52	46	52	59	28	25	266	37	60	64	45	86	54	38	43	49	87	32	44	35	110	37	65	59	84	63	26	76	30	28	61	55	34	65	106	51	55	101	66	64	45	7	44	52	10	24	32	74	47	65	46	112	58	3	6	70	35	48	42	26	98	44	64	78	91	95	46	68	45	22	42	78	29	85	37	33	54	61	122	88	89	123	73	65	2	66	90	71	23	87	66	66	37	47	93	65	72	88	107	85	59	52	70	40	79	67	63	50	73	40	17	48	54	25	109	43	34	89	76	50	50	59	65	57	42	47	57	36	70	2	64	13	55	63	62	63	74	43	54	57	74	64	52	54	50	41	53	2	68	54	52	69	41	47	41	62	40	20	78	65	29	32	55	47	45	63	42	75	28	1	15	52	65	74	50	93	46	30	0	33	14	45	49	46	21	55	35	33	15	41	33	13	46	3	1	36	36	38	31	33	43	26	26	46	31	31	18	47	31	35	29	23	51	37	30	29	57	11	37	44	32	27	27	32	2	12	26	24	47	2	27	40	0	23	29	21	30	27	27	22	23	11	30	27	15	18	1	1	37	24	48	18	51	35	33	41	33	58	32	54	14	0	12	53	30	23	30	31	32	23	15	39	21	19	44	21	1	10	33	34	29	34	11	17	25	28	0	24	14	21	37	25	37	36	56	11	11	15	24	13	23	21	26	32	37	37	14	21	19	42	22	36	36	40	39	37	29	41	29	41	18	23	14	24	20	41	24	15	32	18	28	18	2	9	15	15	5	9	4	22	28	14	21	12	7	9	19	10	10	6	22	28	14	15	21	5	1	16	25	17	17	27	8	30	22	22	37	48
chr9	17934069	24	45	100	61	122	48	69	66	39	64	132	57	91	51	198	80	52	46	54	60	28	25	270	37	60	65	46	88	54	38	45	50	87	33	44	35	109	37	65	59	84	64	27	76	31	28	61	55	38	67	109	52	56	103	66	64	45	7	45	52	10	24	32	75	49	66	47	115	59	3	6	70	35	54	43	26	98	45	64	77	93	95	46	69	45	22	43	79	29	85	37	35	54	66	121	89	90	124	74	66	2	68	91	71	23	87	67	66	38	47	95	65	74	89	109	85	59	52	70	40	82	68	63	49	74	40	17	49	56	25	113	44	33	92	77	50	50	57	67	60	42	47	57	38	71	2	64	13	52	64	65	65	75	44	56	58	74	64	52	54	50	41	51	2	75	54	52	71	44	47	39	62	40	20	78	65	31	34	56	48	45	64	45	75	28	1	15	52	67	75	53	95	48	30	0	35	14	47	51	48	22	54	35	32	18	41	32	13	46	3	1	36	36	39	30	32	44	26	26	46	31	31	18	47	31	36	29	23	50	38	30	29	57	11	38	43	32	28	28	32	2	12	29	24	49	2	28	41	0	23	29	22	31	27	28	22	23	11	30	27	16	18	1	1	38	24	49	18	51	36	33	42	37	60	32	54	14	0	12	54	30	23	31	31	32	25	15	40	21	19	44	21	1	10	33	34	31	34	11	17	25	28	0	24	14	21	37	25	37	35	56	11	11	15	24	13	23	20	26	32	37	37	15	21	19	42	22	36	35	43	38	40	29	41	28	42	18	23	14	24	20	41	23	16	33	18	28	19	2	9	15	15	5	9	4	22	28	14	21	13	7	9	19	10	9	6	24	28	13	15	21	5	1	17	25	17	20	27	8	30	23	23	38	48
chr9	17934070	24	44	99	61	121	48	68	66	39	63	132	56	91	51	198	78	50	46	54	60	28	25	269	37	60	65	46	88	54	38	45	50	86	33	44	35	109	37	65	59	83	64	27	76	31	28	61	55	38	67	108	52	56	103	66	64	44	7	45	52	10	24	31	74	49	66	47	115	59	3	6	70	35	54	43	26	98	45	64	76	93	93	46	68	45	20	43	79	29	85	37	35	54	66	120	89	89	122	73	66	2	66	90	70	22	86	67	66	38	47	93	65	73	87	109	83	59	52	69	39	80	68	62	48	73	40	16	48	56	25	112	41	33	90	76	49	50	57	65	60	42	47	56	37	68	2	64	13	51	64	65	65	74	44	55	58	73	64	52	54	50	41	51	2	75	54	51	71	44	46	36	62	40	20	78	63	31	34	52	48	44	64	45	75	26	1	15	51	67	75	50	94	48	30	0	35	14	47	51	48	22	54	35	32	18	41	32	13	46	3	1	36	36	39	30	32	44	26	26	45	31	30	18	45	31	36	29	23	50	38	30	29	57	11	37	43	32	28	27	32	2	12	29	24	49	2	28	40	0	23	29	22	31	27	28	22	23	11	30	25	16	18	1	1	38	23	49	18	50	36	33	41	37	60	32	54	15	0	12	54	30	23	31	31	32	24	15	40	21	16	44	21	1	10	33	33	31	34	11	15	25	28	0	23	14	21	37	25	37	35	53	11	11	14	23	13	23	20	25	32	37	37	15	20	19	41	22	36	35	43	38	40	29	37	27	41	18	22	14	24	20	41	23	16	33	17	28	19	2	9	15	15	5	9	4	22	28	14	21	12	7	9	19	10	9	6	24	28	13	15	21	5	1	17	25	17	20	27	7	30	23	23	38	48
chr9	17934071	24	44	103	61	121	48	69	66	39	63	132	54	91	51	198	79	50	46	54	61	28	25	271	37	61	66	46	88	55	38	46	50	87	33	44	35	109	37	65	60	83	64	27	76	31	28	63	55	38	67	108	53	57	103	66	66	44	7	47	52	10	24	32	74	49	68	48	115	59	3	6	70	35	54	45	26	98	45	64	77	93	93	46	68	45	20	43	80	29	86	37	35	54	66	121	89	90	122	73	66	2	66	91	70	23	86	67	66	38	46	93	66	73	87	110	83	59	52	70	39	80	68	63	48	73	40	16	48	56	25	112	41	34	91	76	49	48	57	65	60	44	47	56	37	68	2	64	13	51	66	65	64	72	44	55	58	73	64	54	54	51	41	52	2	75	54	51	72	44	47	37	62	40	20	78	63	32	35	52	47	44	64	45	75	26	1	16	51	67	75	50	94	48	30	0	35	14	47	51	48	22	54	35	32	18	41	33	13	46	3	1	36	36	39	30	33	44	26	26	45	31	31	18	45	31	36	29	23	50	38	30	29	57	11	37	43	32	28	27	32	2	12	29	24	49	2	29	40	0	23	29	22	31	27	28	22	23	11	30	25	16	18	1	1	38	23	49	18	50	36	33	41	40	59	32	54	15	0	12	55	30	23	32	32	32	25	16	40	21	16	44	21	1	10	33	33	31	34	11	16	26	28	0	23	14	21	37	25	37	35	53	11	11	14	23	13	23	20	25	32	38	38	15	21	19	41	22	36	35	43	38	40	29	37	27	41	18	22	14	24	20	41	23	16	34	17	28	19	2	9	15	15	5	9	4	22	28	14	21	12	7	9	20	10	9	6	24	28	13	15	21	5	1	17	25	17	20	27	7	30	23	23	38	48
chr9	17934072	24	44	103	61	121	48	69	66	39	64	132	54	91	51	197	79	50	46	54	61	28	25	271	37	61	66	46	88	55	38	46	50	87	33	44	35	109	37	64	60	83	64	27	76	31	28	63	55	38	67	108	53	57	103	66	66	44	7	47	52	10	24	32	74	49	68	48	115	59	3	6	70	35	54	45	26	98	45	64	77	93	93	46	68	45	20	43	80	29	86	37	35	54	66	121	89	90	121	73	66	2	66	91	70	23	86	67	66	38	46	93	66	73	87	108	83	59	52	70	39	80	68	63	48	73	40	16	48	56	25	112	41	34	91	76	49	48	57	65	60	44	47	56	37	68	2	64	13	51	66	65	64	72	44	54	58	73	64	54	54	51	41	52	2	75	54	51	72	44	47	37	62	40	20	78	63	32	35	52	47	44	64	45	75	26	1	16	51	67	75	50	94	48	30	0	35	14	47	51	48	22	54	35	32	18	41	33	13	46	2	1	36	36	39	30	33	44	26	26	45	31	31	18	45	31	36	29	23	50	38	30	29	57	11	37	43	32	28	27	32	2	12	29	24	49	2	29	40	0	23	29	22	31	27	28	22	23	11	30	25	16	18	1	1	38	23	49	18	50	35	33	41	40	59	32	54	15	0	12	55	30	23	32	32	32	25	16	40	21	16	44	21	1	10	33	33	31	34	11	16	26	28	0	23	14	21	37	25	37	35	53	11	11	14	23	13	23	20	25	32	38	38	15	21	19	41	22	36	35	43	38	40	29	37	27	41	18	22	13	24	20	41	23	16	34	17	28	19	2	9	15	15	5	9	4	22	28	14	21	12	7	9	20	10	9	6	24	28	13	15	21	5	1	17	25	17	20	27	7	29	23	23	38	48
chr9	17934073	24	44	101	63	121	48	68	66	39	64	131	55	91	51	197	80	50	46	53	61	28	25	271	38	62	66	46	88	54	38	45	50	87	33	44	35	109	37	64	60	83	64	27	78	31	28	63	55	38	67	108	53	57	104	66	66	44	7	47	52	10	24	32	74	49	67	48	114	59	3	6	69	35	55	45	26	100	45	64	77	92	93	47	68	45	20	44	80	29	86	36	35	54	66	120	89	91	120	73	66	2	66	91	70	23	85	67	66	38	45	93	66	72	85	108	83	59	52	69	39	80	67	63	48	73	40	16	48	56	24	112	42	34	91	76	49	48	57	65	61	44	45	57	37	68	2	64	13	51	66	65	64	72	44	54	58	72	65	54	54	51	41	52	2	74	54	51	73	44	47	37	64	40	20	78	63	32	35	52	47	44	64	45	75	26	1	16	51	67	75	50	94	48	30	0	35	14	48	51	48	22	54	35	32	18	41	35	13	46	2	0	36	35	39	30	33	45	26	26	44	31	31	18	45	30	36	29	23	50	37	30	29	56	11	37	43	32	28	27	32	2	12	29	24	49	2	29	40	0	23	29	22	31	27	28	22	23	11	30	25	16	18	1	1	38	23	48	19	49	36	33	41	40	59	32	54	15	0	12	55	29	23	33	32	32	25	16	40	21	16	44	21	1	10	32	32	31	34	11	16	26	28	0	23	14	21	37	25	38	35	52	11	11	14	23	13	23	20	25	32	38	38	13	22	19	41	21	36	34	43	37	40	29	37	27	40	18	22	13	24	20	41	23	16	34	17	28	19	2	9	15	15	5	9	4	22	28	14	21	12	7	9	20	10	9	6	24	28	13	15	21	5	1	17	25	17	20	27	7	29	23	23	38	48
chr9	17934074	24	44	103	63	122	47	69	67	39	64	131	55	91	51	198	81	51	46	53	60	28	25	273	38	63	66	46	88	54	38	45	52	86	33	44	37	109	37	64	60	83	64	27	80	31	28	63	55	41	67	109	53	57	107	66	65	43	7	47	54	10	24	32	75	50	67	49	116	59	3	6	69	35	55	45	26	100	45	63	77	91	93	47	68	45	20	44	80	29	87	36	35	54	66	120	90	91	121	73	66	2	68	91	70	23	86	67	66	38	46	93	66	71	85	109	83	58	52	69	39	82	67	63	48	72	41	16	49	56	24	114	44	34	91	76	49	49	57	65	61	44	46	58	37	68	2	64	13	51	66	65	64	73	44	54	58	74	64	54	54	51	42	52	2	74	54	52	72	45	47	37	66	41	20	78	64	32	35	53	47	44	64	45	76	27	1	17	51	67	76	51	94	48	29	0	35	14	48	51	49	23	56	35	32	19	41	36	13	45	2	0	36	35	39	30	33	45	26	26	44	31	31	18	46	30	37	30	23	51	37	30	29	55	11	37	42	32	29	27	33	2	12	29	24	49	2	29	40	0	23	30	22	31	27	28	21	23	11	30	25	16	18	1	1	40	23	48	19	49	36	33	41	40	59	32	54	15	0	12	55	29	23	33	32	32	24	16	40	21	16	44	21	1	10	32	32	31	35	11	16	26	28	0	23	14	21	37	25	38	35	52	11	11	14	23	13	23	20	25	32	38	38	13	22	19	41	21	36	35	43	37	39	29	37	27	40	18	23	13	24	20	41	24	16	34	17	28	19	2	9	15	15	5	9	4	22	28	14	21	12	7	9	20	10	9	6	24	28	13	15	22	5	1	17	25	17	20	27	7	29	23	23	38	48
chr9	17934075	24	44	103	63	122	47	69	67	39	64	131	55	91	51	198	80	51	46	53	60	28	25	271	38	63	66	46	88	54	38	45	52	86	32	44	37	109	37	64	60	83	64	27	80	31	28	63	55	41	67	109	53	57	107	65	65	43	7	47	54	10	24	32	75	50	67	49	116	59	3	6	69	35	55	45	26	100	45	63	77	91	91	47	68	45	20	43	80	29	86	36	34	54	66	120	90	90	121	72	65	2	68	91	69	23	86	67	66	38	46	93	66	71	85	109	83	58	52	69	38	82	67	63	47	72	41	16	49	56	24	114	44	34	91	76	49	49	57	65	61	44	46	58	37	68	2	63	13	51	66	65	64	73	44	54	57	74	63	54	54	51	42	52	2	74	53	52	72	45	47	37	66	41	20	78	63	32	35	53	47	44	64	45	76	27	1	17	51	66	76	51	94	48	29	0	35	14	48	51	49	23	56	35	32	19	41	36	13	45	2	0	36	34	39	30	33	44	26	26	44	31	31	18	46	30	37	30	23	51	37	29	29	55	11	37	42	32	29	27	33	2	12	29	24	49	2	29	40	0	23	30	22	31	27	28	21	23	11	30	25	16	18	1	1	39	23	48	19	49	36	33	41	40	59	31	54	15	0	12	55	29	23	33	31	32	23	16	40	21	16	44	21	1	10	31	31	31	35	11	16	26	28	0	23	14	21	37	25	38	35	51	11	11	14	23	13	23	20	25	32	38	38	13	22	19	41	21	36	35	43	37	40	29	37	27	40	18	23	13	24	20	41	23	16	34	17	28	19	2	9	15	14	5	9	4	22	28	14	21	12	7	9	20	10	9	6	24	28	13	14	22	5	1	17	25	17	20	27	7	29	23	23	38	48
chr9	17934076	24	44	103	64	122	48	70	67	40	65	131	56	91	51	200	80	51	46	53	60	28	25	273	38	63	70	46	90	54	38	45	54	86	32	45	37	112	37	64	62	84	64	27	81	31	28	62	55	41	67	109	53	57	109	65	64	44	7	47	55	10	24	34	75	51	67	49	117	59	3	6	70	35	55	45	26	100	45	64	76	92	93	47	69	46	20	43	82	29	87	36	34	55	67	122	92	91	124	72	65	2	68	91	70	23	87	68	66	39	46	94	67	72	84	109	83	58	52	70	38	85	67	63	49	72	41	16	49	56	24	115	45	35	91	76	49	49	57	66	62	44	46	58	37	68	2	63	13	50	67	64	66	73	44	54	57	75	63	54	54	52	43	52	2	74	53	52	72	48	48	37	66	41	20	78	63	35	35	53	47	44	64	45	76	27	1	17	52	66	75	51	94	48	30	0	36	14	48	50	48	24	56	35	32	19	42	37	13	45	2	0	36	34	39	31	33	44	26	27	44	31	31	18	46	30	36	30	23	52	37	29	29	56	11	37	42	32	29	27	33	2	12	29	24	49	2	29	40	0	23	30	22	31	27	28	21	23	11	30	25	16	18	1	1	41	23	48	19	50	36	33	41	40	59	31	54	16	0	12	55	30	23	33	31	31	22	16	40	21	16	44	21	1	10	34	31	31	35	11	16	26	28	0	23	14	21	37	25	39	36	51	11	11	14	23	13	23	20	26	32	38	38	13	22	19	41	21	36	35	43	37	40	29	37	28	40	18	23	13	24	20	41	23	16	35	17	28	19	2	9	15	14	5	9	4	22	28	14	21	12	7	9	21	10	9	6	24	28	14	14	22	6	1	17	24	17	20	27	7	30	23	23	38	48
chr9	17934077	24	44	103	64	122	48	69	67	40	65	131	56	91	51	200	80	51	46	53	60	28	25	272	38	63	70	46	90	54	38	45	54	85	32	45	37	112	37	64	62	84	65	27	81	31	28	62	55	41	67	109	53	57	109	65	64	43	7	47	55	10	24	34	75	50	67	49	117	59	3	6	71	35	55	45	26	100	45	64	76	92	93	47	69	46	20	43	82	29	87	36	34	55	67	122	92	91	124	72	65	2	68	91	70	23	85	68	66	39	46	94	67	72	84	109	83	58	52	70	38	85	67	63	49	72	41	16	49	56	24	115	45	35	91	76	49	49	57	66	62	44	46	58	37	68	2	63	13	50	67	64	66	73	44	54	57	75	63	54	54	52	43	52	2	74	53	52	72	48	48	36	66	41	20	78	63	35	35	53	47	44	64	45	76	27	1	17	52	66	75	51	94	48	30	0	36	14	48	50	48	24	56	35	32	19	42	37	13	45	2	0	36	34	39	31	33	44	26	26	44	31	31	18	46	29	36	30	23	52	37	29	29	56	11	37	42	32	29	27	33	2	12	29	24	49	2	29	40	0	23	30	22	31	27	28	21	23	11	30	25	16	18	1	1	41	23	48	19	50	36	33	41	40	59	31	54	16	0	12	55	30	22	33	31	31	22	16	40	21	16	44	21	1	10	34	31	31	35	11	16	26	28	0	23	14	21	37	25	39	36	51	11	11	14	23	13	23	20	26	32	38	38	13	21	19	41	21	36	35	43	37	40	29	37	28	40	17	23	13	24	19	41	23	16	35	17	28	19	2	9	15	14	5	9	4	22	28	14	21	12	7	9	21	10	9	6	24	28	14	14	22	6	1	17	24	17	20	27	7	30	23	23	38	48
chr9	17934078	24	44	103	63	122	49	70	67	40	64	131	56	91	51	200	80	51	46	53	60	28	25	271	38	63	69	46	90	54	38	45	54	86	32	45	37	112	37	64	62	83	65	27	80	30	28	62	55	41	66	109	53	58	109	64	64	42	7	47	55	10	24	34	74	50	67	49	117	60	3	6	71	35	54	45	26	98	45	64	76	92	93	46	69	46	20	43	82	29	87	36	34	55	67	122	91	89	124	71	64	2	68	91	70	23	85	68	66	39	46	94	67	72	84	109	83	58	52	70	38	85	67	62	49	72	41	16	49	56	24	115	43	35	91	76	49	49	57	66	62	44	46	58	37	68	2	63	13	50	67	63	66	73	44	54	57	76	63	54	54	52	43	52	2	74	54	52	72	48	48	36	66	41	20	80	63	33	35	53	47	45	64	45	76	27	1	17	52	66	75	51	94	48	30	0	36	14	48	50	48	24	57	35	32	19	42	37	13	45	2	0	36	34	39	31	33	44	26	26	44	31	31	17	46	30	36	30	23	52	37	29	29	56	11	37	42	32	29	27	33	2	12	29	24	49	2	29	40	0	23	30	22	31	27	28	21	23	11	29	25	16	18	1	1	41	23	48	19	50	36	33	42	40	59	31	54	16	0	12	55	30	22	33	31	31	22	15	41	21	16	44	22	1	10	34	32	31	35	11	17	26	28	0	23	14	21	37	25	39	36	51	11	11	14	22	13	23	20	26	32	38	38	13	21	21	40	21	36	35	43	37	40	29	37	28	40	17	23	13	24	20	41	23	16	35	17	28	19	2	9	15	14	4	9	4	22	28	14	21	11	7	9	21	10	9	6	24	28	14	14	22	6	1	17	24	17	20	27	7	30	23	23	38	48
chr9	17934079	28	46	113	68	127	51	74	77	40	68	138	65	97	52	210	88	53	49	56	64	30	28	288	41	65	75	50	100	61	40	48	61	89	34	49	39	116	39	69	66	86	70	29	84	32	30	65	58	46	70	115	57	62	115	69	69	44	7	51	57	11	24	35	79	51	68	55	127	62	3	7	80	39	60	49	29	103	51	65	85	101	98	47	74	48	24	43	83	29	90	43	41	60	71	131	100	99	135	76	68	2	73	95	76	25	91	69	66	43	49	104	72	82	89	112	83	59	54	75	39	93	69	65	52	79	45	17	51	59	28	127	47	41	95	79	52	50	62	70	64	47	48	60	38	74	2	64	15	55	71	72	67	80	46	57	59	81	65	59	56	55	45	54	2	80	56	53	75	49	51	38	69	43	20	83	66	35	36	55	48	49	65	45	79	28	3	20	56	70	78	57	102	51	35	0	37	16	51	52	52	27	62	36	38	20	44	40	13	48	2	0	38	40	39	34	38	48	29	27	47	32	33	21	48	31	39	32	23	56	41	29	31	62	12	38	46	35	33	29	34	2	15	32	25	53	2	30	41	0	24	34	22	35	27	29	21	25	12	30	25	17	19	1	1	45	26	51	22	50	45	33	43	42	61	32	55	17	0	14	60	33	22	35	34	33	23	16	45	21	16	45	22	1	10	38	32	34	35	12	18	27	29	0	23	15	21	37	29	39	37	51	11	11	15	23	13	25	20	26	33	38	41	14	23	22	42	21	39	37	42	37	42	32	36	31	41	18	23	13	25	20	41	23	16	35	19	30	19	2	9	15	14	5	9	4	22	28	14	21	11	10	9	22	11	15	6	26	28	15	15	22	7	1	17	26	18	21	28	7	31	23	23	42	51
chr9	17934080	28	46	112	68	127	51	74	76	40	68	137	65	93	52	210	88	53	49	56	63	30	28	287	41	65	75	50	100	61	40	48	61	89	34	49	39	116	39	69	66	85	69	29	81	32	30	65	58	46	70	114	57	61	114	68	68	44	7	51	57	11	24	35	79	51	67	55	127	62	3	6	79	37	59	49	29	103	50	64	83	100	98	47	74	48	24	43	82	29	89	43	41	60	70	131	100	98	133	76	68	2	72	94	74	24	90	68	66	43	49	104	71	82	89	112	83	58	54	75	39	92	69	65	52	79	44	17	50	59	27	126	47	38	94	79	52	50	61	70	64	47	48	59	38	74	1	64	15	55	71	72	66	80	43	57	58	81	65	55	55	54	45	53	2	79	56	53	75	49	51	38	69	43	19	83	66	38	36	54	48	49	66	44	79	28	3	20	56	70	77	57	102	51	34	0	36	16	51	51	52	27	62	36	37	19	44	40	13	48	2	0	37	40	39	33	38	48	29	27	47	32	33	20	48	31	39	32	23	56	41	29	31	61	12	37	45	35	33	29	34	2	15	32	25	53	2	30	40	0	24	34	22	35	27	28	21	25	12	30	25	17	19	1	1	45	26	51	22	49	45	32	43	42	61	32	55	18	0	14	60	33	22	34	34	33	23	16	45	19	15	45	22	1	10	37	31	34	35	12	18	27	28	0	23	15	21	36	29	38	37	51	11	11	15	23	13	24	20	26	33	38	40	14	23	22	42	21	39	37	41	37	42	32	36	31	40	18	23	13	25	20	41	23	15	35	17	29	19	2	9	14	14	5	9	4	22	28	14	21	11	10	9	22	11	13	6	26	28	13	15	21	7	1	17	26	18	21	28	7	31	23	22	42	51
chr9	17934081	27	46	115	71	128	52	74	76	41	68	138	65	95	53	213	88	56	50	56	63	30	28	290	43	65	75	52	101	62	41	49	61	90	35	49	39	119	39	69	66	85	69	31	82	34	30	65	58	48	73	116	57	63	115	68	71	45	7	51	57	11	25	36	82	51	69	55	127	62	3	6	80	37	59	50	29	103	50	64	81	100	98	48	74	49	24	43	85	29	89	45	41	61	71	132	101	99	133	77	70	2	72	96	74	24	91	69	66	44	49	109	75	82	90	112	83	58	55	76	39	91	69	65	52	83	46	17	50	59	30	126	47	40	98	79	52	50	61	70	65	49	48	59	39	75	1	65	15	55	72	77	66	80	44	58	59	82	65	55	58	54	45	53	2	82	57	53	77	49	51	38	69	43	19	83	67	38	37	55	49	48	67	44	79	28	3	20	58	70	78	60	102	51	34	0	37	17	52	51	54	27	61	37	39	19	47	42	15	48	2	0	37	41	39	33	38	48	30	27	48	32	33	20	49	31	40	33	23	56	42	29	32	63	12	37	46	35	35	30	34	2	15	32	25	53	2	31	40	0	24	37	22	35	27	27	21	26	13	30	25	17	20	1	1	46	26	52	22	50	48	34	43	42	60	32	55	18	0	17	61	33	22	34	34	34	23	17	45	19	16	47	22	1	10	37	31	34	35	12	18	27	29	0	23	15	20	35	29	38	37	51	11	11	15	23	13	24	20	26	33	38	40	14	23	22	41	21	40	37	41	37	43	33	36	32	40	18	23	13	25	20	41	23	15	35	17	29	19	2	9	14	14	5	10	4	22	28	14	21	11	10	9	22	11	13	6	26	28	13	15	21	7	1	17	26	18	22	28	7	31	24	22	42	51
chr9	17934082	27	46	115	71	128	50	74	76	41	68	138	65	95	53	213	88	56	50	56	63	30	28	290	43	65	75	52	101	62	41	49	61	90	35	49	38	119	39	68	66	85	68	31	82	34	30	65	58	48	73	116	57	63	115	68	71	45	7	51	57	11	25	36	82	51	69	55	127	61	3	6	80	37	59	50	29	103	50	64	81	100	98	48	74	49	24	43	85	29	89	45	41	61	71	132	101	99	133	76	70	2	72	96	74	24	91	69	66	44	49	109	75	82	90	112	83	58	55	76	39	91	69	65	52	83	46	18	50	59	30	126	47	40	98	79	52	50	61	70	65	49	48	58	39	75	1	65	15	54	72	77	66	80	44	58	59	82	65	55	58	54	45	53	2	82	56	53	77	49	51	38	69	43	19	83	67	38	37	55	49	48	67	44	79	28	3	20	58	70	78	60	102	51	34	0	37	17	52	51	54	27	61	37	39	19	47	42	15	48	2	0	37	41	39	33	38	48	30	27	48	32	33	20	49	31	40	33	23	56	42	29	32	63	12	37	46	35	35	30	34	2	15	32	25	53	2	31	40	0	24	37	22	35	27	27	21	26	13	30	25	17	20	1	1	46	26	52	22	50	48	34	43	42	60	32	55	18	0	17	61	33	22	34	34	34	23	17	45	19	16	47	22	1	10	37	31	34	35	12	18	27	29	0	23	15	20	35	29	38	37	51	11	11	15	23	13	24	20	26	33	38	40	14	23	22	41	21	40	37	41	37	43	32	36	32	40	18	23	13	25	20	41	23	15	35	17	29	19	2	9	14	14	5	10	4	22	28	14	21	11	10	9	22	11	13	6	26	28	13	15	21	7	1	17	25	18	22	28	7	31	24	22	42	51
chr9	17934083	27	46	118	71	129	51	73	75	41	71	141	66	98	56	215	88	59	50	56	64	32	28	298	45	65	77	53	106	66	41	49	67	92	37	49	38	121	40	69	66	87	69	31	87	34	30	65	59	49	74	118	58	64	119	69	72	45	7	51	58	11	27	37	84	53	72	56	129	61	3	6	81	38	63	49	29	107	54	65	85	101	100	48	77	52	24	44	84	28	89	46	41	62	72	134	99	101	139	77	72	2	71	96	76	23	93	69	69	44	50	112	74	84	89	112	83	59	55	77	40	91	70	66	52	86	48	18	53	61	31	125	48	40	99	79	52	50	61	70	67	50	49	59	39	74	1	68	16	57	71	76	65	80	46	60	59	85	68	56	59	56	48	53	2	82	56	54	79	49	51	40	71	45	19	83	67	39	37	55	49	47	68	46	80	29	3	20	61	70	82	62	104	52	34	0	37	17	52	54	55	29	63	39	40	18	48	42	15	49	3	0	37	44	40	32	39	48	30	28	49	33	33	20	49	31	40	33	23	58	43	28	34	63	12	37	49	35	36	30	34	2	15	32	26	53	2	33	40	0	24	38	22	35	27	26	21	26	13	31	25	17	19	1	1	47	26	52	22	52	51	35	44	44	61	32	55	18	0	17	62	32	23	34	33	35	26	17	47	19	17	48	22	1	10	36	31	33	38	12	18	27	29	0	23	15	20	35	30	38	38	51	11	11	16	23	13	24	20	26	33	38	40	14	23	22	42	21	40	37	41	37	44	32	35	32	41	17	23	14	25	21	42	23	15	35	16	29	19	2	10	13	14	6	10	5	22	30	14	21	11	10	9	22	11	13	6	26	30	16	15	21	7	1	17	25	18	22	28	7	32	24	22	43	51
chr9	17934084	27	51	132	73	136	52	74	76	45	82	152	67	101	60	233	92	62	53	57	66	34	29	319	48	70	82	57	109	73	47	54	69	92	42	50	41	123	45	70	68	93	72	33	93	38	31	71	60	50	76	124	65	66	128	70	76	48	7	53	60	11	32	43	85	59	75	57	140	67	3	6	83	43	70	53	30	108	57	73	93	105	111	49	83	53	25	47	87	29	90	48	44	67	74	137	101	103	141	81	72	2	79	101	79	25	102	72	70	47	54	116	79	86	95	115	85	62	58	80	43	93	71	67	55	88	51	19	53	64	36	126	52	40	103	81	55	54	62	75	68	53	51	63	42	81	1	70	17	57	78	76	72	81	49	66	64	90	72	57	59	57	48	55	2	84	61	57	80	52	50	43	74	45	22	85	68	43	38	59	51	56	73	50	87	32	3	20	62	74	88	65	112	53	36	0	38	19	55	56	57	30	66	41	42	21	53	44	18	50	3	0	37	45	41	32	38	51	35	30	52	36	35	20	53	32	44	37	25	60	47	28	37	63	14	38	50	41	36	31	35	2	16	34	30	58	2	35	40	0	27	39	23	41	28	28	21	27	13	35	25	17	22	1	1	52	28	55	23	55	53	37	47	46	72	38	60	18	0	17	63	32	23	39	36	38	26	18	47	19	17	49	22	1	10	38	33	33	38	13	19	28	29	0	23	19	20	35	30	38	39	53	11	11	17	26	13	24	20	29	33	39	40	15	24	24	42	21	42	38	42	37	45	32	35	32	43	18	23	14	26	21	43	23	15	35	16	30	20	2	10	14	15	6	10	5	23	30	14	21	11	10	9	22	11	13	6	26	30	16	15	21	7	1	17	26	20	23	28	7	33	24	22	44	53
chr9	17934085	27	51	132	73	136	53	74	76	45	82	152	67	101	60	234	92	61	53	56	66	33	29	319	48	70	82	57	109	73	47	54	69	93	42	50	41	123	45	70	67	93	72	33	93	38	31	71	60	50	78	124	64	66	128	70	76	48	7	53	60	11	32	43	85	59	75	57	140	67	3	6	83	43	70	53	30	108	57	73	93	104	111	49	83	53	25	47	87	29	90	48	44	67	73	137	101	103	142	81	72	2	78	101	79	25	102	72	70	47	54	116	79	86	95	115	84	62	58	80	43	93	71	67	55	87	50	19	53	64	36	125	52	40	103	81	55	54	62	75	68	53	51	63	42	80	1	71	17	57	77	76	72	80	49	66	64	89	71	57	59	57	48	55	2	84	62	57	80	53	50	43	74	45	22	85	68	43	39	59	51	56	73	50	86	32	3	20	62	74	87	65	111	53	36	0	38	19	55	56	56	30	66	41	42	21	53	44	18	49	3	0	37	45	41	32	38	51	35	30	52	35	34	20	52	32	44	37	24	60	47	28	37	63	14	38	50	41	36	31	35	2	16	34	30	58	2	35	39	0	27	39	23	41	28	28	21	27	13	35	25	16	22	1	1	52	28	55	23	55	53	37	47	46	72	39	60	18	0	17	63	32	23	39	36	38	26	18	47	19	17	48	22	1	10	38	33	33	38	13	19	28	29	0	23	19	20	35	30	38	39	52	11	11	17	26	13	24	20	29	33	39	40	15	24	24	42	21	42	38	42	37	45	32	35	32	43	18	23	14	26	21	43	23	15	35	16	30	20	2	10	15	15	6	10	5	23	30	14	21	11	10	9	22	11	13	6	26	30	16	15	21	7	1	17	26	20	23	28	7	33	24	22	44	53
chr9	17934086	27	52	133	73	141	53	74	75	45	82	153	67	102	60	234	92	61	53	56	68	33	29	322	48	70	87	60	108	74	47	55	69	94	42	49	43	124	45	69	67	94	73	33	94	38	31	71	59	52	80	127	67	66	128	70	77	48	7	54	60	11	34	43	85	58	77	56	141	70	3	6	83	43	71	53	30	108	58	73	93	105	112	48	83	53	27	47	88	30	90	49	45	67	74	139	100	103	141	80	71	2	78	101	80	25	102	73	68	47	54	116	79	87	94	114	85	63	58	80	43	94	71	67	60	87	50	19	54	64	35	128	52	40	104	81	55	55	63	75	68	53	51	63	42	80	1	72	17	57	77	77	72	79	49	66	64	90	71	57	59	57	47	56	2	85	63	58	80	54	50	43	76	44	23	85	68	42	39	59	51	56	73	50	88	32	3	20	63	74	88	65	113	53	36	0	38	19	54	56	56	30	67	41	42	21	53	45	18	49	3	0	37	45	41	32	37	51	35	30	52	36	34	20	52	32	45	38	24	60	48	28	38	64	14	38	50	41	36	31	37	2	16	34	30	56	2	36	39	2	28	39	23	41	28	28	21	27	13	35	25	16	22	1	1	53	29	56	23	55	53	37	47	46	71	39	60	18	0	18	65	32	23	39	36	38	26	19	47	19	17	49	22	1	10	38	34	33	38	13	19	28	28	0	23	19	20	34	30	37	39	51	11	11	18	26	13	24	20	29	33	39	40	15	24	24	42	21	42	38	42	37	45	32	36	32	43	18	23	14	25	22	42	23	15	35	16	29	20	2	10	15	15	6	10	5	23	29	14	21	13	10	9	22	11	13	6	26	30	16	16	21	7	1	17	26	20	23	28	7	34	24	22	44	53
chr9	17934087	27	53	131	73	141	53	74	75	45	82	153	67	102	60	234	93	61	54	56	68	33	29	322	48	70	87	60	109	74	47	55	69	94	42	49	43	124	45	69	67	94	73	33	95	38	31	71	59	52	80	127	67	66	128	70	77	48	7	54	60	11	34	43	85	58	77	56	141	70	3	6	84	43	71	53	30	108	58	73	93	104	112	48	83	53	27	46	89	30	90	49	45	67	74	139	99	103	141	79	71	2	78	102	81	25	102	73	68	47	54	116	79	87	94	114	85	63	58	80	43	94	71	66	60	89	50	19	54	64	35	128	53	40	104	81	54	55	63	75	69	53	51	63	42	80	1	72	17	57	77	77	72	79	49	66	64	90	71	57	59	57	47	56	2	85	63	58	80	54	50	43	76	44	23	85	68	42	39	59	51	56	73	50	88	32	3	20	63	74	88	65	113	53	36	0	38	19	54	56	56	30	67	41	42	21	53	45	18	49	3	0	37	45	41	32	37	51	35	30	52	36	34	20	52	32	48	38	24	60	48	28	38	64	14	38	50	41	36	31	37	2	16	34	30	56	2	36	39	2	28	39	23	41	28	28	21	27	13	35	25	16	22	1	1	53	30	56	23	55	53	37	47	46	71	39	60	18	0	18	65	32	23	39	36	38	26	19	47	19	17	49	22	1	10	38	34	33	38	13	19	28	28	0	23	19	20	34	30	37	39	51	11	11	18	26	13	24	20	29	33	39	40	15	24	25	42	21	42	38	42	37	45	32	36	32	43	18	23	14	25	22	42	23	15	35	16	29	20	2	10	15	15	6	10	5	23	29	14	21	13	10	9	22	11	13	6	26	30	16	16	21	7	1	17	26	20	23	28	7	34	24	22	44	53
chr9	17934088	27	52	131	73	140	54	74	75	45	82	153	67	102	58	235	93	61	54	56	69	33	29	322	48	71	87	58	110	75	47	54	69	94	43	49	42	124	44	68	67	93	73	33	95	38	31	71	59	52	80	128	67	66	128	69	77	48	7	53	60	11	34	43	85	58	78	56	141	70	3	6	84	42	72	53	30	108	58	73	93	103	110	47	83	53	27	46	89	30	90	49	45	67	74	138	99	103	140	79	71	2	78	102	81	25	102	71	68	47	54	116	78	87	94	114	84	63	58	80	42	94	70	66	60	89	50	18	54	64	33	128	53	40	104	79	53	55	63	75	68	53	51	63	42	80	1	71	17	57	76	77	72	79	49	66	64	90	71	57	59	57	47	56	2	84	63	58	78	54	50	43	76	44	23	84	68	42	39	59	51	55	72	50	88	32	3	20	63	74	87	65	113	53	36	0	38	19	54	55	57	30	67	41	41	21	53	45	18	49	3	0	38	45	40	32	37	49	35	29	52	36	34	20	52	32	48	38	24	60	48	27	38	64	14	38	50	41	36	31	37	2	16	34	30	56	2	36	39	2	28	39	23	41	28	28	21	27	13	35	25	16	22	1	1	51	30	56	23	55	53	38	47	46	71	38	60	18	0	18	65	32	23	39	36	37	25	19	48	19	17	49	22	1	10	38	34	33	38	13	19	28	28	0	23	19	20	34	30	36	39	51	11	11	18	26	13	24	20	28	33	38	40	15	24	25	42	21	42	39	41	36	45	32	34	32	42	18	23	14	25	22	42	23	15	35	16	29	20	2	10	15	15	6	10	5	23	28	14	21	13	10	9	22	11	13	6	26	30	16	15	21	7	1	17	26	20	23	28	7	34	23	22	44	53
chr9	17934089	28	52	133	78	141	54	75	77	45	83	155	70	104	59	238	94	61	55	54	71	34	29	325	48	73	86	58	112	76	47	56	73	97	43	53	43	125	44	69	67	94	74	33	95	40	31	72	61	53	81	131	69	67	129	71	80	48	7	55	60	11	35	43	86	58	78	57	143	71	3	6	86	42	73	53	31	109	61	73	98	108	115	47	85	53	27	45	91	30	90	48	45	68	75	140	100	103	141	79	71	2	81	103	82	25	105	71	68	50	55	116	80	90	95	118	86	66	61	80	43	95	70	68	63	89	50	18	54	65	33	130	54	40	104	79	55	58	64	75	68	53	51	64	42	82	2	71	18	57	77	77	72	81	49	66	64	90	71	57	59	59	47	58	2	85	63	58	78	54	48	43	79	44	24	87	68	45	39	59	52	55	72	50	88	32	3	22	65	74	87	65	114	54	37	0	39	20	55	55	57	31	66	41	42	21	54	45	18	49	3	1	40	46	41	32	38	51	36	29	53	37	35	20	52	32	48	38	24	61	48	27	38	66	14	39	50	42	38	31	37	2	17	36	31	56	2	36	39	2	28	39	24	41	28	28	23	27	13	35	25	15	22	1	1	52	30	56	23	56	53	39	49	47	70	39	60	18	0	19	66	33	23	39	38	38	27	19	48	19	17	49	22	1	10	38	34	34	38	13	19	28	29	0	24	18	20	34	30	36	40	51	10	12	18	27	13	24	20	28	35	38	41	15	24	25	43	22	42	39	41	36	47	32	35	32	42	18	23	14	25	22	43	23	16	35	16	29	20	2	10	15	15	6	11	5	23	28	14	21	13	10	9	22	11	13	6	26	30	16	15	21	7	1	17	26	21	25	28	7	34	23	24	44	53
chr9	17934090	28	52	133	78	141	54	75	77	45	83	154	70	104	59	238	95	61	55	54	71	34	29	325	48	73	86	58	112	76	47	56	73	96	43	53	43	125	44	69	67	94	74	33	95	40	31	72	61	53	81	131	68	66	129	71	79	47	7	55	60	11	35	43	86	57	78	57	143	71	3	6	86	42	73	53	31	109	61	73	98	108	115	48	85	53	27	45	91	30	90	48	45	68	75	140	100	103	139	79	70	2	81	103	82	26	105	71	68	50	55	116	80	90	94	118	86	66	61	80	43	95	70	68	63	89	50	18	54	64	33	130	54	40	104	79	55	58	64	74	69	53	51	65	42	82	2	71	18	57	77	77	72	81	49	66	64	90	71	57	59	59	47	58	2	85	63	58	78	54	47	43	79	44	24	87	68	45	39	59	52	55	72	50	88	32	3	22	65	74	87	65	114	54	37	0	39	20	55	55	57	31	66	41	42	21	54	43	18	48	3	1	40	46	41	32	38	51	36	29	53	37	35	21	52	32	48	38	24	61	48	27	38	66	14	39	50	42	38	31	37	2	17	36	32	56	2	36	39	2	28	40	24	41	28	28	23	27	13	35	25	15	22	1	1	52	30	56	23	55	53	39	49	47	70	39	60	18	0	19	66	33	23	39	38	38	27	20	48	19	17	49	22	1	10	38	34	34	37	13	19	28	29	0	24	18	20	34	30	36	40	51	10	12	18	27	13	24	20	28	35	38	41	15	24	25	43	22	42	39	41	36	47	32	35	32	41	18	23	14	25	21	43	23	16	35	16	29	20	2	10	15	15	6	11	5	23	28	14	21	13	10	9	22	11	13	6	26	30	16	15	21	7	1	17	26	21	25	28	7	34	23	24	44	53
chr9	17934091	29	53	135	79	147	57	77	77	45	84	155	70	108	58	241	100	63	56	56	73	34	30	324	49	73	86	59	113	75	47	56	73	97	43	53	44	127	44	69	68	94	75	31	96	41	31	71	62	54	84	133	68	65	130	72	79	48	7	55	60	11	37	45	87	57	81	57	144	74	3	6	85	43	73	53	30	108	61	74	100	112	115	47	84	53	28	44	94	33	92	47	47	70	75	141	100	103	139	79	72	2	82	103	83	27	104	70	68	52	55	116	81	93	95	119	86	66	64	81	43	95	71	69	64	89	51	18	54	64	33	132	53	41	105	81	55	61	65	75	71	54	53	67	42	82	2	72	18	56	77	77	73	81	50	66	65	90	71	56	59	59	47	58	2	85	68	59	80	55	47	44	79	44	24	87	70	45	40	60	53	55	75	50	88	33	3	22	65	74	87	65	114	56	39	0	39	20	56	55	57	31	68	41	44	21	53	43	18	49	4	1	41	45	42	34	38	53	36	29	53	37	35	19	52	32	50	38	23	63	48	27	38	65	16	39	50	43	43	31	37	2	17	36	32	56	4	36	39	2	28	41	24	43	28	28	22	27	15	37	27	15	22	1	1	52	32	56	23	55	53	40	50	47	70	41	60	18	0	19	66	34	24	39	38	38	27	21	49	19	17	49	21	1	10	38	34	35	37	13	20	28	29	0	24	18	20	34	30	36	40	50	11	12	18	27	13	24	20	29	35	38	40	15	24	25	43	22	42	40	41	36	47	32	35	33	40	18	24	14	25	21	43	23	16	35	16	30	20	2	10	15	15	5	13	5	23	29	15	21	13	10	9	22	11	13	6	26	32	16	15	21	7	1	18	26	21	25	28	7	35	23	24	45	54
chr9	17934092	29	53	135	78	146	56	77	76	45	84	155	70	108	58	239	100	62	56	56	73	34	30	324	49	73	86	60	113	75	47	56	73	97	43	53	44	126	43	69	68	94	75	31	95	42	31	71	62	54	84	133	67	65	130	71	79	48	7	54	60	11	37	45	87	57	81	57	142	74	3	6	85	43	73	53	29	108	61	74	100	113	114	47	84	53	28	44	93	33	91	47	47	71	75	139	98	104	139	79	72	2	82	102	83	27	104	70	68	52	55	117	81	93	95	118	85	65	64	81	43	95	71	69	64	88	51	18	53	62	33	132	53	41	106	81	55	61	64	75	71	53	53	67	43	82	2	72	18	56	77	77	72	81	50	65	64	90	71	56	59	59	46	58	2	85	68	59	80	55	47	44	78	44	24	87	70	45	40	60	53	56	75	50	87	33	3	22	63	73	87	65	116	56	38	0	39	20	56	55	57	31	68	41	44	21	53	42	18	49	4	1	41	45	42	34	37	53	36	29	53	37	35	21	52	32	50	38	23	63	48	27	38	65	16	39	50	43	42	31	37	1	17	36	32	55	4	36	39	2	28	41	24	43	28	28	22	27	15	37	27	15	22	1	1	52	32	56	23	54	53	40	50	47	70	41	60	18	0	19	66	34	24	38	38	38	27	21	49	18	17	50	21	1	10	38	34	35	37	13	20	28	29	0	23	18	19	33	30	36	40	50	11	12	18	27	13	23	20	29	34	38	40	15	24	25	43	22	42	40	41	36	47	32	35	33	39	18	24	14	25	19	43	23	16	35	16	30	20	2	10	15	15	5	13	5	23	27	15	21	13	10	8	22	11	12	6	26	32	16	15	19	7	1	18	26	21	25	28	7	35	23	24	45	54
chr9	17934093	29	53	134	78	146	56	77	76	45	84	155	70	107	59	239	100	62	56	56	73	34	30	324	48	73	86	60	114	73	47	56	73	97	44	53	44	126	43	68	68	94	74	31	95	42	31	71	62	54	84	133	67	66	130	71	80	48	7	54	60	11	37	43	87	57	81	55	141	74	3	6	85	43	73	53	29	108	61	74	100	113	113	47	84	53	28	44	93	33	90	47	47	71	75	139	98	103	138	79	72	2	82	102	83	27	104	70	68	52	53	116	79	94	95	117	84	65	63	81	43	95	71	69	64	87	51	18	53	61	33	131	53	41	105	80	55	60	64	75	71	53	53	67	43	81	2	73	18	56	77	76	72	81	50	65	63	90	71	56	59	59	46	58	2	85	68	59	80	55	47	44	78	43	24	87	70	45	40	60	53	56	75	50	87	33	3	22	63	73	87	65	116	56	38	0	39	20	56	55	57	31	68	41	44	21	54	42	18	49	4	1	41	45	42	34	37	53	36	30	52	37	35	21	52	32	49	38	23	63	48	27	38	65	16	39	50	43	42	31	37	1	17	36	32	55	4	36	39	2	28	41	24	43	28	27	22	27	15	37	27	15	22	1	1	52	32	56	23	54	53	40	48	47	70	41	59	18	0	19	66	34	24	38	38	38	27	21	49	18	17	50	21	1	10	38	34	35	36	13	20	28	29	0	23	18	19	33	30	36	40	50	11	12	18	27	13	23	20	29	33	37	40	15	24	25	43	22	42	37	41	36	47	32	34	33	39	18	24	14	26	19	43	23	16	35	15	30	20	2	10	15	15	4	12	5	21	26	15	21	13	10	8	22	11	12	6	26	32	16	15	19	7	1	18	24	21	25	28	7	35	23	24	45	54
chr9	17934094	29	53	134	79	149	57	78	77	45	84	155	70	110	59	241	103	63	56	57	74	35	30	323	48	73	86	60	113	73	47	57	73	97	44	53	44	126	43	68	70	94	74	31	95	42	31	71	63	54	84	131	67	66	132	71	81	48	7	55	60	11	37	43	87	57	81	55	143	75	3	6	84	43	72	53	31	108	61	75	99	115	113	47	84	53	28	44	94	33	91	47	47	71	75	139	98	103	139	79	73	2	82	102	83	27	104	70	68	52	53	117	79	94	96	117	84	65	63	81	43	95	71	69	64	89	52	18	53	61	33	132	53	42	105	80	55	61	64	76	71	53	53	67	43	81	2	73	17	55	77	76	72	81	50	64	63	90	71	56	60	59	46	58	2	85	68	59	80	55	47	44	79	43	24	88	71	45	40	60	55	56	75	50	88	33	3	22	63	73	89	65	116	56	38	0	39	20	56	56	57	31	68	41	44	21	54	42	18	49	4	1	41	45	42	34	37	53	36	29	53	37	35	22	52	32	49	37	23	63	48	27	38	65	16	39	50	45	42	31	37	1	17	36	32	55	4	36	39	2	28	41	24	43	29	27	22	27	15	36	27	15	22	1	1	52	32	56	22	54	54	41	48	47	70	41	59	18	0	19	66	34	24	38	38	38	27	21	49	18	16	50	21	1	10	38	34	35	36	13	20	28	29	0	23	18	19	33	30	35	40	50	11	12	18	27	13	23	20	29	33	36	40	15	24	25	43	22	42	37	41	36	47	32	34	33	39	19	24	14	26	19	43	23	16	35	15	29	19	2	10	15	15	4	12	5	21	26	15	21	13	10	8	22	11	12	6	26	32	16	15	19	7	1	18	24	21	24	28	7	34	24	24	45	54
chr9	17934095	29	53	134	79	149	57	78	77	45	84	155	70	110	58	240	103	63	56	57	74	35	30	323	48	71	86	60	113	73	47	57	73	97	44	52	44	126	43	68	70	94	74	31	94	42	31	71	62	54	84	131	67	66	132	71	81	48	7	55	60	11	37	43	86	57	81	55	142	74	3	6	84	43	72	53	31	108	61	75	99	115	113	47	84	53	28	44	94	33	91	47	47	71	75	139	98	103	139	79	73	2	82	102	83	27	104	69	68	52	53	117	79	94	96	117	84	65	63	81	43	95	71	69	64	89	52	18	53	61	33	132	53	42	105	80	55	62	64	76	71	53	53	66	43	81	2	73	17	55	77	76	72	81	50	64	63	90	71	56	60	59	46	58	2	85	68	59	80	55	47	44	79	43	24	88	71	45	40	60	55	56	75	50	88	33	3	22	63	73	89	65	116	56	38	0	39	20	56	56	57	31	68	41	44	21	54	42	18	49	4	1	40	45	42	34	37	53	36	28	53	37	35	22	52	30	49	37	23	63	47	27	38	65	16	39	50	45	42	31	37	1	17	36	32	54	4	36	39	2	28	41	24	43	29	27	22	27	15	37	27	15	22	1	1	52	32	56	22	54	54	41	47	47	70	41	59	18	0	19	66	34	24	38	38	38	27	21	49	18	16	50	21	1	10	38	34	35	36	13	20	28	29	0	23	18	19	33	30	35	40	50	11	12	18	27	13	23	20	29	33	36	40	15	24	24	43	22	42	37	41	36	47	32	34	31	39	19	24	14	26	19	43	23	16	35	15	29	19	2	10	15	15	4	12	5	19	26	15	21	13	10	8	22	11	12	6	26	32	16	14	19	7	1	18	24	21	24	28	7	34	24	24	45	54
chr9	17934096	29	53	133	79	149	57	77	76	45	84	155	70	109	58	240	103	63	55	57	74	35	30	323	48	71	86	60	113	73	47	57	73	97	44	52	44	126	43	68	70	94	74	31	94	42	31	71	62	54	84	131	66	66	132	71	81	48	7	55	60	11	37	43	86	57	81	55	142	74	3	6	83	43	72	53	31	108	60	74	99	115	113	47	84	53	28	44	94	33	91	47	47	71	74	139	98	103	139	79	73	2	82	102	83	27	104	69	68	52	53	117	79	94	96	117	83	65	63	81	43	95	71	68	64	89	52	18	53	60	33	132	52	42	105	80	55	62	64	74	71	53	53	66	43	81	2	73	17	55	77	76	72	81	50	64	63	90	71	55	60	59	46	58	2	85	68	59	80	55	47	44	79	42	24	88	70	45	40	59	54	56	75	50	86	33	3	22	63	73	89	65	116	56	38	0	39	20	56	56	57	31	68	41	44	21	54	42	18	49	4	1	39	45	42	34	37	53	36	28	53	37	35	21	52	30	49	37	23	63	47	27	38	65	16	39	50	45	42	31	37	1	17	36	32	54	4	36	39	2	28	41	24	43	29	27	22	27	15	37	27	15	22	1	1	52	32	56	22	54	54	41	47	47	70	41	59	18	0	19	66	34	24	38	38	38	27	21	49	18	16	49	21	1	10	38	34	35	36	13	20	28	29	0	23	18	19	33	30	35	40	50	11	12	18	27	13	23	20	29	33	36	39	15	24	24	42	22	42	37	41	36	47	32	34	31	39	19	24	14	26	19	43	23	16	35	15	29	19	2	10	15	15	4	12	5	19	26	15	21	13	10	8	22	11	12	6	26	32	16	14	19	7	1	18	24	21	24	28	7	34	24	24	45	54
chr9	17934097	29	53	133	77	147	57	77	76	46	84	154	70	111	59	238	101	63	55	58	74	35	28	320	48	71	86	60	112	74	47	56	73	96	43	51	43	126	44	68	70	95	74	31	94	42	31	71	62	54	84	130	65	66	132	70	81	48	7	55	60	11	37	43	86	57	80	54	140	73	3	6	82	43	72	53	31	106	59	73	99	112	113	47	84	52	28	44	94	33	91	47	47	72	74	139	98	102	138	79	73	2	81	100	82	27	104	69	68	52	53	116	78	94	96	117	82	66	62	81	41	95	71	68	66	87	52	17	53	59	33	132	52	41	105	80	55	63	64	73	71	53	51	66	43	80	2	73	17	53	76	77	72	81	50	63	63	91	71	54	60	58	46	55	2	85	68	59	80	55	47	44	79	42	24	87	70	45	40	59	54	56	75	50	85	32	3	22	63	73	89	65	116	56	38	0	39	20	56	56	55	30	68	41	44	21	54	41	18	49	4	1	39	45	42	34	37	53	36	28	53	37	35	21	52	30	49	37	23	62	48	27	38	67	16	39	50	45	42	31	37	1	17	36	32	54	4	35	37	2	28	41	24	43	29	27	22	27	15	36	27	15	22	1	1	52	32	55	22	53	54	41	47	46	70	41	59	18	0	19	64	35	24	38	38	38	27	21	49	18	16	49	21	1	10	37	34	35	36	13	20	28	29	0	23	18	18	33	30	35	40	50	11	12	18	26	13	23	20	29	33	36	39	15	24	23	41	22	41	37	41	36	47	32	34	30	39	18	23	14	26	19	43	23	15	35	15	27	19	2	10	15	15	4	12	5	19	26	15	19	13	10	8	22	11	12	6	26	32	15	14	18	7	1	18	24	20	24	28	7	34	24	23	45	52
chr9	17934098	29	52	132	76	147	56	77	76	46	84	154	70	111	58	237	101	63	55	58	73	35	28	319	48	71	85	60	113	74	47	56	73	96	42	51	43	126	44	68	69	95	74	31	94	42	31	71	62	54	84	129	65	66	131	70	81	48	7	55	60	11	37	43	85	57	80	54	140	72	3	6	82	43	72	53	31	106	59	73	98	112	113	47	84	52	28	44	93	33	91	47	47	72	73	139	98	102	138	78	73	2	81	100	82	27	104	69	68	52	53	116	78	94	96	115	81	66	62	81	41	95	71	66	66	87	52	17	53	58	33	132	52	41	104	80	55	63	63	72	71	53	51	66	43	80	2	73	17	53	76	77	71	81	50	61	63	91	71	54	60	58	46	55	2	85	68	59	80	55	47	46	79	42	24	87	70	45	40	59	54	56	75	50	85	32	3	22	63	73	89	65	116	56	38	0	39	20	56	56	55	29	68	41	44	21	54	41	18	49	4	1	39	45	42	34	37	53	36	28	53	37	33	21	52	30	49	37	23	60	48	27	38	67	16	39	49	45	42	31	37	1	17	36	32	54	4	35	37	2	28	41	24	43	29	27	22	27	15	36	27	15	21	1	1	52	32	55	22	53	54	41	47	46	70	41	58	18	0	19	64	35	24	38	38	38	27	21	49	18	16	49	21	1	10	37	34	35	36	13	20	28	29	0	23	18	18	32	30	35	40	50	11	12	18	26	13	23	20	29	33	36	39	15	24	23	41	22	41	37	41	36	47	32	34	29	39	18	23	14	24	19	43	23	15	35	15	27	19	2	10	15	15	4	12	5	19	26	15	19	13	10	8	22	11	12	6	26	32	15	14	18	7	1	16	24	20	24	28	7	34	24	23	44	52
chr9	17934099	29	52	132	76	147	56	77	76	46	84	154	70	111	58	236	100	62	55	58	73	35	27	317	48	69	85	59	113	74	45	55	73	96	42	51	43	126	43	68	69	95	74	31	94	42	31	71	62	54	84	126	65	66	131	68	81	48	7	55	61	11	37	43	85	57	78	54	139	72	3	6	82	43	71	53	31	105	59	73	98	111	112	47	84	52	28	44	93	33	91	47	47	72	73	138	97	102	138	78	73	2	81	100	83	27	104	69	68	52	53	115	78	94	96	115	78	66	62	81	41	95	71	64	65	86	52	17	53	58	33	132	52	41	103	80	55	63	63	72	70	53	51	66	43	80	2	73	17	51	76	77	70	81	50	60	63	91	71	54	60	58	46	55	2	84	68	59	80	55	47	46	79	42	24	87	68	44	40	59	54	56	74	49	84	32	3	22	63	73	89	65	116	56	38	0	39	20	56	56	55	29	68	41	44	21	54	41	18	48	4	1	39	45	42	34	35	53	36	28	53	37	33	21	52	30	49	37	23	60	48	27	38	67	16	37	49	45	42	31	37	1	17	36	32	54	4	35	37	2	28	41	24	43	29	27	22	26	15	36	27	15	21	1	1	52	32	55	22	53	54	40	47	46	70	41	56	17	0	19	64	34	24	38	38	38	27	21	49	18	16	49	21	1	9	37	34	35	36	13	20	27	29	0	23	18	18	32	30	33	40	50	11	12	18	26	13	23	19	29	32	36	39	15	23	23	41	22	39	37	41	36	47	32	34	29	39	18	23	14	24	19	43	23	15	34	14	27	19	2	9	15	15	4	12	5	19	26	15	19	13	10	8	21	11	11	6	26	32	15	14	18	7	1	16	24	20	24	27	7	33	24	23	44	52
chr9	17934100	29	52	132	76	147	56	77	76	46	84	154	70	111	57	236	101	62	55	58	73	35	27	318	48	69	85	59	112	74	45	55	73	95	42	51	43	126	42	68	69	95	74	31	94	42	31	71	62	54	84	126	65	65	131	68	81	48	7	54	61	11	36	43	85	57	78	54	139	72	3	6	82	43	71	53	31	104	59	72	98	111	112	47	84	52	28	44	93	33	91	47	46	72	72	138	96	101	138	78	73	2	80	100	83	27	104	68	68	51	53	112	78	94	95	115	77	66	62	81	41	95	71	64	65	86	52	17	53	58	33	131	52	41	103	80	55	63	62	72	68	52	51	66	43	80	2	73	16	51	76	77	70	81	50	60	62	91	71	54	60	58	46	54	2	84	68	59	80	55	47	46	79	42	24	86	68	44	40	60	54	56	73	49	83	32	3	22	62	73	89	65	116	56	38	0	39	20	56	56	55	29	68	41	44	21	54	41	18	48	4	1	39	45	42	34	35	53	36	28	53	37	33	21	52	30	49	37	23	60	48	27	38	67	15	37	49	45	42	31	37	1	17	36	32	53	4	35	37	2	28	41	24	42	29	27	22	26	15	36	27	15	21	1	1	52	32	55	22	52	54	41	47	45	70	41	56	16	0	19	64	34	24	38	38	38	27	21	49	18	16	48	21	1	9	37	34	35	36	13	20	27	29	0	23	18	18	32	30	33	40	50	11	12	18	26	13	23	20	29	31	36	39	15	23	23	40	22	39	37	41	36	47	32	34	29	39	18	23	14	24	18	43	23	15	34	14	27	19	2	9	15	15	4	12	5	19	26	15	19	13	10	8	21	11	11	6	25	32	15	14	18	7	1	16	24	20	23	27	7	33	24	23	44	52
chr9	17934101	29	52	131	76	147	56	77	76	46	84	154	70	111	57	235	101	61	54	58	72	35	27	319	48	69	85	59	112	74	45	55	73	95	42	51	44	126	42	67	69	95	74	31	93	42	31	71	63	54	85	126	65	65	130	68	81	46	6	54	61	11	36	43	85	57	78	54	139	72	3	6	83	43	73	53	31	105	59	72	98	111	112	47	84	51	28	44	93	33	91	47	46	72	72	138	96	101	138	77	73	2	79	100	83	27	104	68	68	51	53	112	78	94	95	115	77	66	62	81	41	95	70	64	65	86	52	17	53	58	33	131	52	41	103	79	55	63	62	72	68	52	51	66	42	80	2	72	16	51	76	77	70	81	49	60	62	91	70	54	60	58	46	54	2	84	68	58	80	55	47	46	79	42	24	86	68	44	40	60	54	56	73	48	84	32	3	22	62	73	89	65	116	56	38	0	39	20	56	55	55	29	68	41	44	21	54	41	19	48	4	1	39	45	42	34	35	53	36	28	53	37	33	21	52	30	49	37	23	60	48	27	38	67	15	37	48	45	43	31	37	1	17	36	32	53	4	35	37	2	28	41	24	42	29	27	22	26	15	36	27	15	21	1	1	52	32	55	22	52	54	41	47	45	69	41	56	16	0	19	64	33	24	38	38	38	27	21	49	18	15	48	21	1	9	37	34	35	36	13	20	27	29	0	23	18	18	32	30	33	40	50	11	12	18	26	13	23	20	29	31	38	39	15	23	23	40	22	39	37	40	36	47	32	34	29	39	18	23	14	24	18	43	23	15	34	14	27	19	2	9	15	15	4	12	5	19	26	15	19	13	10	8	21	11	11	6	25	32	15	14	18	7	1	16	24	20	23	27	7	32	24	23	44	52
chr9	17934102	29	51	132	76	147	56	77	76	45	84	154	70	109	57	235	101	61	54	58	74	35	27	319	49	71	85	59	112	75	45	55	73	95	42	51	45	128	43	66	69	93	74	31	93	42	31	71	63	54	85	126	65	65	131	68	81	47	6	54	61	10	37	44	84	57	79	54	139	72	3	6	83	43	73	55	31	104	59	74	97	111	112	47	84	51	28	43	93	33	93	47	46	72	72	138	96	101	138	77	73	2	79	100	83	27	104	68	68	52	53	112	78	94	97	115	77	66	61	83	41	95	70	63	65	85	52	17	53	58	33	132	52	41	104	80	55	63	62	71	68	52	51	66	42	80	2	72	16	53	76	77	70	82	49	60	62	92	70	55	59	58	47	54	2	85	68	58	80	55	47	46	79	42	24	86	68	44	39	59	54	56	73	49	84	32	3	22	62	74	89	65	116	56	38	0	40	20	56	55	57	29	68	41	44	21	54	40	19	48	4	1	39	46	42	34	35	53	37	28	53	37	33	21	52	30	49	37	22	60	48	27	38	67	15	36	49	46	43	31	37	1	17	36	32	53	4	35	37	2	28	41	24	42	29	27	21	26	16	36	27	15	21	1	1	52	32	55	22	52	54	41	47	44	70	41	56	16	0	19	64	33	24	40	38	39	27	21	49	18	15	48	21	1	9	37	33	35	36	13	20	27	29	0	23	18	18	32	30	33	40	50	11	12	18	26	13	23	20	29	30	38	39	15	23	23	40	22	39	37	40	37	47	32	34	29	39	18	23	14	24	18	43	23	15	34	14	27	19	2	9	15	15	4	12	5	19	26	15	19	13	10	8	21	11	11	6	25	34	14	14	18	7	1	16	24	20	23	27	7	32	24	23	42	52
chr9	17934103	28	46	132	76	146	56	76	76	45	84	154	71	111	57	231	101	61	53	56	73	36	27	319	49	71	85	59	112	75	42	55	73	92	42	51	44	125	43	64	70	94	74	31	93	42	31	69	62	54	85	126	65	64	130	67	80	48	6	54	61	10	37	44	84	56	77	54	139	72	3	6	83	41	72	54	31	102	58	75	97	112	112	44	82	49	27	43	91	33	93	47	46	71	74	138	96	100	138	77	72	2	75	98	84	27	104	67	66	52	53	112	77	94	97	114	73	66	60	82	39	95	70	63	64	85	52	17	53	57	33	132	51	41	103	79	55	63	62	68	68	52	49	66	42	80	2	72	15	49	76	77	70	82	48	56	62	92	70	55	59	58	47	54	2	83	67	57	80	54	46	45	79	42	24	84	68	44	39	60	54	56	73	49	84	31	3	22	62	74	89	65	115	57	38	0	40	20	55	53	57	29	68	41	44	21	53	40	19	47	4	1	39	46	42	34	34	54	36	29	53	37	32	20	52	30	49	37	22	60	48	27	38	67	15	31	49	46	44	30	38	1	17	36	32	53	4	35	38	2	28	41	24	41	27	27	20	26	16	36	27	15	21	1	1	52	29	54	22	52	54	39	46	43	70	41	56	16	0	20	63	33	22	40	37	39	27	21	49	18	15	46	20	1	9	36	33	34	36	13	20	27	28	0	22	18	18	32	30	31	39	50	11	12	18	25	13	23	20	29	30	38	39	15	23	23	40	21	39	37	38	37	46	32	34	28	39	18	23	14	24	18	42	23	15	32	14	27	19	2	9	15	15	4	12	5	19	26	14	18	13	10	8	21	11	11	6	25	34	11	14	18	7	1	16	24	20	23	26	7	32	23	22	42	50
chr9	17934104	28	46	130	76	146	56	75	76	45	84	152	71	111	57	231	101	61	53	56	73	36	27	316	49	71	85	59	112	76	42	55	73	93	42	51	44	125	43	63	70	94	74	31	93	42	31	69	62	55	85	127	65	64	129	68	82	48	6	54	61	10	38	44	84	56	77	54	139	72	3	6	83	41	72	54	31	102	58	75	97	112	112	44	82	49	27	43	92	33	92	47	46	71	74	138	96	100	138	77	71	2	75	98	84	27	104	67	66	52	53	111	77	94	97	114	73	66	60	82	39	95	70	63	65	85	52	17	53	57	33	132	51	41	103	77	54	63	62	68	68	52	49	64	42	80	2	72	15	49	76	77	70	82	48	55	61	92	70	54	59	58	47	54	2	83	65	57	80	54	46	45	79	42	24	84	68	44	39	60	54	56	73	49	84	31	3	22	62	74	89	65	115	57	38	0	40	20	55	53	57	29	69	41	44	21	53	40	19	47	5	1	39	46	41	34	34	54	36	29	53	37	30	20	50	30	49	37	22	60	48	27	38	66	15	31	49	46	44	30	39	1	17	36	32	52	4	35	38	2	28	41	24	41	27	28	20	26	16	36	27	15	22	1	1	52	29	54	22	52	54	39	45	43	70	41	56	16	0	19	63	33	22	40	37	39	27	21	49	18	15	46	20	1	9	36	29	34	36	13	20	27	28	0	22	18	18	32	31	31	37	51	11	12	18	25	13	23	20	29	30	38	39	15	23	23	40	20	39	37	38	37	46	31	34	27	39	18	23	14	24	18	42	23	15	32	14	27	19	2	9	15	13	4	12	5	19	27	14	18	13	10	8	21	11	11	6	25	34	11	14	18	6	1	16	23	20	23	26	7	30	23	22	42	50
chr9	17934105	28	46	130	76	146	56	75	76	45	84	150	71	111	57	230	101	61	53	56	73	36	27	315	49	71	85	59	111	76	42	55	73	93	42	51	44	125	43	63	70	94	74	31	93	42	31	69	62	55	85	127	65	63	129	68	82	46	6	53	61	10	38	44	84	56	77	55	139	72	3	6	83	39	71	54	31	102	58	75	97	112	112	44	82	49	27	42	91	33	91	47	46	71	74	138	96	100	138	77	70	2	75	98	83	27	103	67	66	52	53	111	77	93	97	114	73	66	60	82	39	94	70	63	65	85	52	17	53	57	33	132	51	41	103	77	54	63	62	67	68	52	48	64	42	80	2	72	15	49	76	77	70	82	48	55	61	92	70	54	59	58	47	54	2	82	65	57	80	54	46	45	79	42	24	84	68	44	39	60	54	56	72	49	84	31	3	22	62	74	89	65	113	57	38	0	40	20	55	53	57	29	69	41	44	21	53	40	19	47	5	1	39	46	41	34	34	54	36	29	53	37	30	20	50	30	49	37	22	60	48	27	38	66	15	29	50	46	44	30	39	1	17	36	32	52	4	35	37	2	28	41	24	41	27	28	20	26	16	36	27	15	22	1	1	52	29	54	22	52	54	39	45	43	70	41	56	16	0	19	63	33	22	40	37	39	27	21	48	18	15	46	20	1	9	36	29	32	36	13	20	27	28	0	22	18	18	31	31	31	37	51	11	12	18	25	13	23	20	29	30	37	39	15	23	23	40	20	39	37	40	37	46	31	34	27	39	18	23	14	24	18	42	23	15	32	14	27	19	2	9	15	13	4	12	5	19	27	14	18	13	10	8	21	11	11	6	25	34	11	14	17	6	1	16	23	20	23	26	7	30	22	22	42	50
chr9	17934106	28	46	130	76	146	56	75	76	45	84	150	71	111	57	230	101	61	53	56	73	36	27	315	49	71	85	59	111	76	42	55	73	93	42	51	44	125	43	63	70	94	74	31	93	41	31	69	62	55	85	127	65	63	129	68	82	46	6	53	61	10	38	44	84	56	77	55	139	72	3	6	83	39	71	54	31	102	58	75	97	112	112	44	82	49	27	42	91	33	91	47	45	71	74	138	96	100	138	77	70	2	75	98	83	27	103	67	66	52	53	111	77	93	97	114	73	66	60	82	39	94	69	63	65	85	52	17	53	57	33	132	51	41	103	76	54	63	62	67	68	52	48	64	42	80	2	72	15	49	76	77	70	81	48	55	61	92	70	54	59	58	47	54	2	81	65	57	80	54	45	45	79	42	24	84	68	44	39	60	54	56	72	48	84	31	3	22	62	74	89	65	113	57	38	0	40	20	55	53	57	29	69	41	44	21	53	40	19	47	5	1	39	46	41	34	34	54	36	29	53	37	30	20	50	30	49	37	22	60	48	27	38	66	15	29	50	46	44	30	39	1	17	36	32	52	4	35	37	2	28	41	24	41	27	28	20	26	16	36	27	15	22	1	1	52	29	54	22	52	54	39	45	43	70	41	56	16	0	19	63	33	22	40	37	39	27	21	48	18	15	46	20	1	9	36	29	32	36	13	20	27	28	0	22	18	18	31	31	31	37	51	11	12	18	25	13	23	20	28	30	37	39	15	23	23	40	20	39	37	40	37	46	31	34	27	39	18	23	14	24	18	42	23	15	32	14	27	19	2	9	15	13	4	12	5	19	27	14	18	13	10	8	21	11	11	6	25	34	11	14	17	6	1	16	23	20	23	26	7	30	22	22	42	50
chr9	17934107	28	50	132	79	148	59	76	76	49	83	157	76	115	62	234	102	61	54	56	77	37	27	322	52	72	88	59	115	77	44	56	73	95	43	52	45	127	45	63	73	98	78	33	94	45	31	73	65	55	86	130	65	67	136	73	84	47	6	55	61	10	38	45	86	60	77	57	143	73	3	6	85	40	71	58	32	102	59	80	99	112	112	45	86	49	28	47	94	33	93	49	46	73	76	145	97	100	142	77	70	2	76	100	87	32	104	72	66	53	56	117	82	95	102	115	76	65	62	85	39	98	69	63	65	85	52	17	57	57	36	133	52	42	105	77	55	65	63	67	70	52	47	65	43	80	2	74	15	50	77	77	73	82	50	56	61	92	71	55	60	58	49	54	2	82	66	58	83	56	46	45	80	44	25	86	68	44	44	60	55	58	75	49	87	31	3	23	63	74	91	65	122	57	39	0	40	21	57	53	59	30	71	42	47	22	55	40	19	48	5	1	40	47	40	34	34	55	39	30	53	37	31	23	52	30	55	38	22	62	48	30	39	67	15	29	51	45	46	32	39	1	19	37	33	55	4	35	37	2	31	42	24	42	31	29	20	28	16	37	28	15	23	1	1	53	31	56	22	54	54	41	46	45	73	43	61	17	0	19	65	34	23	41	40	40	28	22	49	18	15	47	20	1	9	36	29	32	36	13	20	27	28	0	22	18	18	31	31	31	37	52	11	12	18	25	13	23	21	29	32	37	39	15	23	23	41	20	39	37	40	37	46	30	34	27	40	19	23	14	24	18	43	25	17	32	14	27	19	2	9	15	13	4	12	5	19	27	14	18	13	10	8	20	10	11	6	25	34	11	14	17	6	1	16	23	20	23	26	7	30	24	24	42	51
chr9	17934108	28	50	134	78	148	59	76	77	48	83	157	76	114	62	236	105	61	54	57	77	36	27	324	53	72	86	60	117	77	45	56	74	95	43	52	45	127	45	64	73	98	79	33	96	44	33	73	65	55	86	133	65	68	137	74	84	47	6	55	62	10	38	45	87	60	78	57	144	74	3	6	85	40	71	58	32	102	59	81	100	111	113	45	85	50	28	48	94	34	93	51	46	75	76	151	99	101	141	78	70	2	77	100	87	32	104	72	67	53	56	116	84	95	103	116	77	65	62	86	40	101	69	63	65	84	52	17	58	58	36	135	52	42	105	77	55	65	63	67	70	52	47	65	41	81	2	73	15	51	78	78	73	82	50	56	60	91	71	56	60	58	49	54	2	82	69	58	82	56	46	45	80	45	25	86	67	45	44	60	55	59	75	49	87	31	3	24	64	74	91	65	122	58	38	0	40	23	57	53	59	30	72	42	47	23	55	40	18	48	5	1	40	46	40	33	34	55	39	30	55	37	32	23	52	30	55	38	22	62	48	30	39	67	15	30	51	45	46	32	39	1	19	37	33	55	4	35	37	2	31	42	24	42	32	29	20	28	16	37	28	15	23	1	1	53	31	56	22	55	54	43	47	47	73	42	62	17	0	19	64	34	23	41	42	41	29	22	49	18	15	47	20	1	9	36	29	32	35	13	20	27	28	0	22	18	18	31	31	31	37	52	11	12	18	25	13	23	21	29	32	37	37	14	23	23	41	20	39	37	42	37	46	30	34	27	40	19	24	14	24	20	42	25	17	32	14	27	19	2	9	15	13	4	11	5	19	27	14	18	13	10	8	19	10	11	6	25	34	11	14	17	6	1	16	23	20	23	27	7	30	24	24	42	52
chr9	17934109	28	52	147	80	153	59	77	77	49	86	159	78	115	63	240	105	62	55	57	81	37	29	331	53	73	86	60	125	78	46	58	76	96	44	53	45	132	47	66	76	101	79	33	98	44	33	74	66	56	87	136	65	72	142	74	86	47	6	55	62	10	38	46	90	63	80	57	147	76	3	6	86	41	72	59	33	103	59	82	101	113	114	45	88	50	28	49	96	34	96	54	46	79	79	154	100	101	141	79	70	2	78	101	88	33	104	72	70	57	57	116	84	96	106	119	79	65	62	86	41	101	70	63	66	86	53	17	58	59	36	136	54	43	109	75	55	65	63	67	70	54	47	66	41	81	2	74	15	52	79	78	75	82	50	56	60	94	71	59	60	58	49	54	2	82	69	59	83	56	46	45	81	45	25	87	67	46	44	61	57	60	76	50	89	31	3	24	67	75	91	65	122	59	37	0	40	23	58	53	60	31	74	43	47	23	55	40	19	48	5	1	40	48	40	33	35	57	40	31	57	37	33	23	52	30	55	38	23	62	49	32	39	67	15	30	52	45	46	32	39	1	19	38	33	56	4	35	37	2	31	41	25	42	33	29	21	30	16	37	30	15	23	1	1	55	31	56	23	57	54	43	48	48	74	42	63	18	0	19	66	35	23	41	43	41	32	22	51	19	15	47	21	1	10	36	29	32	35	13	20	27	28	0	24	18	18	32	31	31	38	53	11	12	18	26	12	23	21	29	34	38	37	14	23	23	41	20	39	37	42	37	46	30	35	27	40	19	24	14	24	21	43	25	17	32	14	28	19	2	9	16	13	4	11	5	19	27	14	19	13	10	8	19	10	11	6	25	35	11	14	17	6	1	16	22	20	23	27	7	31	25	24	42	52
chr9	17934110	28	52	147	80	152	56	75	77	49	86	156	78	115	63	238	105	62	54	57	80	37	29	328	53	73	86	60	125	79	46	57	76	95	44	53	45	133	47	66	75	100	79	32	97	43	33	74	65	56	86	135	65	71	142	73	84	47	6	54	61	10	38	46	90	63	78	57	146	76	3	6	86	41	72	59	32	103	59	83	101	111	113	44	85	50	28	49	94	34	96	54	46	79	78	154	99	100	141	79	69	2	77	100	86	33	104	71	70	57	55	116	83	95	106	119	78	65	61	86	41	101	70	63	66	86	53	17	58	59	36	135	54	43	109	75	54	64	62	67	70	53	46	65	41	80	2	73	15	52	77	78	75	82	50	56	60	93	69	59	60	58	49	53	2	82	69	57	83	56	46	44	80	45	25	87	67	46	43	60	56	60	76	50	88	31	3	24	67	75	91	65	122	59	37	0	40	23	58	53	60	30	73	43	47	23	55	39	19	47	5	1	40	48	40	33	34	57	39	31	55	37	33	23	52	30	55	38	23	62	49	32	39	67	15	28	52	45	46	32	39	1	18	38	33	53	4	35	37	2	31	41	25	42	33	29	21	29	16	37	30	15	23	1	1	55	30	56	23	55	54	43	48	48	74	41	63	18	0	19	66	35	22	41	43	41	32	22	51	19	15	47	20	1	10	36	29	32	34	13	20	27	28	0	24	18	18	30	31	31	38	52	11	12	18	23	12	23	21	29	34	37	37	14	23	23	41	20	39	37	42	37	46	30	35	27	40	19	24	14	24	20	43	25	17	32	14	28	19	2	9	16	12	4	11	5	19	26	14	19	13	10	8	19	9	11	6	25	35	11	14	17	6	1	16	22	20	23	27	7	30	24	24	42	51
chr9	17934111	28	52	147	80	151	56	75	77	49	85	157	78	113	63	235	105	62	54	57	80	37	29	324	53	73	85	60	124	78	45	58	76	94	44	53	45	133	47	66	75	101	79	32	97	43	33	74	65	56	86	134	65	70	142	73	83	47	6	54	61	10	38	45	90	63	79	57	145	76	3	5	86	41	72	58	32	103	58	83	102	111	113	44	85	50	28	49	93	34	96	54	46	79	78	153	98	100	140	79	67	2	75	100	86	33	103	71	70	57	54	116	83	95	106	119	78	65	61	84	41	101	68	63	66	86	53	17	58	59	36	135	54	43	109	75	54	64	61	67	69	53	45	65	41	80	2	70	15	52	78	77	75	82	51	56	60	93	69	59	60	57	49	53	2	82	68	57	81	56	46	44	80	45	25	87	67	46	43	60	56	59	76	50	87	31	3	24	66	75	90	65	122	59	36	0	40	23	58	53	60	30	71	43	46	23	55	39	19	47	5	1	40	48	40	33	34	56	39	31	55	37	33	23	52	30	54	38	23	62	49	32	39	67	15	28	52	45	46	32	38	1	19	38	33	53	4	35	37	2	31	41	25	42	33	29	21	29	16	36	30	15	23	1	1	55	30	56	23	55	54	43	48	47	74	41	63	18	0	19	66	35	22	41	43	41	32	22	51	19	15	47	20	1	10	36	29	32	34	13	20	25	28	0	24	18	18	30	31	31	38	52	11	12	18	23	12	23	21	28	34	37	37	14	23	23	41	20	39	37	42	36	46	30	35	27	40	19	24	14	24	20	43	25	17	32	14	27	19	2	9	15	12	4	11	5	19	26	12	19	13	10	8	19	9	11	6	25	35	11	14	17	6	1	15	22	20	23	27	7	30	24	24	42	51
chr9	17934112	28	51	147	80	151	56	75	77	49	85	157	76	113	63	235	104	62	54	57	80	37	29	326	52	73	85	60	124	78	45	58	76	94	44	53	44	133	46	65	75	101	79	32	97	43	33	74	66	56	87	133	63	69	140	74	83	47	6	55	61	10	38	45	90	61	78	57	145	76	3	5	86	41	72	58	32	103	58	83	101	111	112	44	85	50	27	49	93	34	96	54	46	79	78	153	97	100	140	79	66	2	74	100	86	33	103	71	70	57	54	116	83	95	106	119	78	65	61	84	41	101	68	63	66	86	53	17	58	59	36	135	54	43	110	75	50	64	61	67	69	53	45	65	41	80	2	70	15	52	78	78	75	82	51	56	60	93	69	59	60	57	49	53	2	82	68	57	81	56	46	44	80	45	25	87	67	46	43	60	56	58	77	50	86	31	3	24	66	75	90	65	122	58	36	0	40	23	58	54	59	30	71	43	46	23	55	39	19	48	5	1	40	48	40	33	34	56	39	31	55	37	33	23	52	30	54	38	23	62	49	32	39	67	15	28	52	45	46	32	38	1	19	38	33	53	4	35	37	2	31	40	25	42	33	29	21	29	16	36	30	15	23	1	1	55	30	55	23	55	54	43	48	47	74	41	62	18	0	19	65	35	22	41	42	41	33	22	51	19	15	47	20	1	11	36	29	32	33	13	20	25	28	0	24	18	18	30	31	31	38	52	11	12	18	23	12	22	21	28	34	38	37	14	23	23	41	20	39	37	42	36	46	30	35	27	40	19	22	14	24	19	43	25	17	32	14	27	19	2	9	15	12	4	11	5	19	25	12	19	13	10	8	19	9	11	6	25	35	11	14	17	6	1	15	22	20	23	27	7	30	24	24	41	51
chr9	17934113	28	51	147	78	150	56	75	77	48	85	157	75	111	63	233	104	62	53	57	80	37	29	324	52	72	83	60	121	78	45	57	76	94	44	53	44	135	46	65	74	100	79	32	97	45	33	74	66	56	87	133	62	68	139	73	83	47	5	55	60	10	38	44	89	61	78	58	144	76	3	5	86	41	72	58	32	103	57	83	100	111	113	44	83	50	27	49	92	34	95	53	46	79	74	152	97	100	139	78	66	2	74	100	86	33	103	71	70	57	52	117	83	95	106	119	77	65	61	84	41	100	68	62	66	85	53	17	57	57	36	135	53	43	109	75	50	64	61	67	68	53	43	65	41	82	2	70	15	52	78	78	75	81	51	56	60	92	68	58	60	57	49	53	2	82	68	57	80	56	46	44	79	45	25	87	67	46	43	60	56	58	76	49	86	31	3	24	66	74	90	65	122	58	35	0	40	23	58	54	59	30	70	42	45	22	55	38	19	48	5	1	40	48	41	33	34	56	39	31	55	37	33	23	52	30	54	38	23	62	49	31	39	66	16	28	51	45	46	33	38	1	19	38	33	52	4	35	37	2	30	40	25	42	33	29	21	29	16	36	30	15	23	1	1	55	30	55	23	55	54	43	48	47	74	41	62	18	0	19	65	35	22	41	42	40	32	22	51	19	15	47	20	1	10	36	28	32	33	13	20	25	28	0	24	18	17	29	31	31	38	52	11	12	18	23	12	22	21	28	34	38	36	14	23	23	40	20	39	37	42	36	46	30	35	27	40	19	22	14	24	19	43	25	17	32	14	27	19	2	9	14	12	4	11	5	18	25	12	19	13	10	8	19	9	11	6	25	35	11	14	17	6	1	15	22	20	23	27	7	30	24	24	41	49
chr9	17934114	26	48	142	78	144	54	67	74	49	80	153	72	102	59	226	90	60	50	52	78	34	28	309	52	67	79	60	116	77	43	55	74	90	42	51	39	129	43	65	67	91	76	31	91	44	28	68	65	54	83	128	57	67	135	72	77	47	4	50	57	10	37	44	86	56	78	56	138	73	3	5	80	38	67	56	31	101	59	79	98	104	110	43	79	48	26	47	87	35	94	52	44	74	71	141	92	98	134	72	62	2	72	94	80	32	98	67	68	53	49	110	77	93	104	113	76	62	58	82	39	98	66	60	64	84	47	13	57	56	35	129	52	41	104	77	47	63	60	65	64	54	43	59	38	75	2	67	15	50	73	74	70	76	51	55	57	91	68	56	58	56	47	48	2	79	67	57	75	54	43	43	76	44	22	84	68	45	41	58	52	57	73	47	86	29	3	24	65	73	83	64	120	58	35	0	36	23	57	51	57	27	67	40	45	21	53	37	18	48	5	1	37	47	39	33	34	55	39	30	51	34	30	22	49	28	53	36	22	60	45	27	37	60	16	28	49	44	45	32	35	1	19	38	33	49	4	34	34	2	27	39	25	42	33	27	19	27	15	34	30	16	23	1	1	53	29	51	23	54	52	41	47	47	73	42	59	15	0	17	64	34	21	38	41	39	31	22	48	19	15	47	17	0	10	30	28	32	32	11	20	24	27	0	24	16	16	28	31	31	38	51	10	12	18	23	12	22	19	28	34	38	35	13	22	22	39	19	37	35	40	36	46	30	34	27	38	18	22	14	24	19	43	25	17	31	12	26	19	2	7	14	12	4	11	5	18	24	12	19	13	10	8	19	7	11	6	25	34	10	13	16	6	1	12	22	19	22	29	5	30	24	24	41	46
chr9	17934115	26	48	141	78	142	54	67	73	46	80	148	70	102	59	226	89	59	48	52	78	34	27	307	52	65	79	60	115	78	43	54	74	90	42	51	39	128	42	65	68	87	75	31	90	44	28	68	65	54	82	127	56	67	135	70	77	47	3	50	57	10	37	44	84	56	77	56	137	73	3	5	79	38	67	53	31	101	61	79	97	103	110	43	78	48	26	47	86	35	94	52	44	73	70	141	92	99	133	72	62	2	71	93	79	32	97	66	68	53	50	110	79	93	104	113	76	60	58	81	39	98	66	59	64	84	47	13	56	56	33	129	52	41	103	77	47	61	62	65	64	54	43	57	38	75	2	66	15	49	73	73	70	76	51	55	57	90	68	56	58	56	46	48	2	79	67	57	75	53	43	43	76	44	22	83	68	45	41	57	49	57	73	47	86	29	3	24	64	72	83	64	119	57	35	1	36	23	56	51	57	27	67	40	45	21	53	37	18	48	5	1	37	47	39	33	34	53	38	30	51	33	30	22	47	28	53	36	21	60	45	27	37	60	15	28	49	43	45	31	34	1	19	38	33	48	4	34	34	2	27	39	25	42	33	26	19	27	15	34	30	15	23	1	1	53	29	51	23	54	51	40	47	47	72	41	58	15	0	17	63	34	21	38	41	38	31	22	47	19	15	47	17	0	10	30	27	32	32	11	20	24	27	0	23	16	16	28	31	31	37	50	10	12	18	23	12	22	19	28	34	38	35	12	21	22	38	18	37	35	39	36	46	28	34	27	38	18	21	14	24	19	43	25	16	31	13	24	19	2	7	14	12	4	11	4	18	24	12	19	13	10	6	19	7	11	6	25	35	10	13	16	6	1	12	22	19	22	29	5	30	24	24	41	46
chr9	17934116	25	48	139	78	140	54	67	71	46	79	147	69	101	59	221	87	59	46	51	77	34	26	306	52	65	78	59	115	76	42	53	74	89	41	51	39	124	41	65	65	86	74	31	89	43	28	64	62	53	81	125	55	65	135	68	77	44	2	49	57	10	36	43	83	55	77	55	135	72	3	5	76	38	67	52	31	99	58	76	94	102	109	42	77	47	26	47	84	35	94	52	41	73	67	138	92	99	131	72	62	2	69	93	79	32	96	64	65	51	50	106	78	93	98	111	75	60	57	80	39	94	65	58	64	79	46	13	56	56	33	127	52	41	99	78	47	60	62	60	61	50	43	55	38	74	2	63	15	46	73	72	68	73	50	54	55	89	67	55	58	56	46	47	2	78	66	57	75	51	43	43	76	44	22	83	68	43	41	56	49	57	71	45	85	29	3	22	64	71	83	62	118	55	35	1	34	23	56	51	56	23	67	40	45	21	53	37	18	48	5	1	35	46	38	32	34	53	38	30	50	33	30	22	47	27	53	35	21	60	45	25	37	59	14	28	49	40	45	31	34	1	19	37	33	48	4	34	34	2	26	39	24	41	32	26	19	27	15	34	30	15	23	1	1	52	28	51	22	51	51	38	46	47	72	40	57	15	0	17	62	32	20	38	41	38	30	21	47	19	15	46	17	0	9	30	26	32	31	10	20	24	27	0	23	16	16	28	30	30	37	49	10	12	18	23	12	22	19	27	33	38	33	12	19	22	38	18	37	33	39	36	45	28	34	25	38	18	21	14	24	19	42	25	16	30	13	24	17	2	7	13	12	4	11	4	15	23	12	19	13	10	6	18	7	11	6	25	33	10	13	16	6	1	12	21	19	22	29	5	30	24	24	41	46
chr9	17934117	25	48	139	78	142	54	66	71	46	79	147	69	97	59	220	87	59	46	52	77	34	26	305	52	65	78	58	115	76	42	53	74	89	41	51	39	125	41	65	64	85	74	31	92	43	28	64	62	53	81	125	55	67	135	68	77	43	2	49	57	10	36	43	83	56	77	55	135	71	3	5	76	38	67	53	31	99	58	76	93	102	108	43	77	48	26	47	83	35	94	52	41	74	67	138	91	99	130	72	62	2	69	93	79	32	96	64	65	51	50	106	78	93	98	111	75	60	57	80	39	94	65	58	64	79	46	13	56	56	33	127	53	41	99	77	47	60	62	60	60	50	43	55	39	74	2	63	15	46	73	72	68	73	50	54	55	89	67	55	58	55	45	47	2	77	64	57	76	51	43	43	76	45	22	83	68	43	41	56	49	57	71	45	85	29	3	22	64	71	83	62	118	55	35	1	34	23	56	51	56	23	66	40	45	21	53	36	18	48	5	1	36	46	38	33	34	53	38	30	49	33	30	22	47	27	53	35	21	60	44	25	37	59	14	28	49	40	43	31	34	1	19	36	33	47	4	34	34	2	26	39	24	41	32	26	19	27	15	34	30	15	23	1	1	52	28	51	22	51	51	38	46	48	72	41	57	17	0	17	62	32	20	37	41	37	30	21	47	19	15	46	17	0	10	30	25	32	31	10	20	23	27	0	23	16	16	28	30	30	37	49	10	12	18	23	12	22	19	27	34	38	33	12	19	22	38	17	37	33	39	36	45	28	34	25	38	18	21	14	25	19	42	25	16	30	13	24	17	2	7	13	12	4	11	4	15	23	12	19	13	10	6	18	7	11	6	25	33	10	13	16	6	1	12	21	19	22	28	5	30	24	24	41	46
chr9	17934118	25	48	139	78	142	54	65	71	45	79	147	69	97	58	220	87	59	46	53	77	34	26	304	52	65	78	58	115	76	42	53	74	89	41	51	39	124	41	65	64	85	74	31	91	43	28	65	62	53	81	125	55	67	134	68	77	43	2	49	56	10	35	43	84	56	77	55	135	71	3	5	76	38	67	53	31	99	58	76	93	101	107	43	77	48	26	47	83	34	94	52	41	73	67	136	91	99	130	72	62	2	69	93	79	31	96	64	65	51	50	106	78	93	98	109	75	60	57	80	38	93	65	58	64	81	46	13	56	56	33	127	53	41	99	77	46	60	62	60	60	50	43	55	39	74	2	63	15	46	73	72	68	73	50	54	54	89	67	55	58	55	45	47	2	76	64	57	76	51	43	43	76	45	22	83	68	43	41	56	49	57	71	45	83	29	3	22	64	71	83	62	118	55	36	1	34	23	56	51	56	23	65	40	44	21	53	36	18	47	5	1	36	46	38	33	34	53	38	30	49	33	30	22	45	26	53	35	21	60	44	25	37	59	14	28	49	40	43	32	34	1	19	36	33	47	4	34	34	2	26	39	24	41	32	26	19	27	15	34	30	15	23	1	1	52	28	51	22	51	51	38	46	48	72	41	57	17	0	17	61	32	20	37	41	37	30	21	47	19	15	45	17	0	10	30	25	32	31	10	20	23	27	0	23	16	16	28	30	29	37	49	10	12	17	23	12	22	19	27	34	38	33	12	19	22	37	17	37	33	39	36	45	28	34	25	38	18	21	14	25	19	42	25	16	30	13	24	17	2	7	13	12	4	11	4	15	23	12	19	14	10	6	18	7	11	5	25	33	10	13	16	6	1	11	21	19	22	28	5	30	24	24	41	46
chr9	17934119	25	48	145	80	145	56	67	76	45	85	155	70	102	63	224	89	61	49	53	81	36	27	317	58	67	83	57	125	78	44	53	74	94	44	51	40	131	43	66	65	85	79	31	96	44	28	67	62	53	84	133	56	69	138	69	83	48	4	51	57	11	35	46	87	58	80	61	141	78	3	5	80	39	69	57	34	102	60	78	95	107	109	44	81	48	27	50	84	36	96	54	43	76	71	142	92	103	133	77	64	2	72	95	80	32	99	67	68	53	52	111	80	97	101	114	77	63	58	82	38	99	66	59	68	82	46	14	59	59	33	128	57	42	104	81	47	61	63	62	63	51	45	56	41	76	2	63	16	47	78	72	72	74	51	56	54	90	68	55	60	58	47	50	2	80	65	57	81	55	43	43	77	47	22	86	70	44	43	57	51	59	76	46	84	29	3	23	66	76	88	65	121	56	37	1	34	24	59	53	59	25	66	41	46	22	57	37	19	48	5	1	36	46	41	35	37	51	40	30	50	33	33	23	45	26	55	35	23	60	44	26	38	64	14	29	51	41	44	33	35	1	19	37	33	47	4	36	35	2	26	42	25	41	32	28	19	28	16	34	30	15	25	1	1	53	27	54	23	51	53	42	46	51	73	42	57	17	0	18	61	33	20	38	42	38	30	24	49	19	15	45	17	0	10	31	25	32	31	10	20	22	28	0	23	17	18	29	29	30	38	49	10	12	17	23	12	22	19	28	34	38	32	12	19	22	40	17	37	33	40	37	44	29	32	24	40	18	23	15	25	19	46	25	16	30	14	24	17	2	7	13	12	4	11	4	15	23	12	19	14	10	6	20	7	11	5	25	32	11	13	16	6	2	11	23	19	23	27	6	30	25	25	42	46
chr9	17934120	25	48	144	81	145	56	66	76	47	85	155	70	104	63	224	89	61	49	53	81	38	26	319	58	67	83	56	125	78	44	53	73	94	44	50	40	131	43	66	65	85	79	31	96	44	29	67	62	53	84	133	56	69	136	69	82	51	4	51	57	11	35	45	87	58	81	61	143	78	3	5	80	38	69	58	36	102	60	78	95	107	108	45	81	48	27	50	84	36	96	54	43	76	71	142	92	103	133	77	64	2	71	95	80	32	99	69	68	53	52	111	80	97	101	115	76	63	58	82	38	99	66	59	68	82	46	14	59	59	33	128	57	42	105	81	47	61	63	62	63	51	45	55	41	76	2	63	16	47	78	72	73	75	51	57	55	90	68	55	61	58	47	50	2	80	65	56	81	54	43	43	76	47	22	86	70	44	43	57	51	59	76	46	84	29	3	23	66	76	88	67	121	56	37	1	34	24	59	53	59	25	67	41	46	22	57	38	19	48	5	1	36	46	41	35	37	52	40	30	50	33	33	23	46	26	55	35	23	58	44	26	38	64	14	29	51	41	44	33	35	1	19	37	33	47	4	36	35	2	26	42	25	41	32	28	19	28	16	34	30	15	25	1	1	53	27	54	23	51	53	42	46	51	74	41	57	17	0	18	61	33	20	38	42	37	30	24	49	19	15	45	17	0	10	31	25	32	31	10	20	22	28	0	23	17	18	29	29	30	38	48	10	12	17	23	12	22	19	28	34	38	29	12	19	22	40	17	37	33	40	37	44	29	33	24	40	18	23	15	25	19	46	25	16	30	14	24	17	2	7	13	12	4	11	4	15	23	12	19	14	10	6	20	7	11	5	25	32	11	13	16	6	2	11	23	19	23	27	6	30	25	25	42	46
chr9	17934121	25	48	143	81	145	55	66	76	47	85	154	69	106	63	223	89	60	49	54	81	38	26	320	58	67	81	56	125	77	44	53	73	96	44	50	40	131	43	66	64	84	79	31	96	44	29	65	61	53	83	133	56	69	138	68	81	51	4	51	57	10	35	45	87	58	79	61	141	78	3	5	77	38	69	58	36	102	59	78	95	105	108	45	80	48	27	50	83	36	96	54	43	75	71	141	92	103	132	76	64	2	71	96	79	32	99	69	68	53	52	110	80	97	101	114	76	63	58	80	38	98	66	59	68	82	45	13	58	59	33	128	57	42	105	80	45	60	62	62	63	49	45	55	41	76	2	63	16	47	78	70	73	75	51	57	54	90	69	55	61	58	47	50	2	78	65	56	81	54	42	43	77	46	22	86	70	45	42	57	51	59	76	46	84	29	3	23	65	76	87	65	120	56	37	1	34	24	59	53	59	25	67	41	46	22	56	38	19	47	5	1	36	46	41	35	38	52	40	29	50	33	33	23	46	25	55	35	23	58	44	26	38	64	14	29	51	41	44	33	34	1	19	37	33	46	4	36	35	2	26	42	25	41	32	28	19	27	16	34	30	15	25	1	1	52	27	54	23	51	53	42	46	51	74	40	57	17	0	18	61	33	20	38	41	37	30	24	49	19	15	46	17	0	10	31	25	32	31	10	20	22	28	0	22	17	18	29	29	30	38	48	10	12	17	23	12	22	19	28	34	37	31	11	19	22	40	17	37	33	40	37	44	28	32	24	40	18	23	15	25	19	45	25	15	30	14	24	17	2	7	13	12	4	11	4	15	23	12	19	14	10	6	20	7	11	5	25	32	11	13	16	6	2	10	23	19	23	27	6	30	25	24	42	45
chr9	17934122	25	48	144	81	145	55	66	75	47	85	153	69	106	63	223	89	61	49	54	81	38	26	320	58	67	81	55	124	77	44	53	73	95	44	50	40	131	43	66	64	84	78	31	96	44	29	65	61	53	83	131	56	68	138	67	81	50	4	51	57	10	35	45	87	58	78	61	141	78	3	5	77	38	69	58	36	102	59	78	95	105	108	45	80	48	27	50	83	36	94	54	43	75	71	140	92	103	132	76	63	2	71	94	79	32	99	69	68	53	52	110	80	97	100	113	75	63	58	80	38	98	65	59	67	82	45	13	58	59	32	127	57	42	104	80	45	60	62	62	62	49	45	55	41	76	2	63	16	47	78	70	73	75	51	57	54	89	69	55	61	57	47	50	2	78	65	55	79	54	42	43	77	46	23	87	70	45	42	57	51	59	76	46	84	29	3	23	65	76	87	65	121	56	36	1	34	25	59	53	59	25	67	41	46	22	55	38	19	47	5	1	35	46	41	35	38	52	39	29	49	33	33	23	46	25	55	35	23	58	44	26	38	64	14	28	51	41	44	33	34	1	19	36	33	46	4	36	35	2	26	42	25	41	32	27	19	27	16	34	30	15	25	1	1	52	27	54	23	51	53	42	46	51	74	40	56	17	0	18	61	33	20	38	41	37	30	24	49	19	15	46	17	0	10	31	25	32	31	10	20	22	28	0	22	17	18	29	29	30	38	48	10	12	17	23	12	22	19	28	34	37	31	11	19	22	40	17	37	33	40	37	44	28	33	23	40	17	23	15	25	19	45	25	14	30	14	24	17	2	6	13	12	4	11	4	15	23	12	19	14	10	6	20	7	11	5	25	32	11	13	16	6	2	10	23	19	23	27	6	30	25	24	42	45
chr9	17934123	25	48	142	81	143	55	65	74	45	85	149	69	105	62	218	89	61	48	54	81	37	26	317	58	65	81	55	122	78	42	53	71	93	44	50	40	129	43	66	64	81	76	31	96	44	29	60	61	53	83	129	55	67	138	67	80	50	4	51	57	9	35	46	87	57	75	61	140	78	3	5	77	37	68	57	36	101	59	77	93	105	107	45	79	48	26	49	83	36	93	54	42	75	69	140	91	104	127	74	61	2	70	90	78	32	95	67	67	53	51	110	80	95	99	113	74	63	58	78	38	95	65	59	63	80	45	13	57	59	32	125	57	41	103	79	45	60	61	61	62	49	43	55	42	75	2	63	16	47	78	68	73	75	51	56	54	88	65	55	60	57	47	49	2	78	64	53	79	54	42	42	73	45	23	85	68	45	41	55	49	57	76	44	81	29	3	23	65	75	86	64	120	55	36	1	34	25	58	52	58	25	67	40	46	22	55	38	19	47	5	1	35	45	41	35	38	51	39	29	49	32	32	23	45	25	54	35	22	58	42	26	38	62	14	28	50	41	44	33	34	1	19	36	33	45	4	36	34	2	25	42	24	41	32	27	19	26	16	34	30	15	25	1	1	52	27	53	23	50	51	42	46	50	74	40	54	17	0	18	61	32	20	38	39	37	30	24	47	18	15	45	17	0	10	30	25	32	31	10	20	22	28	0	22	17	18	28	28	29	37	48	10	12	17	23	12	22	18	28	34	37	31	11	19	22	40	17	36	32	40	37	44	27	33	23	40	16	24	15	25	19	45	25	13	28	14	24	17	2	6	13	12	4	11	4	15	23	12	19	14	10	6	20	7	10	5	25	30	11	13	16	6	2	10	21	17	22	26	5	30	25	24	42	44
chr9	17934124	25	48	142	84	142	55	65	73	45	86	149	70	106	62	218	91	62	46	54	80	37	26	315	58	64	81	55	124	78	42	53	71	94	44	50	40	128	43	66	64	81	75	31	96	44	28	60	63	53	83	129	54	67	138	68	81	50	4	51	57	9	35	46	87	57	75	62	142	79	3	5	78	37	68	58	36	102	63	77	92	105	107	45	79	48	26	49	84	36	92	56	42	76	69	137	91	104	127	74	61	2	70	90	78	32	95	67	67	53	50	110	80	95	101	115	74	64	58	78	38	95	65	59	64	80	48	13	57	59	32	125	57	39	102	79	46	60	61	61	62	49	43	55	42	76	2	64	16	47	78	69	74	76	51	56	54	89	65	55	59	57	47	49	2	79	64	54	79	54	43	42	73	45	23	85	69	45	41	55	47	57	75	44	78	29	3	24	66	75	86	64	120	55	36	1	34	25	59	52	58	25	67	40	47	22	55	38	19	47	5	1	35	45	41	35	41	51	39	29	50	32	32	23	45	24	54	35	22	59	42	26	38	62	15	28	50	41	45	33	34	1	19	35	34	45	4	36	34	2	25	42	25	41	32	28	19	26	16	34	30	15	25	1	1	52	27	53	23	50	53	42	46	50	75	40	54	17	0	18	60	31	20	38	39	37	31	24	47	18	15	45	17	0	10	30	25	32	31	10	20	22	28	0	22	16	17	28	28	29	36	48	10	12	17	23	11	22	19	28	34	37	30	11	19	22	40	17	36	32	40	38	44	27	33	23	40	16	24	15	25	19	45	25	13	28	13	24	17	2	6	13	12	4	11	4	15	23	12	19	14	10	6	20	7	10	5	25	30	12	13	16	6	2	10	21	17	23	25	5	30	25	24	42	43
chr9	17934125	25	48	142	84	142	55	65	72	45	86	150	70	106	62	220	91	62	45	54	80	37	26	314	58	64	80	55	124	77	42	53	71	93	44	50	40	128	43	66	64	81	75	31	96	44	28	60	63	53	83	129	54	67	138	68	81	50	4	50	57	9	35	46	87	57	74	62	142	79	3	5	78	37	68	58	36	101	63	77	91	104	107	45	79	48	25	49	86	36	91	55	42	76	69	137	90	104	127	75	60	2	70	90	78	32	92	67	67	53	50	110	80	95	102	115	74	64	58	77	38	95	65	59	65	80	47	13	57	58	32	125	58	39	101	78	46	61	61	61	62	49	43	54	42	76	2	64	16	47	78	69	73	76	51	56	54	88	65	55	58	57	47	49	2	82	64	54	79	54	42	42	73	45	23	85	69	45	41	55	47	57	75	44	78	29	3	24	66	75	85	64	120	55	36	1	34	25	59	52	58	25	67	40	47	22	55	38	19	47	5	1	35	45	41	35	41	51	39	29	50	32	32	23	45	24	54	35	22	59	42	26	38	62	14	28	50	41	45	33	34	1	19	35	34	45	4	36	34	2	25	42	25	41	32	28	19	26	16	34	30	15	25	1	1	51	27	53	23	49	53	42	45	50	75	40	54	17	0	18	60	31	20	38	39	37	32	24	47	18	15	45	17	0	10	30	25	32	31	10	20	22	28	0	22	16	18	28	28	29	36	48	10	12	17	23	11	22	19	28	34	37	30	11	19	22	40	17	36	32	40	38	44	27	33	23	40	16	24	15	25	19	45	25	13	28	13	24	17	2	6	13	12	4	11	4	15	23	12	19	14	10	6	20	5	10	5	25	30	12	13	16	6	2	9	21	17	23	25	5	30	25	24	40	43
chr9	17934126	23	48	145	85	143	55	65	72	45	86	150	69	110	62	221	91	62	46	54	80	37	26	316	59	64	80	55	124	77	42	55	71	95	45	50	41	128	44	67	65	84	74	31	96	44	28	62	63	53	83	129	54	67	139	70	82	51	4	50	57	9	35	46	87	57	72	62	143	78	3	5	78	37	68	58	36	101	63	77	93	106	106	45	78	48	25	49	87	37	91	54	42	76	70	137	91	104	128	75	60	2	70	90	78	33	92	65	68	53	50	110	80	97	102	117	73	63	59	76	38	95	64	57	65	81	47	13	57	58	32	125	58	40	101	78	46	62	61	61	62	47	43	54	42	77	2	64	16	47	79	69	73	77	51	55	53	89	65	54	58	58	47	49	2	83	65	54	82	55	41	42	72	46	22	85	69	45	41	55	48	57	76	44	78	30	3	24	66	75	85	64	123	56	36	1	34	25	62	52	60	25	67	40	47	22	56	38	21	47	5	1	35	45	41	35	41	51	40	29	51	33	32	24	45	23	54	34	22	60	42	26	38	63	14	28	50	45	45	33	33	1	19	35	36	45	4	36	35	2	25	42	25	41	32	28	20	26	16	35	30	15	25	1	1	51	28	53	23	49	53	43	45	50	75	42	54	17	0	17	60	32	20	37	39	37	31	24	46	18	15	45	17	0	10	31	25	31	31	9	21	22	28	0	22	16	18	28	28	29	35	48	10	12	17	23	11	22	19	28	34	37	30	11	19	22	39	17	37	32	40	38	44	27	33	24	38	16	24	15	25	19	45	25	13	28	12	24	17	2	6	13	12	5	11	5	14	23	12	19	14	10	6	20	5	10	5	25	30	12	13	16	6	2	9	21	17	23	24	5	30	26	24	40	43
chr9	17934127	23	50	145	89	143	55	63	72	45	86	152	68	110	66	225	95	62	46	55	80	39	27	318	60	63	80	55	124	78	42	55	74	95	44	50	41	128	44	67	66	84	74	31	96	44	29	62	63	54	85	131	55	68	140	71	82	51	4	50	58	10	35	46	87	57	77	63	144	78	4	5	81	38	69	58	39	102	63	80	93	106	106	45	80	48	25	49	91	37	91	53	43	77	72	139	93	104	132	75	64	2	71	89	78	33	96	70	68	51	51	109	80	99	102	119	75	64	59	78	40	96	64	57	66	86	47	13	59	61	32	125	58	40	100	78	46	64	62	61	63	47	43	54	43	78	2	65	16	47	81	70	75	77	53	56	53	89	65	55	60	60	47	50	2	84	64	56	82	54	42	42	71	46	22	85	70	45	39	55	48	57	76	44	79	30	3	24	67	75	85	67	126	56	37	1	34	25	62	52	61	25	66	40	49	22	56	38	20	49	5	1	35	44	41	35	41	54	41	31	51	33	33	24	47	23	54	34	22	60	44	26	38	63	14	28	50	47	45	33	34	1	19	35	36	45	4	36	36	2	25	42	25	41	33	28	20	26	17	35	31	15	25	1	1	52	28	53	23	50	53	43	44	51	74	41	54	17	0	17	61	32	20	37	39	38	31	24	46	18	15	45	16	0	10	31	25	30	31	9	21	22	28	0	23	15	18	28	28	29	35	48	10	12	17	24	11	22	19	28	35	37	30	11	19	23	39	17	37	32	40	39	44	27	34	24	38	16	24	15	25	19	45	25	13	28	12	24	17	2	6	13	12	5	11	5	14	23	12	19	14	10	6	20	5	10	5	25	31	12	13	16	6	2	9	21	17	23	28	5	30	26	24	40	43
chr9	17934128	26	54	145	93	149	57	65	74	46	89	152	69	112	67	232	96	65	46	55	81	39	27	326	61	66	86	54	126	82	42	55	76	96	46	50	41	132	45	67	67	85	77	32	96	44	30	62	63	57	89	133	55	68	139	75	84	53	4	53	57	10	35	47	89	57	77	65	153	76	4	5	83	39	69	58	39	104	65	81	100	106	108	45	82	48	28	51	92	37	92	52	45	78	74	140	96	103	133	74	65	2	70	89	79	33	98	73	68	51	52	109	81	103	106	118	75	64	62	78	40	98	64	57	66	86	47	13	59	62	33	125	58	41	103	79	46	63	62	61	64	49	44	53	44	78	2	65	16	49	83	72	75	78	55	57	53	90	64	55	61	60	48	53	2	87	65	57	83	54	46	42	72	46	22	85	70	45	39	56	48	57	76	43	78	30	3	24	68	76	87	68	126	56	36	1	35	25	64	52	60	25	65	40	51	22	56	38	21	49	5	1	35	44	41	35	41	57	42	32	51	33	33	24	47	23	54	34	23	61	45	27	38	64	14	31	50	47	46	34	34	1	19	36	37	45	4	38	37	2	25	42	28	42	33	28	18	26	17	35	31	16	25	1	1	53	28	55	23	51	55	44	44	51	74	41	57	17	0	17	61	31	20	38	39	39	33	24	46	18	15	45	16	0	10	31	25	30	31	9	19	22	29	0	23	15	18	28	28	29	35	49	10	12	18	24	11	23	20	28	36	38	31	11	19	25	39	17	37	33	42	39	44	28	34	24	38	16	24	15	26	17	45	25	13	28	12	24	17	2	6	13	12	6	11	6	14	23	12	18	14	10	6	20	5	10	5	27	31	12	14	16	6	2	9	21	17	23	29	5	33	27	23	39	43
chr9	17934129	31	59	156	111	163	64	71	77	55	103	165	72	120	72	242	121	69	51	57	88	45	30	348	76	69	92	58	134	91	45	60	81	107	54	54	47	140	51	84	77	97	81	33	103	51	32	64	69	66	93	147	61	76	151	78	89	59	5	64	61	11	37	58	95	63	86	76	165	84	4	5	92	43	70	66	40	110	74	92	108	120	120	52	87	53	29	56	98	46	98	59	55	86	84	152	104	107	143	76	67	2	75	94	84	33	105	77	73	55	56	111	91	108	113	123	84	69	64	82	46	100	68	59	71	89	50	13	61	66	36	133	66	45	108	83	52	72	69	63	72	51	47	56	51	87	3	72	19	54	91	75	77	82	56	59	58	95	67	64	63	65	52	62	2	93	67	62	86	60	53	45	80	52	22	93	76	46	42	57	49	65	86	45	85	32	3	25	74	85	94	69	138	58	41	1	43	25	68	52	65	27	68	40	55	24	60	46	24	54	5	1	38	46	43	37	47	60	46	39	55	36	40	27	54	27	60	37	25	65	51	31	38	70	14	34	53	48	49	40	37	2	20	40	38	48	4	38	40	2	27	43	30	44	34	28	19	27	19	38	31	17	29	1	1	56	33	61	26	53	57	48	47	53	75	48	58	17	0	18	62	33	23	40	42	42	35	27	50	18	15	49	17	0	10	32	25	32	31	10	20	22	30	0	27	16	18	30	29	29	38	50	11	12	18	28	15	24	20	28	36	41	32	12	20	26	39	18	37	34	44	41	48	29	37	24	40	16	24	14	28	18	47	25	11	30	12	25	21	2	6	13	12	6	11	8	14	24	13	18	14	10	6	23	6	13	6	27	31	12	14	16	6	2	10	21	18	24	33	5	33	28	23	39	43
chr9	17934130	31	59	156	111	164	64	71	78	55	104	165	72	120	72	242	122	70	51	57	88	45	30	348	77	69	92	58	134	91	45	60	81	108	54	55	47	140	51	83	77	98	80	33	103	51	32	63	69	66	93	148	61	76	151	77	90	59	5	65	61	10	37	58	96	63	86	77	165	86	4	5	92	43	70	66	40	110	74	94	108	120	120	50	87	53	29	56	98	46	99	59	55	86	85	152	103	108	143	76	67	2	75	93	86	33	105	79	73	55	56	111	91	109	113	123	84	69	64	82	46	99	68	59	71	89	50	13	61	66	36	132	66	45	108	84	54	72	68	63	72	51	48	57	51	87	3	71	19	54	91	75	77	82	56	61	59	95	67	65	63	65	52	62	2	93	67	63	86	60	53	45	82	52	22	93	76	48	42	57	49	65	86	45	86	32	3	25	74	87	94	70	138	59	41	1	43	25	70	52	65	27	68	40	55	24	60	46	25	54	5	1	38	47	43	37	48	60	46	39	55	36	40	27	54	27	60	37	25	65	51	31	38	73	14	34	53	48	49	40	37	2	20	40	38	48	4	39	40	2	27	42	30	44	34	28	21	27	20	38	31	17	29	1	1	56	33	61	26	53	58	48	47	53	75	48	59	17	0	18	62	33	23	40	42	42	35	27	50	18	15	49	17	0	10	32	25	32	31	10	18	22	30	0	27	16	18	30	29	29	38	50	11	12	18	28	15	24	20	27	36	41	32	12	20	26	39	18	37	34	44	41	48	29	37	24	40	16	24	14	28	18	47	26	11	30	12	25	21	2	6	13	12	6	11	8	14	24	13	18	14	10	6	23	6	13	6	27	31	12	14	16	6	2	10	21	18	23	33	5	34	28	23	39	43
chr9	17934131	31	59	156	111	164	64	71	78	54	101	164	72	120	72	241	122	70	51	57	88	45	30	349	77	69	92	58	133	91	44	59	81	108	54	55	46	141	51	83	77	96	80	33	103	50	31	63	68	66	93	146	60	76	152	77	90	59	5	65	60	10	37	58	96	62	85	77	164	86	4	5	92	43	70	66	38	108	74	92	108	118	120	50	87	53	29	56	97	46	98	58	56	86	84	152	103	108	142	76	67	2	75	92	86	33	104	79	71	55	56	110	90	109	112	123	84	69	64	81	46	99	68	59	71	90	50	13	61	66	36	134	66	45	107	83	54	71	68	63	72	51	48	57	51	87	3	70	19	54	90	75	77	82	56	61	59	95	67	65	64	65	52	62	2	93	67	60	86	60	53	42	82	52	22	94	75	48	42	57	49	65	86	45	86	32	3	25	74	86	94	70	138	59	41	1	42	25	70	52	65	27	68	40	56	23	60	46	25	54	5	1	38	47	43	37	48	60	46	39	55	36	40	27	54	27	60	37	25	64	51	31	38	73	14	35	52	48	49	40	37	2	20	40	38	48	4	37	40	2	27	42	30	42	34	28	21	27	20	37	31	17	29	1	1	56	33	61	26	53	58	48	48	53	75	47	60	17	0	17	62	33	23	40	42	41	35	27	50	17	15	48	17	0	10	32	25	32	31	10	20	22	29	0	27	16	18	30	29	28	38	49	11	12	18	28	14	23	19	27	36	41	31	12	20	26	39	18	37	34	44	41	47	29	37	23	40	16	24	14	28	18	47	26	11	30	12	25	20	2	6	13	12	6	11	8	14	24	13	18	14	10	6	23	6	13	6	26	31	12	14	16	6	2	10	21	17	23	33	5	34	28	23	39	42
chr9	17934132	31	58	155	110	162	63	71	77	54	101	161	72	120	72	240	122	68	51	57	83	45	29	348	77	68	90	57	132	89	44	59	80	108	53	55	45	139	51	83	76	96	77	33	101	50	33	62	68	66	93	146	59	74	151	77	88	59	5	65	60	10	37	57	95	61	84	77	163	85	4	5	92	42	69	66	36	107	74	91	106	118	120	49	87	53	29	54	95	45	96	58	55	85	83	151	102	105	140	75	67	2	73	92	86	33	104	79	70	55	56	110	90	108	112	123	84	68	64	81	45	98	68	58	69	89	50	13	61	66	36	133	66	45	105	83	54	71	65	63	68	51	48	57	51	87	3	70	19	53	89	73	76	81	56	61	59	95	67	65	64	64	51	62	2	93	66	59	85	60	53	42	82	51	21	94	75	48	42	57	48	64	86	45	86	32	3	25	74	83	94	70	140	58	39	1	42	25	70	51	65	27	68	40	56	23	60	46	25	53	5	1	38	47	42	36	48	60	46	38	55	36	40	27	54	26	59	37	25	63	50	31	38	73	14	35	52	45	49	40	37	2	20	39	38	47	4	37	40	2	27	42	30	42	34	27	21	27	20	36	31	17	29	1	1	56	33	61	26	52	58	48	47	52	75	47	60	17	0	17	62	31	23	40	42	41	35	27	50	17	15	47	17	0	10	32	25	32	30	10	20	22	29	0	26	16	17	30	29	26	37	48	11	12	18	28	14	23	19	27	34	41	30	12	20	26	39	18	36	34	44	41	47	29	37	23	40	16	23	14	28	18	45	26	11	30	12	25	20	2	6	13	12	6	11	8	14	24	13	18	14	10	6	22	5	13	6	28	31	12	14	15	5	2	9	21	17	23	33	5	34	27	22	39	41
chr9	17934133	31	58	155	109	159	63	70	76	53	100	160	72	116	72	239	121	68	51	57	83	44	29	344	76	67	90	57	132	85	44	59	79	106	53	55	44	138	51	82	76	93	75	33	98	50	32	62	67	65	93	146	58	73	149	76	88	59	5	64	59	10	37	57	94	61	84	77	163	85	4	5	92	42	68	66	36	106	74	91	105	117	117	48	87	53	29	54	94	45	95	58	55	85	83	149	102	104	139	72	66	2	72	91	86	33	102	78	70	55	56	106	90	106	110	122	83	66	63	78	45	97	67	58	66	89	50	13	60	66	36	133	66	45	104	82	54	71	64	62	67	50	47	57	51	86	3	70	19	52	89	72	75	81	56	61	56	93	67	65	64	64	50	62	2	93	64	59	85	60	52	42	81	51	21	94	75	46	42	57	48	63	85	45	85	32	3	24	72	81	94	70	140	58	38	1	42	25	68	51	64	27	63	39	56	23	60	45	25	52	5	1	39	46	42	36	45	60	46	38	55	35	40	27	51	26	59	37	25	63	51	30	37	72	14	34	52	45	48	40	36	2	20	37	36	47	4	37	38	2	27	42	28	42	33	27	21	27	20	36	31	17	29	1	1	55	33	61	26	52	58	48	47	52	73	46	60	17	0	17	62	31	23	40	42	41	35	25	50	17	15	47	17	0	10	30	25	32	29	10	19	22	29	0	26	16	15	30	28	26	37	48	11	12	18	28	14	23	17	27	34	41	30	12	20	26	39	18	36	33	44	41	47	29	37	23	39	16	23	14	27	18	45	25	11	29	11	23	20	2	6	13	12	6	11	8	14	24	13	18	14	10	5	22	5	13	6	28	31	12	14	14	5	2	10	20	17	23	33	5	34	27	21	37	40
chr9	17934134	31	58	156	111	163	65	71	76	55	100	160	73	115	72	246	124	70	53	58	83	44	28	343	77	67	88	55	135	86	44	58	78	105	54	58	44	139	51	82	77	94	75	34	98	51	33	62	67	65	94	149	58	74	151	76	95	59	5	63	60	10	37	57	92	63	84	77	166	85	4	5	94	42	70	66	36	106	77	93	106	118	119	50	93	54	29	54	95	45	95	59	56	88	86	151	103	106	138	72	68	2	72	88	90	34	103	79	72	55	56	106	90	105	110	122	83	68	63	78	45	97	67	58	67	92	51	13	61	67	36	136	67	46	105	82	53	73	64	62	67	50	47	56	50	88	3	70	19	53	91	71	75	81	56	62	56	94	68	66	64	63	51	62	2	93	63	58	86	60	52	44	83	52	21	96	76	46	43	57	48	62	85	45	85	32	3	24	72	81	96	72	140	59	36	1	41	25	68	50	67	27	63	37	56	24	60	44	24	52	5	1	40	46	42	36	45	60	46	39	55	35	40	29	53	27	60	39	27	64	51	30	37	70	14	36	55	45	48	40	36	2	20	38	36	47	4	38	38	2	26	43	28	42	33	27	21	27	20	36	31	17	29	1	1	54	34	62	26	52	59	47	47	52	73	46	60	17	0	17	64	32	24	40	43	43	35	25	50	17	15	47	17	0	10	31	25	32	29	10	18	22	30	0	26	17	15	31	28	26	37	49	11	12	18	28	14	22	16	27	35	41	29	12	20	26	39	18	37	34	44	41	46	28	37	22	39	16	21	14	27	18	45	25	12	29	11	21	20	2	5	13	12	6	11	8	13	24	13	19	13	10	5	23	5	13	6	26	31	12	14	14	5	2	10	20	17	23	33	5	34	27	21	37	39
chr9	17934135	30	58	156	110	163	64	70	76	55	100	159	73	114	71	243	124	70	52	56	81	44	28	343	77	65	87	54	133	85	44	58	77	104	54	58	44	139	51	81	76	93	75	34	98	51	32	61	67	65	92	147	58	73	150	76	95	59	5	63	59	10	36	56	92	63	83	76	164	85	4	5	93	42	70	66	36	106	77	92	106	116	118	50	93	54	29	54	95	44	93	58	55	88	86	150	102	104	137	72	67	2	71	86	89	34	103	79	70	55	56	106	90	103	109	118	82	68	63	77	45	96	66	58	67	92	51	12	58	67	36	136	66	46	105	82	53	73	64	62	67	50	47	56	50	87	3	69	19	52	91	70	74	81	56	62	55	94	68	65	63	63	49	62	2	93	63	57	86	60	52	43	82	52	21	95	74	46	43	57	48	61	85	45	84	32	3	23	72	81	94	72	140	59	36	1	41	24	68	50	67	27	62	37	56	24	60	44	24	51	5	1	39	44	41	36	45	60	46	39	55	35	40	29	53	27	60	39	27	63	50	30	36	68	14	36	54	45	48	40	36	2	20	38	36	47	4	37	37	2	26	43	27	42	32	27	20	27	20	36	31	17	28	1	1	53	34	62	26	52	58	47	47	52	73	46	60	17	0	17	62	32	24	40	43	42	35	25	49	16	15	46	17	0	10	31	25	32	29	10	18	22	29	0	25	17	15	31	28	26	36	49	11	12	18	28	14	22	16	26	35	41	29	12	20	26	39	18	37	34	44	41	45	28	37	22	39	16	21	14	27	18	43	24	12	29	11	21	20	1	5	13	12	6	11	8	13	24	13	19	13	10	5	23	5	13	6	26	31	12	13	14	5	2	10	20	16	22	32	5	34	27	21	37	39
chr9	17934136	30	57	155	112	163	65	70	76	55	100	159	73	115	71	244	124	70	52	56	81	44	28	344	78	65	86	55	133	85	44	58	76	103	55	58	44	139	50	81	78	93	75	34	98	51	32	61	67	65	90	147	58	73	151	77	95	58	5	63	59	10	36	55	92	63	84	76	164	86	4	5	93	42	70	67	36	106	77	92	105	116	119	50	93	55	29	54	94	44	90	58	55	88	86	150	102	103	137	73	67	2	71	86	89	34	102	79	70	54	56	107	90	103	108	118	82	67	62	77	45	96	66	59	67	92	51	12	58	67	36	136	67	46	105	82	53	73	64	62	67	50	47	56	50	87	3	69	19	52	91	71	75	80	56	62	55	94	68	65	63	63	49	62	2	94	63	56	86	60	52	43	81	52	21	95	75	47	43	57	48	61	85	45	84	32	3	23	73	81	94	72	139	59	36	1	41	24	68	50	67	27	62	37	56	24	60	45	24	51	5	1	40	44	42	36	45	61	46	39	55	35	40	29	53	27	60	40	27	63	50	30	37	68	14	37	54	45	48	40	36	2	19	38	36	47	4	37	37	2	26	43	27	43	32	26	20	27	19	36	31	17	27	1	1	53	34	62	26	53	58	47	47	52	73	46	60	17	0	17	62	32	24	40	43	42	35	25	49	16	15	42	18	0	10	31	25	32	29	10	18	22	29	0	25	17	15	30	28	26	36	49	11	12	18	28	14	22	16	26	35	41	29	12	20	26	39	18	37	34	44	39	45	28	37	22	39	16	21	14	27	18	43	24	12	29	11	21	20	1	5	13	11	6	11	8	13	24	13	19	13	10	5	23	5	13	6	26	31	11	11	14	5	2	10	19	16	21	32	5	33	26	21	37	38
chr9	17934137	30	57	154	112	163	64	69	75	55	100	158	73	114	71	240	123	69	52	55	81	44	27	341	78	64	86	55	132	84	44	58	76	103	54	57	43	138	50	80	78	93	73	34	98	51	31	61	67	65	90	146	57	73	151	77	93	58	5	63	58	10	36	55	92	62	84	76	160	84	4	5	93	41	69	67	36	105	76	92	104	114	119	50	92	55	29	54	93	44	90	57	55	85	85	148	102	102	136	73	65	2	71	84	86	34	101	78	70	54	56	107	90	103	108	118	81	66	61	76	44	94	66	59	65	91	50	12	57	66	36	135	67	45	103	82	53	73	64	61	67	49	47	56	50	84	3	68	19	50	88	69	74	80	55	61	55	92	68	63	63	63	49	61	2	94	64	56	86	60	49	43	80	52	21	92	75	47	43	55	47	59	85	45	83	32	3	23	72	81	93	71	139	58	36	1	41	24	68	50	67	27	62	37	54	24	60	45	24	51	5	1	40	43	41	36	45	60	45	39	54	35	40	29	53	27	59	40	27	62	49	30	36	68	14	37	54	44	48	40	35	2	19	38	36	47	4	37	35	2	26	41	27	43	32	26	20	27	18	36	31	17	27	1	1	52	34	62	26	53	57	45	46	52	73	44	59	17	0	17	61	29	23	40	43	42	35	25	48	16	14	42	18	0	10	31	25	32	28	10	18	21	28	0	25	17	15	28	28	26	36	49	11	12	18	28	14	22	15	26	35	41	29	12	20	26	38	18	37	34	43	39	42	28	36	21	39	16	19	14	25	18	41	24	12	29	11	21	20	1	5	13	11	6	11	8	13	24	13	19	13	10	5	23	5	13	6	26	30	11	11	14	5	2	10	19	16	21	32	4	33	26	21	37	37
chr9	17934138	30	57	154	112	163	64	69	75	55	100	158	73	114	71	240	123	69	52	55	81	44	27	341	78	64	85	55	132	84	44	58	76	103	54	55	43	138	50	80	78	93	73	34	98	51	31	61	67	65	90	146	57	73	150	77	93	58	5	63	57	10	36	55	92	61	84	76	160	84	4	5	91	41	69	67	36	105	76	92	104	114	119	50	92	55	29	54	93	44	90	57	55	84	85	148	102	102	136	73	65	2	71	84	86	34	101	78	70	53	56	107	90	103	108	118	81	66	61	75	44	94	66	59	65	90	49	12	57	66	36	135	67	45	103	81	53	73	64	61	67	49	46	56	50	84	3	68	19	50	88	69	74	80	55	61	55	90	67	63	63	63	49	61	2	94	64	56	86	60	49	43	80	52	21	92	75	47	43	55	47	59	85	45	83	32	3	23	72	81	93	70	139	58	36	1	40	24	68	50	67	26	62	37	54	24	59	45	24	51	5	1	40	43	41	36	45	60	45	39	54	35	40	29	53	27	59	40	27	62	49	30	36	68	14	37	54	44	48	40	35	2	19	38	36	47	4	37	35	2	26	41	27	43	32	26	20	27	18	36	31	17	27	1	1	52	34	62	26	53	57	45	46	52	73	44	59	17	0	17	61	29	23	40	43	42	35	25	48	16	14	42	18	0	9	31	24	32	28	10	18	21	27	0	25	17	15	28	28	26	36	48	11	12	18	28	14	22	15	26	35	41	29	12	20	26	38	18	37	34	43	39	42	28	36	21	38	16	19	14	25	18	41	24	12	29	11	21	20	1	5	13	11	6	11	8	13	24	13	18	13	10	5	23	5	13	6	26	30	11	11	14	5	2	10	19	16	21	32	4	33	26	21	37	37
chr9	17934139	30	58	155	112	164	64	70	75	55	101	158	73	113	71	241	125	68	54	54	81	44	27	343	78	64	86	55	137	85	44	57	76	103	56	56	46	139	50	81	78	95	72	34	96	49	32	60	67	65	90	147	57	73	153	78	94	58	5	63	56	10	37	58	91	63	85	77	162	84	4	5	92	42	70	68	36	108	76	92	105	116	122	50	92	56	29	54	95	44	90	57	55	84	86	151	103	102	138	73	67	2	72	84	86	34	101	77	70	55	56	106	90	103	108	120	81	65	62	77	44	95	66	58	65	91	49	12	57	67	36	137	69	46	103	81	54	72	65	62	69	50	46	56	50	85	3	69	19	50	89	69	76	80	55	61	55	91	68	64	63	63	50	61	2	97	64	57	86	60	50	43	80	52	21	92	75	47	43	55	48	60	89	45	82	32	3	23	72	81	93	70	140	59	36	1	41	24	68	51	68	26	63	37	54	24	59	46	24	51	5	1	42	44	43	36	45	60	45	40	54	35	40	29	53	27	60	41	28	62	49	30	37	67	14	37	55	44	49	42	33	2	19	38	36	47	4	38	35	2	29	42	29	43	33	26	20	27	18	36	31	17	27	1	1	52	34	62	26	53	57	44	46	54	74	43	59	18	0	17	61	29	23	40	43	43	36	26	48	16	14	42	18	0	9	31	24	32	28	10	18	21	27	0	25	17	15	28	28	26	35	48	11	12	18	28	14	22	15	26	35	41	29	12	20	26	38	18	37	34	43	39	42	28	36	21	38	17	19	14	26	18	41	25	12	29	11	21	20	1	5	13	11	6	10	8	13	24	13	18	13	10	5	24	5	13	6	26	30	11	11	15	5	2	10	19	16	20	33	4	33	26	21	36	37
chr9	17934140	30	58	154	112	164	64	69	75	55	100	158	73	113	70	241	125	68	54	54	81	44	27	343	78	64	86	55	136	85	44	57	76	103	56	56	46	138	50	81	78	95	72	34	96	49	32	60	67	65	90	147	57	73	153	78	94	58	5	63	56	10	37	58	91	63	85	77	162	84	4	5	92	42	70	68	36	108	76	92	105	116	122	50	92	56	28	54	95	44	90	56	55	84	86	151	103	102	138	73	67	2	72	84	85	34	101	77	70	55	56	106	90	103	108	120	81	65	62	76	44	95	66	58	65	91	49	12	57	67	36	137	69	46	103	81	54	72	65	62	69	50	46	56	50	84	3	69	19	50	89	69	76	80	55	61	55	90	68	64	63	63	50	61	2	97	64	57	84	60	50	43	80	52	21	92	75	47	43	55	48	60	89	45	82	31	3	23	72	81	93	70	139	59	36	1	41	24	68	51	68	25	63	37	54	24	59	46	24	51	5	1	42	44	43	36	45	60	45	40	53	35	40	29	53	27	60	41	28	62	49	30	37	67	14	37	55	43	49	42	33	2	19	38	36	47	4	38	35	2	29	42	29	43	33	26	20	27	18	36	31	17	27	1	1	52	34	62	26	53	57	44	46	54	74	43	59	18	0	17	61	29	23	39	43	43	36	26	48	16	14	42	18	0	9	31	24	32	26	10	18	21	27	0	25	17	15	28	28	26	35	47	11	12	18	28	14	22	15	26	35	41	29	12	20	26	38	18	37	34	43	39	42	28	36	21	38	17	19	14	26	18	41	25	12	29	11	21	20	1	5	13	11	6	10	8	12	24	13	18	13	10	5	24	5	13	6	26	30	11	11	15	5	2	10	19	16	19	33	4	33	26	21	36	37
chr9	17934141	30	58	156	112	163	64	68	74	55	101	161	73	113	69	240	125	67	54	54	82	47	27	345	77	63	86	55	136	89	43	57	75	105	56	56	46	139	50	80	78	95	71	34	96	49	33	63	67	65	93	147	57	72	152	80	94	59	5	63	56	10	36	57	91	63	86	77	162	85	4	5	93	42	70	69	36	108	79	93	106	116	122	50	93	55	28	53	95	44	90	56	56	84	86	151	103	102	138	73	67	2	72	83	85	35	101	75	69	55	56	106	89	103	106	119	81	66	61	76	45	96	67	58	65	91	50	12	59	67	36	138	69	46	103	81	54	72	65	64	69	50	46	56	51	85	3	69	19	50	89	69	76	79	56	61	54	90	66	65	63	63	49	62	2	99	64	56	84	60	50	43	81	52	21	90	75	47	43	55	49	61	88	45	82	31	3	23	72	81	93	70	140	59	36	1	42	24	69	50	67	25	63	35	54	24	58	47	24	51	5	1	41	44	43	36	45	59	45	40	54	35	40	30	53	27	60	41	28	62	49	30	37	68	15	38	55	43	47	42	33	2	19	37	36	47	4	37	34	2	28	42	29	43	34	25	20	27	18	36	31	17	27	1	1	52	34	62	24	53	59	45	46	53	74	44	59	18	0	17	61	29	23	39	43	43	36	26	48	16	14	42	17	0	9	31	23	32	26	10	18	21	27	0	24	17	15	28	29	26	35	46	11	12	17	28	14	22	15	26	36	41	27	12	20	26	38	18	37	34	43	39	43	27	36	20	38	17	19	14	26	18	40	25	12	29	11	21	20	1	5	13	10	6	10	8	12	23	14	18	13	10	5	24	5	13	6	26	30	11	11	15	5	2	10	19	15	19	33	4	33	26	21	36	37
chr9	17934142	29	57	154	109	159	63	65	71	54	99	152	72	109	68	234	125	65	53	54	80	47	27	333	75	61	85	52	134	88	41	55	74	102	56	56	45	137	48	79	78	93	70	32	93	49	33	62	66	64	92	140	57	70	148	78	92	59	5	63	55	9	36	56	87	61	85	74	160	85	3	5	91	42	70	69	35	102	78	92	102	115	119	50	89	54	28	51	95	43	84	56	54	82	85	145	101	97	129	70	65	2	71	80	80	35	100	72	66	54	55	103	84	100	100	116	78	64	61	74	44	95	66	56	65	88	49	12	57	65	36	136	66	45	101	79	53	71	62	63	66	48	45	55	48	84	3	63	19	47	89	68	75	76	52	60	53	89	61	64	59	58	47	60	1	95	63	54	83	57	49	42	81	49	20	87	74	47	43	53	49	61	83	44	77	28	3	23	71	79	90	69	135	59	36	1	40	22	68	49	67	25	60	34	54	24	57	44	24	51	4	1	41	40	43	36	43	59	45	40	53	34	36	30	49	26	60	40	27	59	47	28	35	63	15	36	55	40	43	41	32	2	18	35	36	46	4	36	33	2	27	41	29	43	33	22	19	23	18	36	31	17	26	1	1	51	33	61	24	53	58	45	45	53	73	43	58	17	0	16	59	29	22	38	43	42	36	26	45	16	10	38	16	0	9	31	22	32	25	10	18	21	24	0	23	17	14	28	29	25	32	46	11	12	15	28	14	21	14	24	36	37	26	11	20	26	34	18	37	33	42	35	40	26	35	20	36	17	18	14	26	16	39	24	12	29	11	21	20	1	5	13	10	6	10	8	12	21	14	18	12	7	5	23	5	12	6	26	30	11	11	15	4	2	10	19	15	19	33	4	33	25	17	34	35
chr9	17934143	29	57	153	109	159	63	65	71	54	98	151	72	109	68	232	125	65	52	54	79	47	26	331	75	61	84	52	134	88	41	55	74	102	55	54	45	137	48	79	78	92	70	32	93	49	33	62	66	64	91	140	57	70	147	78	91	59	5	63	54	10	34	55	87	61	86	74	158	85	3	5	91	42	70	69	35	100	79	90	102	115	119	50	89	54	28	51	95	43	83	56	54	82	84	145	100	97	129	70	65	2	71	79	81	34	100	71	66	53	55	102	84	100	100	116	77	64	61	74	43	95	65	56	64	87	49	12	57	65	36	134	66	45	100	78	53	70	62	63	65	48	45	55	48	84	3	63	19	47	89	68	75	76	52	60	53	88	61	64	59	58	47	60	1	95	63	54	83	55	49	42	80	49	20	87	74	47	43	53	49	61	83	44	77	28	3	23	70	78	89	69	135	59	36	1	40	22	68	49	67	25	60	34	54	24	57	44	24	51	4	1	41	40	43	36	43	59	45	40	53	34	36	30	49	26	60	40	27	59	47	28	35	63	15	36	55	40	43	41	32	2	18	35	36	46	4	36	33	2	27	41	29	42	33	22	19	23	18	36	31	17	26	1	1	51	33	61	23	53	58	45	45	53	72	43	58	17	0	16	58	29	22	38	43	41	36	26	45	16	10	37	16	0	9	30	22	32	25	10	18	21	24	0	23	17	14	28	29	25	32	46	11	12	15	28	14	21	14	23	35	37	26	11	20	26	33	18	37	33	42	35	40	26	35	20	36	17	18	14	26	16	39	24	12	29	11	21	20	1	5	12	10	6	10	8	12	21	14	18	12	8	5	23	5	12	6	26	30	10	11	15	4	2	10	19	15	20	33	4	33	25	17	34	35
chr9	17934144	29	57	153	109	159	63	65	71	54	98	151	71	109	68	232	125	65	52	54	79	47	26	331	75	61	83	52	134	88	41	55	74	102	55	54	45	137	48	79	78	92	70	32	93	49	33	61	66	64	91	140	57	70	144	78	91	59	5	62	54	10	34	55	87	60	86	74	158	84	3	5	91	42	70	69	35	100	79	90	102	115	119	50	89	54	27	51	95	43	83	56	54	81	84	145	100	97	129	70	65	2	71	77	81	34	100	71	66	53	55	102	84	100	100	115	77	63	61	74	43	95	65	56	64	86	49	12	57	65	36	134	66	45	100	78	53	69	62	63	65	48	45	55	48	84	3	63	19	47	89	68	75	76	52	60	53	88	61	64	59	58	47	60	1	95	63	54	83	55	49	42	80	49	20	87	74	47	43	53	49	61	83	44	77	28	3	23	69	79	89	69	135	59	35	1	40	22	68	49	67	25	60	34	54	24	57	44	24	51	4	1	41	40	43	36	43	59	45	40	53	34	36	30	46	26	60	40	27	59	47	28	35	63	15	36	55	40	43	41	32	2	18	35	36	46	4	36	33	2	27	41	29	42	33	22	19	23	18	36	31	17	26	1	1	51	33	61	23	53	57	45	45	53	72	43	57	17	0	16	58	29	22	38	43	41	36	26	45	16	10	36	16	0	9	30	22	32	25	10	18	21	24	0	23	17	14	28	29	25	32	46	11	12	15	28	14	21	14	23	35	37	26	11	20	25	33	18	37	33	42	35	39	26	35	20	36	17	18	14	26	16	39	24	12	29	11	21	20	1	5	12	10	6	10	8	12	21	14	18	12	8	5	23	5	12	6	26	30	10	11	15	4	2	10	19	15	20	33	4	33	25	17	34	35
chr9	17934145	29	57	153	109	159	63	65	71	54	98	150	71	109	68	231	125	65	52	54	79	47	26	330	75	61	83	52	134	88	40	55	74	102	55	54	45	137	48	79	78	92	69	32	93	49	33	61	66	64	91	140	57	70	143	78	91	59	5	62	52	10	34	55	87	60	86	74	158	84	3	5	91	42	70	69	35	99	79	90	102	115	119	50	89	54	27	51	94	43	83	56	54	81	84	144	100	97	129	70	65	2	71	77	81	34	100	71	66	53	55	102	84	100	100	115	77	63	61	74	43	95	65	56	64	85	49	12	57	65	36	134	66	45	100	78	53	69	62	63	65	48	45	55	48	83	3	63	19	47	89	68	75	76	52	60	53	88	61	64	59	58	47	60	1	95	63	54	83	55	49	42	80	49	20	87	74	47	43	53	48	61	83	44	77	28	3	23	69	78	89	69	134	59	35	1	40	22	68	49	67	25	60	34	54	24	56	44	24	51	4	1	41	40	43	36	43	59	45	39	53	34	35	30	46	26	60	40	27	59	47	28	35	63	15	35	55	40	43	41	32	2	18	35	36	46	4	36	33	2	27	41	28	42	33	22	19	23	18	36	31	17	26	1	1	51	33	61	23	53	56	44	45	53	72	43	57	17	0	16	58	29	22	38	43	41	36	26	45	16	10	36	16	0	9	30	22	32	25	9	18	21	24	0	23	17	14	28	29	25	32	46	11	12	15	28	14	21	14	23	35	37	26	11	20	25	33	18	37	33	42	35	39	26	35	20	36	17	18	14	26	16	39	24	12	29	11	21	20	1	5	12	10	6	10	8	12	21	14	18	12	8	5	23	5	12	6	26	30	10	11	15	4	2	10	19	15	20	33	4	33	25	17	34	35
chr9	17934146	29	57	153	110	160	64	64	71	54	98	150	71	109	68	231	126	65	51	54	78	47	25	331	75	63	83	53	134	88	40	55	74	103	55	54	45	137	48	79	80	92	70	32	94	49	33	61	67	63	91	140	57	70	143	79	91	61	5	62	53	10	37	55	88	61	86	74	159	84	3	5	91	42	69	69	35	103	79	90	102	115	119	50	89	55	27	51	95	43	83	56	53	80	84	147	101	97	129	70	65	2	69	77	82	35	102	71	66	53	56	103	84	100	100	116	77	63	62	74	43	96	65	56	64	86	50	12	57	65	36	135	65	45	100	78	54	72	62	64	65	48	45	55	48	83	3	63	19	47	89	69	76	76	51	59	53	88	61	64	59	58	47	60	1	96	63	53	83	55	49	42	80	46	20	86	74	50	43	54	48	61	83	45	78	28	3	23	69	78	89	68	134	59	35	1	41	22	67	49	67	25	60	34	54	24	57	44	24	51	4	1	41	40	43	35	43	60	45	38	54	34	35	30	46	26	60	40	27	59	46	28	35	64	15	34	55	40	42	41	33	2	18	35	36	46	4	37	33	2	27	41	28	42	34	22	19	23	18	36	31	17	26	1	1	51	33	61	23	53	55	45	48	53	73	43	57	17	0	16	58	29	22	38	43	41	36	26	45	16	10	36	15	0	9	30	22	32	25	9	18	21	24	0	23	17	14	28	29	25	31	47	11	12	15	28	14	21	14	23	35	37	26	11	19	25	32	19	37	33	42	35	37	26	35	20	36	17	18	14	26	16	39	24	12	29	11	21	19	1	5	12	10	6	10	8	11	21	14	18	12	8	5	23	5	12	6	26	30	10	11	15	4	2	9	18	16	20	33	4	33	24	17	34	35
chr9	17934147	29	57	153	110	158	64	64	71	53	97	150	71	109	68	230	126	65	51	53	78	47	24	328	74	63	83	52	133	88	40	55	71	103	55	54	45	136	48	77	80	92	70	31	94	49	33	61	66	63	91	139	57	70	142	79	91	61	5	62	53	10	37	53	88	59	85	74	158	84	3	5	91	42	69	69	35	103	79	90	102	115	115	50	88	55	27	51	93	43	83	56	52	80	83	147	100	96	129	70	64	2	69	77	82	35	101	71	66	53	56	101	83	100	100	115	76	62	62	73	43	95	64	54	64	86	50	12	57	64	36	135	65	45	100	78	54	72	62	64	65	48	45	55	47	83	3	63	19	47	89	69	76	76	50	59	53	87	59	64	58	57	47	60	1	96	62	53	83	55	49	42	80	46	20	86	75	50	43	52	48	63	83	45	78	28	3	23	66	78	89	68	134	58	35	1	41	22	66	49	67	25	60	34	54	24	57	44	24	51	4	1	41	40	43	35	43	61	45	38	54	34	35	30	44	26	60	40	27	59	46	28	35	64	15	34	54	40	42	40	33	2	17	35	36	46	4	37	33	2	27	41	28	42	33	21	19	23	18	36	31	17	26	1	1	51	33	61	23	53	55	45	48	53	72	43	57	17	0	16	58	29	22	38	43	41	36	26	45	16	9	36	15	0	9	30	22	33	25	9	18	20	24	0	23	17	14	27	29	25	30	47	11	12	14	28	14	21	14	23	35	37	26	11	19	25	30	19	37	33	40	35	35	26	34	20	36	17	18	14	26	16	38	24	12	29	11	21	19	1	5	12	10	6	10	8	11	21	14	18	12	8	5	23	5	12	6	26	30	10	11	15	4	2	9	17	15	20	33	4	33	24	17	34	34
chr9	17934148	29	57	151	110	158	64	64	71	53	97	150	71	107	68	230	126	64	51	53	78	46	24	329	74	63	81	52	132	88	40	55	71	103	55	54	45	136	48	77	80	91	70	31	94	49	33	61	66	63	91	139	57	70	142	79	90	60	5	62	53	10	37	53	88	59	85	74	158	84	3	5	91	42	68	68	35	103	79	90	102	113	114	50	88	55	27	51	93	43	82	56	52	79	83	147	100	96	129	70	63	2	69	77	82	35	98	71	66	52	56	100	83	100	100	115	75	62	62	73	43	94	64	54	64	86	49	12	57	63	36	135	65	44	100	78	54	72	62	64	65	48	45	54	47	83	3	63	19	46	89	69	76	76	50	59	53	87	59	64	58	57	47	60	1	96	62	53	82	54	49	42	80	46	20	86	75	50	43	52	48	62	83	45	78	28	3	23	66	77	89	68	134	57	35	1	40	22	66	49	67	25	60	34	54	24	57	44	24	51	4	1	41	40	43	35	43	61	45	38	54	34	35	30	44	26	60	40	27	59	45	27	35	64	15	34	54	40	42	40	33	2	17	35	36	46	4	37	33	2	27	41	28	42	33	21	19	23	18	36	31	17	26	1	1	51	33	61	23	53	55	45	48	53	72	43	57	17	0	16	58	29	22	37	43	41	36	26	44	16	9	36	15	0	9	30	22	33	25	9	18	20	24	0	23	17	14	27	29	25	30	47	11	12	14	28	14	21	14	23	35	37	26	11	19	25	30	19	37	33	40	33	34	22	34	20	36	17	18	14	26	16	38	24	12	29	11	21	19	1	5	12	10	6	10	8	11	20	14	18	12	8	5	23	5	12	6	26	30	10	11	15	4	2	9	16	15	20	33	4	33	24	16	34	34
chr9	17934149	27	57	147	109	157	63	63	70	52	95	148	71	104	67	225	125	63	49	52	77	46	24	325	73	63	79	50	131	87	39	55	69	101	55	54	43	135	48	75	79	90	70	31	92	47	31	61	66	62	90	137	56	70	138	77	87	59	5	62	50	10	35	53	87	59	83	73	151	84	3	4	89	41	68	66	35	100	77	90	101	112	111	48	85	54	27	49	93	41	78	56	52	79	83	143	100	95	128	69	63	2	67	73	81	35	98	71	66	52	56	98	77	94	99	111	73	61	61	69	41	92	62	53	63	83	48	12	55	62	36	133	64	41	98	76	54	71	59	61	65	47	43	50	46	83	3	62	17	43	87	68	74	75	50	59	52	86	57	61	58	56	47	60	1	95	61	50	82	53	47	41	78	46	20	85	72	50	42	52	45	61	83	43	73	28	3	23	64	77	86	67	129	56	32	1	38	22	66	47	64	24	59	34	52	23	57	41	24	50	4	1	39	39	40	34	43	60	45	37	54	34	34	30	43	24	60	40	27	57	44	27	33	63	15	34	53	40	41	39	33	2	17	32	36	46	4	37	32	2	27	40	27	42	32	21	17	23	17	36	30	17	26	1	1	51	33	60	20	52	54	45	48	52	71	42	54	17	0	16	54	28	19	37	41	41	36	25	44	15	9	36	15	0	9	30	21	32	24	9	17	20	22	0	22	16	14	26	29	24	29	44	11	12	14	28	14	20	12	22	32	37	26	10	19	23	26	15	35	30	40	29	30	22	33	18	36	17	18	14	22	16	38	22	12	28	11	19	18	1	5	11	10	6	10	8	11	20	14	18	9	7	5	23	5	12	6	26	30	10	11	12	4	2	9	16	15	20	33	4	33	24	16	33	33
chr9	17934150	27	57	147	107	156	63	63	70	52	95	148	71	104	67	225	124	61	48	52	77	45	24	323	73	63	79	50	131	87	39	55	69	101	55	54	43	131	48	75	79	90	70	31	91	46	31	61	66	62	90	137	56	69	138	77	87	59	5	62	50	10	35	53	87	59	83	73	150	84	3	4	86	41	68	66	35	100	77	89	101	111	111	47	85	54	27	49	93	41	78	56	52	79	83	143	100	95	128	68	63	2	67	72	81	35	98	71	66	52	55	98	77	94	98	111	73	60	61	69	41	92	62	53	63	83	48	12	55	62	36	133	64	41	98	76	54	71	59	61	65	47	43	50	46	83	3	62	17	43	87	67	74	75	50	59	52	85	56	61	58	56	47	60	1	95	61	50	82	52	47	41	78	46	20	84	72	50	42	52	45	61	83	43	73	28	3	22	63	77	86	67	129	56	32	1	38	22	66	47	64	24	59	34	52	23	56	41	24	50	4	1	39	39	40	34	43	60	45	37	54	34	34	30	43	24	60	40	27	57	44	26	33	63	15	34	53	38	41	39	33	2	17	32	36	46	4	37	32	2	27	40	27	42	32	21	17	23	17	36	30	17	26	1	1	51	33	60	20	52	54	45	48	52	71	42	54	16	0	16	54	28	19	37	41	41	36	25	44	15	9	36	15	0	9	30	20	31	24	9	17	19	22	0	22	16	14	26	29	24	29	44	11	12	14	28	14	20	12	22	32	37	26	10	19	23	26	15	34	30	40	29	30	22	32	18	36	17	18	14	22	16	38	22	12	28	11	19	18	1	5	11	9	6	9	8	11	19	14	17	9	7	5	22	5	12	6	26	30	10	11	12	4	2	9	16	15	20	33	4	33	24	16	32	33
chr9	17934151	27	57	147	107	156	63	62	70	52	95	148	71	104	67	224	124	60	48	51	77	45	24	322	73	63	79	50	131	87	39	55	69	101	55	54	43	131	48	75	79	92	70	31	91	46	31	61	66	62	90	136	56	69	138	75	87	59	5	61	50	10	35	53	87	59	83	73	149	84	3	4	86	41	68	66	35	99	77	89	97	111	111	45	85	54	27	49	93	41	77	55	52	79	83	143	99	94	128	68	62	2	67	72	81	35	96	71	66	52	55	98	77	94	98	111	72	60	60	69	42	92	61	53	63	82	48	12	54	62	36	131	64	41	98	76	54	71	59	61	65	47	43	50	46	83	3	62	17	42	87	67	73	75	50	59	52	85	56	61	56	56	47	60	1	95	61	50	82	52	47	41	77	46	20	84	72	50	42	52	44	61	82	43	72	28	3	21	63	76	86	67	129	56	32	1	38	22	65	47	64	24	59	34	52	23	55	41	24	50	4	1	39	39	40	34	43	60	45	37	54	34	34	30	43	24	60	40	27	57	44	26	33	63	15	34	53	37	40	39	33	2	17	32	37	46	4	37	32	2	27	38	27	42	32	20	17	23	17	36	30	17	26	1	1	51	33	60	20	52	54	45	48	52	70	42	53	16	0	16	54	28	19	37	41	41	35	25	44	15	9	36	15	0	9	30	20	31	24	9	17	19	22	0	22	16	14	26	29	24	29	44	11	12	14	28	14	20	12	22	32	36	26	10	19	23	26	15	34	30	40	29	30	22	33	18	36	17	18	14	22	16	38	22	12	28	11	19	18	1	5	11	9	6	9	8	11	19	14	17	8	7	5	20	5	12	6	26	30	10	11	12	4	2	9	16	14	20	33	4	33	24	16	32	33
chr9	17934152	27	57	147	107	156	63	62	70	52	95	147	71	104	67	224	124	60	48	51	77	45	24	322	73	63	79	50	131	87	39	55	69	101	55	54	43	131	48	75	79	92	69	31	91	46	31	61	66	62	90	136	55	69	138	75	87	59	5	61	50	10	35	53	87	59	83	73	149	84	3	4	86	41	68	66	35	99	77	87	97	111	111	45	85	54	27	49	93	41	77	55	52	79	83	143	99	93	128	68	62	2	67	72	79	35	96	71	66	52	55	98	77	94	98	111	72	60	60	69	42	92	61	53	63	82	48	12	54	62	36	131	64	41	98	76	54	71	59	61	65	47	43	50	46	83	3	62	17	42	87	67	73	75	50	59	52	85	56	61	56	56	47	60	1	95	61	50	82	52	47	41	77	46	20	84	72	50	42	52	44	61	82	43	72	27	3	21	63	76	86	67	129	56	32	1	38	22	65	47	64	24	59	34	52	23	55	41	24	50	4	1	39	39	40	34	43	60	44	37	54	34	34	30	43	24	60	40	27	56	44	26	33	63	15	34	53	37	40	39	32	2	17	32	37	46	4	37	32	2	27	38	27	42	32	20	17	23	17	36	30	17	26	1	1	51	33	60	20	52	54	44	48	52	70	42	53	15	0	16	54	28	19	37	41	41	35	25	44	15	8	36	15	0	8	30	20	29	24	9	17	19	22	0	22	16	14	25	29	24	29	44	10	12	14	28	14	20	12	22	32	36	26	10	19	23	26	15	34	30	40	29	30	22	33	18	36	17	18	14	22	16	38	22	12	28	11	18	17	1	5	11	9	6	9	8	11	19	14	17	8	7	5	20	5	12	6	26	30	10	11	12	4	2	9	16	14	20	33	4	33	24	16	32	33
chr9	17934153	27	57	147	107	156	63	62	70	52	95	147	71	104	67	224	124	60	48	51	77	45	23	322	73	63	79	50	131	87	39	55	69	101	55	54	43	130	48	75	79	92	69	31	91	46	31	61	66	62	90	136	56	69	138	75	87	59	5	61	50	10	35	53	87	59	83	73	149	84	2	4	86	41	67	66	35	99	77	87	96	111	111	45	85	54	27	49	93	41	77	55	52	79	83	143	99	93	128	68	62	2	67	72	79	34	96	71	66	52	55	98	77	94	98	111	72	60	60	69	42	91	61	53	63	82	48	12	54	62	36	131	64	41	98	76	54	71	59	61	65	47	43	50	46	83	3	62	17	42	87	67	73	75	50	59	52	85	56	61	56	56	47	60	1	95	61	50	82	52	47	41	77	46	20	84	72	50	42	52	44	61	81	43	72	27	3	21	63	75	86	67	129	56	32	1	38	22	65	47	64	24	59	34	52	23	54	41	24	50	4	1	39	39	40	34	43	60	44	37	54	34	34	30	43	24	60	40	27	56	44	26	33	63	15	34	53	37	40	39	32	2	17	32	37	46	4	37	32	2	27	38	27	42	32	20	17	23	17	36	30	16	26	1	1	51	33	60	20	52	54	44	48	52	70	42	53	15	0	16	53	28	19	37	41	41	35	25	44	15	8	36	15	0	8	30	20	29	24	9	17	18	22	0	22	16	14	25	29	24	29	44	10	12	14	28	14	20	12	22	32	36	26	10	19	23	26	15	34	30	40	29	30	22	33	18	36	17	18	14	22	16	38	22	12	28	11	18	17	1	5	11	9	6	9	8	11	19	14	17	8	7	5	20	5	12	6	26	30	10	10	12	4	2	9	16	13	20	33	4	33	24	16	32	33
chr9	17934154	26	57	143	105	153	63	60	68	52	93	143	71	101	65	220	122	57	47	51	75	44	22	318	73	61	79	49	129	87	39	53	67	100	55	52	43	127	47	72	78	88	69	31	90	46	31	59	60	62	88	135	55	67	134	72	85	58	5	60	50	10	35	53	84	59	82	72	145	83	2	4	85	38	65	65	35	97	77	86	94	111	109	45	84	51	27	48	91	41	74	54	51	76	80	140	98	91	121	67	58	2	63	71	77	33	94	69	65	49	54	94	76	92	98	104	71	55	60	69	41	90	59	51	63	82	47	11	53	60	34	129	64	39	96	74	54	67	58	57	62	45	41	50	45	80	2	58	16	42	85	63	70	71	48	59	51	80	56	60	55	55	47	60	0	93	59	49	82	52	46	41	75	44	20	82	68	49	42	50	42	61	81	43	72	27	3	20	61	71	83	66	126	54	32	1	38	22	65	46	63	24	56	33	50	23	53	41	24	50	4	1	38	35	40	34	41	59	44	35	52	33	33	29	43	23	60	40	27	56	43	26	33	60	15	32	53	36	40	37	32	2	17	32	36	46	3	35	32	2	26	38	27	42	31	20	16	23	17	35	30	16	25	1	1	51	33	59	20	51	54	44	48	51	69	42	51	15	0	16	53	27	19	36	40	41	33	25	44	15	8	36	15	0	8	30	20	27	23	9	17	18	20	0	21	16	14	25	28	23	29	41	10	12	14	28	14	19	11	21	31	34	26	10	19	22	26	15	32	28	40	27	30	20	32	17	34	17	18	13	20	15	36	21	12	27	11	17	17	1	5	10	9	6	8	8	10	18	13	16	6	7	5	20	5	12	6	26	30	10	8	12	4	2	8	16	11	20	33	4	33	23	16	31	31
chr9	17934155	26	57	143	105	153	63	60	67	52	93	143	71	102	64	219	121	56	47	51	74	44	23	317	73	60	79	49	127	87	39	53	67	100	55	52	43	126	46	72	78	88	69	31	90	46	31	58	60	62	88	135	55	67	134	72	85	58	5	60	50	10	35	53	83	59	82	72	145	83	2	4	85	38	65	65	34	97	77	85	93	110	109	45	83	50	27	48	91	41	74	53	50	76	79	140	98	91	121	67	58	2	63	71	77	33	94	69	65	49	54	94	76	92	98	104	71	55	60	69	41	90	59	51	63	82	47	11	53	60	34	129	64	39	96	74	54	67	57	56	62	45	41	50	45	80	2	58	16	42	85	63	70	71	48	59	51	79	56	60	55	55	47	60	0	93	59	49	82	52	46	41	75	44	20	82	68	49	42	50	42	61	81	43	71	27	3	20	61	71	82	66	126	53	32	1	38	22	64	46	63	24	56	33	50	23	53	41	24	50	4	1	37	35	40	33	41	59	44	35	52	33	33	29	43	23	60	40	27	56	43	26	33	60	15	32	53	36	40	37	32	2	17	32	36	46	3	35	32	2	26	38	27	42	31	20	16	23	17	35	30	16	25	1	1	50	33	59	20	51	54	44	48	51	69	42	51	15	0	15	52	27	19	36	40	41	33	25	44	15	8	36	15	0	8	29	20	27	23	9	17	18	20	0	21	16	14	25	28	23	29	41	10	12	14	28	14	19	11	21	31	34	26	10	19	22	26	15	32	28	40	27	30	20	32	17	34	17	18	13	19	15	36	21	12	27	11	17	17	1	5	10	9	6	8	8	10	18	13	16	6	7	5	20	5	12	6	26	30	10	8	12	4	2	8	16	11	20	33	4	33	22	16	31	30
chr9	17934156	26	56	142	104	151	61	60	67	52	93	141	71	102	63	218	120	55	47	51	74	44	22	311	73	57	78	49	127	87	38	53	67	96	55	52	43	126	45	72	78	88	70	31	89	45	31	59	59	62	88	132	55	67	135	72	85	58	5	60	50	10	35	53	80	59	82	71	142	83	2	4	84	38	65	66	34	97	76	85	93	108	108	45	82	50	27	48	91	41	73	52	50	76	79	140	97	90	120	66	56	2	62	71	77	33	94	69	65	49	54	94	76	89	98	105	71	55	60	69	41	89	59	51	62	82	47	11	52	60	34	126	64	38	96	74	53	67	57	56	62	45	41	50	45	80	2	58	16	40	85	61	70	71	47	59	52	78	56	60	55	53	47	60	0	92	61	49	81	52	46	40	74	44	19	82	66	49	42	50	42	60	81	43	71	27	3	20	61	71	83	66	127	52	32	1	38	22	63	46	63	24	55	33	51	23	53	41	24	49	4	1	34	35	40	32	41	58	43	35	52	33	33	27	43	23	60	39	27	56	43	26	32	60	15	30	53	36	40	37	32	2	16	32	36	46	3	35	32	2	25	37	27	42	31	20	16	23	17	35	30	16	25	1	1	49	33	59	20	51	54	44	48	49	69	41	50	15	0	15	52	27	19	36	40	41	33	24	44	14	8	36	15	0	8	29	20	27	23	9	17	18	20	0	21	16	14	25	28	23	27	41	10	12	14	28	14	19	11	21	31	34	26	10	19	22	26	15	32	28	40	27	30	20	32	17	33	17	18	13	19	14	35	21	12	27	11	17	17	1	4	10	9	6	8	8	10	18	13	16	6	7	5	20	5	12	6	26	31	10	8	12	4	2	8	16	11	20	33	4	32	21	16	30	29
chr9	17934157	26	55	141	101	150	58	59	67	52	92	138	71	102	63	212	119	54	47	50	74	43	21	306	71	55	78	48	126	87	36	51	65	93	53	50	42	126	45	71	78	88	69	30	86	45	31	59	56	61	87	130	54	65	133	70	84	57	5	59	50	10	33	52	79	58	81	70	139	82	2	4	83	36	62	66	34	94	75	84	92	107	105	45	82	50	27	46	91	41	72	51	50	76	79	136	96	89	119	65	56	2	60	71	76	29	93	67	62	49	53	90	76	87	96	100	69	54	58	65	41	85	58	49	60	81	47	9	50	60	34	123	63	38	92	74	53	66	55	56	60	42	40	49	45	79	2	57	16	40	84	61	68	70	46	58	52	78	56	57	53	51	45	60	0	90	61	47	80	51	45	40	72	43	19	81	66	49	42	49	42	60	80	43	71	26	3	20	59	71	82	65	127	52	32	1	37	19	63	45	62	24	55	32	49	23	51	39	24	49	4	1	34	35	38	31	41	58	41	34	52	33	33	27	41	23	57	38	26	56	43	25	32	58	15	30	52	35	40	37	32	2	16	32	36	46	3	33	31	2	25	35	27	40	31	19	16	22	16	35	30	16	25	1	1	48	33	59	20	47	54	44	47	48	68	40	49	15	0	14	51	27	19	36	40	40	32	24	43	14	8	35	15	0	8	29	17	27	23	8	17	18	20	0	20	15	14	25	28	23	27	39	10	12	14	27	14	19	11	21	31	32	25	8	19	22	25	15	32	25	39	27	30	17	31	17	32	16	17	13	19	14	35	21	12	27	11	16	17	1	4	10	9	6	8	8	10	18	12	16	6	7	5	20	5	10	6	26	31	10	8	12	4	2	8	16	11	19	33	4	32	21	16	27	28
chr9	17934158	26	55	140	100	149	57	59	65	52	89	138	70	102	61	210	119	54	45	50	74	43	21	304	70	55	77	48	124	87	36	51	65	93	53	50	42	126	45	71	77	88	68	30	86	45	29	59	56	61	87	129	54	65	132	68	84	57	5	59	49	10	33	52	78	58	81	67	138	82	2	4	83	36	62	66	34	93	75	84	91	105	104	45	81	50	27	46	90	41	72	50	50	75	79	136	96	89	118	65	56	2	60	71	76	29	93	67	61	49	53	89	76	87	96	98	69	54	58	64	41	85	58	49	60	78	47	8	50	59	34	123	63	38	91	74	53	66	55	56	60	41	40	49	42	77	2	57	16	39	83	61	68	70	46	58	52	77	56	57	53	51	45	60	0	90	61	47	80	51	45	40	72	43	18	79	65	49	42	49	41	60	79	43	71	26	3	20	59	71	82	65	127	51	32	1	36	19	62	45	61	24	55	32	49	23	50	39	24	49	4	1	34	34	38	31	41	58	41	34	52	33	33	27	41	23	56	38	26	56	43	25	32	58	15	28	51	35	40	36	32	2	16	32	36	46	3	33	31	2	25	35	26	40	31	19	16	22	16	35	30	16	24	1	1	47	33	59	20	47	54	44	47	48	68	40	49	15	0	14	51	27	19	36	40	40	32	23	43	14	8	34	15	0	8	29	17	26	22	8	17	18	20	0	20	15	14	25	28	23	26	39	10	12	14	25	14	19	11	20	31	32	25	8	19	22	25	15	32	25	39	27	30	17	31	16	32	16	17	12	18	14	35	21	11	27	11	16	17	1	4	10	9	6	8	8	10	18	12	16	6	7	5	20	5	10	6	26	31	10	8	12	4	2	8	16	11	19	33	4	32	21	16	27	28
chr9	17934159	25	55	139	99	148	56	57	64	50	88	137	69	102	61	205	119	54	43	49	72	42	21	300	70	52	75	47	124	87	36	51	62	90	52	49	42	122	42	71	76	87	68	29	84	45	28	58	56	59	86	127	54	64	131	67	84	57	5	58	46	10	32	52	78	58	77	66	132	80	2	4	82	35	62	64	33	89	73	84	91	104	104	45	79	50	26	44	85	41	71	49	49	75	79	134	96	88	114	65	55	2	58	70	75	29	91	66	60	47	52	88	74	87	92	98	65	54	58	62	41	83	57	48	58	75	47	8	50	59	34	121	62	38	87	73	52	64	55	56	60	41	40	49	42	77	2	56	16	38	79	60	66	69	45	58	51	77	55	57	52	50	44	59	0	90	57	47	78	51	42	40	70	43	18	79	64	48	41	47	40	59	78	43	68	24	3	20	59	71	82	62	125	50	32	1	35	19	62	44	59	24	54	30	47	21	49	38	24	48	4	1	34	34	37	31	40	56	40	34	52	33	33	26	41	23	56	38	26	54	42	25	31	58	14	28	50	34	40	36	32	2	15	30	35	46	3	32	30	2	25	33	25	40	30	19	16	22	16	35	30	16	23	1	1	44	33	58	19	46	53	44	47	45	65	39	49	14	0	14	50	27	19	36	40	40	32	22	42	14	8	33	15	0	8	29	17	26	21	8	17	17	19	0	20	15	14	23	28	23	26	39	10	12	14	24	13	18	11	20	31	31	22	8	17	22	24	15	32	25	38	27	30	17	31	15	32	16	17	11	17	14	34	21	11	27	11	15	16	1	3	9	9	6	8	8	10	18	12	15	6	7	5	19	5	10	6	26	30	10	8	12	4	2	8	16	11	17	32	4	32	21	16	26	28
chr9	17934160	25	54	136	93	141	54	57	58	49	86	129	68	96	61	196	112	49	41	47	65	41	19	283	67	51	73	46	117	86	33	46	62	83	48	47	41	114	36	68	74	83	62	28	82	44	25	54	53	54	83	121	49	61	125	65	75	56	5	53	46	9	31	50	74	55	74	62	125	77	2	4	78	34	61	62	32	85	69	79	89	97	98	43	74	47	21	41	83	39	65	47	47	68	76	128	85	85	109	60	54	2	53	67	70	28	89	61	60	46	49	84	71	84	88	94	65	53	57	57	38	81	54	44	53	75	46	8	47	58	34	117	61	38	82	71	52	59	54	53	60	40	38	46	41	71	2	53	13	37	67	53	64	63	44	56	49	76	53	57	48	46	44	56	0	88	51	46	77	49	42	38	67	42	16	76	61	46	39	45	38	57	74	40	64	20	3	19	54	65	77	62	119	48	32	1	35	19	59	41	58	21	48	29	44	19	47	37	24	48	4	1	33	31	34	27	39	53	38	34	51	33	33	26	40	23	54	37	26	54	40	23	30	55	13	28	50	31	38	34	30	1	14	29	35	46	3	31	27	2	23	32	25	38	29	18	16	21	16	33	29	16	22	1	1	40	31	57	18	43	49	41	45	42	61	38	47	12	0	14	48	24	18	34	39	39	31	20	41	14	8	30	15	0	8	28	17	25	20	8	16	17	18	0	20	14	14	23	28	23	25	38	10	12	13	21	13	18	11	19	31	31	21	8	17	21	23	15	29	24	37	24	29	16	29	15	31	16	15	9	17	14	34	19	10	27	11	14	15	1	3	9	9	6	7	8	10	18	12	14	3	5	5	17	5	10	6	25	29	9	8	12	4	2	8	15	10	17	32	4	31	21	16	25	27
chr9	17934161	24	54	133	93	140	53	56	58	49	86	129	68	95	60	195	112	49	41	47	65	40	19	281	67	50	73	46	116	86	33	46	62	83	48	47	41	114	34	68	74	82	60	28	80	44	25	53	53	54	80	121	48	60	125	65	74	56	5	52	44	9	31	50	74	55	71	62	125	76	2	4	78	32	60	57	32	85	67	79	89	93	98	42	74	47	21	41	83	39	65	47	47	67	75	127	85	84	108	60	54	2	51	67	70	28	88	61	60	46	49	83	70	84	88	93	65	53	57	57	38	81	54	44	52	75	46	6	46	58	33	113	61	38	80	71	51	57	53	52	60	40	38	46	41	70	2	51	13	36	66	53	64	63	44	53	48	76	53	56	48	44	44	56	0	86	50	46	76	47	42	37	67	42	16	76	61	46	37	45	38	57	74	40	64	19	3	19	53	65	75	61	118	47	32	1	35	19	57	41	57	20	48	29	44	19	47	37	24	47	4	1	33	30	34	27	39	53	38	33	50	33	32	26	40	23	53	36	26	53	40	22	30	54	13	28	50	29	38	34	28	1	14	29	35	45	3	30	25	2	22	32	25	38	29	18	16	21	16	33	28	16	22	1	1	40	31	56	18	43	49	41	45	41	60	38	47	12	0	14	47	24	18	34	39	38	31	20	41	14	8	29	15	0	8	28	16	25	20	8	16	16	18	0	20	14	14	23	27	23	25	38	10	12	12	21	13	18	11	19	31	31	21	8	17	21	23	15	29	24	36	24	29	16	29	15	31	15	15	9	17	14	34	19	9	27	11	14	15	1	3	8	9	6	8	8	10	18	12	14	3	5	5	17	5	10	6	25	28	9	8	12	3	2	8	15	10	17	31	4	30	21	16	25	27
chr9	17934162	24	54	133	92	139	53	55	57	49	86	129	68	95	60	195	111	49	41	47	65	40	19	281	67	50	73	46	116	86	33	46	61	82	48	47	41	114	34	68	74	82	60	27	80	44	25	52	53	54	80	121	48	60	125	65	74	56	5	52	44	9	31	50	74	55	69	62	125	76	2	4	78	31	60	57	32	85	67	79	88	93	98	42	74	47	21	41	83	39	65	46	47	67	75	126	84	83	106	60	54	2	51	67	70	28	87	61	60	46	48	83	70	84	88	92	65	53	56	57	38	81	54	44	52	75	46	6	46	58	33	112	61	38	80	71	51	56	53	52	59	40	38	46	41	70	2	51	13	36	66	53	64	63	44	53	48	76	53	56	47	44	44	56	0	86	50	46	76	47	42	37	67	42	16	74	61	46	37	45	38	57	74	39	64	19	3	19	53	63	74	61	117	47	32	1	35	19	57	41	57	20	48	28	44	19	47	37	24	47	4	1	33	30	34	27	39	53	38	33	50	33	32	26	40	23	53	35	25	53	40	22	30	54	13	28	49	29	38	34	28	1	14	29	35	45	3	30	25	2	22	32	25	38	29	18	16	21	16	33	28	16	22	1	1	40	31	56	18	42	49	41	45	41	60	38	47	12	0	14	47	24	18	33	39	38	31	20	40	14	8	29	15	0	8	28	16	25	20	8	16	16	18	0	20	14	14	23	27	23	25	38	10	12	12	21	13	18	11	19	30	31	21	8	17	21	23	15	29	24	36	24	29	16	29	15	31	15	15	9	17	14	33	19	9	27	11	14	15	1	3	8	9	6	8	8	10	18	12	14	3	5	5	17	5	10	6	25	28	9	8	12	3	2	8	15	10	17	31	4	30	21	16	25	27
chr9	17934163	24	54	133	92	139	52	54	57	48	86	129	66	95	60	194	108	49	40	47	64	40	19	281	67	50	73	46	116	85	33	46	61	81	48	47	41	113	34	68	74	82	60	27	80	44	25	52	53	54	80	121	48	60	125	65	74	56	5	52	44	8	31	50	74	55	69	62	124	76	2	4	78	31	60	57	32	85	67	79	88	93	98	42	74	47	21	41	83	38	65	46	47	67	75	125	84	83	105	60	54	2	51	67	70	28	87	60	60	45	47	83	70	84	88	91	64	53	56	57	38	81	54	44	52	75	45	6	45	58	33	112	61	38	80	71	51	56	53	52	59	40	38	46	41	70	2	51	13	36	66	52	64	63	44	52	48	76	53	56	47	44	44	56	0	86	50	45	76	45	42	37	66	42	16	74	61	46	37	45	37	57	74	39	64	19	3	19	53	63	74	61	117	47	31	1	35	19	57	40	57	20	47	28	44	19	47	36	24	47	4	1	33	30	34	27	39	53	38	33	50	33	32	26	40	23	52	35	25	53	39	22	30	54	13	27	48	29	38	33	28	1	14	29	35	45	3	30	25	2	22	32	25	38	29	18	16	21	16	33	28	15	22	1	1	40	30	56	18	38	48	41	45	41	60	38	47	12	0	14	47	24	18	33	39	38	31	20	38	13	8	29	15	0	8	28	16	25	20	8	16	16	18	0	20	14	14	23	27	23	25	38	10	12	11	21	13	18	11	19	30	31	21	8	17	21	23	15	29	24	36	24	29	16	29	14	31	15	15	9	17	14	33	18	9	27	11	14	15	1	2	8	9	6	8	8	10	19	10	14	3	5	5	17	5	10	6	25	28	9	8	12	3	2	8	15	10	17	31	4	30	21	16	25	27
chr9	17934164	24	53	132	91	138	52	53	57	48	86	128	66	95	60	194	108	49	40	47	64	40	19	280	66	49	73	46	115	85	32	46	61	79	48	47	40	113	34	68	74	81	59	27	80	44	25	50	53	54	80	120	48	60	125	64	74	56	5	52	44	8	31	49	73	54	69	62	122	76	1	4	78	31	60	57	32	85	67	79	88	93	97	42	74	47	21	41	82	38	64	46	46	67	74	125	83	82	105	58	54	2	51	67	70	28	87	60	60	45	47	83	70	84	88	91	64	53	56	56	38	81	54	43	51	75	45	6	45	58	33	111	61	38	79	70	51	56	53	52	59	40	38	46	41	68	2	51	13	35	66	52	64	63	44	51	48	75	53	55	47	44	44	56	0	85	50	45	74	45	42	37	66	42	16	74	60	45	37	45	37	57	74	39	63	19	2	19	52	63	74	61	117	47	31	1	35	19	56	40	57	20	47	28	43	19	47	36	24	47	4	1	33	30	34	27	39	53	37	33	50	33	32	26	39	23	52	34	25	52	39	22	30	54	13	26	47	29	37	33	28	1	14	29	35	42	3	30	25	2	22	32	25	37	29	18	16	21	16	33	28	15	22	1	1	40	30	55	18	38	48	41	45	41	59	38	47	12	0	14	47	24	18	33	39	38	31	20	38	13	8	29	15	0	8	28	16	26	20	8	16	16	18	0	20	14	14	22	27	23	25	37	10	12	11	21	13	17	11	19	30	30	21	8	17	21	23	15	29	24	36	24	29	16	29	13	31	15	15	9	17	14	33	18	9	27	11	14	15	1	2	8	9	6	8	8	10	19	10	14	3	5	5	17	5	10	6	25	28	9	8	12	3	2	8	15	10	17	31	4	30	21	16	24	27
chr9	17934165	22	53	126	89	135	52	51	56	48	85	126	65	94	58	194	104	49	40	45	63	39	19	272	65	49	71	46	114	82	31	44	60	78	48	44	39	112	32	68	72	81	58	27	79	44	25	50	53	53	79	119	48	59	122	64	72	54	5	52	43	8	29	48	70	53	69	62	121	75	1	3	77	30	60	57	30	82	66	76	87	91	94	41	73	47	21	41	79	36	63	44	46	66	73	122	78	82	103	58	52	2	50	66	70	28	84	59	56	43	46	83	68	83	85	90	60	53	55	54	36	80	54	42	49	73	44	6	45	57	32	105	60	35	79	68	48	55	50	50	58	40	36	44	41	68	2	50	13	34	64	50	61	60	42	50	42	75	52	55	47	44	41	54	0	82	48	45	72	45	41	36	64	41	16	73	56	45	37	44	36	56	73	39	60	19	2	19	52	62	72	61	115	46	31	1	35	19	56	40	56	20	47	27	43	19	44	35	23	45	4	1	32	30	34	27	37	53	35	31	47	32	31	26	38	22	52	33	24	51	38	22	30	53	13	26	47	28	37	33	25	1	14	29	35	41	3	30	25	2	22	32	24	37	29	18	16	20	15	29	27	14	22	0	1	39	30	53	15	38	46	41	44	40	59	36	47	12	0	14	47	23	16	33	37	36	29	16	36	13	8	28	14	0	8	28	16	26	19	7	16	15	18	0	20	14	14	21	27	21	25	37	10	11	10	21	13	17	11	19	30	30	20	8	17	21	23	15	28	24	35	24	29	16	28	13	31	14	14	9	16	13	32	18	9	27	10	14	14	1	2	8	9	6	7	7	10	17	10	14	3	5	5	17	5	10	6	25	28	9	7	12	3	2	8	15	10	17	31	4	27	19	15	23	26
chr9	17934166	22	53	122	89	134	52	50	56	48	85	125	65	94	58	191	102	49	40	44	62	39	19	266	64	48	71	46	112	79	30	44	60	77	48	44	38	111	30	68	71	81	58	27	78	43	25	49	52	53	78	116	47	59	121	63	71	53	5	52	43	8	28	48	67	53	67	62	121	74	1	3	77	30	60	57	30	81	66	76	87	91	92	39	71	47	21	40	78	35	62	44	46	64	73	122	78	81	102	58	52	2	49	65	68	28	83	59	56	42	45	83	68	83	85	90	60	52	55	53	35	80	52	41	49	73	44	6	45	57	32	105	60	34	79	66	47	54	50	50	57	38	35	44	41	68	2	50	13	34	64	49	60	59	41	48	41	75	51	55	46	43	40	52	0	80	47	45	72	44	40	36	63	41	16	73	54	45	37	43	36	53	72	39	60	19	2	19	50	61	70	60	115	45	31	1	35	19	55	40	55	20	47	26	43	19	41	35	23	44	4	1	32	29	34	27	37	52	35	30	47	32	31	26	38	22	52	33	24	51	38	22	30	53	13	26	44	28	37	33	25	1	14	29	33	41	3	30	24	2	22	32	24	37	29	18	16	20	15	29	26	14	22	0	0	39	30	52	15	38	46	41	44	38	58	36	46	11	0	14	47	23	16	32	36	36	29	16	36	13	8	28	14	0	8	28	16	26	19	7	15	15	18	0	20	14	14	20	27	21	24	35	10	11	9	21	13	17	11	19	30	28	20	8	17	20	23	15	28	24	35	24	29	16	28	13	30	14	12	9	16	13	31	17	9	26	10	14	14	1	2	8	8	4	7	7	10	17	10	14	2	4	5	16	5	10	6	25	28	9	7	11	3	2	7	15	10	16	31	4	27	18	14	23	26
chr9	17934167	22	52	121	89	134	52	49	56	48	83	124	64	94	58	191	101	49	40	44	62	39	19	263	64	48	71	44	112	79	30	44	60	76	48	44	38	110	30	68	71	81	58	27	77	42	23	49	51	53	77	116	47	59	121	63	71	52	5	51	43	8	28	47	66	53	66	62	121	74	1	3	77	30	60	57	30	81	66	75	85	90	92	39	71	47	20	39	77	35	62	44	46	64	73	121	77	81	101	58	51	2	47	65	68	28	82	59	56	41	44	83	68	83	85	89	60	51	55	52	33	79	52	41	49	72	44	6	45	57	32	104	59	34	79	65	47	53	50	50	57	37	35	44	41	68	2	50	13	34	64	49	59	58	41	48	41	75	51	54	46	43	39	52	0	77	47	45	72	44	40	36	63	41	16	73	54	45	37	43	36	53	71	38	60	19	2	19	50	60	69	60	115	44	31	1	35	19	55	40	55	20	47	26	42	19	41	35	23	44	4	1	32	29	34	27	37	52	35	29	47	31	30	26	38	22	52	32	24	51	38	22	30	53	13	26	44	26	36	33	25	1	13	28	32	40	3	30	24	2	22	32	24	37	29	18	16	20	15	29	25	14	22	0	0	38	30	51	15	38	46	41	44	38	58	36	46	11	0	14	46	23	16	32	36	36	28	16	36	13	8	27	14	0	8	28	16	26	19	7	14	15	18	0	19	14	14	20	27	21	24	35	10	11	9	20	13	17	11	19	30	28	20	8	17	20	23	15	28	24	35	24	28	15	28	13	30	13	11	9	16	13	31	17	9	26	10	14	14	1	2	8	8	4	7	7	10	17	10	14	2	4	5	16	5	10	5	25	28	9	7	11	3	2	7	15	10	16	31	4	27	18	14	23	26
chr9	17934168	20	48	114	84	125	47	45	54	39	77	114	57	87	54	184	96	45	37	42	57	38	19	244	62	46	69	41	99	73	29	40	57	73	42	41	38	106	26	63	69	76	56	24	74	36	21	49	47	50	74	108	42	53	117	60	66	51	5	46	41	7	27	44	58	47	62	59	108	70	1	3	75	28	55	54	26	78	61	73	81	83	86	37	69	43	18	34	73	33	59	38	42	61	64	112	70	78	94	54	47	2	45	59	65	27	80	54	51	34	41	75	65	74	75	85	57	46	54	49	30	71	49	40	46	65	39	6	40	52	30	94	54	33	72	62	45	47	45	47	51	34	32	43	40	63	1	45	12	32	60	42	57	55	40	44	38	70	48	51	43	39	39	52	0	72	45	45	70	38	38	32	53	38	16	66	51	41	33	39	34	46	69	36	54	18	2	15	46	57	64	55	107	42	28	1	34	18	53	37	48	19	42	24	38	16	36	34	22	42	4	1	32	24	31	25	32	47	32	27	40	30	29	26	37	22	46	31	23	50	37	21	28	49	11	26	42	24	32	32	24	0	10	26	30	37	2	29	24	1	22	30	19	35	29	16	14	19	14	26	24	11	20	0	0	33	30	48	14	35	43	35	36	37	56	33	43	11	0	13	45	22	14	26	34	36	25	16	35	13	8	24	13	0	8	27	16	25	19	7	14	11	17	0	16	13	14	19	20	21	23	35	9	11	9	17	13	17	11	18	26	26	20	4	17	18	23	15	24	24	33	22	24	13	26	11	28	13	11	8	14	13	28	17	9	25	9	11	14	1	2	7	8	2	6	5	10	16	10	14	2	4	5	13	4	10	5	25	27	9	7	11	2	2	7	15	8	14	30	3	26	17	13	23	23
chr9	17934169	13	29	74	48	77	30	32	36	28	53	78	40	53	31	120	56	31	27	30	40	22	13	164	33	31	40	26	64	44	19	30	36	50	25	32	22	68	13	42	46	43	41	14	46	23	16	31	33	26	55	66	28	40	76	38	50	35	4	26	30	4	16	25	39	34	33	28	67	46	0	3	45	15	36	29	20	57	36	43	52	55	63	29	43	29	11	24	43	19	39	21	24	39	37	80	49	56	59	42	32	2	32	45	48	18	60	30	41	28	24	49	33	45	49	54	35	38	43	35	19	51	40	32	36	44	27	3	30	42	20	74	34	24	44	48	30	34	30	36	35	26	23	35	23	48	1	30	5	20	43	30	42	41	26	30	26	41	35	40	31	25	25	29	0	55	33	30	52	25	22	25	41	26	11	46	39	34	28	25	20	31	46	30	42	12	0	12	28	36	44	32	68	31	14	1	24	12	34	29	34	11	23	20	23	7	19	21	14	28	2	0	28	14	27	23	20	28	16	14	28	22	18	18	20	17	30	22	22	37	25	16	19	36	8	18	32	12	17	26	17	0	9	16	24	25	1	19	15	0	14	22	13	22	24	12	11	9	8	20	19	11	12	0	0	23	15	29	12	24	26	25	26	22	42	16	34	6	0	7	33	14	12	18	24	26	16	11	21	11	6	19	10	0	5	19	11	21	17	6	9	8	15	0	11	10	10	14	19	17	16	31	3	10	8	10	11	11	9	15	18	21	17	1	14	11	17	13	21	20	20	18	20	10	15	6	22	10	9	6	11	10	22	13	8	23	7	6	11	1	2	7	6	0	3	4	9	13	9	13	1	4	5	11	3	4	4	21	25	3	4	10	2	2	5	10	6	9	19	3	20	11	8	20	17
chr9	17934170	10	25	66	44	71	27	29	33	27	47	73	33	45	28	104	48	27	23	28	36	21	9	154	31	29	35	25	57	39	18	26	32	47	25	29	21	63	13	40	41	41	39	14	45	16	15	28	30	24	51	57	28	35	65	34	43	31	4	24	28	4	16	25	37	31	28	24	60	45	0	2	41	14	30	27	19	54	35	40	44	51	51	26	37	26	10	21	38	19	37	17	20	32	33	72	45	51	52	39	31	2	31	42	42	16	52	28	41	26	23	46	32	42	43	50	32	33	42	33	18	45	37	31	34	41	25	3	29	36	16	67	32	21	40	47	28	33	27	35	33	22	21	29	19	44	1	27	5	20	37	25	39	40	26	25	23	34	34	34	30	22	20	27	0	49	30	28	47	24	20	22	33	23	11	45	34	28	24	23	20	30	43	26	41	11	0	12	25	30	40	25	65	30	12	1	23	11	32	26	32	11	22	18	20	7	18	19	10	27	2	0	24	14	25	22	20	28	14	14	26	20	15	14	17	15	25	22	18	30	19	15	18	29	6	17	31	12	16	25	14	0	9	12	21	19	1	19	13	0	13	20	12	19	20	11	10	8	6	19	19	11	10	0	0	19	14	27	11	21	25	23	23	19	39	13	29	6	0	7	29	14	12	17	21	23	12	11	18	11	5	17	10	0	5	17	10	20	15	5	9	7	13	0	10	7	10	14	17	17	16	29	3	10	8	8	11	10	9	14	17	20	14	1	13	10	17	13	19	18	20	16	18	10	13	5	21	9	9	6	11	9	20	12	7	21	6	6	11	1	2	7	6	0	3	3	9	12	9	13	1	4	5	10	2	3	4	20	23	3	3	10	2	2	4	10	6	9	19	3	20	10	8	19	17
chr9	17934171	10	24	60	38	70	25	27	31	26	46	69	32	38	27	95	45	26	22	27	31	20	8	141	29	26	33	25	49	37	18	24	29	43	25	25	19	61	11	38	36	40	36	14	40	15	14	28	30	24	51	51	27	32	58	32	41	31	4	24	28	4	16	24	32	29	27	24	56	45	0	2	35	14	29	27	19	50	32	36	41	48	49	25	36	25	9	21	36	17	34	13	16	30	30	65	44	48	50	36	29	1	28	39	39	15	45	27	41	25	22	45	29	39	41	45	30	30	36	31	18	45	37	30	32	37	23	2	28	34	16	62	32	21	38	45	27	31	25	34	32	20	19	28	18	43	1	25	5	18	37	24	37	40	25	24	22	28	33	31	29	19	18	25	0	46	30	24	41	19	20	21	32	22	11	45	32	26	22	22	18	27	43	26	39	11	0	12	23	28	37	25	64	30	12	0	22	11	29	26	32	10	22	17	18	5	17	19	9	26	2	0	24	14	21	22	17	28	14	14	24	18	15	14	17	15	25	22	18	24	18	14	17	27	6	16	30	11	14	25	10	0	7	12	19	17	1	19	13	0	13	17	11	18	18	10	9	8	5	19	17	11	9	0	0	18	12	27	10	20	25	23	23	18	38	12	28	6	0	6	26	12	11	15	20	22	12	11	16	9	5	17	10	0	5	17	10	18	15	5	9	7	13	0	10	6	9	14	15	16	14	26	3	9	8	8	11	9	8	13	17	19	12	1	12	10	14	12	19	18	20	15	17	9	13	4	20	8	9	6	11	9	20	12	7	21	6	4	11	1	2	7	6	0	3	3	9	12	9	13	1	4	5	9	2	3	4	20	23	3	3	10	2	2	4	10	6	9	19	3	20	9	8	18	17
chr9	17934172	8	24	60	38	69	25	27	31	25	46	69	31	37	26	93	44	25	22	26	28	19	8	135	27	25	31	24	49	37	18	22	29	43	25	25	19	61	11	37	35	39	34	14	40	15	13	27	30	23	51	51	25	30	56	29	40	30	3	23	27	4	15	24	31	29	27	24	55	45	0	2	35	14	29	27	16	50	30	36	39	48	48	24	35	25	8	20	36	17	33	12	15	28	28	64	42	48	48	35	29	1	27	39	36	15	41	27	40	25	22	45	28	39	41	45	30	29	32	31	17	44	36	30	30	35	23	2	28	34	16	62	32	19	37	42	27	31	24	34	31	20	16	28	18	41	1	25	5	17	37	22	37	37	25	24	22	28	33	30	28	19	18	25	0	43	30	24	41	18	19	19	32	22	11	43	32	26	21	21	18	27	43	26	35	11	0	12	23	27	36	24	64	29	12	0	22	10	29	24	32	10	22	16	18	5	17	19	9	25	2	0	22	14	21	21	17	28	14	13	23	18	15	14	17	14	24	21	18	23	18	14	17	25	6	15	30	10	14	25	10	0	7	12	18	17	1	16	12	0	12	17	11	18	18	10	9	8	5	19	16	11	8	0	0	18	12	26	8	20	25	23	20	18	36	12	28	6	0	6	26	10	10	14	20	22	12	11	16	9	5	17	10	0	5	17	10	18	14	5	9	7	13	0	10	6	9	13	15	16	14	26	3	9	8	8	11	9	7	13	17	19	12	0	10	10	14	11	19	18	20	15	15	7	13	3	20	8	9	6	11	9	18	12	7	19	6	4	11	1	2	7	6	0	3	3	9	11	9	12	1	4	5	9	2	3	4	18	21	3	3	10	1	2	4	10	6	9	19	3	20	7	8	18	17
chr9	17934173	8	24	60	38	69	24	27	31	24	44	67	30	37	25	93	43	24	22	26	28	19	8	135	27	25	30	23	47	37	18	22	29	42	23	21	19	61	11	38	35	39	34	14	40	15	11	27	29	23	51	51	24	29	56	29	39	30	3	23	27	4	15	24	31	29	26	23	55	42	0	2	35	14	29	26	16	50	28	36	38	46	46	24	32	23	8	20	36	17	33	12	15	27	28	63	42	48	48	35	29	1	26	38	36	15	40	27	40	25	21	45	26	39	40	44	29	29	32	31	17	44	36	30	30	34	23	1	28	33	16	60	30	19	36	41	26	31	24	34	31	20	16	25	18	40	1	25	5	17	36	22	37	37	25	24	22	27	33	30	27	19	16	25	0	43	27	24	41	18	17	19	32	22	11	43	32	26	21	21	18	27	43	26	35	11	0	12	21	27	36	24	62	29	12	0	20	9	29	24	32	10	22	15	18	5	15	18	9	25	2	0	22	14	21	21	16	27	14	13	22	18	14	13	17	14	24	20	16	23	17	13	17	26	6	15	30	10	13	25	10	0	6	12	18	17	1	16	12	0	12	16	11	18	18	10	9	8	5	18	16	11	8	0	0	18	12	25	8	20	24	22	19	18	36	11	28	6	0	6	26	10	10	14	19	22	10	11	15	9	5	17	10	0	5	17	10	18	14	5	8	7	13	0	10	6	9	13	14	15	14	26	3	9	7	8	9	9	7	13	17	19	11	0	10	10	14	11	19	18	20	15	15	7	13	3	19	7	9	6	11	9	17	12	6	19	6	4	11	1	2	7	6	0	3	3	9	11	9	11	1	4	5	9	2	3	4	18	21	3	3	10	1	2	4	10	6	8	19	3	20	7	8	18	17
chr9	17934174	8	24	60	36	69	24	27	30	24	43	65	29	37	25	91	43	24	21	25	28	18	7	131	27	25	29	23	46	37	15	22	27	40	22	21	19	60	11	37	35	39	34	14	40	14	11	27	29	22	50	49	24	29	54	29	35	29	3	21	26	4	15	23	30	28	26	23	53	40	0	2	35	14	29	26	16	50	28	36	37	45	45	23	32	23	8	20	35	17	33	12	15	27	27	62	42	47	48	34	28	1	26	36	34	15	40	27	40	22	20	44	26	39	39	44	29	29	32	31	17	43	36	30	30	32	23	1	28	33	16	60	29	19	35	41	26	30	24	33	31	18	16	23	17	38	1	25	5	16	35	22	37	37	25	22	22	25	33	29	27	19	16	25	0	41	27	24	40	17	17	18	30	22	10	43	32	25	19	20	18	27	43	26	34	11	0	12	21	27	35	24	62	29	12	0	20	9	29	23	32	10	21	15	18	5	15	18	9	24	2	0	22	14	21	21	16	27	13	13	22	18	14	12	17	14	24	19	15	23	17	12	17	25	6	15	30	9	13	23	10	0	6	12	17	17	1	16	11	0	12	16	11	17	18	9	9	8	5	18	16	11	8	0	0	18	12	24	8	20	23	21	18	18	36	10	28	5	0	6	25	10	10	14	19	21	10	10	15	9	5	17	9	0	5	17	10	18	14	5	8	7	13	0	10	6	8	13	14	15	14	26	3	9	7	8	9	9	7	13	17	18	11	0	10	10	14	10	19	18	20	15	14	7	13	3	18	7	9	6	11	8	17	12	6	19	6	4	11	1	2	7	6	0	3	3	7	11	9	10	1	4	5	8	2	2	4	18	21	3	3	9	1	2	4	10	6	7	17	3	19	7	8	18	17
chr9	17934175	8	20	57	35	68	20	26	28	22	36	57	29	34	24	85	41	24	21	25	24	18	7	121	25	20	28	23	41	32	14	21	26	35	15	17	15	58	11	35	34	38	31	13	35	14	10	26	23	22	45	44	23	28	50	27	35	29	3	21	24	4	15	20	30	25	23	20	48	36	0	2	33	13	23	22	15	49	24	31	31	42	42	23	31	23	8	20	30	17	32	11	15	24	23	55	35	44	44	31	27	1	22	33	32	14	37	27	39	19	19	43	23	37	35	43	28	29	30	31	17	42	34	28	26	30	21	1	28	32	16	55	26	19	34	40	25	29	24	31	27	16	16	19	16	32	1	24	5	15	34	20	36	36	24	22	21	22	30	22	25	19	16	21	0	38	27	20	38	17	14	18	28	19	8	39	31	23	19	18	17	27	37	26	34	11	0	11	19	25	31	21	57	28	12	0	20	7	29	22	29	9	19	14	18	5	11	16	8	23	2	0	22	14	18	21	14	27	12	13	20	18	12	12	16	14	21	19	12	21	15	11	14	23	6	13	26	9	13	21	10	0	6	11	17	16	0	13	9	0	10	14	10	17	18	8	9	8	5	15	14	11	7	0	0	17	12	24	8	18	22	20	16	15	33	9	24	4	0	5	25	9	9	14	17	22	8	9	14	9	5	15	9	0	5	14	9	18	13	5	7	7	11	0	9	5	8	12	13	14	13	21	3	9	6	8	9	7	7	13	16	18	11	0	10	10	14	10	19	17	20	13	13	6	11	2	15	6	8	6	9	7	16	12	6	19	4	4	10	1	2	7	5	0	3	3	7	11	9	7	1	4	5	8	2	2	4	17	19	3	3	9	1	2	4	10	6	7	17	3	18	6	8	18	17
chr9	17934176	8	19	56	32	65	20	25	28	22	34	57	28	33	22	83	41	21	21	24	24	18	6	116	23	19	27	23	39	30	13	20	26	35	15	17	15	54	11	34	34	36	31	13	35	14	10	25	22	22	42	43	23	28	47	27	35	27	3	20	24	4	13	20	29	23	22	19	45	35	0	0	31	13	23	22	15	46	22	31	29	38	35	22	31	19	8	20	28	17	32	11	14	23	22	52	35	41	42	30	26	1	18	30	31	14	36	26	37	19	18	42	23	35	34	42	26	29	29	29	17	39	31	28	23	30	21	1	27	30	14	53	25	19	34	39	24	27	24	29	25	16	15	19	14	32	1	24	4	15	32	19	33	35	23	22	21	20	29	22	24	18	16	20	0	36	24	20	36	17	14	18	27	19	8	39	30	22	19	17	16	27	37	24	33	11	0	11	19	25	29	18	53	28	10	0	20	7	29	20	27	9	17	13	18	5	11	15	7	23	2	0	22	14	18	20	14	27	12	13	20	17	12	11	15	14	21	17	11	20	14	10	14	23	6	13	25	9	13	21	10	0	6	11	16	16	0	12	9	0	9	14	10	17	17	8	9	8	4	15	14	11	7	0	0	16	12	24	7	18	22	16	14	14	32	8	24	4	0	5	23	8	8	14	17	21	8	8	14	9	5	14	9	0	5	14	9	17	12	4	7	7	10	0	9	5	8	12	10	14	10	21	3	8	5	8	8	7	7	12	16	17	10	0	10	9	14	10	18	17	18	13	13	4	11	2	14	6	8	6	9	7	15	12	6	19	2	4	10	1	2	7	5	0	3	3	7	11	8	7	1	4	5	8	2	2	3	17	17	3	3	8	1	2	4	10	6	7	13	2	17	5	8	18	16
chr9	17934177	8	17	56	29	63	19	24	27	21	32	55	27	32	22	81	41	20	21	24	24	18	6	115	22	19	26	23	38	29	13	20	26	35	15	17	13	52	11	32	33	36	31	13	35	14	9	25	22	22	41	41	22	28	44	25	35	26	2	20	24	4	13	20	28	22	21	19	44	31	0	0	30	11	22	22	15	46	21	30	28	36	35	22	31	19	8	20	27	17	31	11	14	23	22	52	34	40	41	30	26	1	18	28	30	14	35	26	35	19	18	42	23	35	34	41	26	28	29	29	15	39	30	25	22	30	21	1	27	30	14	49	23	19	34	39	24	27	24	28	25	16	15	18	14	30	1	23	4	15	31	18	32	35	21	21	20	19	29	22	24	17	16	18	0	36	24	20	34	17	14	17	26	19	7	38	30	22	19	16	16	26	37	23	30	11	0	11	18	25	29	18	52	28	10	0	19	7	29	18	26	9	17	13	18	5	11	14	7	22	2	0	22	14	18	18	14	24	12	13	20	16	12	11	14	13	21	17	11	20	14	9	13	22	6	13	24	9	13	20	9	0	6	11	16	16	0	11	8	0	9	14	9	17	17	8	9	8	4	13	14	11	6	0	0	16	12	24	7	17	22	16	13	13	31	7	23	4	0	5	22	7	8	14	17	19	8	8	14	9	5	14	9	0	5	14	9	17	12	4	7	7	10	0	9	5	8	12	10	14	10	21	3	8	5	7	8	7	7	12	16	16	10	0	9	9	14	9	18	17	18	13	13	4	11	2	14	6	8	6	9	6	15	12	6	19	2	4	10	1	1	7	5	0	3	3	7	11	8	7	1	4	5	7	2	2	3	16	17	2	3	8	1	2	4	10	6	7	13	2	17	5	6	18	16
chr9	17934178	7	17	56	29	62	19	24	27	21	31	54	26	32	22	77	40	20	21	23	23	18	6	114	21	19	26	22	38	29	13	20	26	34	14	16	11	51	11	32	33	35	31	13	35	14	9	25	22	22	41	41	22	27	43	25	35	26	1	20	24	4	13	20	28	22	21	19	44	29	0	0	28	11	22	21	15	46	20	29	28	36	35	21	31	19	7	20	26	17	31	11	14	23	21	52	34	38	41	30	25	1	18	28	30	14	35	25	35	19	18	41	22	35	34	41	25	27	29	29	14	39	30	25	20	29	21	1	26	30	14	49	22	19	34	38	24	27	24	28	25	16	15	18	14	27	1	23	4	15	31	18	31	34	21	21	20	18	29	22	24	17	16	18	0	35	24	20	34	17	14	16	24	18	7	38	29	22	18	16	16	26	37	23	30	11	0	11	18	25	29	18	51	28	10	0	17	7	29	18	25	9	17	13	18	5	10	14	7	22	2	0	21	14	18	18	14	24	11	13	20	16	12	11	14	13	21	16	10	20	13	8	13	22	6	13	23	8	13	18	9	0	6	9	16	15	0	11	8	0	9	14	9	17	16	8	9	8	4	13	14	11	6	0	0	16	12	24	7	17	21	16	13	13	31	7	23	4	0	5	22	7	8	14	17	18	8	8	14	9	5	14	9	0	4	13	8	17	12	3	7	7	10	0	9	5	8	12	10	14	10	21	3	8	5	7	8	7	7	12	16	16	10	0	9	9	14	9	18	17	18	13	13	4	11	2	13	6	7	6	9	6	15	12	6	19	2	4	10	1	1	7	5	0	3	3	7	11	8	7	1	4	5	7	2	2	3	16	17	2	3	8	1	2	4	10	6	7	13	2	17	5	6	18	16
chr9	17934179	7	16	51	27	51	18	22	24	17	29	51	23	26	22	68	35	19	19	20	22	16	6	106	18	18	26	21	35	27	13	17	25	27	13	16	10	48	11	28	30	30	25	11	33	14	9	25	20	20	38	39	20	26	41	25	33	25	1	19	17	4	13	19	27	21	19	19	43	26	0	0	24	11	21	20	15	45	20	24	26	34	29	16	31	16	6	17	25	16	30	10	13	21	20	45	31	30	37	25	22	1	14	26	28	13	33	22	33	15	13	39	22	32	33	38	24	25	28	26	12	38	28	24	19	28	20	1	23	28	13	46	19	19	32	34	18	23	24	28	22	13	13	16	13	25	1	22	2	14	29	16	28	33	20	19	18	18	29	20	21	17	16	14	0	34	22	18	33	17	13	16	20	17	6	36	29	18	16	15	15	24	37	21	29	11	0	9	18	25	25	17	46	26	10	0	16	5	29	18	20	8	15	12	16	4	9	14	6	19	2	0	19	12	15	16	14	23	9	13	17	14	12	10	13	12	17	15	8	20	13	8	12	19	5	13	21	8	13	14	9	0	6	9	15	15	0	10	8	0	6	12	9	17	16	7	9	8	3	13	14	11	6	0	0	13	12	23	6	14	21	15	11	12	30	7	19	4	0	5	21	7	8	13	16	18	8	6	14	6	4	14	9	0	4	13	8	17	12	3	7	7	9	0	9	4	8	11	8	10	10	19	3	7	4	7	8	6	7	12	14	16	8	0	9	9	13	9	14	17	18	13	13	3	10	1	11	6	6	4	8	6	14	10	6	18	1	4	10	1	1	4	4	0	3	3	6	9	8	6	1	2	4	6	1	2	3	16	16	2	2	7	1	2	4	9	6	5	12	2	16	3	5	13	12
chr9	17934180	7	16	48	26	49	17	20	23	16	28	51	22	25	22	66	35	17	19	20	22	15	6	105	18	16	25	21	30	25	13	16	23	25	13	16	9	45	11	28	29	28	25	11	33	14	9	25	18	20	37	39	20	26	40	25	32	24	1	18	17	4	13	18	27	21	19	18	42	25	0	0	22	11	20	20	15	42	18	24	25	33	26	15	31	15	5	17	21	16	29	8	13	21	19	45	31	29	31	25	19	1	14	25	27	13	33	22	33	14	13	39	20	32	32	37	22	24	27	25	12	36	28	21	17	26	18	1	23	25	11	45	18	19	32	32	17	22	22	26	22	12	12	16	12	25	1	22	2	13	29	16	27	31	19	19	17	17	28	20	21	17	16	14	0	34	21	17	31	17	13	15	20	16	5	36	28	17	16	14	14	22	36	21	29	11	0	8	17	24	23	17	46	26	10	0	15	5	28	18	20	8	14	12	16	4	9	13	6	19	2	0	19	11	14	16	13	23	9	12	17	13	12	8	12	12	17	15	8	19	13	7	11	18	5	13	21	7	11	14	9	0	6	9	15	15	0	10	8	0	6	11	9	17	16	7	9	8	3	13	13	11	6	0	0	13	11	23	6	14	21	15	11	11	28	7	18	4	0	5	20	7	8	11	16	18	8	6	13	6	4	14	9	0	4	12	7	17	12	3	6	5	9	0	9	4	8	10	8	9	10	19	3	6	4	6	7	6	7	12	14	16	8	0	8	8	13	9	14	16	17	13	13	3	8	1	11	6	6	4	8	5	14	10	6	17	1	4	9	1	1	3	4	0	3	3	5	9	8	6	0	1	4	6	1	2	3	15	16	2	2	7	1	1	4	8	6	5	11	2	15	3	5	12	11
chr9	17934181	7	14	43	26	44	17	20	23	15	27	50	18	25	20	58	32	17	15	20	20	14	6	95	15	13	23	19	27	21	12	14	19	24	12	15	9	43	9	25	27	27	23	10	31	14	8	25	17	20	34	37	19	23	39	24	29	23	0	18	16	3	11	17	26	20	16	16	37	23	0	0	19	11	17	19	15	37	16	20	23	30	23	12	31	14	5	14	19	16	27	6	12	20	19	38	29	25	28	22	17	1	13	21	26	12	32	19	28	13	13	35	19	29	31	35	20	23	25	24	12	35	25	20	17	25	17	1	21	23	11	42	18	16	31	29	17	21	21	25	19	12	9	12	10	22	1	19	2	13	27	14	25	30	19	18	16	13	25	20	19	16	14	14	0	33	19	14	31	15	13	8	19	16	4	34	27	17	15	14	13	20	33	18	26	11	0	8	15	23	22	16	38	23	10	0	14	5	27	16	20	5	14	11	15	4	9	12	5	18	2	0	18	10	12	16	12	21	6	10	16	12	10	8	11	12	17	15	8	15	13	7	8	17	4	13	21	5	11	11	8	0	6	9	15	12	0	9	8	0	4	11	9	15	13	7	9	7	3	13	12	10	6	0	0	12	11	23	4	12	19	15	11	10	25	7	15	4	0	5	19	7	8	11	16	17	7	6	13	6	4	14	7	0	3	12	7	16	11	3	6	5	8	0	6	3	6	10	8	7	9	16	2	6	4	6	5	5	7	11	12	14	8	0	7	8	12	8	13	14	16	12	13	3	8	1	10	5	5	4	8	5	12	10	6	17	1	3	8	1	1	3	4	0	3	2	4	8	7	6	0	1	4	6	1	2	3	14	14	2	0	7	1	1	4	6	6	5	10	2	15	3	4	11	11
chr9	17934182	4	11	39	22	36	14	13	17	14	21	44	13	19	17	48	27	14	14	17	17	12	5	78	11	9	16	13	22	16	10	10	14	15	10	9	6	33	8	20	22	22	19	8	26	13	6	19	11	15	25	27	15	17	30	21	22	18	0	16	13	3	11	9	20	18	13	15	25	17	0	0	15	10	13	14	11	33	15	15	20	25	18	7	24	14	4	12	14	10	19	6	9	16	18	22	18	20	24	19	12	1	13	20	23	9	28	18	14	13	11	32	17	23	23	24	13	21	22	16	12	25	18	10	15	21	12	1	17	13	9	34	13	13	26	26	13	19	16	23	13	9	9	6	9	20	1	16	1	9	24	8	21	27	16	14	14	8	17	16	14	11	12	13	0	27	12	11	26	8	12	7	15	9	3	25	24	9	14	10	11	19	23	12	23	6	0	8	12	18	16	13	29	20	8	0	12	4	23	12	18	3	6	10	10	4	6	11	2	11	1	0	15	7	8	13	9	14	3	9	11	8	8	6	7	11	11	12	5	9	11	7	7	16	3	13	17	4	8	11	7	0	4	8	11	8	0	7	7	0	1	9	8	14	12	4	7	2	3	5	11	7	3	0	0	8	10	18	2	8	14	14	8	8	21	6	13	4	0	4	13	5	6	11	14	13	6	6	8	5	2	8	4	0	3	10	7	13	8	3	5	5	6	0	3	2	3	7	5	6	6	13	2	6	2	4	4	5	2	11	9	12	6	0	6	5	11	7	7	9	15	9	7	3	6	1	8	4	3	3	7	4	9	8	6	14	1	3	5	1	0	2	3	0	3	2	4	6	6	2	0	1	3	5	1	2	3	9	9	2	0	6	1	1	4	6	5	4	9	2	12	3	2	8	6
chr9	17934183	4	11	39	22	36	14	13	17	14	21	44	12	18	17	47	26	13	14	17	17	12	5	76	11	9	16	13	17	16	10	10	14	14	10	8	6	33	7	20	21	21	19	8	25	13	6	19	11	14	25	27	13	17	29	21	22	18	0	16	13	3	10	9	19	18	13	14	23	16	0	0	15	9	13	14	11	33	15	15	19	24	18	7	24	14	4	12	14	10	19	6	9	15	17	22	18	20	23	19	12	1	13	20	23	8	27	17	12	13	11	31	16	21	22	24	13	17	22	14	12	24	18	10	15	21	12	1	16	12	9	34	13	13	25	26	13	19	16	22	12	9	8	6	9	20	1	15	1	9	24	8	21	27	15	14	12	7	17	16	14	11	12	13	0	27	12	11	26	8	12	7	15	9	3	25	24	9	14	9	11	19	23	12	23	5	0	8	12	18	15	13	29	19	8	0	12	4	23	12	18	3	6	10	10	4	6	11	2	10	1	0	13	7	8	13	9	14	3	9	11	8	8	6	7	11	11	12	5	9	11	7	7	16	3	13	17	4	8	11	7	0	4	8	11	8	0	7	6	0	1	8	8	14	12	4	7	2	3	5	11	7	3	0	0	8	10	18	2	8	13	14	8	8	18	6	12	4	0	3	13	5	6	11	14	12	6	6	8	5	2	8	4	0	3	9	7	13	8	3	5	5	6	0	3	2	3	7	5	6	6	13	2	6	2	4	4	4	2	11	9	11	5	0	6	5	11	7	6	9	15	9	7	2	5	1	8	3	3	3	7	3	9	8	6	14	1	3	5	1	0	1	3	0	2	2	4	6	5	2	0	1	3	4	1	2	3	9	8	2	0	6	1	1	4	6	5	4	9	2	12	3	2	8	6
chr9	17934184	4	11	39	22	33	13	12	15	12	20	41	11	16	16	44	25	13	13	16	15	12	5	67	8	9	13	12	13	14	9	10	13	12	9	8	5	28	7	16	19	20	19	7	19	13	6	16	11	13	23	23	12	17	28	18	20	17	0	16	12	3	8	8	16	18	11	13	23	15	0	0	13	9	12	13	11	31	12	13	17	21	17	5	23	12	4	9	12	10	16	6	9	15	14	21	16	20	20	18	12	1	12	16	20	8	24	17	11	12	10	31	15	19	19	24	12	16	20	13	12	21	18	9	15	17	11	1	15	11	9	33	13	13	24	21	12	18	16	20	12	8	7	6	9	18	1	14	1	9	21	7	15	26	14	11	12	6	15	15	14	11	11	13	0	26	12	11	26	8	10	6	13	9	3	24	23	9	13	7	11	17	21	12	19	5	0	8	10	16	13	12	27	19	8	0	10	4	21	12	18	3	5	9	9	4	4	10	2	9	1	0	13	7	7	12	9	12	2	9	10	8	8	6	7	10	10	12	5	9	10	6	7	15	3	12	14	4	7	9	7	0	3	7	11	8	0	7	5	0	1	5	8	12	11	4	6	2	3	4	11	5	3	0	0	8	9	18	2	8	13	14	8	8	17	6	11	4	0	3	13	5	6	11	13	12	6	5	6	4	2	8	3	0	3	9	6	11	7	3	5	5	5	0	3	2	2	7	5	6	6	10	2	6	2	3	4	4	2	10	9	7	5	0	5	4	10	7	4	7	15	7	7	2	5	1	7	3	3	3	7	3	9	8	6	13	1	3	5	1	0	1	2	0	2	2	3	5	5	0	0	1	3	4	1	2	3	8	8	0	0	5	0	0	4	5	5	4	8	2	12	3	2	8	6
chr9	17934185	3	11	38	22	33	13	12	15	12	20	41	10	15	16	43	24	13	11	16	15	12	5	66	7	9	11	12	13	13	9	10	13	12	9	8	5	28	7	16	18	20	19	7	19	13	6	16	11	13	23	22	11	16	26	17	20	17	0	16	12	3	8	8	16	18	11	13	23	15	0	0	12	9	12	13	7	29	11	12	17	20	16	4	23	11	4	9	12	10	16	6	9	15	14	21	16	20	20	18	11	1	12	16	20	6	23	16	11	12	10	31	15	17	19	24	11	16	20	13	12	21	18	9	15	17	11	1	15	11	9	33	13	12	24	21	12	18	16	18	9	8	6	6	8	18	1	11	1	8	19	7	15	26	14	11	12	6	15	14	14	10	11	12	0	26	12	10	24	8	10	6	12	9	2	24	22	9	13	7	11	16	21	11	19	5	0	8	10	16	13	12	27	18	8	0	8	4	21	11	17	2	5	9	9	3	4	10	1	8	1	0	12	7	7	12	9	12	2	9	9	8	8	6	7	10	9	12	5	9	10	6	6	14	3	12	13	4	6	8	7	0	3	6	11	8	0	6	5	0	1	4	8	12	11	4	6	2	3	4	11	5	3	0	0	8	9	18	2	7	13	13	8	8	16	5	10	4	0	3	12	5	6	11	13	12	6	5	6	3	2	8	3	0	3	9	6	10	6	3	5	5	5	0	3	2	2	7	5	6	6	10	2	6	2	3	2	4	2	10	9	7	5	0	5	4	10	7	4	7	15	7	7	1	5	1	7	3	3	3	7	2	8	8	5	13	1	3	4	1	0	1	2	0	2	2	3	5	5	0	0	1	3	4	1	2	3	8	8	0	0	5	0	0	4	5	5	4	8	1	12	3	2	8	6
chr9	17934186	3	11	33	17	30	12	12	14	12	13	34	9	14	16	38	21	11	7	16	14	9	4	63	6	8	11	10	11	12	8	9	11	10	8	8	5	25	7	14	14	19	17	6	16	12	5	13	11	13	21	22	8	14	24	14	18	14	0	13	10	3	5	6	16	13	10	13	21	13	0	0	10	9	10	13	7	28	10	10	16	19	14	3	19	10	4	9	10	10	13	5	8	13	12	17	14	19	18	17	10	1	11	15	19	6	21	15	10	6	9	30	15	15	16	20	11	15	18	13	11	20	13	9	14	17	11	1	14	9	9	27	12	12	21	20	12	18	14	16	9	7	5	6	6	15	0	11	1	7	16	6	13	25	14	9	11	6	15	12	14	10	9	12	0	21	11	10	22	7	9	6	12	9	2	23	21	8	13	7	11	16	18	11	17	5	0	8	10	14	13	12	25	17	8	0	8	4	21	11	13	1	4	9	9	2	4	9	1	7	1	0	11	6	6	11	8	12	2	8	9	7	7	6	7	9	7	12	5	9	9	6	6	14	2	12	11	4	6	7	6	0	3	4	10	8	0	5	5	0	1	4	7	10	10	3	6	2	3	4	11	5	3	0	0	8	8	16	2	6	13	11	7	7	16	4	9	4	0	3	12	5	6	10	12	8	6	5	6	3	2	7	3	0	1	8	6	9	6	3	5	4	5	0	3	2	2	6	5	6	6	9	2	6	0	2	2	4	2	10	8	7	3	0	5	4	9	5	4	7	15	6	7	1	5	1	6	3	3	3	6	2	6	8	4	13	1	2	3	1	0	1	2	0	2	2	3	5	5	0	0	1	3	4	1	2	3	8	8	0	0	4	0	0	4	5	4	3	7	1	10	3	2	8	6
chr9	17934187	3	11	31	16	28	12	12	14	12	12	34	9	14	16	37	20	11	7	16	14	8	4	58	5	7	10	10	11	11	8	8	11	10	8	8	4	25	6	13	14	18	15	6	16	11	5	13	11	12	18	21	7	13	23	14	17	13	0	13	10	3	5	5	15	12	10	12	18	13	0	0	10	7	10	12	7	28	9	10	15	17	14	2	19	10	4	9	9	10	13	5	8	13	11	17	13	19	17	17	10	1	10	13	18	5	21	15	10	6	9	28	15	14	16	19	11	15	18	13	11	19	13	8	13	16	11	1	14	9	9	24	12	12	20	18	9	18	13	15	8	7	5	4	6	15	0	10	1	7	16	6	13	23	14	7	11	6	14	11	14	9	9	11	0	21	11	10	20	7	9	6	11	9	2	20	20	8	13	7	11	16	18	11	15	5	0	8	10	13	13	12	24	17	8	0	8	4	20	11	12	1	4	9	8	2	4	7	1	7	1	0	10	6	6	11	8	11	2	8	8	7	7	6	7	9	7	12	5	7	9	5	6	13	2	12	10	4	6	7	5	0	2	4	9	8	0	5	5	0	0	4	6	8	10	3	6	2	3	4	10	5	3	0	0	7	8	14	2	6	12	10	7	5	16	4	8	4	0	3	12	5	5	10	12	8	6	5	6	3	2	7	3	0	1	8	6	9	6	3	5	4	5	0	3	2	1	6	3	5	6	9	2	6	0	2	2	4	1	9	7	7	2	0	4	4	8	5	4	7	14	6	7	1	5	1	6	3	3	3	6	2	6	8	4	12	1	2	3	1	0	1	2	0	2	2	3	4	5	0	0	1	3	4	1	2	3	8	8	0	0	4	0	0	4	4	4	3	6	1	10	3	1	7	6
chr9	17934188	3	11	28	14	24	11	11	14	10	9	33	7	11	16	33	16	8	7	13	13	7	4	54	3	6	10	9	11	9	8	7	11	10	7	8	4	20	6	13	12	14	11	6	16	11	5	11	11	12	17	21	7	13	23	12	13	11	0	12	10	3	4	5	15	10	10	10	16	13	0	0	10	7	10	11	7	23	8	10	14	16	13	2	18	8	2	9	8	9	13	5	5	12	11	15	12	15	17	16	8	1	7	13	17	5	19	12	9	4	9	27	13	11	15	18	9	14	17	11	9	15	12	8	10	14	9	1	12	8	6	22	8	5	18	15	8	16	11	15	7	7	5	4	6	13	0	10	1	7	15	6	10	22	14	7	11	6	13	11	14	9	9	7	0	18	10	9	19	6	9	6	10	9	2	19	17	6	13	5	9	15	14	9	14	4	0	8	9	12	13	11	24	16	7	0	7	3	18	10	11	0	4	8	8	2	4	6	1	7	1	0	9	5	6	11	7	10	2	7	6	7	5	6	5	8	7	12	3	7	9	5	6	13	2	9	9	4	5	7	3	0	2	4	8	7	0	5	5	0	0	4	6	7	10	3	6	2	3	4	10	5	3	0	0	7	8	13	2	6	8	9	6	5	16	4	8	3	0	3	11	4	5	10	11	6	5	5	6	3	2	7	3	0	1	7	5	8	6	3	5	4	5	0	3	1	1	6	2	5	6	9	2	6	0	2	2	4	1	9	6	7	2	0	4	2	8	5	4	7	14	5	6	1	5	1	6	3	3	3	6	2	6	8	4	12	1	2	3	1	0	1	2	0	1	2	3	4	4	0	0	1	3	3	1	2	3	8	8	0	0	4	0	0	4	3	3	3	6	1	10	3	1	7	6
chr9	17934189	3	11	27	14	24	10	11	14	10	9	32	7	10	16	33	15	8	5	13	11	7	3	52	1	5	10	7	11	8	7	7	10	10	7	7	4	18	6	13	11	13	10	6	15	9	5	11	11	12	15	20	7	11	21	11	13	10	0	12	10	3	4	5	14	10	10	10	16	11	0	0	10	7	10	11	7	21	8	10	14	15	12	2	17	8	2	9	8	9	12	4	4	11	11	15	11	14	17	15	7	1	6	13	16	5	15	12	8	4	9	26	11	10	15	17	8	14	16	10	5	13	12	8	9	14	9	1	12	7	6	21	8	5	18	15	8	15	11	15	7	7	5	4	6	13	0	10	1	6	15	5	10	22	13	6	10	6	12	10	13	8	8	7	0	14	8	6	19	6	9	6	9	9	2	19	17	6	13	5	9	15	13	8	13	4	0	7	9	11	13	9	20	16	6	0	6	3	18	10	10	0	3	7	7	2	4	6	1	7	1	0	9	5	6	11	7	10	2	7	6	7	4	6	5	8	7	12	2	7	9	5	5	13	2	7	8	4	4	7	3	0	2	4	7	7	0	5	4	0	0	4	6	7	9	3	6	2	3	4	8	5	3	0	0	7	7	13	2	6	8	8	6	5	15	4	8	3	0	3	11	4	5	10	11	5	5	5	6	3	2	7	3	0	1	7	5	8	6	3	5	4	5	0	3	1	1	6	2	5	6	9	2	6	0	2	2	4	1	9	5	7	2	0	4	1	7	5	4	6	13	5	6	1	5	1	6	3	2	3	6	2	6	6	4	12	1	2	3	1	0	1	1	0	1	2	3	4	4	0	0	1	3	3	1	2	3	8	8	0	0	4	0	0	4	2	3	3	6	1	10	3	1	5	6
chr9	17934190	3	10	26	14	23	9	11	12	9	8	29	7	9	16	29	12	8	5	11	9	7	3	50	1	5	8	7	8	7	7	7	10	8	5	6	4	14	5	13	10	13	9	5	13	9	4	11	10	10	14	19	7	10	20	11	13	10	0	12	10	3	4	5	13	9	9	10	15	11	0	0	9	6	10	8	7	19	7	9	13	14	11	2	16	6	2	7	7	7	9	4	4	10	11	14	9	13	16	12	6	1	6	12	10	5	14	12	8	4	7	24	9	9	15	17	7	13	15	7	5	13	12	4	7	13	9	1	12	7	6	19	7	5	17	14	7	13	11	15	7	7	5	4	5	13	0	9	1	6	14	2	9	18	13	6	10	6	8	10	13	6	7	7	0	14	7	6	19	6	7	5	9	9	2	17	13	5	10	4	6	15	11	8	12	3	0	7	7	10	10	9	19	13	4	0	6	3	15	9	10	0	1	7	6	2	4	6	1	7	1	0	9	5	6	10	7	9	2	6	6	7	3	6	5	8	6	8	2	5	9	5	4	11	1	7	8	4	4	7	3	0	1	4	6	7	0	5	4	0	0	4	6	6	8	3	6	2	2	4	7	4	3	0	0	7	7	13	2	6	8	8	6	4	14	4	7	3	0	3	9	4	3	10	10	4	4	4	4	3	2	7	2	0	1	6	5	4	6	3	4	4	4	0	3	1	1	5	2	4	5	8	1	5	0	2	1	3	1	9	5	6	1	0	4	1	7	5	4	5	12	4	5	1	3	1	4	3	2	3	5	2	6	6	4	12	1	2	3	1	0	1	1	0	1	2	1	3	4	0	0	1	3	3	0	2	3	8	7	0	0	3	0	0	4	2	2	2	6	1	10	3	1	3	4
chr9	17934191	1	3	5	1	2	1	5	2	0	1	1	1	0	2	6	4	3	1	3	2	1	0	10	1	2	1	0	0	1	1	2	0	2	1	1	2	0	1	1	5	2	2	0	0	3	0	1	1	2	3	3	3	3	3	0	2	1	0	3	1	0	0	4	0	2	4	0	1	2	0	0	0	2	2	2	2	2	1	2	2	3	1	2	0	1	0	0	0	0	0	0	1	0	1	1	4	7	2	0	2	0	1	0	2	1	2	0	2	1	1	6	3	3	3	2	1	2	4	2	0	4	1	2	0	4	0	0	1	1	0	2	3	0	4	0	2	5	2	3	3	0	0	3	1	6	0	1	1	1	3	1	0	4	2	2	3	1	0	1	0	0	1	1	0	5	2	0	5	1	1	1	1	2	0	4	2	2	2	1	2	3	4	1	1	1	0	0	0	0	4	2	4	3	0	0	0	1	0	0	1	0	0	2	1	0	1	2	0	1	1	0	1	1	0	2	0	1	0	0	0	1	1	1	1	2	1	3	0	1	1	2	1	1	0	1	2	1	2	1	0	0	0	0	1	1	0	1	0	0	0	0	1	1	1	1	2	0	0	0	1	1	0	0	0	1	1	1	0	1	1	0	2	2	2	1	1	0	0	2	0	1	1	1	1	0	1	1	0	0	0	2	0	0	0	0	2	2	1	0	0	0	0	0	0	0	0	1	0	1	1	1	0	0	0	0	0	0	0	1	0	0	0	0	1	1	1	2	0	1	4	1	2	0	1	0	0	1	0	0	0	1	1	0	0	3	0	0	1	0	0	0	1	0	1	0	1	1	0	0	0	0	0	0	0	0	1	2	2	0	0	1	0	0	2	0	1	0	4	0	4	0	0	0	0
chr9	17934192	1	3	3	0	2	1	5	2	0	1	1	1	0	2	6	4	3	1	3	2	1	0	9	1	2	1	0	0	1	1	2	0	2	1	1	2	0	1	1	5	2	2	0	0	3	0	1	1	2	3	3	3	3	3	0	1	1	0	3	1	0	0	4	0	1	4	0	1	2	0	0	0	2	2	2	2	2	1	2	2	3	1	2	0	1	0	0	0	0	0	0	0	0	1	1	4	6	2	0	2	0	1	0	2	1	2	0	2	1	1	6	3	3	3	2	0	2	4	2	0	4	1	2	0	4	0	0	1	1	0	2	3	0	4	0	2	4	0	3	3	0	0	3	1	6	0	1	0	1	3	1	0	4	2	2	3	1	0	1	0	0	1	1	0	5	2	0	5	1	1	1	1	2	0	4	2	2	2	1	2	3	2	1	1	1	0	0	0	0	3	2	4	3	0	0	0	0	0	0	1	0	0	2	1	0	1	2	0	1	1	0	1	1	0	2	0	1	0	0	0	1	1	1	1	2	1	3	0	1	1	2	1	1	0	1	2	1	2	1	0	0	0	0	1	1	0	1	0	0	0	0	1	0	1	1	2	0	0	0	1	1	0	0	0	1	1	1	0	1	1	0	2	2	2	1	1	0	0	2	0	1	1	1	1	0	1	0	0	0	0	2	0	0	0	0	2	1	1	0	0	0	0	0	0	0	0	1	0	1	1	1	0	0	0	0	0	0	0	1	0	0	0	0	0	1	1	2	0	1	4	1	1	0	1	0	0	1	0	0	0	1	1	0	0	3	0	0	1	0	0	0	1	0	1	0	0	1	0	0	0	0	0	0	0	0	1	2	2	0	0	1	0	0	0	0	1	0	4	0	4	0	0	0	0
chr9	17934193	0	2	3	0	2	1	3	2	0	1	0	1	0	1	2	2	1	1	3	1	1	0	4	1	0	0	0	0	1	0	2	0	1	1	0	2	0	1	1	3	2	1	0	0	2	0	0	1	2	1	1	2	1	3	0	1	1	0	2	1	0	0	4	0	0	3	0	1	2	0	0	0	1	1	1	1	2	0	2	2	2	1	1	0	1	0	0	0	0	0	0	0	0	0	0	2	2	1	0	2	0	1	0	2	1	2	0	1	1	0	4	3	2	3	2	0	1	3	0	0	2	1	2	0	2	0	0	1	1	0	2	2	0	3	0	2	4	0	3	3	0	0	2	1	5	0	1	0	1	2	1	0	4	1	1	3	1	0	0	0	0	1	1	0	5	2	0	5	1	0	0	1	1	0	4	2	2	2	1	0	2	2	0	1	1	0	0	0	0	1	2	3	3	0	0	0	0	0	0	1	0	0	1	1	0	1	2	0	1	1	0	0	1	0	2	0	1	0	0	0	1	0	1	1	2	1	3	0	1	1	2	1	1	0	1	2	1	2	1	0	0	0	0	1	0	0	1	0	0	0	0	1	0	1	1	2	0	0	0	0	1	0	0	0	1	1	1	0	1	1	0	1	2	2	1	1	0	0	2	0	1	1	1	1	0	0	0	0	0	0	2	0	0	0	0	0	1	1	0	0	0	0	0	0	0	0	1	0	1	1	1	0	0	0	0	0	0	0	0	0	0	0	0	0	1	1	2	0	1	2	0	1	0	1	0	0	1	0	0	0	1	0	0	0	1	0	0	1	0	0	0	0	0	1	0	0	1	0	0	0	0	0	0	0	0	0	2	2	0	0	1	0	0	0	0	1	0	0	0	4	0	0	0	0
chr9	17934194	0	2	3	0	2	1	3	2	0	1	0	1	0	1	2	2	1	1	3	1	1	0	4	1	0	0	0	0	1	0	2	0	1	1	0	2	0	1	1	3	2	1	0	0	2	0	0	1	2	1	1	2	1	3	0	1	1	0	2	0	0	0	4	0	0	3	0	1	2	0	0	0	1	1	1	1	2	0	2	2	2	1	1	0	1	0	0	0	0	0	0	0	0	0	0	2	2	1	0	2	0	1	0	2	1	2	0	1	1	0	4	3	2	3	2	0	1	3	0	0	2	1	2	0	2	0	0	1	1	0	2	2	0	3	0	2	2	0	3	3	0	0	2	1	5	0	1	0	1	2	1	0	4	1	1	3	1	0	0	0	0	1	1	0	5	1	0	5	1	0	0	0	1	0	4	2	2	2	1	0	1	2	0	1	1	0	0	0	0	1	2	3	3	0	0	0	0	0	0	1	0	0	1	1	0	1	2	0	1	1	0	0	1	0	2	0	1	0	0	0	1	0	1	1	2	0	3	0	1	1	2	1	1	0	1	2	1	2	1	0	0	0	0	1	0	0	1	0	0	0	0	1	0	1	1	2	0	0	0	0	1	0	0	0	1	1	1	0	1	1	0	1	2	2	1	1	0	0	2	0	1	1	1	1	0	0	0	0	0	0	2	0	0	0	0	0	1	1	0	0	0	0	0	0	0	0	1	0	1	1	1	0	0	0	0	0	0	0	0	0	0	0	0	0	1	1	2	0	1	2	0	1	0	1	0	0	1	0	0	0	1	0	0	0	1	0	0	1	0	0	0	0	0	1	0	0	1	0	0	0	0	0	0	0	0	0	2	2	0	0	1	0	0	0	0	1	0	0	0	4	0	0	0	0
chr9	17934195	0	2	3	0	2	1	3	2	0	1	0	1	0	1	2	2	1	1	3	1	1	0	4	1	0	0	0	0	1	0	2	0	1	1	0	2	0	1	1	1	2	1	0	0	2	0	0	1	2	1	1	1	0	2	0	1	1	0	1	0	0	0	3	0	0	3	0	0	2	0	0	0	1	1	1	1	1	0	2	2	1	1	1	0	1	0	0	0	0	0	0	0	0	0	0	2	2	1	0	2	0	1	0	2	1	2	0	1	1	0	4	3	2	3	2	0	1	3	0	0	2	1	2	0	2	0	0	1	1	0	2	2	0	3	0	2	2	0	2	3	0	0	1	1	5	0	1	0	1	2	1	0	4	1	1	3	1	0	0	0	0	1	1	0	5	1	0	5	1	0	0	0	1	0	4	2	2	2	1	0	1	2	0	1	1	0	0	0	0	1	2	3	3	0	0	0	0	0	0	1	0	0	1	0	0	1	2	0	0	1	0	0	1	0	2	0	1	0	0	0	1	0	1	1	2	0	3	0	1	1	2	1	0	0	1	2	1	2	1	0	0	0	0	1	0	0	1	0	0	0	0	1	0	1	0	2	0	0	0	0	1	0	0	0	1	1	1	0	1	1	0	1	0	2	1	1	0	0	2	0	1	1	1	1	0	0	0	0	0	0	2	0	0	0	0	0	1	1	0	0	0	0	0	0	0	0	1	0	1	1	1	0	0	0	0	0	0	0	0	0	0	0	0	0	1	1	2	0	1	2	0	1	0	1	0	0	1	0	0	0	1	0	0	0	1	0	0	1	0	0	0	0	0	1	0	0	1	0	0	0	0	0	0	0	0	0	2	2	0	0	1	0	0	0	0	1	0	0	0	4	0	0	0	0
chr9	17934196	0	1	3	0	2	1	3	2	0	1	0	1	0	1	2	2	1	0	3	1	1	0	4	0	0	0	0	0	1	0	2	0	1	0	0	2	0	1	1	1	1	1	0	0	2	0	0	1	2	1	1	1	0	2	0	1	1	0	1	0	0	0	2	0	0	3	0	0	2	0	0	0	1	1	0	1	1	0	1	2	1	1	1	0	1	0	0	0	0	0	0	0	0	0	0	2	2	1	0	2	0	1	0	2	1	2	0	1	1	0	4	3	2	3	2	0	1	3	0	0	2	1	2	0	2	0	0	1	1	0	2	2	0	3	0	2	2	0	1	2	0	0	1	1	5	0	1	0	1	2	1	0	4	1	1	3	1	0	0	0	0	1	1	0	5	1	0	5	1	0	0	0	1	0	4	2	2	2	1	0	1	2	0	1	1	0	0	0	0	1	2	2	3	0	0	0	0	0	0	1	0	0	1	0	0	1	2	0	0	1	0	0	1	0	2	0	1	0	0	0	1	0	1	1	2	0	3	0	1	1	2	1	0	0	1	2	1	2	1	0	0	0	0	1	0	0	0	0	0	0	0	1	0	1	0	1	0	0	0	0	1	0	0	0	1	1	1	0	1	1	0	0	0	2	1	1	0	0	2	0	0	1	1	1	0	0	0	0	0	0	2	0	0	0	0	0	1	1	0	0	0	0	0	0	0	0	1	0	1	1	1	0	0	0	0	0	0	0	0	0	0	0	0	0	1	1	2	0	1	2	0	1	0	1	0	0	1	0	0	0	1	0	0	0	1	0	0	1	0	0	0	0	0	1	0	0	1	0	0	0	0	0	0	0	0	0	2	2	0	0	1	0	0	0	0	1	0	0	0	4	0	0	0	0
chr9	17934197	0	1	3	0	2	1	3	2	0	1	0	1	0	1	2	2	1	0	3	1	1	0	3	0	0	0	0	0	1	0	2	0	1	0	0	2	0	1	1	1	1	1	0	0	2	0	0	1	2	1	1	1	0	2	0	1	1	0	1	0	0	0	2	0	0	3	0	0	2	0	0	0	1	1	0	1	1	0	1	2	1	1	1	0	1	0	0	0	0	0	0	0	0	0	0	2	2	1	0	2	0	1	0	2	1	2	0	1	1	0	4	3	2	3	2	0	1	3	0	0	2	1	2	0	2	0	0	1	1	0	2	2	0	3	0	2	2	0	1	1	0	0	1	1	5	0	1	0	1	2	1	0	4	1	1	3	1	0	0	0	0	1	1	0	5	1	0	5	1	0	0	0	1	0	4	2	1	2	1	0	1	2	0	1	1	0	0	0	0	1	2	2	3	0	0	0	0	0	0	1	0	0	1	0	0	1	2	0	0	1	0	0	1	0	2	0	1	0	0	0	1	0	1	1	2	0	3	0	1	1	2	1	0	0	1	2	1	2	1	0	0	0	0	1	0	0	0	0	0	0	0	1	0	1	0	1	0	0	0	0	1	0	0	0	1	1	1	0	1	1	0	0	0	2	1	1	0	0	2	0	0	1	1	1	0	0	0	0	0	0	2	0	0	0	0	0	1	1	0	0	0	0	0	0	0	0	1	0	1	1	1	0	0	0	0	0	0	0	0	0	0	0	0	0	1	1	2	0	1	2	0	1	0	1	0	0	1	0	0	0	1	0	0	0	1	0	0	1	0	0	0	0	0	1	0	0	1	0	0	0	0	0	0	0	0	0	2	2	0	0	1	0	0	0	0	1	0	0	0	4	0	0	0	0
chr9	17934198	0	1	3	0	2	1	1	1	0	0	0	1	0	1	1	2	1	0	3	0	1	0	3	0	0	0	0	0	1	0	0	0	1	0	0	0	0	1	1	1	1	1	0	0	2	0	0	1	2	1	0	1	0	2	0	0	1	0	0	0	0	0	2	0	0	2	0	0	1	0	0	0	1	1	0	1	0	0	1	2	1	1	0	0	1	0	0	0	0	0	0	0	0	0	0	0	2	1	0	2	0	1	0	2	1	0	0	1	1	0	4	2	0	3	1	0	0	2	0	0	2	0	1	0	1	0	0	1	1	0	2	2	0	1	0	0	2	0	1	0	0	0	0	1	3	0	0	0	1	2	1	0	2	1	0	3	1	0	0	0	0	1	1	0	3	0	0	4	1	0	0	0	0	0	4	2	0	1	1	0	0	1	0	0	1	0	0	0	0	1	2	1	2	0	0	0	0	0	0	0	0	0	1	0	0	1	2	0	0	1	0	0	1	0	1	0	1	0	0	0	0	0	1	0	1	0	2	0	0	1	1	1	0	0	1	2	1	1	1	0	0	0	0	0	0	0	0	0	0	0	0	1	0	1	0	0	0	0	0	0	1	0	0	0	0	1	1	0	0	0	0	0	0	2	1	0	0	0	1	0	0	1	1	1	0	0	0	0	0	0	1	0	0	0	0	0	1	1	0	0	0	0	0	0	0	0	1	0	1	0	1	0	0	0	0	0	0	0	0	0	0	0	0	0	0	1	0	0	1	0	0	0	0	0	0	0	0	0	0	0	1	0	0	0	1	0	0	0	0	0	0	0	0	0	0	0	1	0	0	0	0	0	0	0	0	0	1	2	0	0	0	0	0	0	0	0	0	0	0	1	0	0	0	0
chr9	17934199	0	1	3	0	1	1	1	1	0	0	0	1	0	1	1	1	1	0	3	0	0	0	3	0	0	0	0	0	1	0	0	0	0	0	0	0	0	1	1	1	1	1	0	0	2	0	0	1	2	1	0	1	0	2	0	0	1	0	0	0	0	0	2	0	0	2	0	0	1	0	0	0	1	1	0	1	0	0	1	2	0	1	0	0	1	0	0	0	0	0	0	0	0	0	0	0	2	1	0	1	0	1	0	2	1	0	0	1	1	0	4	2	0	3	1	0	0	2	0	0	2	0	1	0	1	0	0	1	1	0	2	2	0	1	0	0	2	0	1	0	0	0	0	1	3	0	0	0	1	2	1	0	2	1	0	3	1	0	0	0	0	1	1	0	3	0	0	4	1	0	0	0	0	0	4	2	0	1	1	0	0	1	0	0	1	0	0	0	0	1	2	1	2	0	0	0	0	0	0	0	0	0	1	0	0	1	2	0	0	1	0	0	1	0	1	0	1	0	0	0	0	0	1	0	1	0	2	0	0	1	1	1	0	0	1	2	1	1	1	0	0	0	0	0	0	0	0	0	0	0	0	1	0	1	0	0	0	0	0	0	1	0	0	0	0	1	1	0	0	0	0	0	0	2	1	0	0	0	1	0	0	1	1	1	0	0	0	0	0	0	1	0	0	0	0	0	1	1	0	0	0	0	0	0	0	0	1	0	1	0	1	0	0	0	0	0	0	0	0	0	0	0	0	0	0	1	0	0	1	0	0	0	0	0	0	0	0	0	0	0	0	0	0	0	1	0	0	0	0	0	0	0	0	0	0	0	1	0	0	0	0	0	0	0	0	0	1	2	0	0	0	0	0	0	0	0	0	0	0	1	0	0	0	0
chr9	17934200	0	1	3	0	1	1	1	1	0	0	0	1	0	1	1	1	1	0	3	0	0	0	3	0	0	0	0	0	1	0	0	0	0	0	0	0	0	1	1	1	1	1	0	0	2	0	0	1	2	1	0	1	0	2	0	0	1	0	0	0	0	0	2	0	0	2	0	0	0	0	0	0	1	1	0	1	0	0	1	1	0	1	0	0	1	0	0	0	0	0	0	0	0	0	0	0	2	1	0	1	0	1	0	2	1	0	0	1	1	0	4	2	0	1	1	0	0	2	0	0	2	0	1	0	1	0	0	1	1	0	2	2	0	1	0	0	2	0	1	0	0	0	0	1	3	0	0	0	1	1	1	0	2	1	0	3	1	0	0	0	0	1	1	0	3	0	0	4	1	0	0	0	0	0	4	2	0	1	1	0	0	1	0	0	1	0	0	0	0	1	2	0	2	0	0	0	0	0	0	0	0	0	1	0	0	1	2	0	0	1	0	0	1	0	1	0	0	0	0	0	0	0	0	0	1	0	2	0	0	1	1	1	0	0	1	1	1	1	1	0	0	0	0	0	0	0	0	0	0	0	0	0	0	1	0	0	0	0	0	0	1	0	0	0	0	1	1	0	0	0	0	0	0	1	1	0	0	0	1	0	0	1	1	1	0	0	0	0	0	0	1	0	0	0	0	0	1	1	0	0	0	0	0	0	0	0	1	0	1	0	1	0	0	0	0	0	0	0	0	0	0	0	0	0	0	1	0	0	1	0	0	0	0	0	0	0	0	0	0	0	0	0	0	0	1	0	0	0	0	0	0	0	0	0	0	0	1	0	0	0	0	0	0	0	0	0	1	2	0	0	0	0	0	0	0	0	0	0	0	1	0	0	0	0
chr9	17934201	0	1	2	0	1	1	1	1	0	0	0	1	0	1	1	1	1	0	3	0	0	0	2	0	0	0	0	0	1	0	0	0	0	0	0	0	0	1	1	1	1	1	0	0	1	0	0	1	2	1	0	1	0	2	0	0	1	0	0	0	0	0	2	0	0	2	0	0	0	0	0	0	0	1	0	1	0	0	1	1	0	1	0	0	1	0	0	0	0	0	0	0	0	0	0	0	1	1	0	0	0	1	0	2	1	0	0	0	1	0	4	2	0	1	1	0	0	2	0	0	2	0	1	0	1	0	0	1	1	0	2	2	0	1	0	0	2	0	1	0	0	0	0	1	3	0	0	0	1	1	1	0	2	1	0	3	0	0	0	0	0	1	1	0	3	0	0	4	0	0	0	0	0	0	4	2	0	0	1	0	0	1	0	0	1	0	0	0	0	1	1	0	1	0	0	0	0	0	0	0	0	0	1	0	0	1	1	0	0	1	0	0	1	0	0	0	0	0	0	0	0	0	0	0	1	0	2	0	0	1	0	0	0	0	1	1	1	1	1	0	0	0	0	0	0	0	0	0	0	0	0	0	0	1	0	0	0	0	0	0	1	0	0	0	0	1	1	0	0	0	0	0	0	0	1	0	0	0	1	0	0	1	1	0	0	0	0	0	0	0	1	0	0	0	0	0	1	1	0	0	0	0	0	0	0	0	1	0	1	0	1	0	0	0	0	0	0	0	0	0	0	0	0	0	0	1	0	0	1	0	0	0	0	0	0	0	0	0	0	0	0	0	0	0	1	0	0	0	0	0	0	0	0	0	0	0	1	0	0	0	0	0	0	0	0	0	1	2	0	0	0	0	0	0	0	0	0	0	0	1	0	0	0	0
chr9	17934202	0	1	2	0	0	1	1	1	0	0	0	1	0	1	1	1	1	0	3	0	0	0	2	0	0	0	0	0	1	0	0	0	0	0	0	0	0	1	1	1	1	1	0	0	1	0	0	1	2	1	0	1	0	2	0	0	1	0	0	0	0	0	2	0	0	2	0	0	0	0	0	0	0	1	0	1	0	0	1	1	0	1	0	0	1	0	0	0	0	0	0	0	0	0	0	0	1	1	0	0	0	1	0	2	1	0	0	0	1	0	4	2	0	1	1	0	0	2	0	0	2	0	1	0	1	0	0	1	1	0	2	2	0	1	0	0	2	0	1	0	0	0	0	1	3	0	0	0	1	1	1	0	2	1	0	3	0	0	0	0	0	1	1	0	3	0	0	4	0	0	0	0	0	0	4	2	0	0	1	0	0	1	0	0	1	0	0	0	0	1	1	0	1	0	0	0	0	0	0	0	0	0	1	0	0	1	1	0	0	1	0	0	1	0	0	0	0	0	0	0	0	0	0	0	1	0	2	0	0	1	0	0	0	0	1	1	1	1	1	0	0	0	0	0	0	0	0	0	0	0	0	0	0	1	0	0	0	0	0	0	1	0	0	0	0	1	1	0	0	0	0	0	0	0	1	0	0	0	1	0	0	1	1	0	0	0	0	0	0	0	1	0	0	0	0	0	1	1	0	0	0	0	0	0	0	0	1	0	1	0	1	0	0	0	0	0	0	0	0	0	0	0	0	0	0	1	0	0	1	0	0	0	0	0	0	0	0	0	0	0	0	0	0	0	1	0	0	0	0	0	0	0	0	0	0	0	1	0	0	0	0	0	0	0	0	0	1	2	0	0	0	0	0	0	0	0	0	0	0	1	0	0	0	0
chr9	17934203	0	0	1	0	0	0	0	1	0	0	0	1	0	0	1	1	1	0	2	0	0	0	2	0	0	0	0	0	1	0	0	0	0	0	0	0	0	1	0	1	0	0	0	0	1	0	0	1	1	1	0	1	0	0	0	0	0	0	0	0	0	0	2	0	0	0	0	0	0	0	0	0	0	0	0	1	0	0	0	0	0	1	0	0	0	0	0	0	0	0	0	0	0	0	0	0	1	0	0	0	0	1	0	0	0	0	0	0	0	0	3	2	0	0	0	0	0	0	0	0	2	0	0	0	1	0	0	1	0	0	2	1	0	0	0	0	2	0	1	0	0	0	0	0	2	0	0	0	0	0	0	0	0	0	0	2	0	0	0	0	0	1	1	0	1	0	0	4	0	0	0	0	0	0	2	0	0	0	0	0	0	1	0	0	1	0	0	0	0	1	0	0	0	0	0	0	0	0	0	0	0	0	0	0	0	0	0	0	0	0	0	0	0	0	0	0	0	0	0	0	0	0	0	0	1	0	0	0	0	0	0	0	0	0	0	0	0	0	1	0	0	0	0	0	0	0	0	0	0	0	0	0	0	0	0	0	0	0	0	0	0	0	0	0	0	1	1	0	0	0	0	0	0	0	1	0	0	0	1	0	0	1	0	0	0	0	0	0	0	0	0	0	0	0	0	0	1	1	0	0	0	0	0	0	0	0	0	0	1	0	0	0	0	0	0	0	0	0	0	0	0	0	0	0	0	0	0	0	0	0	0	0	0	0	0	0	0	0	0	0	0	0	0	0	0	0	0	0	0	0	0	0	0	0	0	0	0	0	0	0	0	0	0	0	0	0	1	0	0	0	0	0	0	0	0	0	0	0	0	1	0	0	0	0
chr9	17934204	0	0	1	0	0	0	0	1	0	0	0	0	0	0	1	1	1	0	2	0	0	0	2	0	0	0	0	0	0	0	0	0	0	0	0	0	0	1	0	1	0	0	0	0	1	0	0	1	1	1	0	0	0	0	0	0	0	0	0	0	0	0	2	0	0	0	0	0	0	0	0	0	0	0	0	1	0	0	0	0	0	1	0	0	0	0	0	0	0	0	0	0	0	0	0	0	1	0	0	0	0	1	0	0	0	0	0	0	0	0	3	2	0	0	0	0	0	0	0	0	2	0	0	0	1	0	0	1	0	0	0	1	0	0	0	0	1	0	1	0	0	0	0	0	1	0	0	0	0	0	0	0	0	0	0	2	0	0	0	0	0	1	1	0	1	0	0	4	0	0	0	0	0	0	2	0	0	0	0	0	0	1	0	0	0	0	0	0	0	1	0	0	0	0	0	0	0	0	0	0	0	0	0	0	0	0	0	0	0	0	0	0	0	0	0	0	0	0	0	0	0	0	0	0	1	0	0	0	0	0	0	0	0	0	0	0	0	0	1	0	0	0	0	0	0	0	0	0	0	0	0	0	0	0	0	0	0	0	0	0	0	0	0	0	0	1	1	0	0	0	0	0	0	0	0	0	0	0	1	0	0	0	0	0	0	0	0	0	0	0	0	0	0	0	0	0	0	1	0	0	0	0	0	0	0	0	0	0	1	0	0	0	0	0	0	0	0	0	0	0	0	0	0	0	0	0	0	0	0	0	0	0	0	0	0	0	0	0	0	0	0	0	0	0	0	0	0	0	0	0	0	0	0	0	0	0	0	0	0	0	0	0	0	0	0	0	1	0	0	0	0	0	0	0	0	0	0	0	0	1	0	0	0	0
chr9	17934205	0	0	0	0	0	0	0	0	0	0	0	0	0	0	0	0	0	0	1	0	0	0	1	0	0	0	0	0	0	0	0	0	0	0	0	0	0	0	0	0	0	0	0	0	0	0	0	0	0	0	0	0	0	0	0	0	0	0	0	0	0	0	0	0	0	0	0	0	0	0	0	0	0	0	0	0	0	0	0	0	0	1	0	0	0	0	0	0	0	0	0	0	0	0	0	0	1	0	0	0	0	0	0	0	0	0	0	0	0	0	0	2	0	0	0	0	0	0	0	0	0	0	0	0	0	0	0	1	0	0	0	0	0	0	0	0	0	0	1	0	0	0	0	0	1	0	0	0	0	0	0	0	0	0	0	2	0	0	0	0	0	0	0	0	0	0	0	0	0	0	0	0	0	0	0	0	0	0	0	0	0	0	0	0	0	0	0	0	0	1	0	0	0	0	0	0	0	0	0	0	0	0	0	0	0	0	0	0	0	0	0	0	0	0	0	0	0	0	0	0	0	0	0	0	1	0	0	0	0	0	0	0	0	0	0	0	0	0	0	0	0	0	0	0	0	0	0	0	0	0	0	0	0	0	0	0	0	0	0	0	0	0	0	0	0	0	0	0	0	0	0	0	0	0	0	0	0	0	0	0	0	0	0	0	0	0	0	0	0	0	0	0	0	0	0	0	0	0	0	0	0	0	0	0	0	0	0	0	1	0	0	0	0	0	0	0	0	0	0	0	0	0	0	0	0	0	0	0	0	0	0	0	0	0	0	0	0	0	0	0	0	0	0	0	0	0	0	0	0	0	0	0	0	0	0	0	0	0	0	0	0	0	0	0	0	0	0	0	0	0	0	0	0	0	0	0	0	0	0	0	0	0	0	0
chr9	17934206	0	0	0	0	0	0	0	0	0	0	0	0	0	0	0	0	0	0	1	0	0	0	0	0	0	0	0	0	0	0	0	0	0	0	0	0	0	0	0	0	0	0	0	0	0	0	0	0	0	0	0	0	0	0	0	0	0	0	0	0	0	0	0	0	0	0	0	0	0	0	0	0	0	0	0	0	0	0	0	0	0	1	0	0	0	0	0	0	0	0	0	0	0	0	0	0	1	0	0	0	0	0	0	0	0	0	0	0	0	0	0	2	0	0	0	0	0	0	0	0	0	0	0	0	0	0	0	1	0	0	0	0	0	0	0	0	0	0	1	0	0	0	0	0	1	0	0	0	0	0	0	0	0	0	0	2	0	0	0	0	0	0	0	0	0	0	0	0	0	0	0	0	0	0	0	0	0	0	0	0	0	0	0	0	0	0	0	0	0	0	0	0	0	0	0	0	0	0	0	0	0	0	0	0	0	0	0	0	0	0	0	0	0	0	0	0	0	0	0	0	0	0	0	0	1	0	0	0	0	0	0	0	0	0	0	0	0	0	0	0	0	0	0	0	0	0	0	0	0	0	0	0	0	0	0	0	0	0	0	0	0	0	0	0	0	0	0	0	0	0	0	0	0	0	0	0	0	0	0	0	0	0	0	0	0	0	0	0	0	0	0	0	0	0	0	0	0	0	0	0	0	0	0	0	0	0	0	0	1	0	0	0	0	0	0	0	0	0	0	0	0	0	0	0	0	0	0	0	0	0	0	0	0	0	0	0	0	0	0	0	0	0	0	0	0	0	0	0	0	0	0	0	0	0	0	0	0	0	0	0	0	0	0	0	0	0	0	0	0	0	0	0	0	0	0	0	0	0	0	0	0	0	0	0
chr9	17934207	0	0	0	0	0	0	0	0	0	0	0	0	0	0	0	0	0	0	1	0	0	0	0	0	0	0	0	0	0	0	0	0	0	0	0	0	0	0	0	0	0	0	0	0	0	0	0	0	0	0	0	0	0	0	0	0	0	0	0	0	0	0	0	0	0	0	0	0	0	0	0	0	0	0	0	0	0	0	0	0	0	1	0	0	0	0	0	0	0	0	0	0	0	0	0	0	1	0	0	0	0	0	0	0	0	0	0	0	0	0	0	2	0	0	0	0	0	0	0	0	0	0	0	0	0	0	0	1	0	0	0	0	0	0	0	0	0	0	1	0	0	0	0	0	1	0	0	0	0	0	0	0	0	0	0	2	0	0	0	0	0	0	0	0	0	0	0	0	0	0	0	0	0	0	0	0	0	0	0	0	0	0	0	0	0	0	0	0	0	0	0	0	0	0	0	0	0	0	0	0	0	0	0	0	0	0	0	0	0	0	0	0	0	0	0	0	0	0	0	0	0	0	0	0	1	0	0	0	0	0	0	0	0	0	0	0	0	0	0	0	0	0	0	0	0	0	0	0	0	0	0	0	0	0	0	0	0	0	0	0	0	0	0	0	0	0	0	0	0	0	0	0	0	0	0	0	0	0	0	0	0	0	0	0	0	0	0	0	0	0	0	0	0	0	0	0	0	0	0	0	0	0	0	0	0	0	0	0	1	0	0	0	0	0	0	0	0	0	0	0	0	0	0	0	0	0	0	0	0	0	0	0	0	0	0	0	0	0	0	0	0	0	0	0	0	0	0	0	0	0	0	0	0	0	0	0	0	0	0	0	0	0	0	0	0	0	0	0	0	0	0	0	0	0	0	0	0	0	0	0	0	0	0	0
chr9	17934208	0	0	0	0	0	0	0	0	0	0	0	0	0	0	0	0	0	0	1	0	0	0	0	0	0	0	0	0	0	0	0	0	0	0	0	0	0	0	0	0	0	0	0	0	0	0	0	0	0	0	0	0	0	0	0	0	0	0	0	0	0	0	0	0	0	0	0	0	0	0	0	0	0	0	0	0	0	0	0	0	0	1	0	0	0	0	0	0	0	0	0	0	0	0	0	0	1	0	0	0	0	0	0	0	0	0	0	0	0	0	0	2	0	0	0	0	0	0	0	0	0	0	0	0	0	0	0	1	0	0	0	0	0	0	0	0	0	0	1	0	0	0	0	0	1	0	0	0	0	0	0	0	0	0	0	2	0	0	0	0	0	0	0	0	0	0	0	0	0	0	0	0	0	0	0	0	0	0	0	0	0	0	0	0	0	0	0	0	0	0	0	0	0	0	0	0	0	0	0	0	0	0	0	0	0	0	0	0	0	0	0	0	0	0	0	0	0	0	0	0	0	0	0	0	1	0	0	0	0	0	0	0	0	0	0	0	0	0	0	0	0	0	0	0	0	0	0	0	0	0	0	0	0	0	0	0	0	0	0	0	0	0	0	0	0	0	0	0	0	0	0	0	0	0	0	0	0	0	0	0	0	0	0	0	0	0	0	0	0	0	0	0	0	0	0	0	0	0	0	0	0	0	0	0	0	0	0	0	1	0	0	0	0	0	0	0	0	0	0	0	0	0	0	0	0	0	0	0	0	0	0	0	0	0	0	0	0	0	0	0	0	0	0	0	0	0	0	0	0	0	0	0	0	0	0	0	0	0	0	0	0	0	0	0	0	0	0	0	0	0	0	0	0	0	0	0	0	0	0	0	0	0	0	0
chr9	17934209	0	0	0	0	0	0	0	0	0	0	0	0	0	0	0	0	0	0	1	0	0	0	0	0	0	0	0	0	0	0	0	0	0	0	0	0	0	0	0	0	0	0	0	0	0	0	0	0	0	0	0	0	0	0	0	0	0	0	0	0	0	0	0	0	0	0	0	0	0	0	0	0	0	0	0	0	0	0	0	0	0	1	0	0	0	0	0	0	0	0	0	0	0	0	0	0	1	0	0	0	0	0	0	0	0	0	0	0	0	0	0	2	0	0	0	0	0	0	0	0	0	0	0	0	0	0	0	1	0	0	0	0	0	0	0	0	0	0	1	0	0	0	0	0	1	0	0	0	0	0	0	0	0	0	0	2	0	0	0	0	0	0	0	0	0	0	0	0	0	0	0	0	0	0	0	0	0	0	0	0	0	0	0	0	0	0	0	0	0	0	0	0	0	0	0	0	0	0	0	0	0	0	0	0	0	0	0	0	0	0	0	0	0	0	0	0	0	0	0	0	0	0	0	0	1	0	0	0	0	0	0	0	0	0	0	0	0	0	0	0	0	0	0	0	0	0	0	0	0	0	0	0	0	0	0	0	0	0	0	0	0	0	0	0	0	0	0	0	0	0	0	0	0	0	0	0	0	0	0	0	0	0	0	0	0	0	0	0	0	0	0	0	0	0	0	0	0	0	0	0	0	0	0	0	0	0	0	0	1	0	0	0	0	0	0	0	0	0	0	0	0	0	0	0	0	0	0	0	0	0	0	0	0	0	0	0	0	0	0	0	0	0	0	0	0	0	0	0	0	0	0	0	0	0	0	0	0	0	0	0	0	0	0	0	0	0	0	0	0	0	0	0	0	0	0	0	0	0	0	0	0	0	0	0
chr9	17934210	0	0	0	0	0	0	0	0	0	0	0	0	0	0	0	0	0	0	1	0	0	0	0	0	0	0	0	0	0	0	0	0	0	0	0	0	0	0	0	0	0	0	0	0	0	0	0	0	0	0	0	0	0	0	0	0	0	0	0	0	0	0	0	0	0	0	0	0	0	0	0	0	0	0	0	0	0	0	0	0	0	1	0	0	0	0	0	0	0	0	0	0	0	0	0	0	1	0	0	0	0	0	0	0	0	0	0	0	0	0	0	2	0	0	0	0	0	0	0	0	0	0	0	0	0	0	0	1	0	0	0	0	0	0	0	0	0	0	1	0	0	0	0	0	1	0	0	0	0	0	0	0	0	0	0	2	0	0	0	0	0	0	0	0	0	0	0	0	0	0	0	0	0	0	0	0	0	0	0	0	0	0	0	0	0	0	0	0	0	0	0	0	0	0	0	0	0	0	0	0	0	0	0	0	0	0	0	0	0	0	0	0	0	0	0	0	0	0	0	0	0	0	0	0	1	0	0	0	0	0	0	0	0	0	0	0	0	0	0	0	0	0	0	0	0	0	0	0	0	0	0	0	0	0	0	0	0	0	0	0	0	0	0	0	0	0	0	0	0	0	0	0	0	0	0	0	0	0	0	0	0	0	0	0	0	0	0	0	0	0	0	0	0	0	0	0	0	0	0	0	0	0	0	0	0	0	0	0	1	0	0	0	0	0	0	0	0	0	0	0	0	0	0	0	0	0	0	0	0	0	0	0	0	0	0	0	0	0	0	0	0	0	0	0	0	0	0	0	0	0	0	0	0	0	0	0	0	0	0	0	0	0	0	0	0	0	0	0	0	0	0	0	0	0	0	0	0	0	0	0	0	0	0	0
chr9	17934211	0	0	0	0	0	0	0	0	0	0	0	0	0	0	0	0	0	0	1	0	0	0	0	0	0	0	0	0	0	0	0	0	0	0	0	0	0	0	0	0	0	0	0	0	0	0	0	0	0	0	0	0	0	0	0	0	0	0	0	0	0	0	0	0	0	0	0	0	0	0	0	0	0	0	0	0	0	0	0	0	0	1	0	0	0	0	0	0	0	0	0	0	0	0	0	0	1	0	0	0	0	0	0	0	0	0	0	0	0	0	0	2	0	0	0	0	0	0	0	0	0	0	0	0	0	0	0	1	0	0	0	0	0	0	0	0	0	0	0	0	0	0	0	0	1	0	0	0	0	0	0	0	0	0	0	2	0	0	0	0	0	0	0	0	0	0	0	0	0	0	0	0	0	0	0	0	0	0	0	0	0	0	0	0	0	0	0	0	0	0	0	0	0	0	0	0	0	0	0	0	0	0	0	0	0	0	0	0	0	0	0	0	0	0	0	0	0	0	0	0	0	0	0	0	1	0	0	0	0	0	0	0	0	0	0	0	0	0	0	0	0	0	0	0	0	0	0	0	0	0	0	0	0	0	0	0	0	0	0	0	0	0	0	0	0	0	0	0	0	0	0	0	0	0	0	0	0	0	0	0	0	0	0	0	0	0	0	0	0	0	0	0	0	0	0	0	0	0	0	0	0	0	0	0	0	0	0	0	1	0	0	0	0	0	0	0	0	0	0	0	0	0	0	0	0	0	0	0	0	0	0	0	0	0	0	0	0	0	0	0	0	0	0	0	0	0	0	0	0	0	0	0	0	0	0	0	0	0	0	0	0	0	0	0	0	0	0	0	0	0	0	0	0	0	0	0	0	0	0	0	0	0	0	0
chr9	17934212	0	0	0	0	0	0	0	0	0	0	0	0	0	0	0	0	0	0	1	0	0	0	0	0	0	0	0	0	0	0	0	0	0	0	0	0	0	0	0	0	0	0	0	0	0	0	0	0	0	0	0	0	0	0	0	0	0	0	0	0	0	0	0	0	0	0	0	0	0	0	0	0	0	0	0	0	0	0	0	0	0	1	0	0	0	0	0	0	0	0	0	0	0	0	0	0	1	0	0	0	0	0	0	0	0	0	0	0	0	0	0	2	0	0	0	0	0	0	0	0	0	0	0	0	0	0	0	1	0	0	0	0	0	0	0	0	0	0	0	0	0	0	0	0	1	0	0	0	0	0	0	0	0	0	0	2	0	0	0	0	0	0	0	0	0	0	0	0	0	0	0	0	0	0	0	0	0	0	0	0	0	0	0	0	0	0	0	0	0	0	0	0	0	0	0	0	0	0	0	0	0	0	0	0	0	0	0	0	0	0	0	0	0	0	0	0	0	0	0	0	0	0	0	0	1	0	0	0	0	0	0	0	0	0	0	0	0	0	0	0	0	0	0	0	0	0	0	0	0	0	0	0	0	0	0	0	0	0	0	0	0	0	0	0	0	0	0	0	0	0	0	0	0	0	0	0	0	0	0	0	0	0	0	0	0	0	0	0	0	0	0	0	0	0	0	0	0	0	0	0	0	0	0	0	0	0	0	0	1	0	0	0	0	0	0	0	0	0	0	0	0	0	0	0	0	0	0	0	0	0	0	0	0	0	0	0	0	0	0	0	0	0	0	0	0	0	0	0	0	0	0	0	0	0	0	0	0	0	0	0	0	0	0	0	0	0	0	0	0	0	0	0	0	0	0	0	0	0	0	0	0	0	0	0
chr9	17934213	0	0	0	0	0	0	0	0	0	0	0	0	0	0	0	0	0	0	1	0	0	0	0	0	0	0	0	0	0	0	0	0	0	0	0	0	0	0	0	0	0	0	0	0	0	0	0	0	0	0	0	0	0	0	0	0	0	0	0	0	0	0	0	0	0	0	0	0	0	0	0	0	0	0	0	0	0	0	0	0	0	1	0	0	0	0	0	0	0	0	0	0	0	0	0	0	0	0	0	0	0	0	0	0	0	0	0	0	0	0	0	2	0	0	0	0	0	0	0	0	0	0	0	0	0	0	0	1	0	0	0	0	0	0	0	0	0	0	0	0	0	0	0	0	1	0	0	0	0	0	0	0	0	0	0	2	0	0	0	0	0	0	0	0	0	0	0	0	0	0	0	0	0	0	0	0	0	0	0	0	0	0	0	0	0	0	0	0	0	0	0	0	0	0	0	0	0	0	0	0	0	0	0	0	0	0	0	0	0	0	0	0	0	0	0	0	0	0	0	0	0	0	0	0	1	0	0	0	0	0	0	0	0	0	0	0	0	0	0	0	0	0	0	0	0	0	0	0	0	0	0	0	0	0	0	0	0	0	0	0	0	0	0	0	0	0	0	0	0	0	0	0	0	0	0	0	0	0	0	0	0	0	0	0	0	0	0	0	0	0	0	0	0	0	0	0	0	0	0	0	0	0	0	0	0	0	0	0	1	0	0	0	0	0	0	0	0	0	0	0	0	0	0	0	0	0	0	0	0	0	0	0	0	0	0	0	0	0	0	0	0	0	0	0	0	0	0	0	0	0	0	0	0	0	0	0	0	0	0	0	0	0	0	0	0	0	0	0	0	0	0	0	0	0	0	0	0	0	0	0	0	0	0	0
chr9	17934214	0	0	0	0	0	0	0	0	0	0	0	0	0	0	0	0	0	0	1	0	0	0	0	0	0	0	0	0	0	0	0	0	0	0	0	0	0	0	0	0	0	0	0	0	0	0	0	0	0	0	0	0	0	0	0	0	0	0	0	0	0	0	0	0	0	0	0	0	0	0	0	0	0	0	0	0	0	0	0	0	0	1	0	0	0	0	0	0	0	0	0	0	0	0	0	0	0	0	0	0	0	0	0	0	0	0	0	0	0	0	0	0	0	0	0	0	0	0	0	0	0	0	0	0	0	0	0	1	0	0	0	0	0	0	0	0	0	0	0	0	0	0	0	0	1	0	0	0	0	0	0	0	0	0	0	2	0	0	0	0	0	0	0	0	0	0	0	0	0	0	0	0	0	0	0	0	0	0	0	0	0	0	0	0	0	0	0	0	0	0	0	0	0	0	0	0	0	0	0	0	0	0	0	0	0	0	0	0	0	0	0	0	0	0	0	0	0	0	0	0	0	0	0	0	1	0	0	0	0	0	0	0	0	0	0	0	0	0	0	0	0	0	0	0	0	0	0	0	0	0	0	0	0	0	0	0	0	0	0	0	0	0	0	0	0	0	0	0	0	0	0	0	0	0	0	0	0	0	0	0	0	0	0	0	0	0	0	0	0	0	0	0	0	0	0	0	0	0	0	0	0	0	0	0	0	0	0	0	1	0	0	0	0	0	0	0	0	0	0	0	0	0	0	0	0	0	0	0	0	0	0	0	0	0	0	0	0	0	0	0	0	0	0	0	0	0	0	0	0	0	0	0	0	0	0	0	0	0	0	0	0	0	0	0	0	0	0	0	0	0	0	0	0	0	0	0	0	0	0	0	0	0	0	0
chr9	17934215	0	0	0	0	0	0	0	0	0	0	0	0	0	0	0	0	0	0	1	0	0	0	0	0	0	0	0	0	0	0	0	0	0	0	0	0	0	0	0	0	0	0	0	0	0	0	0	0	0	0	0	0	0	0	0	0	0	0	0	0	0	0	0	0	0	0	0	0	0	0	0	0	0	0	0	0	0	0	0	0	0	1	0	0	0	0	0	0	0	0	0	0	0	0	0	0	0	0	0	0	0	0	0	0	0	0	0	0	0	0	0	0	0	0	0	0	0	0	0	0	0	0	0	0	0	0	0	1	0	0	0	0	0	0	0	0	0	0	0	0	0	0	0	0	1	0	0	0	0	0	0	0	0	0	0	2	0	0	0	0	0	0	0	0	0	0	0	0	0	0	0	0	0	0	0	0	0	0	0	0	0	0	0	0	0	0	0	0	0	0	0	0	0	0	0	0	0	0	0	0	0	0	0	0	0	0	0	0	0	0	0	0	0	0	0	0	0	0	0	0	0	0	0	0	1	0	0	0	0	0	0	0	0	0	0	0	0	0	0	0	0	0	0	0	0	0	0	0	0	0	0	0	0	0	0	0	0	0	0	0	0	0	0	0	0	0	0	0	0	0	0	0	0	0	0	0	0	0	0	0	0	0	0	0	0	0	0	0	0	0	0	0	0	0	0	0	0	0	0	0	0	0	0	0	0	0	0	0	1	0	0	0	0	0	0	0	0	0	0	0	0	0	0	0	0	0	0	0	0	0	0	0	0	0	0	0	0	0	0	0	0	0	0	0	0	0	0	0	0	0	0	0	0	0	0	0	0	0	0	0	0	0	0	0	0	0	0	0	0	0	0	0	0	0	0	0	0	0	0	0	0	0	0	0
chr9	17934216	0	0	0	0	0	0	0	0	0	0	0	0	0	0	0	0	0	0	1	0	0	0	0	0	0	0	0	0	0	0	0	0	0	0	0	0	0	0	0	0	0	0	0	0	0	0	0	0	0	0	0	0	0	0	0	0	0	0	0	0	0	0	0	0	0	0	0	0	0	0	0	0	0	0	0	0	0	0	0	0	0	1	0	0	0	0	0	0	0	0	0	0	0	0	0	0	0	0	0	0	0	0	0	0	0	0	0	0	0	0	0	0	0	0	0	0	0	0	0	0	0	0	0	0	0	0	0	1	0	0	0	0	0	0	0	0	0	0	0	0	0	0	0	0	1	0	0	0	0	0	0	0	0	0	0	2	0	0	0	0	0	0	0	0	0	0	0	0	0	0	0	0	0	0	0	0	0	0	0	0	0	0	0	0	0	0	0	0	0	0	0	0	0	0	0	0	0	0	0	0	0	0	0	0	0	0	0	0	0	0	0	0	0	0	0	0	0	0	0	0	0	0	0	0	1	0	0	0	0	0	0	0	0	0	0	0	0	0	0	0	0	0	0	0	0	0	0	0	0	0	0	0	0	0	0	0	0	0	0	0	0	0	0	0	0	0	0	0	0	0	0	0	0	0	0	0	0	0	0	0	0	0	0	0	0	0	0	0	0	0	0	0	0	0	0	0	0	0	0	0	0	0	0	0	0	0	0	0	1	0	0	0	0	0	0	0	0	0	0	0	0	0	0	0	0	0	0	0	0	0	0	0	0	0	0	0	0	0	0	0	0	0	0	0	0	0	0	0	0	0	0	0	0	0	0	0	0	0	0	0	0	0	0	0	0	0	0	0	0	0	0	0	0	0	0	0	0	0	0	0	0	0	0	0
chr9	17934217	0	0	0	0	0	0	0	0	0	0	0	0	0	0	0	0	0	0	1	0	0	0	0	0	0	0	0	0	0	0	0	0	0	0	0	0	0	0	0	0	0	0	0	0	0	0	0	0	0	0	0	0	0	0	0	0	0	0	0	0	0	0	0	0	0	0	0	0	0	0	0	0	0	0	0	0	0	0	0	0	0	1	0	0	0	0	0	0	0	0	0	0	0	0	0	0	0	0	0	0	0	0	0	0	0	0	0	0	0	0	0	0	0	0	0	0	0	0	0	0	0	0	0	0	0	0	0	1	0	0	0	0	0	0	0	0	0	0	0	0	0	0	0	0	1	0	0	0	0	0	0	0	0	0	0	2	0	0	0	0	0	0	0	0	0	0	0	0	0	0	0	0	0	0	0	0	0	0	0	0	0	0	0	0	0	0	0	0	0	0	0	0	0	0	0	0	0	0	0	0	0	0	0	0	0	0	0	0	0	0	0	0	0	0	0	0	0	0	0	0	0	0	0	0	1	0	0	0	0	0	0	0	0	0	0	0	0	0	0	0	0	0	0	0	0	0	0	0	0	0	0	0	0	0	0	0	0	0	0	0	0	0	0	0	0	0	0	0	0	0	0	0	0	0	0	0	0	0	0	0	0	0	0	0	0	0	0	0	0	0	0	0	0	0	0	0	0	0	0	0	0	0	0	0	0	0	0	0	0	0	0	0	0	0	0	0	0	0	0	0	0	0	0	0	0	0	0	0	0	0	0	0	0	0	0	0	0	0	0	0	0	0	0	0	0	0	0	0	0	0	0	0	0	0	0	0	0	0	0	0	0	0	0	0	0	0	0	0	0	0	0	0	0	0	0	0	0	0	0	0	0	0	0	0
chr9	17934218	0	0	0	0	0	0	0	0	0	0	0	0	0	0	0	0	0	0	1	0	0	0	0	0	0	0	0	0	0	0	0	0	0	0	0	0	0	0	0	0	0	0	0	0	0	0	0	0	0	0	0	0	0	0	0	0	0	0	0	0	0	0	0	0	0	0	0	0	0	0	0	0	0	0	0	0	0	0	0	0	0	1	0	0	0	0	0	0	0	0	0	0	0	0	0	0	0	0	0	0	0	0	0	0	0	0	0	0	0	0	0	0	0	0	0	0	0	0	0	0	0	0	0	0	0	0	0	1	0	0	0	0	0	0	0	0	0	0	0	0	0	0	0	0	1	0	0	0	0	0	0	0	0	0	0	2	0	0	0	0	0	0	0	0	0	0	0	0	0	0	0	0	0	0	0	0	0	0	0	0	0	0	0	0	0	0	0	0	0	0	0	0	0	0	0	0	0	0	0	0	0	0	0	0	0	0	0	0	0	0	0	0	0	0	0	0	0	0	0	0	0	0	0	0	1	0	0	0	0	0	0	0	0	0	0	0	0	0	0	0	0	0	0	0	0	0	0	0	0	0	0	0	0	0	0	0	0	0	0	0	0	0	0	0	0	0	0	0	0	0	0	0	0	0	0	0	0	0	0	0	0	0	0	0	0	0	0	0	0	0	0	0	0	0	0	0	0	0	0	0	0	0	0	0	0	0	0	0	0	0	0	0	0	0	0	0	0	0	0	0	0	0	0	0	0	0	0	0	0	0	0	0	0	0	0	0	0	0	0	0	0	0	0	0	0	0	0	0	0	0	0	0	0	0	0	0	0	0	0	0	0	0	0	0	0	0	0	0	0	0	0	0	0	0	0	0	0	0	0	0	0	0	0	0
chr9	17934219	0	0	0	0	0	0	0	0	0	0	0	0	0	0	0	0	0	0	1	0	0	0	0	0	0	0	0	0	0	0	0	0	0	0	0	0	0	0	0	0	0	0	0	0	0	0	0	0	0	0	0	0	0	0	0	0	0	0	0	0	0	0	0	0	0	0	0	0	0	0	0	0	0	0	0	0	0	0	0	0	0	1	0	0	0	0	0	0	0	0	0	0	0	0	0	0	0	0	0	0	0	0	0	0	0	0	0	0	0	0	0	0	0	0	0	0	0	0	0	0	0	0	0	0	0	0	0	0	0	0	0	0	0	0	0	0	0	0	0	0	0	0	0	0	1	0	0	0	0	0	0	0	0	0	0	2	0	0	0	0	0	0	0	0	0	0	0	0	0	0	0	0	0	0	0	0	0	0	0	0	0	0	0	0	0	0	0	0	0	0	0	0	0	0	0	0	0	0	0	0	0	0	0	0	0	0	0	0	0	0	0	0	0	0	0	0	0	0	0	0	0	0	0	0	0	0	0	0	0	0	0	0	0	0	0	0	0	0	0	0	0	0	0	0	0	0	0	0	0	0	0	0	0	0	0	0	0	0	0	0	0	0	0	0	0	0	0	0	0	0	0	0	0	0	0	0	0	0	0	0	0	0	0	0	0	0	0	0	0	0	0	0	0	0	0	0	0	0	0	0	0	0	0	0	0	0	0	0	0	0	0	0	0	0	0	0	0	0	0	0	0	0	0	0	0	0	0	0	0	0	0	0	0	0	0	0	0	0	0	0	0	0	0	0	0	0	0	0	0	0	0	0	0	0	0	0	0	0	0	0	0	0	0	0	0	0	0	0	0	0	0	0	0	0	0	0	0	0	0	0	0	0	0	0
chr9	17934220	0	0	0	0	0	0	0	0	0	0	0	0	0	0	0	0	0	0	1	0	0	0	0	0	0	0	0	0	0	0	0	0	0	0	0	0	0	0	0	0	0	0	0	0	0	0	0	0	0	0	0	0	0	0	0	0	0	0	0	0	0	0	0	0	0	0	0	0	0	0	0	0	0	0	0	0	0	0	0	0	0	1	0	0	0	0	0	0	0	0	0	0	0	0	0	0	0	0	0	0	0	0	0	0	0	0	0	0	0	0	0	0	0	0	0	0	0	0	0	0	0	0	0	0	0	0	0	0	0	0	0	0	0	0	0	0	0	0	0	0	0	0	0	0	1	0	0	0	0	0	0	0	0	0	0	2	0	0	0	0	0	0	0	0	0	0	0	0	0	0	0	0	0	0	0	0	0	0	0	0	0	0	0	0	0	0	0	0	0	0	0	0	0	0	0	0	0	0	0	0	0	0	0	0	0	0	0	0	0	0	0	0	0	0	0	0	0	0	0	0	0	0	0	0	0	0	0	0	0	0	0	0	0	0	0	0	0	0	0	0	0	0	0	0	0	0	0	0	0	0	0	0	0	0	0	0	0	0	0	0	0	0	0	0	0	0	0	0	0	0	0	0	0	0	0	0	0	0	0	0	0	0	0	0	0	0	0	0	0	0	0	0	0	0	0	0	0	0	0	0	0	0	0	0	0	0	0	0	0	0	0	0	0	0	0	0	0	0	0	0	0	0	0	0	0	0	0	0	0	0	0	0	0	0	0	0	0	0	0	0	0	0	0	0	0	0	0	0	0	0	0	0	0	0	0	0	0	0	0	0	0	0	0	0	0	0	0	0	0	0	0	0	0	0	0	0	0	0	0	0	0	0	0	0
chr9	17934221	0	0	0	0	0	0	0	0	0	0	0	0	0	0	0	0	0	0	1	0	0	0	0	0	0	0	0	0	0	0	0	0	0	0	0	0	0	0	0	0	0	0	0	0	0	0	0	0	0	0	0	0	0	0	0	0	0	0	0	0	0	0	0	0	0	0	0	0	0	0	0	0	0	0	0	0	0	0	0	0	0	1	0	0	0	0	0	0	0	0	0	0	0	0	0	0	0	0	0	0	0	0	0	0	0	0	0	0	0	0	0	0	0	0	0	0	0	0	0	0	0	0	0	0	0	0	0	0	0	0	0	0	0	0	0	0	0	0	0	0	0	0	0	0	1	0	0	0	0	0	0	0	0	0	0	2	0	0	0	0	0	0	0	0	0	0	0	0	0	0	0	0	0	0	0	0	0	0	0	0	0	0	0	0	0	0	0	0	0	0	0	0	0	0	0	0	0	0	0	0	0	0	0	0	0	0	0	0	0	0	0	0	0	0	0	0	0	0	0	0	0	0	0	0	0	0	0	0	0	0	0	0	0	0	0	0	0	0	0	0	0	0	0	0	0	0	0	0	0	0	0	0	0	0	0	0	0	0	0	0	0	0	0	0	0	0	0	0	0	0	0	0	0	0	0	0	0	0	0	0	0	0	0	0	0	0	0	0	0	0	0	0	0	0	0	0	0	0	0	0	0	0	0	0	0	0	0	0	0	0	0	0	0	0	0	0	0	0	0	0	0	0	0	0	0	0	0	0	0	0	0	0	0	0	0	0	0	0	0	0	0	0	0	0	0	0	0	0	0	0	0	0	0	0	0	0	0	0	0	0	0	0	0	0	0	0	0	0	0	0	0	0	0	0	0	0	0	0	0	0	0	0	0	0
chr9	17934222	0	0	0	0	0	0	0	0	0	0	0	0	0	0	0	0	0	0	1	0	0	0	0	0	0	0	0	0	0	0	0	0	0	0	0	0	0	0	0	0	0	0	0	0	0	0	0	0	0	0	0	0	0	0	0	0	0	0	0	0	0	0	0	0	0	0	0	0	0	0	0	0	0	0	0	0	0	0	0	0	0	1	0	0	0	0	0	0	0	0	0	0	0	0	0	0	0	0	0	0	0	0	0	0	0	0	0	0	0	0	0	0	0	0	0	0	0	0	0	0	0	0	0	0	0	0	0	0	0	0	0	0	0	0	0	0	0	0	0	0	0	0	0	0	0	0	0	0	0	0	0	0	0	0	0	2	0	0	0	0	0	0	0	0	0	0	0	0	0	0	0	0	0	0	0	0	0	0	0	0	0	0	0	0	0	0	0	0	0	0	0	0	0	0	0	0	0	0	0	0	0	0	0	0	0	0	0	0	0	0	0	0	0	0	0	0	0	0	0	0	0	0	0	0	0	0	0	0	0	0	0	0	0	0	0	0	0	0	0	0	0	0	0	0	0	0	0	0	0	0	0	0	0	0	0	0	0	0	0	0	0	0	0	0	0	0	0	0	0	0	0	0	0	0	0	0	0	0	0	0	0	0	0	0	0	0	0	0	0	0	0	0	0	0	0	0	0	0	0	0	0	0	0	0	0	0	0	0	0	0	0	0	0	0	0	0	0	0	0	0	0	0	0	0	0	0	0	0	0	0	0	0	0	0	0	0	0	0	0	0	0	0	0	0	0	0	0	0	0	0	0	0	0	0	0	0	0	0	0	0	0	0	0	0	0	0	0	0	0	0	0	0	0	0	0	0	0	0	0	0	0	0	0	0
chr9	17934223	0	0	0	0	0	0	0	0	0	0	0	0	0	0	0	0	0	0	1	0	0	0	0	0	0	0	0	0	0	0	0	0	0	0	0	0	0	0	0	0	0	0	0	0	0	0	0	0	0	0	0	0	0	0	0	0	0	0	0	0	0	0	0	0	0	0	0	0	0	0	0	0	0	0	0	0	0	0	0	0	0	1	0	0	0	0	0	0	0	0	0	0	0	0	0	0	0	0	0	0	0	0	0	0	0	0	0	0	0	0	0	0	0	0	0	0	0	0	0	0	0	0	0	0	0	0	0	0	0	0	0	0	0	0	0	0	0	0	0	0	0	0	0	0	0	0	0	0	0	0	0	0	0	0	0	2	0	0	0	0	0	0	0	0	0	0	0	0	0	0	0	0	0	0	0	0	0	0	0	0	0	0	0	0	0	0	0	0	0	0	0	0	0	0	0	0	0	0	0	0	0	0	0	0	0	0	0	0	0	0	0	0	0	0	0	0	0	0	0	0	0	0	0	0	0	0	0	0	0	0	0	0	0	0	0	0	0	0	0	0	0	0	0	0	0	0	0	0	0	0	0	0	0	0	0	0	0	0	0	0	0	0	0	0	0	0	0	0	0	0	0	0	0	0	0	0	0	0	0	0	0	0	0	0	0	0	0	0	0	0	0	0	0	0	0	0	0	0	0	0	0	0	0	0	0	0	0	0	0	0	0	0	0	0	0	0	0	0	0	0	0	0	0	0	0	0	0	0	0	0	0	0	0	0	0	0	0	0	0	0	0	0	0	0	0	0	0	0	0	0	0	0	0	0	0	0	0	0	0	0	0	0	0	0	0	0	0	0	0	0	0	0	0	0	0	0	0	0	0	0	0	0	0	0
chr9	17934224	0	0	0	0	0	0	0	0	0	0	0	0	0	0	0	0	0	0	1	0	0	0	0	0	0	0	0	0	0	0	0	0	0	0	0	0	0	0	0	0	0	0	0	0	0	0	0	0	0	0	0	0	0	0	0	0	0	0	0	0	0	0	0	0	0	0	0	0	0	0	0	0	0	0	0	0	0	0	0	0	0	1	0	0	0	0	0	0	0	0	0	0	0	0	0	0	0	0	0	0	0	0	0	0	0	0	0	0	0	0	0	0	0	0	0	0	0	0	0	0	0	0	0	0	0	0	0	0	0	0	0	0	0	0	0	0	0	0	0	0	0	0	0	0	0	0	0	0	0	0	0	0	0	0	0	2	0	0	0	0	0	0	0	0	0	0	0	0	0	0	0	0	0	0	0	0	0	0	0	0	0	0	0	0	0	0	0	0	0	0	0	0	0	0	0	0	0	0	0	0	0	0	0	0	0	0	0	0	0	0	0	0	0	0	0	0	0	0	0	0	0	0	0	0	0	0	0	0	0	0	0	0	0	0	0	0	0	0	0	0	0	0	0	0	0	0	0	0	0	0	0	0	0	0	0	0	0	0	0	0	0	0	0	0	0	0	0	0	0	0	0	0	0	0	0	0	0	0	0	0	0	0	0	0	0	0	0	0	0	0	0	0	0	0	0	0	0	0	0	0	0	0	0	0	0	0	0	0	0	0	0	0	0	0	0	0	0	0	0	0	0	0	0	0	0	0	0	0	0	0	0	0	0	0	0	0	0	0	0	0	0	0	0	0	0	0	0	0	0	0	0	0	0	0	0	0	0	0	0	0	0	0	0	0	0	0	0	0	0	0	0	0	0	0	0	0	0	0	0	0	0	0	0	0
chr9	17934225	0	0	0	0	0	0	0	0	0	0	0	0	0	0	0	0	0	0	1	0	0	0	0	0	0	0	0	0	0	0	0	0	0	0	0	0	0	0	0	0	0	0	0	0	0	0	0	0	0	0	0	0	0	0	0	0	0	0	0	0	0	0	0	0	0	0	0	0	0	0	0	0	0	0	0	0	0	0	0	0	0	1	0	0	0	0	0	0	0	0	0	0	0	0	0	0	0	0	0	0	0	0	0	0	0	0	0	0	0	0	0	0	0	0	0	0	0	0	0	0	0	0	0	0	0	0	0	0	0	0	0	0	0	0	0	0	0	0	0	0	0	0	0	0	0	0	0	0	0	0	0	0	0	0	0	2	0	0	0	0	0	0	0	0	0	0	0	0	0	0	0	0	0	0	0	0	0	0	0	0	0	0	0	0	0	0	0	0	0	0	0	0	0	0	0	0	0	0	0	0	0	0	0	0	0	0	0	0	0	0	0	0	0	0	0	0	0	0	0	0	0	0	0	0	0	0	0	0	0	0	0	0	0	0	0	0	0	0	0	0	0	0	0	0	0	0	0	0	0	0	0	0	0	0	0	0	0	0	0	0	0	0	0	0	0	0	0	0	0	0	0	0	0	0	0	0	0	0	0	0	0	0	0	0	0	0	0	0	0	0	0	0	0	0	0	0	0	0	0	0	0	0	0	0	0	0	0	0	0	0	0	0	0	0	0	0	0	0	0	0	0	0	0	0	0	0	0	0	0	0	0	0	0	0	0	0	0	0	0	0	0	0	0	0	0	0	0	0	0	0	0	0	0	0	0	0	0	0	0	0	0	0	0	0	0	0	0	0	0	0	0	0	0	0	0	0	0	0	0	0	0	0	0	0
chr9	17934226	0	0	0	0	0	0	0	0	0	0	0	0	0	0	0	0	0	0	1	0	0	0	0	0	0	0	0	0	0	0	0	0	0	0	0	0	0	0	0	0	0	0	0	0	0	0	0	0	0	0	0	0	0	0	0	0	0	0	0	0	0	0	0	0	0	0	0	0	0	0	0	0	0	0	0	0	0	0	0	0	0	1	0	0	0	0	0	0	0	0	0	0	0	0	0	0	0	0	0	0	0	0	0	0	0	0	0	0	0	0	0	0	0	0	0	0	0	0	0	0	0	0	0	0	0	0	0	0	0	0	0	0	0	0	0	0	0	0	0	0	0	0	0	0	0	0	0	0	0	0	0	0	0	0	0	2	0	0	0	0	0	0	0	0	0	0	0	0	0	0	0	0	0	0	0	0	0	0	0	0	0	0	0	0	0	0	0	0	0	0	0	0	0	0	0	0	0	0	0	0	0	0	0	0	0	0	0	0	0	0	0	0	0	0	0	0	0	0	0	0	0	0	0	0	0	0	0	0	0	0	0	0	0	0	0	0	0	0	0	0	0	0	0	0	0	0	0	0	0	0	0	0	0	0	0	0	0	0	0	0	0	0	0	0	0	0	0	0	0	0	0	0	0	0	0	0	0	0	0	0	0	0	0	0	0	0	0	0	0	0	0	0	0	0	0	0	0	0	0	0	0	0	0	0	0	0	0	0	0	0	0	0	0	0	0	0	0	0	0	0	0	0	0	0	0	0	0	0	0	0	0	0	0	0	0	0	0	0	0	0	0	0	0	0	0	0	0	0	0	0	0	0	0	0	0	0	0	0	0	0	0	0	0	0	0	0	0	0	0	0	0	0	0	0	0	0	0	0	0	0	0	0	0	0
chr9	17934227	0	0	0	0	0	0	0	0	0	0	0	0	0	0	0	0	0	0	1	0	0	0	0	0	0	0	0	0	0	0	0	0	0	0	0	0	0	0	0	0	0	0	0	0	0	0	0	0	0	0	0	0	0	0	0	0	0	0	0	0	0	0	0	0	0	0	0	0	0	0	0	0	0	0	0	0	0	0	0	0	0	1	0	0	0	0	0	0	0	0	0	0	0	0	0	0	0	0	0	0	0	0	0	0	0	0	0	0	0	0	0	0	0	0	0	0	0	0	0	0	0	0	0	0	0	0	0	0	0	0	0	0	0	0	0	0	0	0	0	0	0	0	0	0	0	0	0	0	0	0	0	0	0	0	0	2	0	0	0	0	0	0	0	0	0	0	0	0	0	0	0	0	0	0	0	0	0	0	0	0	0	0	0	0	0	0	0	0	0	0	0	0	0	0	0	0	0	0	0	0	0	0	0	0	0	0	0	0	0	0	0	0	0	0	0	0	0	0	0	0	0	0	0	0	0	0	0	0	0	0	0	0	0	0	0	0	0	0	0	0	0	0	0	0	0	0	0	0	0	0	0	0	0	0	0	0	0	0	0	0	0	0	0	0	0	0	0	0	0	0	0	0	0	0	0	0	0	0	0	0	0	0	0	0	0	0	0	0	0	0	0	0	0	0	0	0	0	0	0	0	0	0	0	0	0	0	0	0	0	0	0	0	0	0	0	0	0	0	0	0	0	0	0	0	0	0	0	0	0	0	0	0	0	0	0	0	0	0	0	0	0	0	0	0	0	0	0	0	0	0	0	0	0	0	0	0	0	0	0	0	0	0	0	0	0	0	0	0	0	0	0	0	0	0	0	0	0	0	0	0	0	0	0	0
chr9	17934228	0	0	0	0	0	0	0	0	0	0	0	0	0	0	0	0	0	0	1	0	0	0	0	0	0	0	0	0	0	0	0	0	0	0	0	0	0	0	0	0	0	0	0	0	0	0	0	0	0	0	0	0	0	0	0	0	0	0	0	0	0	0	0	0	0	0	0	0	0	0	0	0	0	0	0	0	0	0	0	0	0	1	0	0	0	0	0	0	0	0	0	0	0	0	0	0	0	0	0	0	0	0	0	0	0	0	0	0	0	0	0	0	0	0	0	0	0	0	0	0	0	0	0	0	0	0	0	0	0	0	0	0	0	0	0	0	0	0	0	0	0	0	0	0	0	0	0	0	0	0	0	0	0	0	0	2	0	0	0	0	0	0	0	0	0	0	0	0	0	0	0	0	0	0	0	0	0	0	0	0	0	0	0	0	0	0	0	0	0	0	0	0	0	0	0	0	0	0	0	0	0	0	0	0	0	0	0	0	0	0	0	0	0	0	0	0	0	0	0	0	0	0	0	0	0	0	0	0	0	0	0	0	0	0	0	0	0	0	0	0	0	0	0	0	0	0	0	0	0	0	0	0	0	0	0	0	0	0	0	0	0	0	0	0	0	0	0	0	0	0	0	0	0	0	0	0	0	0	0	0	0	0	0	0	0	0	0	0	0	0	0	0	0	0	0	0	0	0	0	0	0	0	0	0	0	0	0	0	0	0	0	0	0	0	0	0	0	0	0	0	0	0	0	0	0	0	0	0	0	0	0	0	0	0	0	0	0	0	0	0	0	0	0	0	0	0	0	0	0	0	0	0	0	0	0	0	0	0	0	0	0	0	0	0	0	0	0	0	0	0	0	0	0	0	0	0	0	0	0	0	0	0	0	0
chr9	17934229	0	0	0	0	0	0	0	0	0	0	0	0	0	0	0	0	0	0	1	0	0	0	0	0	0	0	0	0	0	0	0	0	0	0	0	0	0	0	0	0	0	0	0	0	0	0	0	0	0	0	0	0	0	0	0	0	0	0	0	0	0	0	0	0	0	0	0	0	0	0	0	0	0	0	0	0	0	0	0	0	0	1	0	0	0	0	0	0	0	0	0	0	0	0	0	0	0	0	0	0	0	0	0	0	0	0	0	0	0	0	0	0	0	0	0	0	0	0	0	0	0	0	0	0	0	0	0	0	0	0	0	0	0	0	0	0	0	0	0	0	0	0	0	0	0	0	0	0	0	0	0	0	0	0	0	2	0	0	0	0	0	0	0	0	0	0	0	0	0	0	0	0	0	0	0	0	0	0	0	0	0	0	0	0	0	0	0	0	0	0	0	0	0	0	0	0	0	0	0	0	0	0	0	0	0	0	0	0	0	0	0	0	0	0	0	0	0	0	0	0	0	0	0	0	0	0	0	0	0	0	0	0	0	0	0	0	0	0	0	0	0	0	0	0	0	0	0	0	0	0	0	0	0	0	0	0	0	0	0	0	0	0	0	0	0	0	0	0	0	0	0	0	0	0	0	0	0	0	0	0	0	0	0	0	0	0	0	0	0	0	0	0	0	0	0	0	0	0	0	0	0	0	0	0	0	0	0	0	0	0	0	0	0	0	0	0	0	0	0	0	0	0	0	0	0	0	0	0	0	0	0	0	0	0	0	0	0	0	0	0	0	0	0	0	0	0	0	0	0	0	0	0	0	0	0	0	0	0	0	0	0	0	0	0	0	0	0	0	0	0	0	0	0	0	0	0	0	0	0	0	0	0	0	0
chr9	17934230	0	0	0	0	0	0	0	0	0	0	0	0	0	0	0	0	0	0	1	0	0	0	0	0	0	0	0	0	0	0	0	0	0	0	0	0	0	0	0	0	0	0	0	0	0	0	0	0	0	0	0	0	0	0	0	0	0	0	0	0	0	0	0	0	0	0	0	0	0	0	0	0	0	0	0	0	0	0	0	0	0	1	0	0	0	0	0	0	0	0	0	0	0	0	0	0	0	0	0	0	0	0	0	0	0	0	0	0	0	0	0	0	0	0	0	0	0	0	0	0	0	0	0	0	0	0	0	0	0	0	0	0	0	0	0	0	0	0	0	0	0	0	0	0	0	0	0	0	0	0	0	0	0	0	0	2	0	0	0	0	0	0	0	0	0	0	0	0	0	0	0	0	0	0	0	0	0	0	0	0	0	0	0	0	0	0	0	0	0	0	0	0	0	0	0	0	0	0	0	0	0	0	0	0	0	0	0	0	0	0	0	0	0	0	0	0	0	0	0	0	0	0	0	0	0	0	0	0	0	0	0	0	0	0	0	0	0	0	0	0	0	0	0	0	0	0	0	0	0	0	0	0	0	0	0	0	0	0	0	0	0	0	0	0	0	0	0	0	0	0	0	0	0	0	0	0	0	0	0	0	0	0	0	0	0	0	0	0	0	0	0	0	0	0	0	0	0	0	0	0	0	0	0	0	0	0	0	0	0	0	0	0	0	0	0	0	0	0	0	0	0	0	0	0	0	0	0	0	0	0	0	0	0	0	0	0	0	0	0	0	0	0	0	0	0	0	0	0	0	0	0	0	0	0	0	0	0	0	0	0	0	0	0	0	0	0	0	0	0	0	0	0	0	0	0	0	0	0	0	0	0	0	0	0
chr9	17934231	0	0	0	0	0	0	0	0	0	0	0	0	0	0	0	0	0	0	1	0	0	0	0	0	0	0	0	0	0	0	0	0	0	0	0	0	0	0	0	0	0	0	0	0	0	0	0	0	0	0	0	0	0	0	0	0	0	0	0	0	0	0	0	0	0	0	0	0	0	0	0	0	0	0	0	0	0	0	0	0	0	1	0	0	0	0	0	0	0	0	0	0	0	0	0	0	0	0	0	0	0	0	0	0	0	0	0	0	0	0	0	0	0	0	0	0	0	0	0	0	0	0	0	0	0	0	0	0	0	0	0	0	0	0	0	0	0	0	0	0	0	0	0	0	0	0	0	0	0	0	0	0	0	0	0	2	0	0	0	0	0	0	0	0	0	0	0	0	0	0	0	0	0	0	0	0	0	0	0	0	0	0	0	0	0	0	0	0	0	0	0	0	0	0	0	0	0	0	0	0	0	0	0	0	0	0	0	0	0	0	0	0	0	0	0	0	0	0	0	0	0	0	0	0	0	0	0	0	0	0	0	0	0	0	0	0	0	0	0	0	0	0	0	0	0	0	0	0	0	0	0	0	0	0	0	0	0	0	0	0	0	0	0	0	0	0	0	0	0	0	0	0	0	0	0	0	0	0	0	0	0	0	0	0	0	0	0	0	0	0	0	0	0	0	0	0	0	0	0	0	0	0	0	0	0	0	0	0	0	0	0	0	0	0	0	0	0	0	0	0	0	0	0	0	0	0	0	0	0	0	0	0	0	0	0	0	0	0	0	0	0	0	0	0	0	0	0	0	0	0	0	0	0	0	0	0	0	0	0	0	0	0	0	0	0	0	0	0	0	0	0	0	0	0	0	0	0	0	0	0	0	0	0	0
chr9	17934232	0	0	0	0	0	0	0	0	0	0	0	0	0	0	0	0	0	0	1	0	0	0	0	0	0	0	0	0	0	0	0	0	0	0	0	0	0	0	0	0	0	0	0	0	0	0	0	0	0	0	0	0	0	0	0	0	0	0	0	0	0	0	0	0	0	0	0	0	0	0	0	0	0	0	0	0	0	0	0	0	0	1	0	0	0	0	0	0	0	0	0	0	0	0	0	0	0	0	0	0	0	0	0	0	0	0	0	0	0	0	0	0	0	0	0	0	0	0	0	0	0	0	0	0	0	0	0	0	0	0	0	0	0	0	0	0	0	0	0	0	0	0	0	0	0	0	0	0	0	0	0	0	0	0	0	2	0	0	0	0	0	0	0	0	0	0	0	0	0	0	0	0	0	0	0	0	0	0	0	0	0	0	0	0	0	0	0	0	0	0	0	0	0	0	0	0	0	0	0	0	0	0	0	0	0	0	0	0	0	0	0	0	0	0	0	0	0	0	0	0	0	0	0	0	0	0	0	0	0	0	0	0	0	0	0	0	0	0	0	0	0	0	0	0	0	0	0	0	0	0	0	0	0	0	0	0	0	0	0	0	0	0	0	0	0	0	0	0	0	0	0	0	0	0	0	0	0	0	0	0	0	0	0	0	0	0	0	0	0	0	0	0	0	0	0	0	0	0	0	0	0	0	0	0	0	0	0	0	0	0	0	0	0	0	0	0	0	0	0	0	0	0	0	0	0	0	0	0	0	0	0	0	0	0	0	0	0	0	0	0	0	0	0	0	0	0	0	0	0	0	0	0	0	0	0	0	0	0	0	0	0	0	0	0	0	0	0	0	0	0	0	0	0	0	0	0	0	0	0	0	0	0	0	0
chr9	17934233	0	0	0	0	0	0	0	0	0	0	0	0	0	0	0	0	0	0	1	0	0	0	0	0	0	0	0	0	0	0	0	0	0	0	0	0	0	0	0	0	0	0	0	0	0	0	0	0	0	0	0	0	0	0	0	0	0	0	0	0	0	0	0	0	0	0	0	0	0	0	0	0	0	0	0	0	0	0	0	0	0	1	0	0	0	0	0	0	0	0	0	0	0	0	0	0	0	0	0	0	0	0	0	0	0	0	0	0	0	0	0	0	0	0	0	0	0	0	0	0	0	0	0	0	0	0	0	0	0	0	0	0	0	0	0	0	0	0	0	0	0	0	0	0	0	0	0	0	0	0	0	0	0	0	0	2	0	0	0	0	0	0	0	0	0	0	0	0	0	0	0	0	0	0	0	0	0	0	0	0	0	0	0	0	0	0	0	0	0	0	0	0	0	0	0	0	0	0	0	0	0	0	0	0	0	0	0	0	0	0	0	0	0	0	0	0	0	0	0	0	0	0	0	0	0	0	0	0	0	0	0	0	0	0	0	0	0	0	0	0	0	0	0	0	0	0	0	0	0	0	0	0	0	0	0	0	0	0	0	0	0	0	0	0	0	0	0	0	0	0	0	0	0	0	0	0	0	0	0	0	0	0	0	0	0	0	0	0	0	0	0	0	0	0	0	0	0	0	0	0	0	0	0	0	0	0	0	0	0	0	0	0	0	0	0	0	0	0	0	0	0	0	0	0	0	0	0	0	0	0	0	0	0	0	0	0	0	0	0	0	0	0	0	0	0	0	0	0	0	0	0	0	0	0	0	0	0	0	0	0	0	0	0	0	0	0	0	0	0	0	0	0	0	0	0	0	0	0	0	0	0	0	0	0
chr9	17934234	0	0	0	0	0	0	0	0	0	0	0	0	0	0	0	0	0	0	1	0	0	0	0	0	0	0	0	0	0	0	0	0	0	0	0	0	0	0	0	0	0	0	0	0	0	0	0	0	0	0	0	0	0	0	0	0	0	0	0	0	0	0	0	0	0	0	0	0	0	0	0	0	0	0	0	0	0	0	0	0	0	1	0	0	0	0	0	0	0	0	0	0	0	0	0	0	0	0	0	0	0	0	0	0	0	0	0	0	0	0	0	0	0	0	0	0	0	0	0	0	0	0	0	0	0	0	0	0	0	0	0	0	0	0	0	0	0	0	0	0	0	0	0	0	0	0	0	0	0	0	0	0	0	0	0	2	0	0	0	0	0	0	0	0	0	0	0	0	0	0	0	0	0	0	0	0	0	0	0	0	0	0	0	0	0	0	0	0	0	0	0	0	0	0	0	0	0	0	0	0	0	0	0	0	0	0	0	0	0	0	0	0	0	0	0	0	0	0	0	0	0	0	0	0	0	0	0	0	0	0	0	0	0	0	0	0	0	0	0	0	0	0	0	0	0	0	0	0	0	0	0	0	0	0	0	0	0	0	0	0	0	0	0	0	0	0	0	0	0	0	0	0	0	0	0	0	0	0	0	0	0	0	0	0	0	0	0	0	0	0	0	0	0	0	0	0	0	0	0	0	0	0	0	0	0	0	0	0	0	0	0	0	0	0	0	0	0	0	0	0	0	0	0	0	0	0	0	0	0	0	0	0	0	0	0	0	0	0	0	0	0	0	0	0	0	0	0	0	0	0	0	0	0	0	0	0	0	0	0	0	0	0	0	0	0	0	0	0	0	0	0	0	0	0	0	0	0	0	0	0	0	0	0	0
chr9	17934235	0	0	0	0	0	0	0	0	0	0	0	0	0	0	0	0	0	0	1	0	0	0	0	0	0	0	0	0	0	0	0	0	0	0	0	0	0	0	0	0	0	0	0	0	0	0	0	0	0	0	0	0	0	0	0	0	0	0	0	0	0	0	0	0	0	0	0	0	0	0	0	0	0	0	0	0	0	0	0	0	0	1	0	0	0	0	0	0	0	0	0	0	0	0	0	0	0	0	0	0	0	0	0	0	0	0	0	0	0	0	0	0	0	0	0	0	0	0	0	0	0	0	0	0	0	0	0	0	0	0	0	0	0	0	0	0	0	0	0	0	0	0	0	0	0	0	0	0	0	0	0	0	0	0	0	2	0	0	0	0	0	0	0	0	0	0	0	0	0	0	0	0	0	0	0	0	0	0	0	0	0	0	0	0	0	0	0	0	0	0	0	0	0	0	0	0	0	0	0	0	0	0	0	0	0	0	0	0	0	0	0	0	0	0	0	0	0	0	0	0	0	0	0	0	0	0	0	0	0	0	0	0	0	0	0	0	0	0	0	0	0	0	0	0	0	0	0	0	0	0	0	0	0	0	0	0	0	0	0	0	0	0	0	0	0	0	0	0	0	0	0	0	0	0	0	0	0	0	0	0	0	0	0	0	0	0	0	0	0	0	0	0	0	0	0	0	0	0	0	0	0	0	0	0	0	0	0	0	0	0	0	0	0	0	0	0	0	0	0	0	0	0	0	0	0	0	0	0	0	0	0	0	0	0	0	0	0	0	0	0	0	0	0	0	0	0	0	0	0	0	0	0	0	0	0	0	0	0	0	0	0	0	0	0	0	0	0	0	0	0	0	0	0	0	0	0	0	0	0	0	0	0	0	0
chr9	17934236	0	0	0	0	0	0	0	0	0	0	0	0	0	0	0	0	0	0	1	0	0	0	0	0	0	0	0	0	0	0	0	0	0	0	0	0	0	0	0	0	0	0	0	0	0	0	0	0	0	0	0	0	0	0	0	0	0	0	0	0	0	0	0	0	0	0	0	0	0	0	0	0	0	0	0	0	0	0	0	0	0	1	0	0	0	0	0	0	0	0	0	0	0	0	0	0	0	0	0	0	0	0	0	0	0	0	0	0	0	0	0	0	0	0	0	0	0	0	0	0	0	0	0	0	0	0	0	0	0	0	0	0	0	0	0	0	0	0	0	0	0	0	0	0	0	0	0	0	0	0	0	0	0	0	0	2	0	0	0	0	0	0	0	0	0	0	0	0	0	0	0	0	0	0	0	0	0	0	0	0	0	0	0	0	0	0	0	0	0	0	0	0	0	0	0	0	0	0	0	0	0	0	0	0	0	0	0	0	0	0	0	0	0	0	0	0	0	0	0	0	0	0	0	0	0	0	0	0	0	0	0	0	0	0	0	0	0	0	0	0	0	0	0	0	0	0	0	0	0	0	0	0	0	0	0	0	0	0	0	0	0	0	0	0	0	0	0	0	0	0	0	0	0	0	0	0	0	0	0	0	0	0	0	0	0	0	0	0	0	0	0	0	0	0	0	0	0	0	0	0	0	0	0	0	0	0	0	0	0	0	0	0	0	0	0	0	0	0	0	0	0	0	0	0	0	0	0	0	0	0	0	0	0	0	0	0	0	0	0	0	0	0	0	0	0	0	0	0	0	0	0	0	0	0	0	0	0	0	0	0	0	0	0	0	0	0	0	0	0	0	0	0	0	0	0	0	0	0	0	0	0	0	0	0
chr9	17934237	0	0	0	0	0	0	0	0	0	0	0	0	0	0	0	0	0	0	1	0	0	0	0	0	0	0	0	0	0	0	0	0	0	0	0	0	0	0	0	0	0	0	0	0	0	0	0	0	0	0	0	0	0	0	0	0	0	0	0	0	0	0	0	0	0	0	0	0	0	0	0	0	0	0	0	0	0	0	0	0	0	1	0	0	0	0	0	0	0	0	0	0	0	0	0	0	0	0	0	0	0	0	0	0	0	0	0	0	0	0	0	0	0	0	0	0	0	0	0	0	0	0	0	0	0	0	0	0	0	0	0	0	0	0	0	0	0	0	0	0	0	0	0	0	0	0	0	0	0	0	0	0	0	0	0	2	0	0	0	0	0	0	0	0	0	0	0	0	0	0	0	0	0	0	0	0	0	0	0	0	0	0	0	0	0	0	0	0	0	0	0	0	0	0	0	0	0	0	0	0	0	0	0	0	0	0	0	0	0	0	0	0	0	0	0	0	0	0	0	0	0	0	0	0	0	0	0	0	0	0	0	0	0	0	0	0	0	0	0	0	0	0	0	0	0	0	0	0	0	0	0	0	0	0	0	0	0	0	0	0	0	0	0	0	0	0	0	0	0	0	0	0	0	0	0	0	0	0	0	0	0	0	0	0	0	0	0	0	0	0	0	0	0	0	0	0	0	0	0	0	0	0	0	0	0	0	0	0	0	0	0	0	0	0	0	0	0	0	0	0	0	0	0	0	0	0	0	0	0	0	0	0	0	0	0	0	0	0	0	0	0	0	0	0	0	0	0	0	0	0	0	0	0	0	0	0	0	0	0	0	0	0	0	0	0	0	0	0	0	0	0	0	0	0	0	0	0	0	0	0	0	0	0	0
chr9	17934238	0	0	0	0	0	0	0	0	0	0	0	0	0	0	0	0	0	0	1	0	0	0	0	0	0	0	0	0	0	0	0	0	0	0	0	0	0	0	0	0	0	0	0	0	0	0	0	0	0	0	0	0	0	0	0	0	0	0	0	0	0	0	0	0	0	0	0	0	0	0	0	0	0	0	0	0	0	0	0	0	0	1	0	0	0	0	0	0	0	0	0	0	0	0	0	0	0	0	0	0	0	0	0	0	0	0	0	0	0	0	0	0	0	0	0	0	0	0	0	0	0	0	0	0	0	0	0	0	0	0	0	0	0	0	0	0	0	0	0	0	0	0	0	0	0	0	0	0	0	0	0	0	0	0	0	2	0	0	0	0	0	0	0	0	0	0	0	0	0	0	0	0	0	0	0	0	0	0	0	0	0	0	0	0	0	0	0	0	0	0	0	0	0	0	0	0	0	0	0	0	0	0	0	0	0	0	0	0	0	0	0	0	0	0	0	0	0	0	0	0	0	0	0	0	0	0	0	0	0	0	0	0	0	0	0	0	0	0	0	0	0	0	0	0	0	0	0	0	0	0	0	0	0	0	0	0	0	0	0	0	0	0	0	0	0	0	0	0	0	0	0	0	0	0	0	0	0	0	0	0	0	0	0	0	0	0	0	0	0	0	0	0	0	0	0	0	0	0	0	0	0	0	0	0	0	0	0	0	0	0	0	0	0	0	0	0	0	0	0	0	0	0	0	0	0	0	0	0	0	0	0	0	0	0	0	0	0	0	0	0	0	0	0	0	0	0	0	0	0	0	0	0	0	0	0	0	0	0	0	0	0	0	0	0	0	0	0	0	0	0	0	0	0	0	0	0	0	0	0	0	0	0	0	0
chr9	17934239	0	0	0	0	0	0	0	0	0	0	0	0	0	0	0	0	0	0	1	0	0	0	0	0	0	0	0	0	0	0	0	0	0	0	0	0	0	0	0	0	0	0	0	0	0	0	0	0	0	0	0	0	0	0	0	0	0	0	0	0	0	0	0	0	0	0	0	0	0	0	0	0	0	0	0	0	0	0	0	0	0	1	0	0	0	0	0	0	0	0	0	0	0	0	0	0	0	0	0	0	0	0	0	0	0	0	0	0	0	0	0	0	0	0	0	0	0	0	0	0	0	0	0	0	0	0	0	0	0	0	0	0	0	0	0	0	0	0	0	0	0	0	0	0	0	0	0	0	0	0	0	0	0	0	0	2	0	0	0	0	0	0	0	0	0	0	0	0	0	0	0	0	0	0	0	0	0	0	0	0	0	0	0	0	0	0	0	0	0	0	0	0	0	0	0	0	0	0	0	0	0	0	0	0	0	0	0	0	0	0	0	0	0	0	0	0	0	0	0	0	0	0	0	0	0	0	0	0	0	0	0	0	0	0	0	0	0	0	0	0	0	0	0	0	0	0	0	0	0	0	0	0	0	0	0	0	0	0	0	0	0	0	0	0	0	0	0	0	0	0	0	0	0	0	0	0	0	0	0	0	0	0	0	0	0	0	0	0	0	0	0	0	0	0	0	0	0	0	0	0	0	0	0	0	0	0	0	0	0	0	0	0	0	0	0	0	0	0	0	0	0	0	0	0	0	0	0	0	0	0	0	0	0	0	0	0	0	0	0	0	0	0	0	0	0	0	0	0	0	0	0	0	0	0	0	0	0	0	0	0	0	0	0	0	0	0	0	0	0	0	0	0	0	0	0	0	0	0	0	0	0	0	0	0
chr9	17934240	0	0	0	0	0	0	0	0	0	0	0	0	0	0	0	0	0	0	1	0	0	0	0	0	0	0	0	0	0	0	0	0	0	0	0	0	0	0	0	0	0	0	0	0	0	0	0	0	0	0	0	0	0	0	0	0	0	0	0	0	0	0	0	0	0	0	0	0	0	0	0	0	0	0	0	0	0	0	0	0	0	1	0	0	0	0	0	0	0	0	0	0	0	0	0	0	0	0	0	0	0	0	0	0	0	0	0	0	0	0	0	0	0	0	0	0	0	0	0	0	0	0	0	0	0	0	0	0	0	0	0	0	0	0	0	0	0	0	0	0	0	0	0	0	0	0	0	0	0	0	0	0	0	0	0	2	0	0	0	0	0	0	0	0	0	0	0	0	0	0	0	0	0	0	0	0	0	0	0	0	0	0	0	0	0	0	0	0	0	0	0	0	0	0	0	0	0	0	0	0	0	0	0	0	0	0	0	0	0	0	0	0	0	0	0	0	0	0	0	0	0	0	0	0	0	0	0	0	0	0	0	0	0	0	0	0	0	0	0	0	0	0	0	0	0	0	0	0	0	0	0	0	0	0	0	0	0	0	0	0	0	0	0	0	0	0	0	0	0	0	0	0	0	0	0	0	0	0	0	0	0	0	0	0	0	0	0	0	0	0	0	0	0	0	0	0	0	0	0	0	0	0	0	0	0	0	0	0	0	0	0	0	0	0	0	0	0	0	0	0	0	0	0	0	0	0	0	0	0	0	0	0	0	0	0	0	0	0	0	0	0	0	0	0	0	0	0	0	0	0	0	0	0	0	0	0	0	0	0	0	0	0	0	0	0	0	0	0	0	0	0	0	0	0	0	0	0	0	0	0	0	0	0	0
chr9	17934241	0	0	0	0	0	0	0	0	0	0	0	0	0	0	0	0	0	0	1	0	0	0	0	0	0	0	0	0	0	0	0	0	0	0	0	0	0	0	0	0	0	0	0	0	0	0	0	0	0	0	0	0	0	0	0	0	0	0	0	0	0	0	0	0	0	0	0	0	0	0	0	0	0	0	0	0	0	0	0	0	0	1	0	0	0	0	0	0	0	0	0	0	0	0	0	0	0	0	0	0	0	0	0	0	0	0	0	0	0	0	0	0	0	0	0	0	0	0	0	0	0	0	0	0	0	0	0	0	0	0	0	0	0	0	0	0	0	0	0	0	0	0	0	0	0	0	0	0	0	0	0	0	0	0	0	2	0	0	0	0	0	0	0	0	0	0	0	0	0	0	0	0	0	0	0	0	0	0	0	0	0	0	0	0	0	0	0	0	0	0	0	0	0	0	0	0	0	0	0	0	0	0	0	0	0	0	0	0	0	0	0	0	0	0	0	0	0	0	0	0	0	0	0	0	0	0	0	0	0	0	0	0	0	0	0	0	0	0	0	0	0	0	0	0	0	0	0	0	0	0	0	0	0	0	0	0	0	0	0	0	0	0	0	0	0	0	0	0	0	0	0	0	0	0	0	0	0	0	0	0	0	0	0	0	0	0	0	0	0	0	0	0	0	0	0	0	0	0	0	0	0	0	0	0	0	0	0	0	0	0	0	0	0	0	0	0	0	0	0	0	0	0	0	0	0	0	0	0	0	0	0	0	0	0	0	0	0	0	0	0	0	0	0	0	0	0	0	0	0	0	0	0	0	0	0	0	0	0	0	0	0	0	0	0	0	0	0	0	0	0	0	0	0	0	0	0	0	0	0	0	0	0	0	0
chr9	17934242	0	0	0	0	0	0	0	0	0	0	0	0	0	0	0	0	0	0	1	0	0	0	0	0	0	0	0	0	0	0	0	0	0	0	0	0	0	0	0	0	0	0	0	0	0	0	0	0	0	0	0	0	0	0	0	0	0	0	0	0	0	0	0	0	0	0	0	0	0	0	0	0	0	0	0	0	0	0	0	0	0	1	0	0	0	0	0	0	0	0	0	0	0	0	0	0	0	0	0	0	0	0	0	0	0	0	0	0	0	0	0	0	0	0	0	0	0	0	0	0	0	0	0	0	0	0	0	0	0	0	0	0	0	0	0	0	0	0	0	0	0	0	0	0	0	0	0	0	0	0	0	0	0	0	0	2	0	0	0	0	0	0	0	0	0	0	0	0	0	0	0	0	0	0	0	0	0	0	0	0	0	0	0	0	0	0	0	0	0	0	0	0	0	0	0	0	0	0	0	0	0	0	0	0	0	0	0	0	0	0	0	0	0	0	0	0	0	0	0	0	0	0	0	0	0	0	0	0	0	0	0	0	0	0	0	0	0	0	0	0	0	0	0	0	0	0	0	0	0	0	0	0	0	0	0	0	0	0	0	0	0	0	0	0	0	0	0	0	0	0	0	0	0	0	0	0	0	0	0	0	0	0	0	0	0	0	0	0	0	0	0	0	0	0	0	0	0	0	0	0	0	0	0	0	0	0	0	0	0	0	0	0	0	0	0	0	0	0	0	0	0	0	0	0	0	0	0	0	0	0	0	0	0	0	0	0	0	0	0	0	0	0	0	0	0	0	0	0	0	0	0	0	0	0	0	0	0	0	0	0	0	0	0	0	0	0	0	0	0	0	0	0	0	0	0	0	0	0	0	0	0	0	0	0
chr9	17934243	0	0	0	0	0	0	0	0	0	0	0	0	0	0	0	0	0	0	1	0	0	0	0	0	0	0	0	0	0	0	0	0	0	0	0	0	0	0	0	0	0	0	0	0	0	0	0	0	0	0	0	0	0	0	0	0	0	0	0	0	0	0	0	0	0	0	0	0	0	0	0	0	0	0	0	0	0	0	0	0	0	1	0	0	0	0	0	0	0	0	0	0	0	0	0	0	0	0	0	0	0	0	0	0	0	0	0	0	0	0	0	0	0	0	0	0	0	0	0	0	0	0	0	0	0	0	0	0	0	0	0	0	0	0	0	0	0	0	0	0	0	0	0	0	0	0	0	0	0	0	0	0	0	0	0	2	0	0	0	0	0	0	0	0	0	0	0	0	0	0	0	0	0	0	0	0	0	0	0	0	0	0	0	0	0	0	0	0	0	0	0	0	0	0	0	0	0	0	0	0	0	0	0	0	0	0	0	0	0	0	0	0	0	0	0	0	0	0	0	0	0	0	0	0	0	0	0	0	0	0	0	0	0	0	0	0	0	0	0	0	0	0	0	0	0	0	0	0	0	0	0	0	0	0	0	0	0	0	0	0	0	0	0	0	0	0	0	0	0	0	0	0	0	0	0	0	0	0	0	0	0	0	0	0	0	0	0	0	0	0	0	0	0	0	0	0	0	0	0	0	0	0	0	0	0	0	0	0	0	0	0	0	0	0	0	0	0	0	0	0	0	0	0	0	0	0	0	0	0	0	0	0	0	0	0	0	0	0	0	0	0	0	0	0	0	0	0	0	0	0	0	0	0	0	0	0	0	0	0	0	0	0	0	0	0	0	0	0	0	0	0	0	0	0	0	0	0	0	0	0	0	0	0	0
chr9	17934244	0	0	0	0	0	0	0	0	0	0	0	0	0	0	0	0	0	0	1	0	0	0	0	0	0	0	0	0	0	0	0	0	0	0	0	0	0	0	0	0	0	0	0	0	0	0	0	0	0	0	0	0	0	0	0	0	0	0	0	0	0	0	0	0	0	0	0	0	0	0	0	0	0	0	0	0	0	0	0	0	0	1	0	0	0	0	0	0	0	0	0	0	0	0	0	0	0	0	0	0	0	0	0	0	0	0	0	0	0	0	0	0	0	0	0	0	0	0	0	0	0	0	0	0	0	0	0	0	0	0	0	0	0	0	0	0	0	0	0	0	0	0	0	0	0	0	0	0	0	0	0	0	0	0	0	2	0	0	0	0	0	0	0	0	0	0	0	0	0	0	0	0	0	0	0	0	0	0	0	0	0	0	0	0	0	0	0	0	0	0	0	0	0	0	0	0	0	0	0	0	0	0	0	0	0	0	0	0	0	0	0	0	0	0	0	0	0	0	0	0	0	0	0	0	0	0	0	0	0	0	0	0	0	0	0	0	0	0	0	0	0	0	0	0	0	0	0	0	0	0	0	0	0	0	0	0	0	0	0	0	0	0	0	0	0	0	0	0	0	0	0	0	0	0	0	0	0	0	0	0	0	0	0	0	0	0	0	0	0	0	0	0	0	0	0	0	0	0	0	0	0	0	0	0	0	0	0	0	0	0	0	0	0	0	0	0	0	0	0	0	0	0	0	0	0	0	0	0	0	0	0	0	0	0	0	0	0	0	0	0	0	0	0	0	0	0	0	0	0	0	0	0	0	0	0	0	0	0	0	0	0	0	0	0	0	0	0	0	0	0	0	0	0	0	0	0	0	0	0	0	0	0	0	0
chr9	17934245	0	0	0	0	0	0	0	0	0	0	0	0	0	0	0	0	0	0	1	0	0	0	0	0	0	0	0	0	0	0	0	0	0	0	0	0	0	0	0	0	0	0	0	0	0	0	0	0	0	0	0	0	0	0	0	0	0	0	0	0	0	0	0	0	0	0	0	0	0	0	0	0	0	0	0	0	0	0	0	0	0	1	0	0	0	0	0	0	0	0	0	0	0	0	0	0	0	0	0	0	0	0	0	0	0	0	0	0	0	0	0	0	0	0	0	0	0	0	0	0	0	0	0	0	0	0	0	0	0	0	0	0	0	0	0	0	0	0	0	0	0	0	0	0	0	0	0	0	0	0	0	0	0	0	0	2	0	0	0	0	0	0	0	0	0	0	0	0	0	0	0	0	0	0	0	0	0	0	0	0	0	0	0	0	0	0	0	0	0	0	0	0	0	0	0	0	0	0	0	0	0	0	0	0	0	0	0	0	0	0	0	0	0	0	0	0	0	0	0	0	0	0	0	0	0	0	0	0	0	0	0	0	0	0	0	0	0	0	0	0	0	0	0	0	0	0	0	0	0	0	0	0	0	0	0	0	0	0	0	0	0	0	0	0	0	0	0	0	0	0	0	0	0	0	0	0	0	0	0	0	0	0	0	0	0	0	0	0	0	0	0	0	0	0	0	0	0	0	0	0	0	0	0	0	0	0	0	0	0	0	0	0	0	0	0	0	0	0	0	0	0	0	0	0	0	0	0	0	0	0	0	0	0	0	0	0	0	0	0	0	0	0	0	0	0	0	0	0	0	0	0	0	0	0	0	0	0	0	0	0	0	0	0	0	0	0	0	0	0	0	0	0	0	0	0	0	0	0	0	0	0	0	0	0
chr9	17934246	0	0	0	0	0	0	0	0	0	0	0	0	0	0	0	0	0	0	1	0	0	0	0	0	0	0	0	0	0	0	0	0	0	0	0	0	0	0	0	0	0	0	0	0	0	0	0	0	0	0	0	0	0	0	0	0	0	0	0	0	0	0	0	0	0	0	0	0	0	0	0	0	0	0	0	0	0	0	0	0	0	1	0	0	0	0	0	0	0	0	0	0	0	0	0	0	0	0	0	0	0	0	0	0	0	0	0	0	0	0	0	0	0	0	0	0	0	0	0	0	0	0	0	0	0	0	0	0	0	0	0	0	0	0	0	0	0	0	0	0	0	0	0	0	0	0	0	0	0	0	0	0	0	0	0	2	0	0	0	0	0	0	0	0	0	0	0	0	0	0	0	0	0	0	0	0	0	0	0	0	0	0	0	0	0	0	0	0	0	0	0	0	0	0	0	0	0	0	0	0	0	0	0	0	0	0	0	0	0	0	0	0	0	0	0	0	0	0	0	0	0	0	0	0	0	0	0	0	0	0	0	0	0	0	0	0	0	0	0	0	0	0	0	0	0	0	0	0	0	0	0	0	0	0	0	0	0	0	0	0	0	0	0	0	0	0	0	0	0	0	0	0	0	0	0	0	0	0	0	0	0	0	0	0	0	0	0	0	0	0	0	0	0	0	0	0	0	0	0	0	0	0	0	0	0	0	0	0	0	0	0	0	0	0	0	0	0	0	0	0	0	0	0	0	0	0	0	0	0	0	0	0	0	0	0	0	0	0	0	0	0	0	0	0	0	0	0	0	0	0	0	0	0	0	0	0	0	0	0	0	0	0	0	0	0	0	0	0	0	0	0	0	0	0	0	0	0	0	0	0	0	0	0	0
chr9	17934247	0	0	0	0	0	0	0	0	0	0	0	0	0	0	0	0	0	0	1	0	0	0	0	0	0	0	0	0	0	0	0	0	0	0	0	0	0	0	0	0	0	0	0	0	0	0	0	0	0	0	0	0	0	0	0	0	0	0	0	0	0	0	0	0	0	0	0	0	0	0	0	0	0	0	0	0	0	0	0	0	0	1	0	0	0	0	0	0	0	0	0	0	0	0	0	0	0	0	0	0	0	0	0	0	0	0	0	0	0	0	0	0	0	0	0	0	0	0	0	0	0	0	0	0	0	0	0	0	0	0	0	0	0	0	0	0	0	0	0	0	0	0	0	0	0	0	0	0	0	0	0	0	0	0	0	2	0	0	0	0	0	0	0	0	0	0	0	0	0	0	0	0	0	0	0	0	0	0	0	0	0	0	0	0	0	0	0	0	0	0	0	0	0	0	0	0	0	0	0	0	0	0	0	0	0	0	0	0	0	0	0	0	0	0	0	0	0	0	0	0	0	0	0	0	0	0	0	0	0	0	0	0	0	0	0	0	0	0	0	0	0	0	0	0	0	0	0	0	0	0	0	0	0	0	0	0	0	0	0	0	0	0	0	0	0	0	0	0	0	0	0	0	0	0	0	0	0	0	0	0	0	0	0	0	0	0	0	0	0	0	0	0	0	0	0	0	0	0	0	0	0	0	0	0	0	0	0	0	0	0	0	0	0	0	0	0	0	0	0	0	0	0	0	0	0	0	0	0	0	0	0	0	0	0	0	0	0	0	0	0	0	0	0	0	0	0	0	0	0	0	0	0	0	0	0	0	0	0	0	0	0	0	0	0	0	0	0	0	0	0	0	0	0	0	0	0	0	0	0	0	0	0	0	0
chr9	17934248	0	0	0	0	0	0	0	0	0	0	0	0	0	0	0	0	0	0	1	0	0	0	0	0	0	0	0	0	0	0	0	0	0	0	0	0	0	0	0	0	0	0	0	0	0	0	0	0	0	0	0	0	0	0	0	0	0	0	0	0	0	0	0	0	0	0	0	0	0	0	0	0	0	0	0	0	0	0	0	0	0	1	0	0	0	0	0	0	0	0	0	0	0	0	0	0	0	0	0	0	0	0	0	0	0	0	0	0	0	0	0	0	0	0	0	0	0	0	0	0	0	0	0	0	0	0	0	0	0	0	0	0	0	0	0	0	0	0	0	0	0	0	0	0	0	0	0	0	0	0	0	0	0	0	0	2	0	0	0	0	0	0	0	0	0	0	0	0	0	0	0	0	0	0	0	0	0	0	0	0	0	0	0	0	0	0	0	0	0	0	0	0	0	0	0	0	0	0	0	0	0	0	0	0	0	0	0	0	0	0	0	0	0	0	0	0	0	0	0	0	0	0	0	0	0	0	0	0	0	0	0	0	0	0	0	0	0	0	0	0	0	0	0	0	0	0	0	0	0	0	0	0	0	0	0	0	0	0	0	0	0	0	0	0	0	0	0	0	0	0	0	0	0	0	0	0	0	0	0	0	0	0	0	0	0	0	0	0	0	0	0	0	0	0	0	0	0	0	0	0	0	0	0	0	0	0	0	0	0	0	0	0	0	0	0	0	0	0	0	0	0	0	0	0	0	0	0	0	0	0	0	0	0	0	0	0	0	0	0	0	0	0	0	0	0	0	0	0	0	0	0	0	0	0	0	0	0	0	0	0	0	0	0	0	0	0	0	0	0	0	0	0	0	0	0	0	0	0	0	0	0	0	0	0
chr9	17934249	0	0	0	0	0	0	0	0	0	0	0	0	0	0	0	0	0	0	1	0	0	0	0	0	0	0	0	0	0	0	0	0	0	0	0	0	0	0	0	0	0	0	0	0	0	0	0	0	0	0	0	0	0	0	0	0	0	0	0	0	0	0	0	0	0	0	0	0	0	0	0	0	0	0	0	0	0	0	0	0	0	1	0	0	0	0	0	0	0	0	0	0	0	0	0	0	0	0	0	0	0	0	0	0	0	0	0	0	0	0	0	0	0	0	0	0	0	0	0	0	0	0	0	0	0	0	0	0	0	0	0	0	0	0	0	0	0	0	0	0	0	0	0	0	0	0	0	0	0	0	0	0	0	0	0	2	0	0	0	0	0	0	0	0	0	0	0	0	0	0	0	0	0	0	0	0	0	0	0	0	0	0	0	0	0	0	0	0	0	0	0	0	0	0	0	0	0	0	0	0	0	0	0	0	0	0	0	0	0	0	0	0	0	0	0	0	0	0	0	0	0	0	0	0	0	0	0	0	0	0	0	0	0	0	0	0	0	0	0	0	0	0	0	0	0	0	0	0	0	0	0	0	0	0	0	0	0	0	0	0	0	0	0	0	0	0	0	0	0	0	0	0	0	0	0	0	0	0	0	0	0	0	0	0	0	0	0	0	0	0	0	0	0	0	0	0	0	0	0	0	0	0	0	0	0	0	0	0	0	0	0	0	0	0	0	0	0	0	0	0	0	0	0	0	0	0	0	0	0	0	0	0	0	0	0	0	0	0	0	0	0	0	0	0	0	0	0	0	0	0	0	0	0	0	0	0	0	0	0	0	0	0	0	0	0	0	0	0	0	0	0	0	0	0	0	0	0	0	0	0	0	0	0	0
chr9	17934250	0	0	0	0	0	0	0	0	0	0	0	0	0	0	0	0	0	0	0	0	0	0	0	0	0	0	0	0	0	0	0	0	0	0	0	0	0	0	0	0	0	0	0	0	0	0	0	0	0	0	0	0	0	0	0	0	0	0	0	0	0	0	0	0	0	0	0	0	0	0	0	0	0	0	0	0	0	0	0	0	0	0	0	0	0	0	0	0	0	0	0	0	0	0	0	0	0	0	0	0	0	0	0	0	0	0	0	0	0	0	0	0	0	0	0	0	0	0	0	0	0	0	0	0	0	0	0	0	0	0	0	0	0	0	0	0	0	0	0	0	0	0	0	0	0	0	0	0	0	0	0	0	0	0	0	2	0	0	0	0	0	0	0	0	0	0	0	0	0	0	0	0	0	0	0	0	0	0	0	0	0	0	0	0	0	0	0	0	0	0	0	0	0	0	0	0	0	0	0	0	0	0	0	0	0	0	0	0	0	0	0	0	0	0	0	0	0	0	0	0	0	0	0	0	0	0	0	0	0	0	0	0	0	0	0	0	0	0	0	0	0	0	0	0	0	0	0	0	0	0	0	0	0	0	0	0	0	0	0	0	0	0	0	0	0	0	0	0	0	0	0	0	0	0	0	0	0	0	0	0	0	0	0	0	0	0	0	0	0	0	0	0	0	0	0	0	0	0	0	0	0	0	0	0	0	0	0	0	0	0	0	0	0	0	0	0	0	0	0	0	0	0	0	0	0	0	0	0	0	0	0	0	0	0	0	0	0	0	0	0	0	0	0	0	0	0	0	0	0	0	0	0	0	0	0	0	0	0	0	0	0	0	0	0	0	0	0	0	0	0	0	0	0	0	0	0	0	0	0	0	0	0	0	0
chr9	17934251	0	0	0	0	0	0	0	0	0	0	0	0	0	0	0	0	0	0	0	0	0	0	0	0	0	0	0	0	0	0	0	0	0	0	0	0	0	0	0	0	0	0	0	0	0	0	0	0	0	0	0	0	0	0	0	0	0	0	0	0	0	0	0	0	0	0	0	0	0	0	0	0	0	0	0	0	0	0	0	0	0	0	0	0	0	0	0	0	0	0	0	0	0	0	0	0	0	0	0	0	0	0	0	0	0	0	0	0	0	0	0	0	0	0	0	0	0	0	0	0	0	0	0	0	0	0	0	0	0	0	0	0	0	0	0	0	0	0	0	0	0	0	0	0	0	0	0	0	0	0	0	0	0	0	0	2	0	0	0	0	0	0	0	0	0	0	0	0	0	0	0	0	0	0	0	0	0	0	0	0	0	0	0	0	0	0	0	0	0	0	0	0	0	0	0	0	0	0	0	0	0	0	0	0	0	0	0	0	0	0	0	0	0	0	0	0	0	0	0	0	0	0	0	0	0	0	0	0	0	0	0	0	0	0	0	0	0	0	0	0	0	0	0	0	0	0	0	0	0	0	0	0	0	0	0	0	0	0	0	0	0	0	0	0	0	0	0	0	0	0	0	0	0	0	0	0	0	0	0	0	0	0	0	0	0	0	0	0	0	0	0	0	0	0	0	0	0	0	0	0	0	0	0	0	0	0	0	0	0	0	0	0	0	0	0	0	0	0	0	0	0	0	0	0	0	0	0	0	0	0	0	0	0	0	0	0	0	0	0	0	0	0	0	0	0	0	0	0	0	0	0	0	0	0	0	0	0	0	0	0	0	0	0	0	0	0	0	0	0	0	0	0	0	0	0	0	0	0	0	0	0	0	0	0
chr9	17934252	0	0	0	0	0	0	0	0	0	0	0	0	0	0	0	0	0	0	0	0	0	0	0	0	0	0	0	0	0	0	0	0	0	0	0	0	0	0	0	0	0	0	0	0	0	0	0	0	0	0	0	0	0	0	0	0	0	0	0	0	0	0	0	0	0	0	0	0	0	0	0	0	0	0	0	0	0	0	0	0	0	0	0	0	0	0	0	0	0	0	0	0	0	0	0	0	0	0	0	0	0	0	0	0	0	0	0	0	0	0	0	0	0	0	0	0	0	0	0	0	0	0	0	0	0	0	0	0	0	0	0	0	0	0	0	0	0	0	0	0	0	0	0	0	0	0	0	0	0	0	0	0	0	0	0	2	0	0	0	0	0	0	0	0	0	0	0	0	0	0	0	0	0	0	0	0	0	0	0	0	0	0	0	0	0	0	0	0	0	0	0	0	0	0	0	0	0	0	0	0	0	0	0	0	0	0	0	0	0	0	0	0	0	0	0	0	0	0	0	0	0	0	0	0	0	0	0	0	0	0	0	0	0	0	0	0	0	0	0	0	0	0	0	0	0	0	0	0	0	0	0	0	0	0	0	0	0	0	0	0	0	0	0	0	0	0	0	0	0	0	0	0	0	0	0	0	0	0	0	0	0	0	0	0	0	0	0	0	0	0	0	0	0	0	0	0	0	0	0	0	0	0	0	0	0	0	0	0	0	0	0	0	0	0	0	0	0	0	0	0	0	0	0	0	0	0	0	0	0	0	0	0	0	0	0	0	0	0	0	0	0	0	0	0	0	0	0	0	0	0	0	0	0	0	0	0	0	0	0	0	0	0	0	0	0	0	0	0	0	0	0	0	0	0	0	0	0	0	0	0	0	0	0	0
chr9	17934253	0	0	0	0	0	0	0	0	0	0	0	0	0	0	0	0	0	0	0	0	0	0	0	0	0	0	0	0	0	0	0	0	0	0	0	0	0	0	0	0	0	0	0	0	0	0	0	0	0	0	0	0	0	0	0	0	0	0	0	0	0	0	0	0	0	0	0	0	0	0	0	0	0	0	0	0	0	0	0	0	0	0	0	0	0	0	0	0	0	0	0	0	0	0	0	0	0	0	0	0	0	0	0	0	0	0	0	0	0	0	0	0	0	0	0	0	0	0	0	0	0	0	0	0	0	0	0	0	0	0	0	0	0	0	0	0	0	0	0	0	0	0	0	0	0	0	0	0	0	0	0	0	0	0	0	2	0	0	0	0	0	0	0	0	0	0	0	0	0	0	0	0	0	0	0	0	0	0	0	0	0	0	0	0	0	0	0	0	0	0	0	0	0	0	0	0	0	0	0	0	0	0	0	0	0	0	0	0	0	0	0	0	0	0	0	0	0	0	0	0	0	0	0	0	0	0	0	0	0	0	0	0	0	0	0	0	0	0	0	0	0	0	0	0	0	0	0	0	0	0	0	0	0	0	0	0	0	0	0	0	0	0	0	0	0	0	0	0	0	0	0	0	0	0	0	0	0	0	0	0	0	0	0	0	0	0	0	0	0	0	0	0	0	0	0	0	0	0	0	0	0	0	0	0	0	0	0	0	0	0	0	0	0	0	0	0	0	0	0	0	0	0	0	0	0	0	0	0	0	0	0	0	0	0	0	0	0	0	0	0	0	0	0	0	0	0	0	0	0	0	0	0	0	0	0	0	0	0	0	0	0	0	0	0	0	0	0	0	0	0	0	0	0	0	0	0	0	0	0	0	0	0	0	0
chr9	17934254	0	0	0	0	0	0	0	0	0	0	0	0	0	0	0	0	0	0	0	0	0	0	0	0	0	0	0	0	0	0	0	0	0	0	0	0	0	0	0	0	0	0	0	0	0	0	0	0	0	0	0	0	0	0	0	0	0	0	0	0	0	0	0	0	0	0	0	0	0	0	0	0	0	0	0	0	0	0	0	0	0	0	0	0	0	0	0	0	0	0	0	0	0	0	0	0	0	0	0	0	0	0	0	0	0	0	0	0	0	0	0	0	0	0	0	0	0	0	0	0	0	0	0	0	0	0	0	0	0	0	0	0	0	0	0	0	0	0	0	0	0	0	0	0	0	0	0	0	0	0	0	0	0	0	0	2	0	0	0	0	0	0	0	0	0	0	0	0	0	0	0	0	0	0	0	0	0	0	0	0	0	0	0	0	0	0	0	0	0	0	0	0	0	0	0	0	0	0	0	0	0	0	0	0	0	0	0	0	0	0	0	0	0	0	0	0	0	0	0	0	0	0	0	0	0	0	0	0	0	0	0	0	0	0	0	0	0	0	0	0	0	0	0	0	0	0	0	0	0	0	0	0	0	0	0	0	0	0	0	0	0	0	0	0	0	0	0	0	0	0	0	0	0	0	0	0	0	0	0	0	0	0	0	0	0	0	0	0	0	0	0	0	0	0	0	0	0	0	0	0	0	0	0	0	0	0	0	0	0	0	0	0	0	0	0	0	0	0	0	0	0	0	0	0	0	0	0	0	0	0	0	0	0	0	0	0	0	0	0	0	0	0	0	0	0	0	0	0	0	0	0	0	0	0	0	0	0	0	0	0	0	0	0	0	0	0	0	0	0	0	0	0	0	0	0	0	0	0	0	0	0	0	0	0
chr9	17934255	0	0	0	0	0	0	0	0	0	0	0	0	0	0	0	0	0	0	0	0	0	0	0	0	0	0	0	0	0	0	0	0	0	0	0	0	0	0	0	0	0	0	0	0	0	0	0	0	0	0	0	0	0	0	0	0	0	0	0	0	0	0	0	0	0	0	0	0	0	0	0	0	0	0	0	0	0	0	0	0	0	0	0	0	0	0	0	0	0	0	0	0	0	0	0	0	0	0	0	0	0	0	0	0	0	0	0	0	0	0	0	0	0	0	0	0	0	0	0	0	0	0	0	0	0	0	0	0	0	0	0	0	0	0	0	0	0	0	0	0	0	0	0	0	0	0	0	0	0	0	0	0	0	0	0	2	0	0	0	0	0	0	0	0	0	0	0	0	0	0	0	0	0	0	0	0	0	0	0	0	0	0	0	0	0	0	0	0	0	0	0	0	0	0	0	0	0	0	0	0	0	0	0	0	0	0	0	0	0	0	0	0	0	0	0	0	0	0	0	0	0	0	0	0	0	0	0	0	0	0	0	0	0	0	0	0	0	0	0	0	0	0	0	0	0	0	0	0	0	0	0	0	0	0	0	0	0	0	0	0	0	0	0	0	0	0	0	0	0	0	0	0	0	0	0	0	0	0	0	0	0	0	0	0	0	0	0	0	0	0	0	0	0	0	0	0	0	0	0	0	0	0	0	0	0	0	0	0	0	0	0	0	0	0	0	0	0	0	0	0	0	0	0	0	0	0	0	0	0	0	0	0	0	0	0	0	0	0	0	0	0	0	0	0	0	0	0	0	0	0	0	0	0	0	0	0	0	0	0	0	0	0	0	0	0	0	0	0	0	0	0	0	0	0	0	0	0	0	0	0	0	0	0	0
chr9	17934256	0	0	0	0	0	0	0	0	0	0	0	0	0	0	0	0	0	0	0	0	0	0	0	0	0	0	0	0	0	0	0	0	0	0	0	0	0	0	0	0	0	0	0	0	0	0	0	0	0	0	0	0	0	0	0	0	0	0	0	0	0	0	0	0	0	0	0	0	0	0	0	0	0	0	0	0	0	0	0	0	0	0	0	0	0	0	0	0	0	0	0	0	0	0	0	0	0	0	0	0	0	0	0	0	0	0	0	0	0	0	0	0	0	0	0	0	0	0	0	0	0	0	0	0	0	0	0	0	0	0	0	0	0	0	0	0	0	0	0	0	0	0	0	0	0	0	0	0	0	0	0	0	0	0	0	2	0	0	0	0	0	0	0	0	0	0	0	0	0	0	0	0	0	0	0	0	0	0	0	0	0	0	0	0	0	0	0	0	0	0	0	0	0	0	0	0	0	0	0	0	0	0	0	0	0	0	0	0	0	0	0	0	0	0	0	0	0	0	0	0	0	0	0	0	0	0	0	0	0	0	0	0	0	0	0	0	0	0	0	0	0	0	0	0	0	0	0	0	0	0	0	0	0	0	0	0	0	0	0	0	0	0	0	0	0	0	0	0	0	0	0	0	0	0	0	0	0	0	0	0	0	0	0	0	0	0	0	0	0	0	0	0	0	0	0	0	0	0	0	0	0	0	0	0	0	0	0	0	0	0	0	0	0	0	0	0	0	0	0	0	0	0	0	0	0	0	0	0	0	0	0	0	0	0	0	0	0	0	0	0	0	0	0	0	0	0	0	0	0	0	0	0	0	0	0	0	0	0	0	0	0	0	0	0	0	0	0	0	0	0	0	0	0	0	0	0	0	0	0	0	0	0	0	0
chr9	17934257	0	0	0	0	0	0	0	0	0	0	0	0	0	0	0	0	0	0	0	0	0	0	0	0	0	0	0	0	0	0	0	0	0	0	0	0	0	0	0	0	0	0	0	0	0	0	0	0	0	0	0	0	0	0	0	0	0	0	0	0	0	0	0	0	0	0	0	0	0	0	0	0	0	0	0	0	0	0	0	0	0	0	0	0	0	0	0	0	0	0	0	0	0	0	0	0	0	0	0	0	0	0	0	0	0	0	0	0	0	0	0	0	0	0	0	0	0	0	0	0	0	0	0	0	0	0	0	0	0	0	0	0	0	0	0	0	0	0	0	0	0	0	0	0	0	0	0	0	0	0	0	0	0	0	0	2	0	0	0	0	0	0	0	0	0	0	0	0	0	0	0	0	0	0	0	0	0	0	0	0	0	0	0	0	0	0	0	0	0	0	0	0	0	0	0	0	0	0	0	0	0	0	0	0	0	0	0	0	0	0	0	0	0	0	0	0	0	0	0	0	0	0	0	0	0	0	0	0	0	0	0	0	0	0	0	0	0	0	0	0	0	0	0	0	0	0	0	0	0	0	0	0	0	0	0	0	0	0	0	0	0	0	0	0	0	0	0	0	0	0	0	0	0	0	0	0	0	0	0	0	0	0	0	0	0	0	0	0	0	0	0	0	0	0	0	0	0	0	0	0	0	0	0	0	0	0	0	0	0	0	0	0	0	0	0	0	0	0	0	0	0	0	0	0	0	0	0	0	0	0	0	0	0	0	0	0	0	0	0	0	0	0	0	0	0	0	0	0	0	0	0	0	0	0	0	0	0	0	0	0	0	0	0	0	0	0	0	0	0	0	0	0	0	0	0	0	0	0	0	0	0	0	0	0
chr9	17934258	0	0	0	0	0	0	0	0	0	0	0	0	0	0	0	0	0	0	0	0	0	0	0	0	0	0	0	0	0	0	0	0	0	0	0	0	0	0	0	0	0	0	0	0	0	0	0	0	0	0	0	0	0	0	0	0	0	0	0	0	0	0	0	0	0	0	0	0	0	0	0	0	0	0	0	0	0	0	0	0	0	0	0	0	0	0	0	0	0	0	0	0	0	0	0	0	0	0	0	0	0	0	0	0	0	0	0	0	0	0	0	0	0	0	0	0	0	0	0	0	0	0	0	0	0	0	0	0	0	0	0	0	0	0	0	0	0	0	0	0	0	0	0	0	0	0	0	0	0	0	0	0	0	0	0	2	0	0	0	0	0	0	0	0	0	0	0	0	0	0	0	0	0	0	0	0	0	0	0	0	0	0	0	0	0	0	0	0	0	0	0	0	0	0	0	0	0	0	0	0	0	0	0	0	0	0	0	0	0	0	0	0	0	0	0	0	0	0	0	0	0	0	0	0	0	0	0	0	0	0	0	0	0	0	0	0	0	0	0	0	0	0	0	0	0	0	0	0	0	0	0	0	0	0	0	0	0	0	0	0	0	0	0	0	0	0	0	0	0	0	0	0	0	0	0	0	0	0	0	0	0	0	0	0	0	0	0	0	0	0	0	0	0	0	0	0	0	0	0	0	0	0	0	0	0	0	0	0	0	0	0	0	0	0	0	0	0	0	0	0	0	0	0	0	0	0	0	0	0	0	0	0	0	0	0	0	0	0	0	0	0	0	0	0	0	0	0	0	0	0	0	0	0	0	0	0	0	0	0	0	0	0	0	0	0	0	0	0	0	0	0	0	0	0	0	0	0	0	0	0	0	0	0	0
chr9	17934259	0	0	0	0	0	0	0	0	0	0	0	0	0	0	0	0	0	0	0	0	0	0	0	0	0	0	0	0	0	0	0	0	0	0	0	0	0	0	0	0	0	0	0	0	0	0	0	0	0	0	0	0	0	0	0	0	0	0	0	0	0	0	0	0	0	0	0	0	0	0	0	0	0	0	0	0	0	0	0	0	0	0	0	0	0	0	0	0	0	0	0	0	0	0	0	0	0	0	0	0	0	0	0	0	0	0	0	0	0	0	0	0	0	0	0	0	0	0	0	0	0	0	0	0	0	0	0	0	0	0	0	0	0	0	0	0	0	0	0	0	0	0	0	0	0	0	0	0	0	0	0	0	0	0	0	2	0	0	0	0	0	0	0	0	0	0	0	0	0	0	0	0	0	0	0	0	0	0	0	0	0	0	0	0	0	0	0	0	0	0	0	0	0	0	0	0	0	0	0	0	0	0	0	0	0	0	0	0	0	0	0	0	0	0	0	0	0	0	0	0	0	0	0	0	0	0	0	0	0	0	0	0	0	0	0	0	0	0	0	0	0	0	0	0	0	0	0	0	0	0	0	0	0	0	0	0	0	0	0	0	0	0	0	0	0	0	0	0	0	0	0	0	0	0	0	0	0	0	0	0	0	0	0	0	0	0	0	0	0	0	0	0	0	0	0	0	0	0	0	0	0	0	0	0	0	0	0	0	0	0	0	0	0	0	0	0	0	0	0	0	0	0	0	0	0	0	0	0	0	0	0	0	0	0	0	0	0	0	0	0	0	0	0	0	0	0	0	0	0	0	0	0	0	0	0	0	0	0	0	0	0	0	0	0	0	0	0	0	0	0	0	0	0	0	0	0	0	0	0	0	0	0	0	0
chr9	17934260	0	0	0	0	0	0	0	0	0	0	0	0	0	0	0	0	0	0	0	0	0	0	0	0	0	0	0	0	0	0	0	0	0	0	0	0	0	0	0	0	0	0	0	0	0	0	0	0	0	0	0	0	0	0	0	0	0	0	0	0	0	0	0	0	0	0	0	0	0	0	0	0	0	0	0	0	0	0	0	0	0	0	0	0	0	0	0	0	0	0	0	0	0	0	0	0	0	0	0	0	0	0	0	0	0	0	0	0	0	0	0	0	0	0	0	0	0	0	0	0	0	0	0	0	0	0	0	0	0	0	0	0	0	0	0	0	0	0	0	0	0	0	0	0	0	0	0	0	0	0	0	0	0	0	0	2	0	0	0	0	0	0	0	0	0	0	0	0	0	0	0	0	0	0	0	0	0	0	0	0	0	0	0	0	0	0	0	0	0	0	0	0	0	0	0	0	0	0	0	0	0	0	0	0	0	0	0	0	0	0	0	0	0	0	0	0	0	0	0	0	0	0	0	0	0	0	0	0	0	0	0	0	0	0	0	0	0	0	0	0	0	0	0	0	0	0	0	0	0	0	0	0	0	0	0	0	0	0	0	0	0	0	0	0	0	0	0	0	0	0	0	0	0	0	0	0	0	0	0	0	0	0	0	0	0	0	0	0	0	0	0	0	0	0	0	0	0	0	0	0	0	0	0	0	0	0	0	0	0	0	0	0	0	0	0	0	0	0	0	0	0	0	0	0	0	0	0	0	0	0	0	0	0	0	0	0	0	0	0	0	0	0	0	0	0	0	0	0	0	0	0	0	0	0	0	0	0	0	0	0	0	0	0	0	0	0	0	0	0	0	0	0	0	0	0	0	0	0	0	0	0	0	0	0
