sample_id	pos	softL	softR	read_len
PN1_SID10	17933749	0	0	151
PN1_SID10	17933787	0	0	151
PN1_SID10	17933850	0	24	82
PN1_SID10	17933858	0	0	151
PN1_SID10	17933865	0	0	151
PN1_SID10	17933889	0	0	151
PN1_SID10	17933899	0	0	151
PN1_SID10	17933899	0	0	151
PN1_SID11	17925669	0	0	151
PN1_SID11	17925689	4	0	151
PN1_SID11	17925700	0	0	151
PN1_SID11	17925700	0	0	151
PN1_SID11	17925719	0	0	150
PN1_SID11	17925721	0	0	151
PN1_SID11	17925721	0	0	151
PN1_SID11	17933692	0	0	150
PN1_SID11	17933699	0	0	151
PN1_SID11	17933699	0	0	142
PN1_SID11	17933704	5	0	151
PN1_SID11	17933706	28	0	151
PN1_SID11	17933719	0	2	50
PN1_SID11	17933721	0	0	151
PN1_SID11	17933735	0	0	151
PN1_SID11	17933743	30	0	151
PN1_SID11	17933746	0	0	151
PN1_SID11	17933746	0	0	151
PN1_SID11	17933748	2	0	151
PN1_SID11	17933756	0	0	151
PN1_SID11	17933761	0	3	150
PN1_SID11	17933762	0	5	151
PN1_SID11	17933762	0	5	151
PN1_SID11	17933768	0	11	151
PN1_SID11	17933772	0	0	150
PN1_SID11	17933787	0	30	151
PN1_SID11	17933796	4	0	105
PN1_SID11	17933803	0	46	151
PN1_SID11	17933823	3	0	44
PN1_SID11	17933837	0	3	74
PN1_SID11	17933844	26	0	151
PN1_SID11	17933856	6	0	151
PN1_SID11	17933861	6	0	53
PN1_SID11	17933872	0	0	151
PN1_SID11	17933879	8	0	47
PN1_SID11	17933886	0	0	151
PN1_SID11	17933889	0	13	151
PN1_SID11	17933891	0	0	151
PN1_SID11	17933897	0	0	151
PN1_SID12	17925704	6	0	151
PN1_SID12	17925721	0	0	151
PN1_SID12	17933776	11	0	49
PN1_SID12	17933821	0	0	151
PN1_SID12	17933840	0	0	62
PN1_SID12	17933843	0	0	46
PN1_SID12	17933845	14	0	49
PN1_SID12	17933845	14	0	49
PN1_SID12	17933863	0	0	151
PN1_SID12	17933866	1	0	107
PN1_SID12	17933871	0	0	151
PN1_SID12	17933871	0	0	61
PN1_SID12	17933872	1	1	131
PN1_SID12	17933872	0	0	151
PN1_SID12	17933889	0	0	151
PN1_SID12	17933892	11	0	141
PN1_SID12	17933894	3	0	151
PN1_SID12	17933899	0	0	150
PN1_SID12	17933901	0	0	151
PN1_SID13	17933714	0	0	46
PN1_SID13	17933735	20	2	150
PN1_SID13	17933739	0	0	60
PN1_SID13	17933804	0	0	151
PN1_SID13	17933826	0	0	151
PN1_SID13	17933826	0	0	151
PN1_SID13	17933834	33	0	151
PN1_SID13	17933839	3	0	151
PN1_SID13	17933842	0	0	72
PN1_SID13	17933842	0	0	109
PN1_SID13	17933857	0	0	151
PN1_SID13	17933865	0	0	151
PN1_SID13	17933871	0	0	37
PN1_SID13	17933871	0	0	151
PN1_SID13	17933891	0	0	151
PN1_SID13	17933899	0	0	136
PN1_SID13	17933899	0	0	48
PN1_SID13	17933899	0	0	151
PN1_SID14	17925655	0	0	151
PN1_SID14	17925691	0	0	151
PN1_SID14	17933691	5	0	60
PN1_SID14	17933694	0	0	94
PN1_SID14	17933729	0	0	151
PN1_SID14	17933735	2	0	81
PN1_SID14	17933742	0	0	72
PN1_SID14	17933745	0	0	53
PN1_SID14	17933770	0	13	151
PN1_SID14	17933770	0	15	151
PN1_SID14	17933801	0	0	151
PN1_SID14	17933808	0	0	151
PN1_SID14	17933828	0	17	84
PN1_SID14	17933831	0	0	150
PN1_SID14	17933832	0	0	151
PN1_SID14	17933832	0	0	151
PN1_SID14	17933834	9	0	151
PN1_SID14	17933840	0	0	151
PN1_SID14	17933853	0	0	126
PN1_SID14	17933862	16	0	72
PN1_SID14	17933863	0	0	151
PN1_SID14	17933865	0	0	151
PN1_SID14	17933871	0	0	151
PN1_SID14	17933879	1	0	151
PN1_SID14	17933881	0	0	151
PN1_SID14	17933885	40	0	150
PN1_SID14	17933889	0	0	151
PN1_SID14	17933889	0	0	151
PN1_SID14	17933894	19	0	151
PN1_SID14	17933895	0	0	60
PN1_SID14	17933899	0	0	151
PN1_SID14	17933899	0	0	151
PN1_SID14	17933899	0	0	151
PN1_SID14	17933901	0	0	101
PN1_SID15	17874814	0	0	79
PN1_SID15	17933742	0	0	81
PN1_SID15	17933828	2	0	151
PN1_SID15	17933854	0	0	151
PN1_SID15	17933879	0	0	150
PN1_SID15	17933888	0	0	150
PN1_SID15	17933899	0	0	151
PN1_SID16	17874813	0	0	151
PN1_SID16	17933742	0	0	72
PN1_SID16	17933745	0	0	69
PN1_SID16	17933745	0	0	69
PN1_SID16	17933772	0	15	151
PN1_SID16	17933809	5	0	151
PN1_SID16	17933842	0	0	151
PN1_SID16	17933859	0	0	151
PN1_SID16	17933865	0	0	151
PN1_SID16	17933884	1	0	150
PN1_SID16	17933891	0	20	143
PN1_SID17	17874814	0	0	150
PN1_SID17	17933751	0	0	112
PN1_SID17	17933816	0	0	151
PN1_SID17	17933826	0	2	104
PN1_SID17	17933878	0	0	151
PN1_SID17	17933890	22	0	109
PN1_SID17	17933891	0	0	151
PN1_SID17	17933894	0	0	151
PN1_SID18	17933891	0	0	151
PN1_SID19	17933690	0	0	102
PN1_SID19	17933727	12	0	58
PN1_SID19	17933736	0	0	45
PN1_SID19	17933741	0	0	57
PN1_SID19	17933763	0	0	151
PN1_SID19	17933776	0	0	38
PN1_SID19	17933791	0	0	151
PN1_SID19	17933865	0	0	151
PN1_SID19	17933865	0	0	151
PN1_SID19	17933871	0	0	119
PN1_SID19	17933871	0	0	151
PN1_SID19	17933872	0	0	151
PN1_SID19	17933872	0	0	151
PN1_SID19	17933872	0	0	151
PN1_SID19	17933879	0	0	151
PN1_SID19	17933879	36	0	151
PN1_SID19	17933889	0	0	151
PN1_SID19	17933889	0	0	151
PN1_SID1	17925667	23	0	151
PN1_SID1	17925703	0	0	61
PN1_SID1	17933707	5	0	151
PN1_SID1	17933762	0	0	151
PN1_SID1	17933808	0	0	74
PN1_SID1	17933821	0	0	151
PN1_SID1	17933835	0	0	151
PN1_SID1	17933853	0	0	149
PN1_SID1	17933860	5	0	151
PN1_SID1	17933865	0	0	151
PN1_SID1	17933865	0	0	151
PN1_SID1	17933878	0	0	151
PN1_SID1	17933879	0	0	150
PN1_SID1	17933889	0	0	150
PN1_SID1	17933899	0	0	151
PN1_SID1	17933899	0	0	151
PN1_SID1	17933899	0	0	151
PN1_SID1	17933899	0	0	151
PN1_SID20	17933699	0	0	151
PN1_SID20	17933745	0	0	54
PN1_SID20	17933811	0	0	118
PN1_SID20	17933811	0	0	151
PN1_SID20	17933845	5	0	40
PN1_SID20	17933850	20	0	89
PN1_SID20	17933858	42	0	150
PN1_SID20	17933864	0	0	151
PN1_SID20	17933865	0	0	151
PN1_SID20	17933896	0	0	43
PN1_SID20	17933896	0	0	43
PN1_SID20	17933899	0	0	107
PN1_SID20	17933900	0	0	150
PN1_SID20	17933901	0	0	151
PN1_SID21	17925644	0	0	151
PN1_SID21	17925670	0	0	151
PN1_SID21	17925691	0	0	151
PN1_SID21	17933746	0	0	151
PN1_SID21	17933746	0	0	149
PN1_SID21	17933751	0	0	63
PN1_SID21	17933752	31	0	151
PN1_SID21	17933764	0	0	116
PN1_SID21	17933772	0	15	151
PN1_SID21	17933789	0	0	55
PN1_SID21	17933821	0	2	150
PN1_SID21	17933826	0	0	151
PN1_SID21	17933858	0	0	151
PN1_SID21	17933858	0	0	151
PN1_SID21	17933859	0	0	149
PN1_SID21	17933864	0	0	151
PN1_SID21	17933865	0	0	151
PN1_SID21	17933865	0	0	151
PN1_SID21	17933871	0	0	151
PN1_SID21	17933872	5	0	151
PN1_SID21	17933883	0	0	151
PN1_SID21	17933887	2	3	85
PN1_SID21	17933894	5	0	151
PN1_SID21	17933898	0	0	151
PN1_SID21	17933898	0	0	151
PN1_SID21	17933899	0	0	119
PN1_SID21	17933899	0	0	135
PN1_SID21	17933899	0	0	151
PN1_SID21	17933899	0	0	151
PN1_SID22	17933745	0	0	69
PN1_SID22	17933749	0	3	68
PN1_SID22	17933863	0	0	70
PN1_SID22	17933877	0	0	97
PN1_SID22	17933899	0	0	151
PN1_SID22	17933899	0	0	151
PN1_SID23	17924916	0	0	151
PN1_SID23	17925644	0	0	151
PN1_SID23	17933694	0	0	147
PN1_SID23	17933707	0	0	151
PN1_SID23	17933741	0	0	151
PN1_SID23	17933744	0	0	151
PN1_SID23	17933744	0	0	151
PN1_SID23	17933745	0	0	44
PN1_SID23	17933745	0	0	44
PN1_SID23	17933760	0	0	151
PN1_SID23	17933770	0	0	151
PN1_SID23	17933770	0	0	45
PN1_SID23	17933772	0	15	151
PN1_SID23	17933772	0	15	151
PN1_SID23	17933779	0	0	150
PN1_SID23	17933826	0	0	151
PN1_SID23	17933827	0	2	46
PN1_SID23	17933838	0	0	42
PN1_SID23	17933848	0	0	150
PN1_SID23	17933849	2	3	64
PN1_SID23	17933861	0	0	150
PN1_SID23	17933871	0	0	151
PN1_SID23	17933881	0	0	38
PN1_SID23	17933884	0	0	151
PN1_SID23	17933891	0	0	151
PN1_SID23	17933891	0	0	151
PN1_SID23	17933894	0	0	83
PN1_SID23	17933894	0	0	151
PN1_SID23	17933895	0	0	150
PN1_SID23	17933899	4	0	106
PN1_SID23	17933899	0	0	114
PN1_SID23	17933899	0	0	151
PN1_SID23	17933899	0	0	86
PN1_SID23	17933901	6	0	151
PN1_SID24	17924896	0	0	151
PN1_SID24	17925722	16	0	115
PN1_SID24	17933691	22	0	112
PN1_SID24	17933694	4	0	96
PN1_SID24	17933746	0	0	52
PN1_SID24	17933749	0	0	151
PN1_SID24	17933783	0	0	151
PN1_SID24	17933804	0	0	151
PN1_SID24	17933807	0	2	60
PN1_SID24	17933826	0	0	151
PN1_SID24	17933827	0	0	107
PN1_SID24	17933837	0	0	151
PN1_SID24	17933848	0	0	150
PN1_SID24	17933863	0	2	151
PN1_SID24	17933865	0	0	151
PN1_SID24	17933865	0	0	151
PN1_SID24	17933866	0	0	151
PN1_SID24	17933866	0	0	151
PN1_SID24	17933867	0	0	151
PN1_SID24	17933871	0	0	75
PN1_SID24	17933890	11	0	151
PN1_SID24	17933891	0	0	39
PN1_SID24	17933899	0	0	151
PN1_SID24	17933899	0	0	151
PN1_SID24	17933899	0	0	45
PN1_SID24	17933899	0	0	151
PN1_SID24	17933899	0	0	151
PN1_SID24	17933899	0	0	151
PN1_SID24	17933899	0	0	132
PN1_SID24	17933901	0	0	149
PN1_SID25	17933735	6	0	151
PN1_SID25	17933826	0	0	143
PN1_SID25	17933834	16	0	151
PN1_SID25	17933859	18	0	124
PN1_SID25	17933863	0	0	151
PN1_SID25	17933879	34	0	151
PN1_SID25	17933889	0	0	150
PN1_SID25	17933891	0	1	131
PN1_SID25	17933899	0	0	151
PN1_SID26	17924909	1	0	151
PN1_SID26	17933728	0	0	151
PN1_SID26	17933746	0	0	151
PN1_SID26	17933768	0	0	151
PN1_SID26	17933772	0	0	119
PN1_SID26	17933772	0	0	151
PN1_SID26	17933789	0	0	91
PN1_SID26	17933811	0	0	151
PN1_SID26	17933863	0	0	149
PN1_SID26	17933891	0	0	150
PN1_SID26	17933894	0	0	151
PN1_SID27	17924911	20	0	150
PN1_SID27	17933734	9	0	116
PN1_SID27	17933753	9	5	115
PN1_SID27	17933772	0	0	150
PN1_SID27	17933815	13	0	39
PN1_SID27	17933827	0	0	151
PN1_SID27	17933837	0	0	151
PN1_SID27	17933883	0	0	151
PN1_SID27	17933891	0	0	151
PN1_SID27	17933896	0	3	151
PN1_SID27	17933896	0	0	150
PN1_SID27	17933897	0	0	151
PN1_SID27	17933899	0	0	151
PN1_SID27	17933899	0	0	151
PN1_SID27	17933899	4	0	151
PN1_SID27	17933899	4	0	151
PN1_SID27	17933899	0	0	151
PN1_SID28	17933740	0	0	65
PN1_SID28	17933741	0	0	151
PN1_SID28	17933749	5	0	151
PN1_SID28	17933809	0	0	139
PN1_SID28	17933861	0	0	151
PN1_SID28	17933861	6	0	150
PN1_SID28	17933868	37	0	151
PN1_SID28	17933896	0	0	151
PN1_SID28	17933899	0	0	150
PN1_SID28	17933899	0	0	151
PN1_SID29	17933734	22	0	151
PN1_SID29	17933737	8	0	151
PN1_SID29	17933808	0	0	151
PN1_SID29	17933821	0	0	151
PN1_SID29	17933827	0	0	150
PN1_SID29	17933899	0	0	151
PN1_SID29	17933899	0	0	151
PN1_SID2	17925673	0	0	151
PN1_SID2	17925701	0	0	151
PN1_SID2	17925701	0	0	151
PN1_SID2	17933702	1	0	151
PN1_SID2	17933724	13	0	74
PN1_SID2	17933746	0	0	151
PN1_SID2	17933754	4	0	151
PN1_SID2	17933762	0	5	151
PN1_SID2	17933765	0	8	151
PN1_SID2	17933773	0	16	151
PN1_SID2	17933773	0	16	151
PN1_SID2	17933788	0	3	123
PN1_SID2	17933789	0	32	151
PN1_SID2	17933794	0	37	151
PN1_SID2	17933806	0	42	143
PN1_SID2	17933816	0	1	93
PN1_SID2	17933822	1	9	96
PN1_SID2	17933842	0	0	151
PN1_SID2	17933849	4	7	70
PN1_SID2	17933869	0	0	151
PN1_SID2	17933872	7	0	151
PN1_SID2	17933872	0	0	151
PN1_SID30	17924898	0	0	150
PN1_SID30	17925665	0	0	151
PN1_SID30	17925672	0	0	151
PN1_SID30	17933729	0	0	151
PN1_SID30	17933735	2	0	151
PN1_SID30	17933743	2	0	151
PN1_SID30	17933743	2	0	151
PN1_SID30	17933747	0	0	151
PN1_SID30	17933747	0	0	151
PN1_SID30	17933757	0	0	151
PN1_SID30	17933759	9	0	55
PN1_SID30	17933770	0	0	151
PN1_SID30	17933772	0	0	151
PN1_SID30	17933787	0	0	149
PN1_SID30	17933803	2	0	42
PN1_SID30	17933816	0	0	151
PN1_SID30	17933819	0	0	151
PN1_SID30	17933826	0	0	151
PN1_SID30	17933826	4	1	76
PN1_SID30	17933834	16	0	151
PN1_SID30	17933837	0	0	151
PN1_SID30	17933840	0	0	150
PN1_SID30	17933842	0	0	151
PN1_SID30	17933848	0	0	150
PN1_SID30	17933850	0	0	151
PN1_SID30	17933861	20	0	150
PN1_SID30	17933861	22	0	150
PN1_SID30	17933861	22	2	97
PN1_SID30	17933865	0	0	151
PN1_SID30	17933865	0	0	151
PN1_SID30	17933865	8	0	82
PN1_SID30	17933865	0	0	151
PN1_SID30	17933867	0	0	151
PN1_SID30	17933871	0	0	151
PN1_SID30	17933871	0	0	151
PN1_SID30	17933878	0	0	150
PN1_SID30	17933883	0	0	151
PN1_SID30	17933893	0	0	149
PN1_SID30	17933896	0	0	151
PN1_SID30	17933899	0	0	151
PN1_SID30	17933899	0	0	151
PN1_SID31	17844624	0	0	151
PN1_SID31	17925677	0	0	114
PN1_SID31	17933824	0	0	58
PN1_SID31	17933845	2	0	37
PN1_SID31	17933853	0	0	151
PN1_SID31	17933856	0	0	151
PN1_SID31	17933861	0	0	151
PN1_SID31	17933871	0	0	151
PN1_SID31	17933886	0	0	151
PN1_SID31	17933889	0	0	151
PN1_SID31	17933899	0	0	147
PN1_SID31	17933899	0	0	151
PN1_SID31	17933901	0	0	151
PN1_SID32	17933736	8	0	87
PN1_SID32	17933798	8	33	151
PN1_SID32	17933830	31	0	151
PN1_SID32	17933852	48	0	151
PN1_SID32	17933856	0	2	151
PN1_SID32	17933857	0	0	138
PN1_SID32	17933861	22	0	151
PN1_SID32	17933863	0	0	151
PN1_SID32	17933872	13	0	69
PN1_SID32	17933889	0	0	151
PN1_SID32	17933898	1	0	56
PN1_SID33	17933744	0	0	151
PN1_SID33	17933770	0	0	151
PN1_SID33	17933775	0	1	151
PN1_SID33	17933848	0	0	43
PN1_SID33	17933871	0	0	151
PN1_SID33	17933874	0	0	45
PN1_SID33	17933899	0	0	151
PN1_SID34	17933735	16	0	95
PN1_SID34	17933736	7	0	112
PN1_SID34	17933759	2	0	151
PN1_SID34	17933767	0	10	151
PN1_SID34	17933788	0	2	151
PN1_SID34	17933790	2	0	151
PN1_SID34	17933806	0	0	151
PN1_SID34	17933827	0	0	151
PN1_SID34	17933840	0	0	151
PN1_SID34	17933840	0	0	151
PN1_SID34	17933843	0	0	151
PN1_SID34	17933871	0	2	142
PN1_SID34	17933872	0	0	150
PN1_SID34	17933873	2	0	126
PN1_SID34	17933878	0	0	151
PN1_SID34	17933878	0	0	151
PN1_SID34	17933885	40	0	151
PN1_SID34	17933889	0	0	151
PN1_SID34	17933890	0	0	65
PN1_SID34	17933899	0	0	151
PN1_SID35	17925692	47	0	150
PN1_SID35	17925704	0	0	151
PN1_SID35	17933707	0	0	52
PN1_SID35	17933707	0	0	52
PN1_SID35	17933741	14	0	56
PN1_SID35	17933773	0	0	150
PN1_SID35	17933845	0	0	151
PN1_SID35	17933850	7	0	37
PN1_SID35	17933853	0	0	151
PN1_SID35	17933861	22	0	151
PN1_SID35	17933865	0	0	151
PN1_SID35	17933865	0	0	151
PN1_SID35	17933865	0	0	151
PN1_SID35	17933870	0	0	150
PN1_SID35	17933872	0	0	151
PN1_SID35	17933873	0	0	151
PN1_SID35	17933876	4	0	151
PN1_SID35	17933887	0	0	52
PN1_SID35	17933891	0	0	151
PN1_SID35	17933896	0	0	151
PN1_SID35	17933899	4	0	143
PN1_SID36	17925670	18	0	88
PN1_SID36	17933732	18	0	111
PN1_SID36	17933778	0	0	150
PN1_SID36	17933841	15	0	151
PN1_SID36	17933873	0	0	151
PN1_SID36	17933873	0	0	151
PN1_SID36	17933899	0	0	151
PN1_SID36	17933899	0	0	110
PN1_SID36	17933899	0	0	151
PN1_SID37	17925662	4	0	151
PN1_SID37	17933702	0	0	151
PN1_SID37	17933742	0	0	43
PN1_SID37	17933744	0	0	41
PN1_SID37	17933762	0	0	151
PN1_SID37	17933762	0	0	115
PN1_SID37	17933852	48	0	151
PN1_SID37	17933861	0	0	150
PN1_SID38	17933696	3	0	92
PN1_SID38	17933738	21	0	68
PN1_SID38	17933741	0	0	73
PN1_SID38	17933745	0	0	40
PN1_SID38	17933748	0	0	66
PN1_SID38	17933850	0	0	151
PN1_SID38	17933871	0	0	151
PN1_SID38	17933871	0	0	151
PN1_SID38	17933881	37	0	151
PN1_SID38	17933893	2	0	151
PN1_SID39	17933699	21	0	151
PN1_SID39	17933740	0	1	41
PN1_SID39	17933748	0	0	37
PN1_SID39	17933748	0	0	37
PN1_SID39	17933770	0	13	151
PN1_SID39	17933794	0	0	151
PN1_SID39	17933808	0	0	150
PN1_SID39	17933821	0	0	151
PN1_SID39	17933824	0	0	150
PN1_SID39	17933824	0	0	151
PN1_SID39	17933834	9	0	151
PN1_SID39	17933841	1	2	95
PN1_SID39	17933866	0	0	107
PN1_SID39	17933871	0	0	151
PN1_SID39	17933889	0	0	151
PN1_SID39	17933891	0	0	150
PN1_SID39	17933899	0	0	126
PN1_SID39	17933899	0	0	151
PN1_SID39	17933899	0	0	114
PN1_SID3	17925720	0	0	78
PN1_SID3	17933691	24	0	92
PN1_SID3	17933731	42	0	125
PN1_SID3	17933734	22	0	150
PN1_SID3	17933752	0	0	62
PN1_SID3	17933768	0	0	151
PN1_SID3	17933770	0	0	151
PN1_SID3	17933801	0	0	151
PN1_SID3	17933840	0	2	74
PN1_SID3	17933847	0	0	151
PN1_SID3	17933865	14	0	144
PN1_SID3	17933865	0	0	151
PN1_SID3	17933890	12	0	151
PN1_SID3	17933890	11	0	150
PN1_SID3	17933890	12	0	151
PN1_SID3	17933891	0	0	151
PN1_SID3	17933899	0	0	151
PN1_SID3	17933899	0	0	151
PN1_SID40	17925724	34	0	105
PN1_SID40	17933748	0	0	96
PN1_SID40	17933770	0	0	120
PN1_SID40	17933872	0	4	141
PN1_SID40	17933872	0	0	151
PN1_SID40	17933885	0	0	46
PN1_SID40	17933889	0	0	150
PN1_SID40	17933891	0	0	151
PN1_SID40	17933894	0	0	151
PN1_SID40	17933898	0	0	87
PN1_SID40	17933898	0	0	87
PN1_SID40	17933898	0	0	87
PN1_SID40	17933899	0	0	151
PN1_SID41	17933742	0	0	81
PN1_SID41	17933769	40	0	151
PN1_SID41	17933889	0	0	150
PN1_SID41	17933889	0	0	151
PN1_SID42	17933706	0	0	81
PN1_SID42	17933726	10	0	89
PN1_SID42	17933726	10	0	89
PN1_SID42	17933732	0	0	73
PN1_SID42	17933763	0	2	119
PN1_SID42	17933763	0	0	109
PN1_SID42	17933831	0	0	64
PN1_SID42	17933841	1	0	151
PN1_SID42	17933865	0	0	151
PN1_SID42	17933865	0	0	151
PN1_SID42	17933865	0	0	151
PN1_SID42	17933888	0	0	151
PN1_SID43	17933727	0	0	150
PN1_SID43	17933755	6	0	36
PN1_SID43	17933755	6	0	65
PN1_SID43	17933768	0	0	51
PN1_SID43	17933770	0	0	151
PN1_SID43	17933796	17	0	150
PN1_SID43	17933798	0	41	151
PN1_SID43	17933800	0	0	151
PN1_SID43	17933835	0	0	151
PN1_SID43	17933837	0	0	151
PN1_SID43	17933839	39	0	151
PN1_SID43	17933852	46	0	149
PN1_SID43	17933864	0	0	151
PN1_SID43	17933865	0	0	140
PN1_SID43	17933865	0	0	151
PN1_SID43	17933865	0	0	151
PN1_SID43	17933866	0	0	151
PN1_SID43	17933867	0	0	151
PN1_SID43	17933867	5	0	151
PN1_SID43	17933877	0	0	40
PN1_SID43	17933878	0	0	151
PN1_SID43	17933882	6	0	151
PN1_SID43	17933885	0	0	43
PN1_SID43	17933885	19	0	151
PN1_SID43	17933889	0	0	151
PN1_SID43	17933891	0	0	144
PN1_SID43	17933893	0	1	151
PN1_SID43	17933899	0	0	151
PN1_SID43	17933899	0	0	151
PN1_SID43	17933899	0	0	69
PN1_SID44	17925690	32	0	150
PN1_SID44	17933720	0	2	151
PN1_SID44	17933745	0	0	60
PN1_SID44	17933745	0	0	99
PN1_SID44	17933745	0	0	99
PN1_SID44	17933857	0	0	151
PN1_SID44	17933863	0	0	151
PN1_SID44	17933866	0	0	151
PN1_SID44	17933891	0	0	151
PN1_SID44	17933899	0	0	151
PN1_SID44	17933899	0	2	64
PN1_SID45	17925644	0	37	147
PN1_SID45	17933740	6	0	51
PN1_SID45	17933740	6	0	99
PN1_SID45	17933740	5	0	98
PN1_SID45	17933742	0	0	57
PN1_SID45	17933744	0	0	55
PN1_SID45	17933857	0	0	151
PN1_SID45	17933866	0	0	124
PN1_SID45	17933891	33	0	150
PN1_SID46	17925673	0	0	151
PN1_SID46	17933765	13	0	128
PN1_SID46	17933811	0	2	46
PN1_SID46	17933843	12	0	150
PN1_SID46	17933845	6	0	41
PN1_SID46	17933865	0	0	151
PN1_SID46	17933866	36	0	151
PN1_SID46	17933866	0	0	151
PN1_SID46	17933866	0	0	151
PN1_SID46	17933899	0	0	151
PN1_SID47	17933719	0	2	151
PN1_SID47	17933723	0	0	151
PN1_SID47	17933827	14	0	151
PN1_SID47	17933837	0	0	151
PN1_SID47	17933840	0	0	150
PN1_SID47	17933843	0	0	150
PN1_SID47	17933844	20	0	94
PN1_SID47	17933844	36	0	147
PN1_SID47	17933848	0	2	150
PN1_SID47	17933863	0	0	151
PN1_SID47	17933865	0	0	151
PN1_SID47	17933865	0	0	151
PN1_SID47	17933866	0	0	151
PN1_SID47	17933866	0	0	151
PN1_SID47	17933870	0	0	137
PN1_SID47	17933889	0	0	151
PN1_SID47	17933889	0	0	151
PN1_SID47	17933890	23	0	88
PN1_SID47	17933894	5	1	151
PN1_SID47	17933895	0	0	150
PN1_SID47	17933899	0	0	151
PN1_SID47	17933899	4	0	151
PN1_SID47	17933899	0	0	151
PN1_SID47	17933899	0	0	127
PN1_SID48	17933742	0	0	74
PN1_SID48	17933745	0	0	54
PN1_SID48	17933811	0	0	151
PN1_SID48	17933821	0	0	136
PN1_SID48	17933863	0	0	151
PN1_SID48	17933873	0	2	41
PN1_SID48	17933878	0	0	151
PN1_SID48	17933878	0	0	151
PN1_SID48	17933883	5	0	151
PN1_SID48	17933883	0	0	151
PN1_SID48	17933884	0	0	151
PN1_SID48	17933894	0	0	150
PN1_SID48	17933894	0	0	151
PN1_SID48	17933899	0	0	149
PN1_SID48	17933899	0	0	151
PN1_SID4	17933742	0	0	43
PN1_SID4	17933816	0	0	151
PN1_SID4	17933818	0	0	151
PN1_SID4	17933821	0	0	151
PN1_SID4	17933837	0	0	151
PN1_SID4	17933852	0	0	103
PN1_SID4	17933858	0	0	151
PN1_SID4	17933878	0	0	151
PN1_SID4	17933890	43	0	151
PN1_SID4	17933896	0	0	151
PN1_SID4	17933899	0	0	151
PN1_SID50	17925668	0	0	151
PN1_SID50	17933696	22	0	151
PN1_SID50	17933697	11	0	151
PN1_SID50	17933742	0	0	99
PN1_SID50	17933763	0	6	151
PN1_SID50	17933826	0	0	151
PN1_SID50	17933834	16	0	151
PN1_SID50	17933839	39	0	151
PN1_SID50	17933850	0	0	151
PN1_SID50	17933864	0	0	140
PN1_SID50	17933865	0	0	121
PN1_SID50	17933871	0	0	151
PN1_SID50	17933880	8	0	151
PN1_SID50	17933888	40	0	137
PN1_SID50	17933899	0	0	151
PN1_SID51	17933747	0	0	69
PN1_SID51	17933880	30	0	150
PN1_SID51	17933891	0	0	151
PN1_SID52	17933736	19	0	150
PN1_SID52	17933736	20	0	151
PN1_SID52	17933827	0	0	151
PN1_SID52	17933859	0	0	151
PN1_SID52	17933871	0	0	151
PN1_SID52	17933889	0	0	91
PN1_SID52	17933889	0	0	151
PN1_SID52	17933891	0	1	129
PN1_SID52	17933899	0	0	97
PN1_SID52	17933899	0	0	55
PN1_SID53	17925721	0	0	151
PN1_SID53	17933746	0	0	39
PN1_SID53	17933778	0	0	151
PN1_SID53	17933796	6	0	151
PN1_SID53	17933845	0	0	151
PN1_SID53	17933867	2	0	137
PN1_SID53	17933878	0	0	151
PN1_SID54	17925691	0	0	151
PN1_SID54	17925691	0	0	151
PN1_SID54	17925703	0	0	151
PN1_SID54	17933742	0	0	72
PN1_SID54	17933837	0	0	151
PN1_SID54	17933867	2	2	72
PN1_SID54	17933889	0	0	80
PN1_SID54	17933894	0	0	151
PN1_SID54	17933899	0	0	57
PN1_SID54	17933899	0	0	149
PN1_SID54	17933899	0	0	151
PN1_SID54	17933901	6	0	151
PN1_SID55	17933741	0	0	49
PN1_SID55	17933759	10	0	48
PN1_SID55	17933816	0	0	147
PN1_SID55	17933832	0	0	151
PN1_SID55	17933837	0	0	149
PN1_SID55	17933838	0	0	151
PN1_SID55	17933840	0	0	148
PN1_SID55	17933845	4	0	39
PN1_SID55	17933846	0	0	150
PN1_SID55	17933846	0	0	151
PN1_SID55	17933853	0	0	151
PN1_SID55	17933855	0	0	150
PN1_SID55	17933863	0	0	151
PN1_SID55	17933865	0	0	151
PN1_SID55	17933865	0	0	145
PN1_SID55	17933884	21	3	139
PN1_SID55	17933891	0	0	151
PN1_SID55	17933898	0	0	151
PN1_SID55	17933899	0	0	131
PN1_SID55	17933899	0	0	151
PN1_SID55	17933899	0	0	151
PN1_SID56	17933742	0	0	72
PN1_SID56	17933742	0	0	43
PN1_SID56	17933753	0	0	127
PN1_SID56	17933757	0	0	151
PN1_SID56	17933816	0	0	151
PN1_SID56	17933877	18	0	151
PN1_SID56	17933878	0	0	151
PN1_SID56	17933889	0	0	151
PN1_SID56	17933889	0	0	150
PN1_SID56	17933891	0	0	151
PN1_SID56	17933891	0	0	91
PN1_SID56	17933891	0	0	151
PN1_SID56	17933899	0	0	151
PN1_SID57	17933823	35	2	151
PN1_SID57	17933840	0	0	151
PN1_SID57	17933840	0	0	151
PN1_SID57	17933850	0	0	151
PN1_SID57	17933891	0	0	151
PN1_SID57	17933899	0	0	151
PN1_SID57	17933899	0	0	151
PN1_SID58	17933743	0	0	62
PN1_SID58	17933871	0	0	151
PN1_SID58	17933891	0	2	150
PN1_SID58	17933894	0	0	151
PN1_SID58	17933899	0	0	151
PN1_SID59	17925637	0	2	151
PN1_SID59	17925658	0	0	151
PN1_SID59	17933699	8	0	95
PN1_SID59	17933735	0	0	50
PN1_SID59	17933736	19	0	132
PN1_SID59	17933744	0	0	151
PN1_SID59	17933762	13	0	151
PN1_SID59	17933768	0	2	151
PN1_SID59	17933800	0	0	151
PN1_SID59	17933816	0	0	151
PN1_SID59	17933840	0	0	150
PN1_SID59	17933844	2	0	141
PN1_SID59	17933861	22	0	151
PN1_SID59	17933889	0	0	151
PN1_SID59	17933894	0	0	151
PN1_SID59	17933899	0	0	136
PN1_SID59	17933899	0	2	107
PN1_SID5	17900838	0	5	36
PN1_SID5	17925647	3	0	151
PN1_SID5	17933741	13	0	57
PN1_SID5	17933743	0	0	62
PN1_SID5	17933745	0	0	53
PN1_SID5	17933837	0	0	151
PN1_SID5	17933842	0	0	80
PN1_SID5	17933865	0	0	151
PN1_SID5	17933886	26	0	151
PN1_SID5	17933891	0	0	151
PN1_SID5	17933896	0	0	151
PN1_SID5	17933899	0	0	151
PN1_SID60	17924893	0	0	151
PN1_SID60	17933817	0	0	151
PN1_SID60	17933834	9	0	151
PN1_SID60	17933836	0	0	104
PN1_SID60	17933837	0	0	151
PN1_SID60	17933844	40	0	151
PN1_SID60	17933845	2	0	37
PN1_SID60	17933863	0	0	151
PN1_SID60	17933877	6	0	149
PN1_SID60	17933883	0	0	151
PN1_SID60	17933889	0	0	133
PN1_SID60	17933891	0	0	151
PN1_SID60	17933896	34	0	128
PN1_SID60	17933899	0	0	151
PN1_SID61	17925682	0	0	151
PN1_SID61	17933703	0	0	151
PN1_SID61	17933732	12	0	49
PN1_SID61	17933742	0	0	39
PN1_SID61	17933757	0	0	151
PN1_SID61	17933820	0	0	60
PN1_SID61	17933842	18	0	102
PN1_SID61	17933879	14	0	151
PN1_SID61	17933899	0	0	151
PN1_SID61	17933899	0	0	151
PN1_SID62	17933770	0	13	151
PN1_SID62	17933872	0	0	151
PN1_SID63	17933698	0	0	151
PN1_SID63	17933745	0	0	69
PN1_SID63	17933770	0	0	151
PN1_SID63	17933787	0	0	116
PN1_SID63	17933787	0	0	116
PN1_SID63	17933856	2	0	46
PN1_SID63	17933856	2	0	101
PN1_SID63	17933877	5	0	151
PN1_SID63	17933878	0	0	43
PN1_SID63	17933890	1	0	124
PN1_SID63	17933896	0	20	150
PN1_SID63	17933899	0	0	151
PN1_SID63	17933899	0	0	151
PN1_SID63	17933899	0	0	151
PN1_SID63	17933899	0	1	150
PN1_SID64	17925647	27	0	151
PN1_SID64	17925668	14	0	92
PN1_SID64	17933742	0	0	43
PN1_SID64	17933746	0	30	151
PN1_SID64	17933772	0	0	151
PN1_SID64	17933777	0	0	151
PN1_SID64	17933789	0	0	57
PN1_SID64	17933826	0	0	151
PN1_SID64	17933845	14	0	64
PN1_SID64	17933869	15	0	151
PN1_SID64	17933872	0	0	151
PN1_SID64	17933872	0	0	151
PN1_SID64	17933875	17	0	151
PN1_SID64	17933891	0	0	150
PN1_SID64	17933899	0	0	38
PN1_SID65	17933723	0	0	84
PN1_SID65	17933770	0	10	151
PN1_SID65	17933844	15	0	151
PN1_SID66	17933767	0	0	151
PN1_SID66	17933808	0	0	149
PN1_SID66	17933839	0	0	151
PN1_SID66	17933879	6	0	151
PN1_SID66	17933899	0	0	151
PN1_SID66	17933899	0	0	150
PN1_SID67	17933691	18	0	112
PN1_SID67	17933746	0	0	151
PN1_SID67	17933746	0	0	151
PN1_SID67	17933804	0	0	151
PN1_SID67	17933826	0	0	151
PN1_SID67	17933826	0	0	151
PN1_SID67	17933840	0	0	150
PN1_SID67	17933845	5	0	40
PN1_SID67	17933867	0	6	141
PN1_SID67	17933871	0	0	150
PN1_SID68	17933720	2	0	66
PN1_SID68	17933731	0	0	151
PN1_SID68	17933806	0	0	151
PN1_SID68	17933826	0	0	151
PN1_SID68	17933845	0	0	151
PN1_SID68	17933864	0	0	151
PN1_SID68	17933872	0	0	151
PN1_SID68	17933883	0	0	151
PN1_SID68	17933889	0	0	151
PN1_SID68	17933891	0	0	144
PN1_SID68	17933899	0	0	151
PN1_SID68	17933899	0	0	149
PN1_SID68	17933899	0	0	151
PN1_SID69	17933691	27	0	150
PN1_SID69	17933729	0	0	151
PN1_SID69	17933734	5	0	151
PN1_SID69	17933734	4	0	150
PN1_SID69	17933734	5	0	151
PN1_SID69	17933746	0	0	68
PN1_SID69	17933790	0	0	151
PN1_SID69	17933816	0	0	151
PN1_SID69	17933826	0	0	151
PN1_SID69	17933834	0	0	151
PN1_SID69	17933842	0	0	151
PN1_SID69	17933858	0	0	151
PN1_SID69	17933870	5	0	47
PN1_SID69	17933878	6	0	151
PN1_SID69	17933888	37	0	150
PN1_SID69	17933890	24	0	89
PN1_SID69	17933893	0	0	96
PN1_SID69	17933893	0	0	150
PN1_SID69	17933897	1	0	151
PN1_SID6	17924286	12	0	151
PN1_SID6	17924286	12	0	151
PN1_SID6	17925698	0	0	151
PN1_SID6	17933732	3	0	151
PN1_SID6	17933778	0	0	151
PN1_SID6	17933786	0	0	37
PN1_SID6	17933816	0	0	151
PN1_SID6	17933837	0	0	151
PN1_SID6	17933843	0	0	151
PN1_SID6	17933859	0	0	151
PN1_SID6	17933873	0	0	151
PN1_SID6	17933881	0	0	151
PN1_SID6	17933885	22	0	92
PN1_SID6	17933899	0	0	151
PN1_SID70	17933766	10	0	107
PN1_SID70	17933774	1	0	151
PN1_SID70	17933826	0	0	151
PN1_SID70	17933865	0	0	151
PN1_SID70	17933891	0	0	151
PN1_SID70	17933896	0	0	89
PN1_SID70	17933899	0	0	151
PN1_SID71	17925673	8	0	151
PN1_SID71	17933702	0	0	151
PN1_SID71	17933770	0	0	151
PN1_SID71	17933808	0	0	151
PN1_SID71	17933821	0	6	150
PN1_SID71	17933821	0	0	151
PN1_SID71	17933835	0	0	151
PN1_SID71	17933842	0	0	36
PN1_SID71	17933861	0	0	151
PN1_SID71	17933865	6	0	151
PN1_SID71	17933865	0	0	130
PN1_SID71	17933883	0	0	151
PN1_SID71	17933888	0	0	151
PN1_SID71	17933889	0	0	151
PN1_SID71	17933891	0	0	151
PN1_SID71	17933891	0	0	150
PN1_SID71	17933891	0	0	151
PN1_SID71	17933896	0	0	151
PN1_SID71	17933899	0	0	151
PN1_SID71	17933899	0	0	151
PN1_SID72	17933737	5	0	90
PN1_SID72	17933801	0	0	150
PN1_SID72	17933821	0	0	151
PN1_SID72	17933821	0	0	151
PN1_SID72	17933824	0	0	150
PN1_SID72	17933838	0	0	150
PN1_SID72	17933840	0	0	150
PN1_SID72	17933840	0	0	149
PN1_SID72	17933851	0	0	110
PN1_SID72	17933865	0	0	151
PN1_SID72	17933871	0	0	151
PN1_SID72	17933877	0	2	132
PN1_SID72	17933889	0	0	151
PN1_SID72	17933896	0	0	151
PN1_SID72	17933896	0	0	151
PN1_SID72	17933898	0	0	57
PN1_SID72	17933899	0	0	151
PN1_SID72	17933899	0	2	121
PN1_SID72	17933899	0	0	151
PN1_SID72	17933899	0	3	47
PN1_SID72	17933899	0	0	56
PN1_SID73	17925719	0	0	151
PN1_SID73	17925720	0	0	151
PN1_SID73	17933770	0	0	151
PN1_SID73	17933827	0	0	151
PN1_SID73	17933872	5	0	151
PN1_SID73	17933873	0	6	151
PN1_SID73	17933873	0	6	151
PN1_SID73	17933874	3	3	150
PN1_SID73	17933878	0	0	151
PN1_SID73	17933888	6	0	151
PN1_SID73	17933891	0	0	151
PN1_SID74	17924916	0	0	151
PN1_SID74	17925673	0	0	151
PN1_SID74	17925721	0	0	151
PN1_SID74	17933699	0	0	46
PN1_SID74	17933718	0	0	151
PN1_SID74	17933772	0	15	151
PN1_SID74	17933783	0	26	151
PN1_SID74	17933797	0	0	71
PN1_SID74	17933816	0	9	101
PN1_SID74	17933829	2	0	151
PN1_SID74	17933843	0	0	48
PN1_SID74	17933845	0	24	86
PN1_SID74	17933860	21	0	69
PN1_SID74	17933886	7	0	151
PN1_SID75	17925678	0	0	151
PN1_SID75	17933742	0	0	72
PN1_SID75	17933811	0	0	151
PN1_SID75	17933835	0	0	151
PN1_SID75	17933865	0	0	80
PN1_SID75	17933891	0	0	151
PN1_SID75	17933891	0	0	151
PN1_SID75	17933897	0	0	107
PN1_SID75	17933899	0	0	151
PN1_SID76	17933857	0	0	151
PN1_SID76	17933859	2	0	151
PN1_SID76	17933894	0	0	151
PN1_SID77	17924905	0	0	151
PN1_SID77	17933723	0	0	151
PN1_SID77	17933729	0	0	151
PN1_SID77	17933741	10	0	89
PN1_SID77	17933816	0	0	151
PN1_SID77	17933864	0	0	150
PN1_SID77	17933885	11	0	53
PN1_SID77	17933885	0	0	151
PN1_SID77	17933886	0	0	151
PN1_SID78	17925663	19	0	151
PN1_SID78	17933745	0	0	99
PN1_SID78	17933808	0	0	150
PN1_SID78	17933827	0	0	151
PN1_SID78	17933829	2	0	151
PN1_SID78	17933856	0	0	151
PN1_SID78	17933865	0	0	151
PN1_SID78	17933865	0	0	151
PN1_SID78	17933867	0	0	151
PN1_SID78	17933867	0	0	151
PN1_SID78	17933867	0	0	151
PN1_SID78	17933878	10	0	113
PN1_SID78	17933891	0	0	151
PN1_SID78	17933891	0	0	150
PN1_SID78	17933898	0	0	85
PN1_SID78	17933899	0	0	38
PN1_SID78	17933899	0	0	151
PN1_SID79	17933866	0	0	139
PN1_SID79	17933878	0	0	151
PN1_SID79	17933891	0	0	71
PN1_SID79	17933895	0	0	100
PN1_SID79	17933899	0	0	151
PN1_SID7	17925689	0	0	151
PN1_SID7	17933745	0	0	69
PN1_SID7	17933840	0	0	151
PN1_SID7	17933852	47	0	150
PN1_SID7	17933852	7	0	151
PN1_SID7	17933857	0	0	151
PN1_SID7	17933888	4	0	151
PN1_SID7	17933893	0	0	37
PN1_SID7	17933893	0	0	37
PN1_SID7	17933901	9	0	68
PN1_SID80	17933834	38	0	151
PN1_SID80	17933850	0	0	151
PN1_SID80	17933865	0	0	68
PN1_SID80	17933872	0	0	151
PN1_SID80	17933879	14	0	61
PN1_SID80	17933888	0	0	151
PN1_SID80	17933895	5	0	151
PN1_SID80	17933899	0	0	151
PN1_SID81	17933789	0	0	74
PN1_SID81	17933811	0	0	150
PN1_SID81	17933845	18	0	53
PN1_SID81	17933864	0	0	151
PN1_SID81	17933890	0	0	151
PN1_SID81	17933893	0	0	151
PN1_SID81	17933899	0	0	151
PN1_SID82	17925700	0	0	151
PN1_SID82	17933745	0	0	54
PN1_SID82	17933745	0	0	54
PN1_SID82	17933749	0	0	50
PN1_SID82	17933758	0	0	59
PN1_SID82	17933765	0	0	115
PN1_SID82	17933822	0	0	151
PN1_SID82	17933824	0	0	97
PN1_SID82	17933826	0	19	101
PN1_SID82	17933837	0	0	151
PN1_SID82	17933837	0	0	151
PN1_SID82	17933858	0	0	151
PN1_SID82	17933863	0	0	142
PN1_SID82	17933865	0	0	151
PN1_SID82	17933865	0	0	151
PN1_SID82	17933872	0	0	151
PN1_SID82	17933872	0	0	151
PN1_SID82	17933878	0	0	86
PN1_SID82	17933899	0	0	151
PN1_SID82	17933901	0	0	151
PN1_SID83	17925704	0	2	60
PN1_SID83	17925712	15	0	68
PN1_SID83	17933744	0	0	151
PN1_SID83	17933747	0	0	151
PN1_SID83	17933806	0	14	150
PN1_SID83	17933826	0	0	151
PN1_SID83	17933830	0	0	151
PN1_SID83	17933837	0	0	151
PN1_SID83	17933845	14	0	49
PN1_SID83	17933855	0	0	151
PN1_SID83	17933871	0	0	151
PN1_SID83	17933891	0	0	151
PN1_SID83	17933896	0	0	151
PN1_SID83	17933899	0	0	151
PN1_SID84	17874816	0	21	151
PN1_SID84	17874816	0	21	151
PN1_SID84	17925691	0	0	95
PN1_SID84	17925719	0	0	151
PN1_SID84	17933728	0	0	43
PN1_SID84	17933826	0	0	151
PN1_SID84	17933826	0	0	151
PN1_SID84	17933828	15	0	117
PN1_SID84	17933830	40	0	151
PN1_SID84	17933832	0	0	123
PN1_SID84	17933834	16	0	151
PN1_SID84	17933837	0	0	151
PN1_SID84	17933873	23	0	69
PN1_SID84	17933881	13	0	151
PN1_SID84	17933883	5	0	151
PN1_SID84	17933883	0	0	151
PN1_SID84	17933884	0	0	149
PN1_SID84	17933894	0	0	151
PN1_SID84	17933899	0	0	151
PN1_SID85	17877291	0	0	151
PN1_SID85	17933736	10	0	90
PN1_SID85	17933742	0	0	41
PN1_SID85	17933770	0	0	151
PN1_SID85	17933838	0	0	93
PN1_SID85	17933839	1	0	149
PN1_SID85	17933865	0	0	151
PN1_SID85	17933883	0	0	82
PN1_SID85	17933891	0	0	112
PN1_SID85	17933899	0	0	151
PN1_SID86	17878465	0	0	151
PN1_SID86	17933752	0	0	41
PN1_SID86	17933787	0	0	151
PN1_SID86	17933804	0	0	151
PN1_SID86	17933844	40	0	151
PN1_SID86	17933848	0	0	151
PN1_SID86	17933872	0	0	151
PN1_SID86	17933884	0	0	66
PN1_SID86	17933888	0	0	151
PN1_SID86	17933891	0	0	151
PN1_SID86	17933899	0	0	151
PN1_SID87	17925710	17	0	102
PN1_SID87	17925710	17	0	102
PN1_SID87	17925710	17	0	102
PN1_SID87	17933712	0	0	151
PN1_SID87	17933742	0	0	57
PN1_SID87	17933743	0	0	42
PN1_SID87	17933795	41	0	145
PN1_SID87	17933806	0	0	84
PN1_SID87	17933826	0	3	126
PN1_SID87	17933837	0	0	151
PN1_SID87	17933837	0	0	151
PN1_SID87	17933845	0	0	56
PN1_SID87	17933859	0	0	56
PN1_SID87	17933865	0	0	151
PN1_SID87	17933890	9	0	151
PN1_SID87	17933899	0	0	151
PN1_SID88	17924897	0	0	151
PN1_SID88	17925676	0	0	151
PN1_SID88	17925676	0	0	79
PN1_SID88	17933691	7	0	151
PN1_SID88	17933728	0	0	151
PN1_SID88	17933735	0	0	150
PN1_SID88	17933746	0	0	151
PN1_SID88	17933752	2	0	151
PN1_SID88	17933782	0	25	151
PN1_SID88	17933803	0	0	51
PN1_SID88	17933804	0	2	151
PN1_SID88	17933804	0	0	151
PN1_SID88	17933861	20	0	149
PN1_SID89	17933771	14	0	151
PN1_SID89	17933794	4	0	130
PN1_SID89	17933794	4	0	54
PN1_SID89	17933828	2	0	151
PN1_SID89	17933864	0	0	58
PN1_SID89	17933893	6	0	151
PN1_SID89	17933893	6	0	151
PN1_SID89	17933899	0	0	151
PN1_SID89	17933899	0	0	151
PN1_SID89	17933901	0	0	151
PN1_SID8	17933742	0	0	93
PN1_SID8	17933742	0	0	78
PN1_SID8	17933821	0	0	151
PN1_SID8	17933832	0	0	151
PN1_SID8	17933850	0	0	151
PN1_SID8	17933872	1	0	123
PN1_SID8	17933879	0	0	151
PN1_SID8	17933893	4	0	151
PN1_SID8	17933894	0	0	151
PN1_SID8	17933900	1	0	151
PN1_SID90	17925669	0	0	151
PN1_SID90	17933821	0	0	151
PN1_SID90	17933834	9	0	151
PN1_SID90	17933872	0	0	150
PN1_SID90	17933878	0	0	112
PN1_SID90	17933899	0	0	151
PN1_SID91	17925634	0	0	112
PN1_SID91	17925642	0	0	151
PN1_SID91	17925709	0	0	151
PN1_SID91	17933745	0	0	36
PN1_SID91	17933806	0	0	151
PN1_SID91	17933808	0	0	151
PN1_SID91	17933849	5	0	107
PN1_SID91	17933859	7	0	150
PN1_SID91	17933878	0	0	151
PN1_SID91	17933899	0	0	151
PN1_SID92	17933798	0	0	150
PN1_SID92	17933829	2	0	151
PN1_SID92	17933837	0	0	57
PN1_SID92	17933838	0	0	70
PN1_SID92	17933865	0	0	151
PN1_SID92	17933881	0	0	151
PN1_SID92	17933888	0	0	151
PN1_SID92	17933888	0	0	151
PN1_SID92	17933889	0	0	151
PN1_SID92	17933894	0	0	149
PN1_SID92	17933894	0	0	151
PN1_SID92	17933896	0	0	151
PN1_SID93	17925669	0	0	151
PN1_SID93	17933729	0	0	40
PN1_SID93	17933790	0	0	151
PN1_SID93	17933821	0	0	151
PN1_SID93	17933821	0	0	151
PN1_SID93	17933821	0	0	151
PN1_SID93	17933850	0	0	145
PN1_SID93	17933850	0	0	151
PN1_SID93	17933860	4	0	151
PN1_SID93	17933880	8	0	151
PN1_SID93	17933880	8	0	151
PN1_SID93	17933891	0	0	151
PN1_SID93	17933899	0	0	151
PN1_SID93	17933899	0	0	51
PN1_SID94	17925644	19	0	150
PN1_SID94	17933832	0	0	151
PN1_SID94	17933839	0	0	151
PN1_SID94	17933865	0	0	151
PN1_SID94	17933871	0	0	151
PN1_SID94	17933872	0	0	106
PN1_SID94	17933891	0	0	55
PN1_SID94	17933894	0	0	151
PN1_SID95	17933697	0	0	151
PN1_SID95	17933744	0	0	61
PN1_SID95	17933772	0	0	151
PN1_SID95	17933794	0	0	151
PN1_SID95	17933808	0	0	151
PN1_SID95	17933808	0	1	151
PN1_SID95	17933821	0	0	151
PN1_SID95	17933824	0	0	150
PN1_SID95	17933824	10	0	66
PN1_SID95	17933827	0	0	151
PN1_SID95	17933834	16	0	115
PN1_SID95	17933873	2	0	96
PN1_SID95	17933873	2	0	96
PN1_SID95	17933878	0	0	124
PN1_SID95	17933901	0	0	150
PN1_SID95	17933901	0	0	151
PN1_SID96	17933735	40	0	151
PN1_SID96	17933804	0	0	151
PN1_SID96	17933806	0	0	151
PN1_SID96	17933845	0	0	151
PN1_SID96	17933850	0	0	151
PN1_SID96	17933851	6	2	50
PN1_SID96	17933861	20	0	151
PN1_SID96	17933865	0	0	151
PN1_SID96	17933865	0	0	151
PN1_SID96	17933865	0	0	151
PN1_SID96	17933871	0	0	151
PN1_SID96	17933873	0	0	151
PN1_SID96	17933877	0	0	90
PN1_SID96	17933883	0	0	151
PN1_SID96	17933889	1	0	151
PN1_SID96	17933894	0	0	151
PN1_SID96	17933895	4	0	151
PN1_SID96	17933896	0	0	151
PN1_SID96	17933899	0	0	129
PN1_SID96	17933899	0	0	151
PN1_SID96	17933899	0	0	151
PN1_SID96	17933899	0	0	151
PN1_SID96	17933899	0	0	151
PN1_SID96	17933899	0	0	151
PN1_SID96	17933899	0	0	151
PN1_SID96	17933899	0	11	94
PN1_SID96	17933899	0	0	151
PN1_SID9	17933733	0	0	150
PN1_SID9	17933745	0	0	118
PN1_SID9	17933770	35	0	145
PN1_SID9	17933789	0	0	74
PN1_SID9	17933821	10	0	151
PN1_SID9	17933821	0	0	151
PN1_SID9	17933826	0	0	151
PN1_SID9	17933833	2	0	151
PN1_SID9	17933840	0	0	150
PN1_SID9	17933856	0	0	120
PN1_SID9	17933856	0	0	151
PN1_SID9	17933865	0	0	151
PN1_SID9	17933867	0	0	151
PN1_SID9	17933869	0	0	151
PN1_SID9	17933869	0	0	151
PN1_SID9	17933895	0	0	82
PN1_SID9	17933899	0	0	151
PN1_SID9	17933899	0	0	41
PN2_SID100	17933787	0	0	139
PN2_SID100	17933803	0	0	150
PN2_SID100	17933816	0	0	42
PN2_SID100	17933818	0	0	151
PN2_SID100	17933826	0	0	107
PN2_SID100	17933837	0	0	150
PN2_SID100	17933837	0	0	151
PN2_SID100	17933854	0	0	151
PN2_SID100	17933865	8	0	151
PN2_SID100	17933867	0	0	151
PN2_SID100	17933872	0	2	136
PN2_SID100	17933888	0	1	151
PN2_SID100	17933890	34	0	151
PN2_SID100	17933891	0	0	151
PN2_SID100	17933899	0	0	151
PN2_SID100	17933901	0	3	110
PN2_SID101	17925691	0	0	151
PN2_SID101	17933691	5	0	151
PN2_SID101	17933693	0	0	151
PN2_SID101	17933735	6	0	55
PN2_SID101	17933745	0	0	60
PN2_SID101	17933763	0	2	51
PN2_SID101	17933776	4	0	151
PN2_SID101	17933794	0	0	150
PN2_SID101	17933804	0	0	151
PN2_SID101	17933826	0	0	43
PN2_SID101	17933826	0	0	151
PN2_SID101	17933826	0	0	134
PN2_SID101	17933828	2	0	110
PN2_SID101	17933853	0	0	151
PN2_SID101	17933856	0	0	133
PN2_SID101	17933861	20	0	88
PN2_SID101	17933863	0	0	151
PN2_SID101	17933879	0	0	151
PN2_SID101	17933888	0	0	150
PN2_SID101	17933891	0	0	151
PN2_SID101	17933891	0	0	151
PN2_SID101	17933897	0	0	151
PN2_SID101	17933899	0	0	63
PN2_SID101	17933899	0	0	121
PN2_SID101	17933899	0	0	151
PN2_SID101	17933899	0	0	151
PN2_SID102	17874815	0	0	151
PN2_SID102	17933712	0	11	151
PN2_SID102	17933768	0	0	102
PN2_SID102	17933770	0	0	151
PN2_SID102	17933804	0	0	151
PN2_SID102	17933826	0	0	151
PN2_SID102	17933832	0	0	145
PN2_SID102	17933837	0	0	110
PN2_SID102	17933838	1	0	151
PN2_SID102	17933840	0	0	151
PN2_SID102	17933842	0	0	151
PN2_SID102	17933850	0	0	63
PN2_SID102	17933871	0	0	151
PN2_SID102	17933888	6	0	151
PN2_SID102	17933889	0	0	151
PN2_SID102	17933891	0	14	119
PN2_SID102	17933895	4	0	151
PN2_SID102	17933899	0	0	137
PN2_SID103	17933821	0	0	151
PN2_SID103	17933841	28	0	151
PN2_SID103	17933866	8	0	151
PN2_SID103	17933871	0	0	151
PN2_SID103	17933871	0	1	117
PN2_SID103	17933889	0	0	79
PN2_SID103	17933889	0	0	151
PN2_SID103	17933896	0	0	151
PN2_SID103	17933899	0	0	151
PN2_SID104	17925642	0	0	151
PN2_SID104	17925655	0	0	151
PN2_SID104	17933755	0	0	151
PN2_SID104	17933762	0	0	96
PN2_SID104	17933765	0	8	151
PN2_SID104	17933765	0	0	45
PN2_SID104	17933772	0	15	151
PN2_SID104	17933856	8	10	70
PN2_SID104	17933865	0	0	151
PN2_SID105	17933772	0	0	151
PN2_SID105	17933772	0	0	151
PN2_SID105	17933772	0	0	151
PN2_SID105	17933798	0	0	151
PN2_SID105	17933804	0	0	151
PN2_SID105	17933826	0	0	151
PN2_SID105	17933840	0	0	151
PN2_SID105	17933866	1	0	71
PN2_SID105	17933871	0	0	151
PN2_SID105	17933878	0	0	151
PN2_SID105	17933890	0	0	151
PN2_SID105	17933899	0	0	150
PN2_SID106	17925678	0	0	151
PN2_SID106	17925678	0	0	151
PN2_SID106	17925707	0	0	151
PN2_SID106	17925707	0	0	151
PN2_SID106	17925721	0	0	151
PN2_SID106	17933699	0	0	151
PN2_SID106	17933744	0	2	49
PN2_SID106	17933827	0	0	151
PN2_SID106	17933834	8	2	151
PN2_SID106	17933844	15	0	151
PN2_SID106	17933844	13	0	149
PN2_SID106	17933844	15	0	151
PN2_SID106	17933844	15	0	151
PN2_SID106	17933845	0	0	151
PN2_SID106	17933850	0	0	151
PN2_SID106	17933851	0	0	151
PN2_SID106	17933859	41	0	151
PN2_SID106	17933859	0	0	151
PN2_SID106	17933866	0	0	151
PN2_SID106	17933878	0	0	151
PN2_SID106	17933878	0	0	151
PN2_SID106	17933884	0	0	151
PN2_SID106	17933886	0	0	151
PN2_SID106	17933894	7	2	150
PN2_SID106	17933899	0	0	150
PN2_SID107	17925660	0	0	151
PN2_SID107	17933806	0	0	150
PN2_SID107	17933821	0	0	151
PN2_SID107	17933832	0	0	151
PN2_SID107	17933842	2	0	64
PN2_SID107	17933845	0	0	42
PN2_SID107	17933852	10	0	84
PN2_SID107	17933853	0	2	151
PN2_SID107	17933861	6	0	43
PN2_SID107	17933863	0	2	64
PN2_SID107	17933863	0	0	151
PN2_SID107	17933865	0	0	61
PN2_SID107	17933867	0	0	151
PN2_SID107	17933871	0	0	151
PN2_SID107	17933871	0	0	151
PN2_SID107	17933874	30	0	151
PN2_SID107	17933878	0	0	151
PN2_SID107	17933878	0	0	151
PN2_SID107	17933883	31	0	151
PN2_SID107	17933883	0	0	151
PN2_SID107	17933888	0	0	116
PN2_SID107	17933897	0	0	151
PN2_SID108	17924921	0	0	151
PN2_SID108	17925724	29	0	151
PN2_SID108	17925724	29	0	151
PN2_SID108	17925724	25	0	147
PN2_SID108	17925724	29	0	151
PN2_SID108	17933746	0	0	117
PN2_SID108	17933746	0	0	151
PN2_SID108	17933821	0	0	151
PN2_SID108	17933822	0	0	151
PN2_SID108	17933822	0	0	149
PN2_SID108	17933837	0	0	151
PN2_SID108	17933837	0	0	151
PN2_SID108	17933850	0	0	151
PN2_SID108	17933867	2	0	151
PN2_SID109	17933699	0	2	41
PN2_SID109	17933701	0	0	151
PN2_SID109	17933735	25	0	89
PN2_SID109	17933736	6	0	93
PN2_SID109	17933737	0	0	107
PN2_SID109	17933768	0	0	151
PN2_SID109	17933807	8	0	151
PN2_SID109	17933807	8	0	151
PN2_SID109	17933826	0	0	151
PN2_SID109	17933829	2	0	151
PN2_SID109	17933837	0	0	151
PN2_SID109	17933843	0	0	151
PN2_SID109	17933845	14	0	49
PN2_SID109	17933846	0	0	151
PN2_SID109	17933848	0	0	150
PN2_SID109	17933850	0	0	151
PN2_SID109	17933863	0	0	150
PN2_SID109	17933863	0	0	151
PN2_SID109	17933865	0	0	151
PN2_SID109	17933871	0	3	150
PN2_SID109	17933871	0	0	151
PN2_SID109	17933876	25	0	151
PN2_SID109	17933886	0	0	151
PN2_SID109	17933891	0	0	71
PN2_SID109	17933895	5	0	151
PN2_SID109	17933899	0	0	151
PN2_SID109	17933899	0	0	151
PN2_SID109	17933899	0	0	127
PN2_SID110	17925712	0	0	37
PN2_SID110	17933736	3	1	89
PN2_SID110	17933743	0	0	79
PN2_SID110	17933744	0	3	40
PN2_SID110	17933808	0	0	151
PN2_SID110	17933808	0	0	151
PN2_SID110	17933808	0	0	150
PN2_SID110	17933808	0	0	151
PN2_SID110	17933811	0	0	151
PN2_SID110	17933811	0	0	151
PN2_SID110	17933811	0	0	151
PN2_SID110	17933821	0	0	151
PN2_SID110	17933826	0	0	151
PN2_SID110	17933844	15	0	151
PN2_SID110	17933844	4	1	41
PN2_SID110	17933850	0	0	57
PN2_SID110	17933850	0	0	94
PN2_SID110	17933850	0	0	151
PN2_SID110	17933850	0	0	151
PN2_SID110	17933860	11	0	77
PN2_SID110	17933866	0	0	151
PN2_SID110	17933871	0	0	151
PN2_SID110	17933878	0	0	91
PN2_SID110	17933879	0	0	151
PN2_SID110	17933881	9	0	56
PN2_SID110	17933885	13	0	151
PN2_SID110	17933885	13	0	151
PN2_SID110	17933885	9	0	147
PN2_SID110	17933889	0	0	151
PN2_SID110	17933889	0	0	151
PN2_SID110	17933893	4	0	151
PN2_SID110	17933893	4	0	137
PN2_SID110	17933899	0	0	151
PN2_SID110	17933899	0	0	150
PN2_SID111	17933767	0	0	151
PN2_SID111	17933777	0	2	151
PN2_SID111	17933838	0	2	151
PN2_SID111	17933865	0	0	151
PN2_SID111	17933865	0	0	151
PN2_SID111	17933871	0	0	151
PN2_SID111	17933883	0	2	151
PN2_SID111	17933888	0	0	151
PN2_SID111	17933891	0	0	151
PN2_SID111	17933896	0	0	151
PN2_SID111	17933896	0	0	151
PN2_SID111	17933899	0	0	151
PN2_SID111	17933901	0	0	150
PN2_SID112	17933733	8	0	95
PN2_SID112	17933767	0	0	151
PN2_SID112	17933780	0	0	138
PN2_SID112	17933811	0	0	151
PN2_SID112	17933821	0	0	150
PN2_SID112	17933821	0	0	151
PN2_SID112	17933826	0	0	151
PN2_SID112	17933837	0	0	143
PN2_SID112	17933843	0	0	151
PN2_SID112	17933845	14	0	49
PN2_SID112	17933850	0	0	151
PN2_SID112	17933852	26	0	102
PN2_SID112	17933853	0	0	151
PN2_SID112	17933853	0	0	150
PN2_SID112	17933886	0	0	151
PN2_SID112	17933891	0	0	151
PN2_SID112	17933891	0	0	151
PN2_SID112	17933891	38	0	151
PN2_SID112	17933891	0	0	151
PN2_SID112	17933894	0	0	56
PN2_SID112	17933897	0	0	149
PN2_SID112	17933899	0	0	151
PN2_SID112	17933899	0	0	151
PN2_SID112	17933899	0	0	50
PN2_SID112	17933899	0	0	151
PN2_SID113	17933816	0	0	151
PN2_SID113	17933837	0	0	135
PN2_SID113	17933848	0	0	150
PN2_SID113	17933866	0	0	64
PN2_SID113	17933889	0	0	151
PN2_SID113	17933891	0	0	151
PN2_SID114	17925644	0	0	150
PN2_SID114	17925657	0	0	137
PN2_SID114	17933819	0	0	150
PN2_SID114	17933819	0	0	151
PN2_SID114	17933821	0	0	102
PN2_SID114	17933826	0	0	151
PN2_SID114	17933826	0	0	151
PN2_SID114	17933831	5	0	58
PN2_SID114	17933834	9	0	151
PN2_SID114	17933840	0	1	151
PN2_SID114	17933850	0	0	151
PN2_SID114	17933850	0	2	91
PN2_SID114	17933854	0	0	151
PN2_SID114	17933856	0	0	151
PN2_SID114	17933873	0	0	151
PN2_SID114	17933888	0	0	150
PN2_SID114	17933888	0	0	150
PN2_SID114	17933899	0	0	151
PN2_SID114	17933899	0	0	151
PN2_SID114	17933899	0	0	149
PN2_SID114	17933899	0	0	147
PN2_SID114	17933899	0	0	151
PN2_SID114	17933899	0	0	151
PN2_SID115	17925683	0	3	151
PN2_SID115	17933749	5	0	83
PN2_SID115	17933822	1	0	151
PN2_SID115	17933844	14	0	151
PN2_SID115	17933857	0	0	151
PN2_SID115	17933858	0	0	151
PN2_SID115	17933861	22	0	151
PN2_SID115	17933865	0	0	102
PN2_SID116	17933752	8	0	151
PN2_SID116	17933752	0	0	151
PN2_SID116	17933754	0	0	60
PN2_SID116	17933821	0	0	150
PN2_SID116	17933821	0	0	150
PN2_SID116	17933822	0	0	151
PN2_SID116	17933834	16	0	151
PN2_SID116	17933837	0	0	150
PN2_SID116	17933856	0	0	151
PN2_SID116	17933856	0	0	151
PN2_SID116	17933856	0	0	123
PN2_SID116	17933859	6	0	151
PN2_SID116	17933865	0	0	151
PN2_SID116	17933865	2	0	58
PN2_SID116	17933865	0	0	151
PN2_SID116	17933871	0	0	151
PN2_SID116	17933873	1	0	38
PN2_SID116	17933878	0	0	151
PN2_SID116	17933878	0	2	151
PN2_SID116	17933883	0	0	151
PN2_SID116	17933889	0	0	151
PN2_SID116	17933898	0	0	151
PN2_SID116	17933899	0	2	151
PN2_SID116	17933899	0	0	151
PN2_SID116	17933899	0	0	151
PN2_SID116	17933899	0	0	150
PN2_SID116	17933899	0	0	151
PN2_SID117	17933722	0	0	151
PN2_SID117	17933764	0	0	59
PN2_SID117	17933768	0	13	151
PN2_SID117	17933777	0	0	151
PN2_SID117	17933789	0	2	151
PN2_SID117	17933811	0	0	79
PN2_SID117	17933821	0	0	151
PN2_SID117	17933821	0	0	151
PN2_SID117	17933827	0	0	151
PN2_SID117	17933850	0	0	151
PN2_SID117	17933861	22	0	151
PN2_SID117	17933877	0	0	151
PN2_SID117	17933878	6	0	151
PN2_SID117	17933891	0	0	150
PN2_SID117	17933891	0	0	151
PN2_SID117	17933891	0	0	151
PN2_SID117	17933899	0	0	151
PN2_SID117	17933899	0	0	151
PN2_SID117	17933899	0	0	151
PN2_SID117	17933899	0	0	151
PN2_SID117	17933899	0	0	151
PN2_SID117	17933899	0	0	151
PN2_SID118	17925701	0	2	145
PN2_SID118	17933751	0	0	72
PN2_SID118	17933760	2	0	78
PN2_SID118	17933810	18	0	88
PN2_SID118	17933810	18	0	88
PN2_SID118	17933837	0	2	151
PN2_SID118	17933848	0	0	150
PN2_SID118	17933850	0	0	151
PN2_SID118	17933855	0	0	151
PN2_SID118	17933865	0	0	43
PN2_SID118	17933866	0	0	135
PN2_SID118	17933867	0	0	151
PN2_SID118	17933872	0	0	151
PN2_SID118	17933878	0	0	99
PN2_SID118	17933889	0	0	151
PN2_SID118	17933891	0	0	151
PN2_SID118	17933891	0	0	151
PN2_SID118	17933899	0	0	151
PN2_SID118	17933899	0	0	151
PN2_SID119	17933696	33	0	151
PN2_SID119	17933700	0	0	151
PN2_SID119	17933742	0	0	43
PN2_SID119	17933742	0	0	94
PN2_SID119	17933742	0	0	43
PN2_SID119	17933743	0	0	151
PN2_SID119	17933743	0	0	151
PN2_SID119	17933746	0	0	151
PN2_SID119	17933748	0	0	75
PN2_SID119	17933751	0	0	69
PN2_SID119	17933807	0	0	151
PN2_SID119	17933811	0	0	151
PN2_SID119	17933816	0	1	57
PN2_SID119	17933826	0	3	151
PN2_SID119	17933837	0	2	151
PN2_SID119	17933859	0	0	151
PN2_SID119	17933870	0	0	59
PN2_SID119	17933871	0	0	51
PN2_SID119	17933871	0	0	149
PN2_SID119	17933871	0	0	151
PN2_SID119	17933888	0	6	151
PN2_SID119	17933891	0	0	151
PN2_SID119	17933891	0	0	150
PN2_SID119	17933896	8	0	132
PN2_SID119	17933898	0	0	138
PN2_SID119	17933899	0	0	151
PN2_SID119	17933899	0	0	151
PN2_SID119	17933899	0	0	151
PN2_SID119	17933899	0	0	151
PN2_SID120	17925697	7	0	130
PN2_SID120	17925704	0	0	151
PN2_SID120	17933699	0	0	145
PN2_SID120	17933735	0	0	95
PN2_SID120	17933764	0	0	151
PN2_SID120	17933796	0	0	128
PN2_SID120	17933811	0	0	53
PN2_SID120	17933824	0	1	45
PN2_SID120	17933826	0	0	151
PN2_SID120	17933827	1	0	57
PN2_SID120	17933840	0	0	151
PN2_SID120	17933845	0	0	151
PN2_SID120	17933852	2	0	38
PN2_SID120	17933871	5	0	101
PN2_SID120	17933881	0	0	151
PN2_SID120	17933889	0	0	151
PN2_SID120	17933891	0	0	151
PN2_SID120	17933899	0	0	151
PN2_SID121	17925722	40	0	151
PN2_SID121	17933726	8	0	151
PN2_SID121	17933776	7	0	150
PN2_SID121	17933796	0	11	149
PN2_SID121	17933818	2	0	151
PN2_SID121	17933840	0	0	151
PN2_SID121	17933853	0	0	151
PN2_SID121	17933863	0	0	151
PN2_SID121	17933871	0	0	67
PN2_SID121	17933899	0	0	151
PN2_SID121	17933899	0	0	151
PN2_SID122	17933735	23	0	151
PN2_SID122	17933770	0	0	84
PN2_SID122	17933772	0	0	151
PN2_SID122	17933816	0	0	151
PN2_SID122	17933834	9	0	151
PN2_SID122	17933840	0	0	151
PN2_SID122	17933842	0	0	151
PN2_SID122	17933859	6	0	151
PN2_SID122	17933872	0	0	151
PN2_SID122	17933872	0	0	151
PN2_SID122	17933896	0	0	151
PN2_SID122	17933901	0	0	151
PN2_SID123	17933734	5	0	151
PN2_SID123	17933734	5	0	151
PN2_SID123	17933840	0	0	151
PN2_SID123	17933840	0	0	150
PN2_SID123	17933840	0	0	151
PN2_SID123	17933866	1	0	145
PN2_SID123	17933871	0	0	150
PN2_SID123	17933871	0	0	151
PN2_SID123	17933871	0	2	61
PN2_SID123	17933873	2	2	58
PN2_SID123	17933891	0	0	151
PN2_SID123	17933897	0	0	151
PN2_SID123	17933899	0	0	151
PN2_SID124	17925717	0	0	151
PN2_SID124	17925720	1	3	70
PN2_SID124	17933796	0	0	151
PN2_SID124	17933811	0	0	151
PN2_SID124	17933811	0	0	151
PN2_SID124	17933821	0	0	151
PN2_SID124	17933822	0	0	151
PN2_SID124	17933830	6	0	56
PN2_SID124	17933858	0	0	151
PN2_SID124	17933863	0	0	151
PN2_SID124	17933866	37	0	151
PN2_SID124	17933867	2	0	151
PN2_SID124	17933869	0	0	151
PN2_SID124	17933878	0	0	151
PN2_SID124	17933897	0	0	151
PN2_SID124	17933899	0	0	95
PN2_SID124	17933899	0	0	130
PN2_SID124	17933899	0	0	151
PN2_SID124	17933899	0	0	151
PN2_SID125	17925702	0	0	151
PN2_SID125	17933729	0	0	151
PN2_SID125	17933749	5	0	151
PN2_SID125	17933775	46	0	151
PN2_SID125	17933806	0	0	88
PN2_SID125	17933810	0	0	151
PN2_SID125	17933817	0	0	151
PN2_SID125	17933837	0	1	151
PN2_SID125	17933838	0	0	151
PN2_SID125	17933838	0	0	151
PN2_SID125	17933850	0	0	138
PN2_SID125	17933856	0	0	117
PN2_SID125	17933865	0	0	151
PN2_SID125	17933877	0	0	151
PN2_SID125	17933891	0	0	150
PN2_SID125	17933901	0	0	150
PN2_SID126	17925719	0	0	151
PN2_SID126	17933699	0	0	151
PN2_SID126	17933721	0	1	151
PN2_SID126	17933729	0	0	151
PN2_SID126	17933738	20	0	129
PN2_SID126	17933816	0	0	151
PN2_SID126	17933816	0	0	145
PN2_SID126	17933822	0	0	151
PN2_SID126	17933826	0	0	151
PN2_SID126	17933837	0	1	151
PN2_SID126	17933844	15	0	151
PN2_SID126	17933850	0	0	151
PN2_SID126	17933858	0	0	151
PN2_SID126	17933863	0	0	151
PN2_SID126	17933871	0	0	150
PN2_SID126	17933874	3	0	149
PN2_SID126	17933876	0	0	151
PN2_SID126	17933894	0	0	151
PN2_SID126	17933899	0	0	151
PN2_SID127	17925673	0	0	151
PN2_SID127	17933690	3	0	37
PN2_SID127	17933768	0	0	151
PN2_SID127	17933783	0	0	115
PN2_SID127	17933820	10	0	151
PN2_SID127	17933822	0	0	100
PN2_SID127	17933840	0	0	151
PN2_SID127	17933842	0	0	151
PN2_SID127	17933844	2	0	148
PN2_SID127	17933845	12	0	95
PN2_SID127	17933850	0	0	150
PN2_SID127	17933856	0	0	151
PN2_SID127	17933859	0	0	151
PN2_SID127	17933859	0	0	151
PN2_SID127	17933859	0	0	151
PN2_SID127	17933865	0	0	64
PN2_SID127	17933871	0	0	151
PN2_SID127	17933871	0	0	151
PN2_SID127	17933883	2	0	36
PN2_SID128	17925673	4	0	151
PN2_SID128	17925724	16	0	151
PN2_SID128	17933715	0	0	109
PN2_SID128	17933764	0	0	116
PN2_SID128	17933770	0	0	151
PN2_SID128	17933773	0	0	139
PN2_SID128	17933793	41	0	151
PN2_SID128	17933806	0	0	151
PN2_SID128	17933808	0	0	151
PN2_SID128	17933808	0	0	151
PN2_SID128	17933808	0	0	151
PN2_SID128	17933824	0	0	54
PN2_SID128	17933849	35	2	150
PN2_SID128	17933849	35	0	151
PN2_SID128	17933853	0	0	151
PN2_SID128	17933859	5	2	150
PN2_SID128	17933864	0	0	151
PN2_SID128	17933871	0	0	151
PN2_SID128	17933878	0	0	151
PN2_SID128	17933879	14	0	151
PN2_SID128	17933879	34	0	150
PN2_SID128	17933884	16	0	68
PN2_SID128	17933885	21	0	151
PN2_SID128	17933885	20	0	150
PN2_SID128	17933894	0	0	151
PN2_SID128	17933899	0	0	151
PN2_SID128	17933899	0	0	151
PN2_SID128	17933901	0	0	151
PN2_SID129	17925724	34	0	105
PN2_SID129	17933699	0	0	151
PN2_SID129	17933718	20	0	68
PN2_SID129	17933837	0	0	151
PN2_SID129	17933844	4	0	90
PN2_SID129	17933850	0	0	150
PN2_SID129	17933856	0	0	151
PN2_SID129	17933861	23	0	151
PN2_SID129	17933878	0	0	151
PN2_SID129	17933883	0	0	151
PN2_SID129	17933889	0	0	151
PN2_SID129	17933891	0	0	68
PN2_SID129	17933899	0	0	143
PN2_SID129	17933899	0	0	149
PN2_SID129	17933901	0	0	99
PN2_SID130	17924893	0	0	151
PN2_SID130	17925665	0	0	151
PN2_SID130	17925679	1	0	151
PN2_SID130	17925711	8	0	151
PN2_SID130	17925714	0	0	151
PN2_SID130	17925722	1	0	151
PN2_SID130	17933691	12	0	151
PN2_SID130	17933746	0	0	151
PN2_SID130	17933767	0	10	151
PN2_SID130	17933784	12	15	151
PN2_SID130	17933806	0	39	141
PN2_SID130	17933826	0	0	138
PN2_SID130	17933837	0	5	76
PN2_SID130	17933837	0	5	76
PN2_SID130	17933840	0	0	151
PN2_SID130	17933840	0	0	149
PN2_SID130	17933865	0	9	52
PN2_SID130	17933869	0	0	151
PN2_SID130	17933891	0	0	151
PN2_SID131	17933757	16	0	150
PN2_SID131	17933769	0	0	151
PN2_SID131	17933830	6	0	56
PN2_SID131	17933837	0	0	149
PN2_SID131	17933840	0	0	151
PN2_SID131	17933851	0	0	151
PN2_SID131	17933856	0	0	151
PN2_SID131	17933861	22	0	150
PN2_SID131	17933865	0	0	151
PN2_SID131	17933866	1	0	151
PN2_SID131	17933872	1	0	74
PN2_SID131	17933872	1	0	151
PN2_SID131	17933879	7	0	151
PN2_SID131	17933888	0	0	151
PN2_SID131	17933888	0	0	151
PN2_SID132	17933691	5	0	41
PN2_SID132	17933729	0	0	151
PN2_SID132	17933745	0	0	48
PN2_SID132	17933760	0	0	151
PN2_SID132	17933823	0	0	57
PN2_SID132	17933838	0	0	151
PN2_SID132	17933850	0	11	151
PN2_SID132	17933863	0	0	151
PN2_SID132	17933864	0	0	151
PN2_SID132	17933878	0	0	151
PN2_SID132	17933891	0	0	151
PN2_SID132	17933894	0	0	151
PN2_SID132	17933899	0	0	144
PN2_SID132	17933899	0	0	151
PN2_SID133	17925703	0	0	150
PN2_SID133	17933701	0	0	151
PN2_SID133	17933718	0	0	151
PN2_SID133	17933762	0	5	151
PN2_SID133	17933801	0	42	149
PN2_SID133	17933806	0	49	151
PN2_SID133	17933821	0	2	43
PN2_SID133	17933838	0	0	151
PN2_SID133	17933852	16	0	82
PN2_SID133	17933852	16	0	82
PN2_SID133	17933854	4	3	95
PN2_SID133	17933873	0	0	151
PN2_SID133	17933883	0	0	151
PN2_SID133	17933889	0	0	116
PN2_SID133	17933889	0	0	91
PN2_SID133	17933893	7	0	151
PN2_SID134	17925645	0	8	151
PN2_SID134	17925691	0	0	151
PN2_SID134	17925719	0	0	151
PN2_SID134	17933749	5	0	151
PN2_SID134	17933798	37	0	151
PN2_SID134	17933811	0	0	151
PN2_SID134	17933817	0	0	151
PN2_SID134	17933824	0	2	37
PN2_SID134	17933824	0	0	151
PN2_SID134	17933826	0	0	151
PN2_SID134	17933832	0	0	151
PN2_SID134	17933834	16	0	151
PN2_SID134	17933841	28	0	151
PN2_SID134	17933844	0	0	151
PN2_SID134	17933844	0	0	151
PN2_SID134	17933856	0	0	151
PN2_SID134	17933861	22	0	151
PN2_SID134	17933865	0	0	151
PN2_SID134	17933865	0	0	151
PN2_SID134	17933865	0	0	53
PN2_SID134	17933865	0	0	151
PN2_SID134	17933867	0	0	151
PN2_SID134	17933867	0	0	61
PN2_SID134	17933881	0	2	91
PN2_SID134	17933890	22	0	151
PN2_SID134	17933891	0	0	150
PN2_SID134	17933896	0	0	151
PN2_SID134	17933899	0	0	66
PN2_SID135	17874813	0	0	151
PN2_SID135	17925703	0	0	151
PN2_SID135	17933692	0	0	151
PN2_SID135	17933699	0	0	128
PN2_SID135	17933796	1	0	151
PN2_SID135	17933826	0	0	151
PN2_SID135	17933845	0	0	151
PN2_SID135	17933845	0	0	151
PN2_SID135	17933845	0	0	151
PN2_SID135	17933865	0	0	151
PN2_SID135	17933896	0	0	151
PN2_SID135	17933899	0	0	151
PN2_SID136	17933733	0	0	151
PN2_SID136	17933736	18	0	67
PN2_SID136	17933787	0	26	147
PN2_SID136	17933837	0	0	150
PN2_SID136	17933861	0	0	151
PN2_SID136	17933865	0	0	151
PN2_SID136	17933881	0	0	151
PN2_SID136	17933881	0	0	151
PN2_SID137	17874814	0	0	151
PN2_SID137	17925668	3	0	151
PN2_SID137	17933722	2	0	151
PN2_SID137	17933742	0	0	72
PN2_SID137	17933772	0	0	151
PN2_SID137	17933787	0	0	151
PN2_SID137	17933826	0	0	97
PN2_SID137	17933832	0	0	151
PN2_SID137	17933834	9	2	151
PN2_SID137	17933865	0	0	151
PN2_SID137	17933866	1	0	151
PN2_SID137	17933872	0	0	151
PN2_SID137	17933883	0	0	151
PN2_SID137	17933884	18	0	151
PN2_SID138	17933771	3	0	151
PN2_SID138	17933787	0	0	151
PN2_SID138	17933790	0	0	61
PN2_SID138	17933823	0	0	115
PN2_SID138	17933860	5	0	151
PN2_SID138	17933885	0	0	150
PN2_SID138	17933889	0	0	151
PN2_SID138	17933889	0	0	151
PN2_SID138	17933891	0	0	151
PN2_SID138	17933893	0	0	151
PN2_SID138	17933893	0	0	151
PN2_SID138	17933901	5	0	109
PN2_SID139	17933742	0	0	81
PN2_SID139	17933767	0	10	151
PN2_SID139	17933772	0	0	151
PN2_SID139	17933821	0	0	149
PN2_SID139	17933845	0	0	151
PN2_SID139	17933847	7	0	151
PN2_SID139	17933866	0	0	143
PN2_SID139	17933871	0	0	151
PN2_SID139	17933899	0	0	142
PN2_SID139	17933899	0	0	151
PN2_SID139	17933901	0	0	151
PN2_SID140	17925678	0	0	151
PN2_SID140	17925691	23	0	150
PN2_SID140	17933762	0	0	151
PN2_SID140	17933764	0	0	126
PN2_SID140	17933821	0	0	61
PN2_SID140	17933826	0	0	151
PN2_SID140	17933837	0	0	149
PN2_SID140	17933848	0	0	151
PN2_SID140	17933850	0	0	151
PN2_SID140	17933865	0	0	110
PN2_SID140	17933873	0	0	151
PN2_SID140	17933884	15	0	150
PN2_SID140	17933887	0	1	121
PN2_SID140	17933891	0	0	151
PN2_SID140	17933899	0	0	126
PN2_SID141	17933772	0	0	149
PN2_SID141	17933824	0	0	128
PN2_SID141	17933832	0	0	151
PN2_SID141	17933847	7	0	151
PN2_SID141	17933871	0	0	151
PN2_SID141	17933887	44	0	151
PN2_SID141	17933889	0	0	151
PN2_SID141	17933889	0	0	133
PN2_SID141	17933891	0	0	138
PN2_SID142	17925714	0	0	151
PN2_SID142	17933757	0	0	151
PN2_SID142	17933830	6	0	56
PN2_SID142	17933834	9	0	150
PN2_SID142	17933834	9	2	151
PN2_SID142	17933866	0	0	151
PN2_SID142	17933872	6	0	151
PN2_SID142	17933873	0	0	151
PN2_SID142	17933873	0	0	151
PN2_SID142	17933889	0	0	151
PN2_SID142	17933889	0	0	151
PN2_SID142	17933900	0	0	151
PN2_SID143	17933712	0	0	151
PN2_SID143	17933736	0	0	108
PN2_SID143	17933745	0	0	53
PN2_SID143	17933864	0	0	151
PN2_SID143	17933871	0	1	137
PN2_SID143	17933872	0	2	38
PN2_SID143	17933883	0	0	101
PN2_SID143	17933899	0	3	151
PN2_SID144	17925704	0	0	151
PN2_SID144	17925704	0	0	151
PN2_SID144	17925722	13	0	151
PN2_SID144	17933699	0	0	151
PN2_SID144	17933798	0	0	150
PN2_SID144	17933821	0	0	151
PN2_SID144	17933832	0	0	151
PN2_SID144	17933834	16	0	151
PN2_SID144	17933834	16	0	151
PN2_SID144	17933865	0	0	128
PN2_SID144	17933889	0	0	151
PN2_SID144	17933891	0	0	151
PN2_SID144	17933896	0	0	73
PN2_SID145	17924890	0	0	151
PN2_SID145	17933762	0	8	126
PN2_SID145	17933798	0	0	150
PN2_SID145	17933821	10	0	151
PN2_SID145	17933822	0	0	150
PN2_SID145	17933841	34	0	151
PN2_SID145	17933848	0	0	151
PN2_SID145	17933854	0	0	151
PN2_SID145	17933856	0	0	151
PN2_SID145	17933871	0	0	151
PN2_SID145	17933889	0	0	151
PN2_SID146	17874814	0	0	151
PN2_SID146	17933848	0	0	151
PN2_SID146	17933853	0	0	151
PN2_SID146	17933894	0	0	151
PN2_SID146	17933899	0	0	151
PN2_SID147	17933808	0	0	112
PN2_SID147	17933816	0	0	151
PN2_SID147	17933866	2	0	151
PN2_SID147	17933896	0	1	150
PN2_SID147	17933896	0	0	105
PN2_SID147	17933899	4	0	151
PN2_SID147	17933899	4	0	61
PN2_SID147	17933899	21	0	151
PN2_SID148	17933746	0	0	151
PN2_SID148	17933762	0	0	151
PN2_SID148	17933837	0	0	151
PN2_SID148	17933837	0	0	149
PN2_SID148	17933837	0	0	150
PN2_SID148	17933837	0	0	151
PN2_SID148	17933838	0	0	54
PN2_SID148	17933839	2	0	45
PN2_SID148	17933845	0	0	151
PN2_SID148	17933856	0	0	151
PN2_SID148	17933866	1	0	151
PN2_SID148	17933866	1	0	151
PN2_SID148	17933873	0	0	42
PN2_SID148	17933878	0	0	151
PN2_SID148	17933878	0	0	151
PN2_SID148	17933889	0	0	151
PN2_SID148	17933895	4	0	151
PN2_SID148	17933895	0	0	150
PN2_SID148	17933899	0	0	151
PN2_SID148	17933901	7	0	151
PN2_SID149	17925629	0	0	151
PN2_SID149	17933694	0	0	150
PN2_SID149	17933712	0	0	151
PN2_SID149	17933734	0	0	39
PN2_SID149	17933770	0	12	151
PN2_SID149	17933772	0	15	151
PN2_SID149	17933772	0	14	151
PN2_SID149	17933772	0	14	151
PN2_SID149	17933798	7	0	43
PN2_SID149	17933843	6	0	151
PN2_SID150	17933762	0	0	151
PN2_SID150	17933787	0	0	151
PN2_SID150	17933789	2	2	54
PN2_SID150	17933811	0	0	151
PN2_SID150	17933824	0	9	87
PN2_SID150	17933865	0	0	151
PN2_SID150	17933871	0	0	150
PN2_SID150	17933871	0	0	57
PN2_SID150	17933883	0	0	151
PN2_SID150	17933889	0	0	150
PN2_SID150	17933891	0	0	150
PN2_SID151	17933826	0	0	151
PN2_SID151	17933832	0	0	151
PN2_SID151	17933844	39	1	151
PN2_SID151	17933844	38	1	150
PN2_SID151	17933899	0	0	151
PN2_SID152	17933808	0	0	151
PN2_SID152	17933821	0	0	150
PN2_SID152	17933840	0	1	151
PN2_SID152	17933867	0	0	151
PN2_SID152	17933878	0	0	150
PN2_SID152	17933879	42	0	150
PN2_SID152	17933891	0	0	151
PN2_SID152	17933891	0	3	150
PN2_SID152	17933896	0	0	151
PN2_SID152	17933896	0	0	151
PN2_SID153	17925725	21	0	91
PN2_SID153	17933736	23	0	151
PN2_SID153	17933746	29	0	151
PN2_SID153	17933758	0	0	91
PN2_SID153	17933772	0	0	151
PN2_SID153	17933773	0	0	151
PN2_SID153	17933775	0	0	93
PN2_SID153	17933806	0	0	80
PN2_SID153	17933811	0	0	151
PN2_SID153	17933811	0	0	151
PN2_SID153	17933826	0	0	59
PN2_SID153	17933832	0	0	151
PN2_SID153	17933834	16	0	151
PN2_SID153	17933840	0	0	150
PN2_SID153	17933840	0	0	151
PN2_SID153	17933845	14	0	64
PN2_SID153	17933845	0	0	151
PN2_SID153	17933886	0	0	151
PN2_SID153	17933889	0	0	109
PN2_SID153	17933899	0	0	151
PN2_SID153	17933899	0	0	151
PN2_SID153	17933901	0	0	151
PN2_SID154	17933824	0	0	151
PN2_SID154	17933841	17	0	151
PN2_SID154	17933845	16	0	51
PN2_SID154	17933848	0	0	151
PN2_SID154	17933868	11	0	151
PN2_SID154	17933871	18	0	151
PN2_SID154	17933872	0	0	151
PN2_SID154	17933872	0	0	151
PN2_SID154	17933879	0	0	151
PN2_SID154	17933884	0	0	151
PN2_SID154	17933888	0	2	149
PN2_SID154	17933889	0	0	151
PN2_SID155	17925721	0	0	151
PN2_SID155	17933699	45	0	151
PN2_SID155	17933822	0	0	150
PN2_SID155	17933836	0	0	150
PN2_SID155	17933856	0	0	71
PN2_SID155	17933856	0	0	151
PN2_SID155	17933865	0	0	151
PN2_SID155	17933865	0	0	63
PN2_SID155	17933865	0	0	151
PN2_SID155	17933865	0	0	122
PN2_SID155	17933871	0	0	151
PN2_SID155	17933875	19	0	151
PN2_SID155	17933878	2	1	151
PN2_SID155	17933881	0	0	151
PN2_SID155	17933891	0	0	151
PN2_SID155	17933892	8	0	127
PN2_SID155	17933892	8	0	151
PN2_SID155	17933896	0	0	151
PN2_SID155	17933899	0	0	151
PN2_SID156	17933729	0	0	151
PN2_SID156	17933765	0	0	50
PN2_SID156	17933787	0	0	151
PN2_SID156	17933789	2	0	150
PN2_SID156	17933826	0	2	151
PN2_SID156	17933826	0	0	151
PN2_SID156	17933835	20	0	151
PN2_SID156	17933877	6	0	150
PN2_SID156	17933878	0	0	151
PN2_SID156	17933899	0	0	57
PN2_SID156	17933899	0	0	127
PN2_SID157	17925721	0	0	150
PN2_SID157	17933695	21	0	126
PN2_SID157	17933739	0	0	151
PN2_SID157	17933768	0	0	151
PN2_SID157	17933808	0	0	151
PN2_SID157	17933826	19	0	151
PN2_SID157	17933834	9	0	114
PN2_SID157	17933834	9	0	151
PN2_SID157	17933842	0	0	151
PN2_SID157	17933842	0	0	151
PN2_SID157	17933850	0	0	151
PN2_SID157	17933856	0	2	151
PN2_SID157	17933861	22	0	147
PN2_SID157	17933871	0	0	117
PN2_SID157	17933871	0	0	151
PN2_SID157	17933873	0	0	151
PN2_SID157	17933891	0	0	151
PN2_SID157	17933891	0	0	151
PN2_SID158	17933816	0	0	151
PN2_SID158	17933816	0	0	151
PN2_SID158	17933832	0	0	151
PN2_SID158	17933844	0	0	151
PN2_SID158	17933844	40	0	151
PN2_SID158	17933865	0	0	151
PN2_SID158	17933871	0	0	62
PN2_SID158	17933883	0	0	151
PN2_SID158	17933891	0	0	107
PN2_SID159	17925705	0	0	48
PN2_SID159	17925705	0	0	151
PN2_SID159	17933773	0	0	151
PN2_SID159	17933773	0	0	150
PN2_SID159	17933850	0	0	151
PN2_SID159	17933855	20	0	98
PN2_SID159	17933855	21	0	99
PN2_SID159	17933856	0	0	151
PN2_SID159	17933865	0	0	151
PN2_SID159	17933865	0	0	151
PN2_SID159	17933866	0	0	151
PN2_SID159	17933866	0	0	151
PN2_SID159	17933878	0	0	151
PN2_SID159	17933886	0	0	151
PN2_SID159	17933896	0	0	151
PN2_SID159	17933896	0	0	151
PN2_SID159	17933899	0	0	151
PN2_SID160	17933796	40	0	150
PN2_SID160	17933822	4	0	149
PN2_SID160	17933826	0	0	44
PN2_SID160	17933845	0	0	79
PN2_SID160	17933852	32	0	151
PN2_SID160	17933858	0	0	135
PN2_SID160	17933858	0	0	48
PN2_SID160	17933859	0	0	151
PN2_SID160	17933865	0	0	151
PN2_SID160	17933891	0	2	39
PN2_SID160	17933897	0	0	151
PN2_SID160	17933899	0	0	151
PN2_SID160	17933899	0	0	36
PN2_SID160	17933899	0	0	151
PN2_SID161	17925642	0	0	151
PN2_SID161	17933789	20	0	111
PN2_SID161	17933789	0	0	91
PN2_SID161	17933807	0	0	98
PN2_SID161	17933854	0	0	151
PN2_SID161	17933879	34	0	150
PN2_SID161	17933881	0	0	104
PN2_SID161	17933893	0	0	150
PN2_SID161	17933893	0	0	150
PN2_SID161	17933899	0	0	151
PN2_SID161	17933899	0	0	151
PN2_SID162	17933749	0	0	151
PN2_SID162	17933834	9	2	151
PN2_SID162	17933848	0	0	137
PN2_SID162	17933858	0	0	151
PN2_SID162	17933872	3	0	151
PN2_SID162	17933878	0	0	151
PN2_SID162	17933896	0	0	150
PN2_SID162	17933901	22	0	151
PN2_SID163	17773042	0	0	151
PN2_SID163	17924926	0	0	151
PN2_SID163	17925673	0	0	151
PN2_SID163	17933734	9	0	90
PN2_SID163	17933734	9	0	90
PN2_SID163	17933840	0	0	150
PN2_SID163	17933871	0	0	59
PN2_SID163	17933871	0	0	151
PN2_SID163	17933875	0	0	151
PN2_SID163	17933892	0	0	151
PN2_SID164	17933778	0	0	86
PN2_SID164	17933832	0	0	151
PN2_SID164	17933837	0	0	148
PN2_SID164	17933850	0	0	151
PN2_SID164	17933861	22	0	151
PN2_SID164	17933872	0	0	151
PN2_SID164	17933877	0	0	36
PN2_SID164	17933878	0	0	88
PN2_SID164	17933891	30	0	151
PN2_SID164	17933891	30	2	124
PN2_SID164	17933897	0	0	151
PN2_SID164	17933899	0	0	148
PN2_SID164	17933902	1	4	52
PN2_SID165	17925698	16	0	151
PN2_SID165	17933794	0	0	65
PN2_SID165	17933852	3	0	151
PN2_SID165	17933854	0	4	151
PN2_SID165	17933854	0	0	56
PN2_SID165	17933865	0	0	151
PN2_SID165	17933866	0	0	151
PN2_SID165	17933871	0	0	149
PN2_SID165	17933884	21	0	151
PN2_SID165	17933896	0	0	147
PN2_SID166	17925628	41	0	151
PN2_SID166	17925724	17	0	151
PN2_SID166	17933742	0	0	43
PN2_SID166	17933821	0	0	151
PN2_SID166	17933837	0	2	151
PN2_SID166	17933867	1	0	151
PN2_SID166	17933868	2	0	151
PN2_SID166	17933871	0	0	151
PN2_SID166	17933891	0	0	150
PN2_SID166	17933899	0	0	151
PN2_SID166	17933899	0	0	151
PN2_SID166	17933899	0	0	47
PN2_SID166	17933900	1	0	151
PN2_SID167	17925666	0	0	151
PN2_SID167	17925691	0	0	151
PN2_SID167	17925719	0	0	151
PN2_SID167	17933699	0	0	151
PN2_SID167	17933711	8	0	150
PN2_SID167	17933745	9	0	81
PN2_SID167	17933747	0	0	151
PN2_SID167	17933768	0	0	120
PN2_SID167	17933778	0	21	151
PN2_SID167	17933783	0	22	147
PN2_SID167	17933787	0	30	151
PN2_SID167	17933798	0	41	151
PN2_SID167	17933801	0	7	114
PN2_SID167	17933823	2	0	51
PN2_SID168	17933691	5	0	145
PN2_SID168	17933721	0	0	53
PN2_SID168	17933746	0	1	39
PN2_SID168	17933770	0	0	151
PN2_SID168	17933822	0	0	151
PN2_SID168	17933824	0	0	150
PN2_SID168	17933832	0	0	151
PN2_SID168	17933832	0	0	142
PN2_SID168	17933840	0	0	151
PN2_SID168	17933844	0	0	151
PN2_SID168	17933846	0	0	151
PN2_SID168	17933859	0	0	57
PN2_SID168	17933859	0	0	151
PN2_SID168	17933859	0	0	151
PN2_SID168	17933865	0	0	151
PN2_SID168	17933871	0	0	151
PN2_SID168	17933871	0	0	151
PN2_SID168	17933872	0	0	150
PN2_SID168	17933878	0	0	151
PN2_SID168	17933883	0	0	151
PN2_SID168	17933883	0	0	151
PN2_SID168	17933888	0	0	151
PN2_SID168	17933891	0	0	150
PN2_SID168	17933891	0	0	151
PN2_SID168	17933893	2	0	70
PN2_SID168	17933899	0	0	151
PN2_SID168	17933899	0	0	151
PN2_SID168	17933901	5	0	151
PN2_SID169	17933691	12	0	151
PN2_SID169	17933693	9	0	101
PN2_SID169	17933694	0	15	140
PN2_SID169	17933821	0	0	151
PN2_SID169	17933837	0	0	151
PN2_SID169	17933865	0	0	67
PN2_SID169	17933871	0	0	151
PN2_SID169	17933871	0	0	151
PN2_SID169	17933899	0	0	151
PN2_SID169	17933899	0	0	151
PN2_SID169	17933899	0	0	151
PN2_SID169	17933899	0	0	151
PN2_SID170	17925644	0	0	150
PN2_SID170	17925668	0	0	151
PN2_SID170	17933721	20	0	151
PN2_SID170	17933749	20	0	151
PN2_SID170	17933772	0	0	151
PN2_SID170	17933821	0	0	61
PN2_SID170	17933826	0	0	151
PN2_SID170	17933865	8	0	151
PN2_SID170	17933865	0	0	102
PN2_SID170	17933866	0	0	151
PN2_SID170	17933871	0	0	151
PN2_SID170	17933873	0	0	151
PN2_SID170	17933891	0	0	150
PN2_SID171	17933694	0	0	150
PN2_SID171	17933772	0	0	151
PN2_SID171	17933801	0	0	123
PN2_SID171	17933807	0	0	151
PN2_SID171	17933841	15	0	151
PN2_SID171	17933861	22	0	150
PN2_SID171	17933871	0	0	151
PN2_SID171	17933871	0	0	151
PN2_SID171	17933889	0	0	150
PN2_SID172	17933718	0	0	151
PN2_SID172	17933789	0	0	91
PN2_SID172	17933789	0	0	91
PN2_SID172	17933804	0	0	151
PN2_SID172	17933818	0	0	151
PN2_SID172	17933824	0	0	151
PN2_SID172	17933825	0	0	151
PN2_SID172	17933826	0	0	151
PN2_SID172	17933830	25	0	75
PN2_SID172	17933837	0	0	151
PN2_SID172	17933856	0	0	151
PN2_SID172	17933885	20	0	151
PN2_SID172	17933891	0	0	151
PN2_SID172	17933896	0	0	151
PN2_SID172	17933899	0	0	150
PN2_SID173	17933700	9	0	151
PN2_SID173	17933775	11	0	116
PN2_SID173	17933834	16	0	151
PN2_SID173	17933858	0	0	151
PN2_SID173	17933865	0	0	151
PN2_SID173	17933888	0	0	150
PN2_SID173	17933891	0	0	151
PN2_SID173	17933894	0	0	151
PN2_SID173	17933899	0	0	151
PN2_SID173	17933899	0	0	151
PN2_SID173	17933899	0	1	40
PN2_SID173	17933899	0	0	151
PN2_SID173	17933899	0	0	151
PN2_SID174	17874816	0	0	151
PN2_SID174	17933798	0	0	146
PN2_SID174	17933798	0	0	137
PN2_SID174	17933830	0	0	151
PN2_SID174	17933837	0	0	151
PN2_SID174	17933841	28	0	151
PN2_SID174	17933850	0	0	134
PN2_SID174	17933865	0	0	151
PN2_SID174	17933872	1	0	151
PN2_SID174	17933881	0	0	151
PN2_SID174	17933886	0	0	151
PN2_SID174	17933886	0	0	151
PN2_SID174	17933899	0	0	151
PN2_SID174	17933899	0	0	151
PN2_SID175	17933722	3	0	69
PN2_SID175	17933821	0	1	96
PN2_SID175	17933826	0	0	151
PN2_SID175	17933837	0	0	150
PN2_SID175	17933850	0	0	151
PN2_SID175	17933850	0	0	151
PN2_SID175	17933856	0	0	145
PN2_SID175	17933865	0	0	151
PN2_SID175	17933866	0	0	151
PN2_SID175	17933899	0	0	151
PN2_SID176	17933760	0	0	54
PN2_SID176	17933821	0	0	151
PN2_SID176	17933830	12	0	62
PN2_SID176	17933830	12	0	62
PN2_SID176	17933830	12	0	62
PN2_SID176	17933844	7	0	43
PN2_SID176	17933865	0	0	151
PN2_SID176	17933869	0	0	151
PN2_SID176	17933871	0	0	151
PN2_SID176	17933891	0	0	151
PN2_SID176	17933893	2	0	151
PN2_SID177	17925724	34	0	105
PN2_SID177	17933821	0	0	74
PN2_SID177	17933822	0	0	150
PN2_SID177	17933832	0	0	151
PN2_SID177	17933834	16	0	151
PN2_SID177	17933837	0	0	151
PN2_SID177	17933851	0	0	36
PN2_SID177	17933863	0	0	151
PN2_SID177	17933878	0	0	151
PN2_SID177	17933899	0	0	150
PN2_SID178	17933749	5	0	151
PN2_SID178	17933808	0	0	36
PN2_SID178	17933826	0	0	151
PN2_SID178	17933826	0	0	151
PN2_SID178	17933845	0	0	117
PN2_SID178	17933846	0	0	150
PN2_SID178	17933847	2	0	151
PN2_SID178	17933863	0	0	140
PN2_SID178	17933871	0	0	151
PN2_SID178	17933871	0	0	151
PN2_SID178	17933876	0	16	140
PN2_SID178	17933878	0	0	151
PN2_SID178	17933878	0	0	133
PN2_SID178	17933891	0	2	119
PN2_SID179	17933763	0	0	60
PN2_SID179	17933770	0	0	151
PN2_SID179	17933796	0	0	68
PN2_SID179	17933806	0	0	150
PN2_SID179	17933806	0	0	150
PN2_SID179	17933821	0	0	151
PN2_SID179	17933873	0	0	151
PN2_SID179	17933888	0	0	151
PN2_SID179	17933893	0	0	150
PN2_SID179	17933897	0	0	151
PN2_SID179	17933897	0	0	151
PN2_SID179	17933899	0	0	151
PN2_SID179	17933899	0	0	151
PN2_SID180	17933690	46	0	151
PN2_SID180	17933693	0	0	151
PN2_SID180	17933767	0	0	107
PN2_SID180	17933772	0	2	151
PN2_SID180	17933798	0	0	151
PN2_SID180	17933824	0	0	150
PN2_SID180	17933826	0	0	151
PN2_SID180	17933861	15	0	150
PN2_SID180	17933899	0	0	151
PN2_SID180	17933899	0	0	151
PN2_SID180	17933899	0	0	151
PN2_SID181	17933732	0	0	88
PN2_SID181	17933788	0	0	92
PN2_SID181	17933832	0	0	151
PN2_SID181	17933837	0	0	151
PN2_SID181	17933856	0	2	151
PN2_SID181	17933871	0	0	151
PN2_SID181	17933872	0	0	151
PN2_SID181	17933879	0	0	151
PN2_SID181	17933889	0	0	148
PN2_SID181	17933899	0	0	151
PN2_SID181	17933899	0	0	151
PN2_SID182	17933762	0	0	150
PN2_SID182	17933783	0	0	151
PN2_SID182	17933811	0	0	151
PN2_SID182	17933811	0	0	151
PN2_SID182	17933817	0	0	151
PN2_SID182	17933821	0	0	151
PN2_SID182	17933845	0	0	74
PN2_SID182	17933865	0	0	151
PN2_SID182	17933865	0	0	151
PN2_SID182	17933867	4	0	144
PN2_SID182	17933871	0	0	151
PN2_SID182	17933899	0	0	151
PN2_SID183	17933848	0	0	150
PN2_SID183	17933848	0	0	151
PN2_SID183	17933850	0	0	151
PN2_SID183	17933858	0	0	36
PN2_SID183	17933865	0	0	151
PN2_SID183	17933865	0	0	151
PN2_SID183	17933865	0	0	139
PN2_SID183	17933865	0	0	151
PN2_SID183	17933881	0	0	151
PN2_SID183	17933886	21	0	151
PN2_SID183	17933891	0	0	151
PN2_SID184	17925691	0	0	151
PN2_SID184	17933699	0	0	151
PN2_SID184	17933808	0	0	131
PN2_SID184	17933830	0	0	55
PN2_SID184	17933837	0	0	151
PN2_SID184	17933840	2	0	51
PN2_SID184	17933850	0	0	151
PN2_SID184	17933854	0	0	151
PN2_SID184	17933891	0	0	119
PN2_SID184	17933894	5	0	151
PN2_SID184	17933896	0	0	151
PN2_SID184	17933896	0	0	151
PN2_SID185	17925689	0	0	151
PN2_SID185	17925691	0	0	147
PN2_SID185	17933734	10	0	61
PN2_SID185	17933794	0	0	150
PN2_SID185	17933794	4	0	51
PN2_SID185	17933816	0	0	151
PN2_SID185	17933824	2	0	151
PN2_SID185	17933834	7	0	151
PN2_SID185	17933852	5	0	73
PN2_SID185	17933856	0	0	72
PN2_SID185	17933858	0	0	151
PN2_SID185	17933858	0	0	151
PN2_SID185	17933861	20	0	151
PN2_SID185	17933867	0	2	151
PN2_SID185	17933867	0	0	151
PN2_SID185	17933884	9	0	120
PN2_SID185	17933889	0	0	151
PN2_SID185	17933890	22	0	151
PN2_SID185	17933896	0	0	151
PN2_SID186	17925676	0	0	133
PN2_SID186	17933770	0	0	151
PN2_SID186	17933816	0	0	151
PN2_SID186	17933835	0	0	151
PN2_SID186	17933838	0	0	151
PN2_SID186	17933844	11	0	150
PN2_SID186	17933875	0	0	80
PN2_SID186	17933879	0	0	144
PN2_SID186	17933886	0	0	151
PN2_SID186	17933899	0	0	151
PN2_SID187	17925701	0	0	151
PN2_SID187	17933720	0	0	151
PN2_SID187	17933798	0	41	151
PN2_SID187	17933798	0	41	151
PN2_SID187	17933811	0	0	151
PN2_SID187	17933824	0	0	150
PN2_SID187	17933834	9	0	151
PN2_SID187	17933835	0	0	151
PN2_SID187	17933837	0	2	151
PN2_SID187	17933840	0	0	151
PN2_SID187	17933844	40	0	151
PN2_SID187	17933848	0	0	150
PN2_SID187	17933859	0	0	151
PN2_SID187	17933865	0	0	151
PN2_SID187	17933865	0	0	151
PN2_SID187	17933866	0	0	151
PN2_SID187	17933871	0	0	151
PN2_SID187	17933871	0	0	64
PN2_SID187	17933886	0	0	151
PN2_SID187	17933888	0	0	128
PN2_SID187	17933897	0	0	151
PN2_SID187	17933899	0	0	82
PN2_SID187	17933899	0	0	151
PN2_SID187	17933899	0	0	130
PN2_SID187	17933901	28	0	151
PN2_SID187	17933901	28	0	151
PN2_SID187	17933901	28	0	151
PN2_SID188	17925721	0	0	68
PN2_SID188	17933697	46	0	151
PN2_SID188	17933699	0	0	150
PN2_SID188	17933788	0	0	151
PN2_SID188	17933806	0	0	43
PN2_SID188	17933808	0	0	151
PN2_SID188	17933865	0	0	151
PN2_SID188	17933865	0	0	151
PN2_SID188	17933871	6	0	151
PN2_SID188	17933896	0	0	151
PN2_SID188	17933901	0	0	150
PN2_SID188	17933901	0	0	150
PN2_SID189	17933694	0	6	150
PN2_SID189	17933787	0	2	121
PN2_SID189	17933806	0	48	151
PN2_SID189	17933821	0	0	70
PN2_SID189	17933840	0	5	74
PN2_SID190	17933762	0	5	151
PN2_SID190	17933811	0	0	147
PN2_SID190	17933861	21	0	150
PN2_SID190	17933871	0	0	151
PN2_SID190	17933899	0	1	36
PN2_SID191	17925678	0	0	151
PN2_SID191	17933699	0	0	48
PN2_SID191	17933778	0	0	151
PN2_SID191	17933778	0	2	150
PN2_SID191	17933801	0	0	151
PN2_SID191	17933808	0	0	107
PN2_SID191	17933811	0	0	151
PN2_SID191	17933834	16	0	128
PN2_SID191	17933846	0	2	151
PN2_SID191	17933861	22	0	151
PN2_SID191	17933865	0	0	151
PN2_SID191	17933872	0	0	135
PN2_SID191	17933891	0	0	151
PN2_SID191	17933894	0	0	151
PN2_SID191	17933899	0	0	151
PN2_SID191	17933899	0	0	101
PN2_SID191	17933899	0	0	150
PN2_SID192	17925655	0	0	150
PN2_SID192	17933692	7	0	151
PN2_SID192	17933699	0	2	128
PN2_SID192	17933808	0	0	151
PN2_SID192	17933821	0	0	151
PN2_SID192	17933822	0	0	151
PN2_SID192	17933826	0	0	151
PN2_SID192	17933826	0	0	151
PN2_SID192	17933841	28	2	151
PN2_SID192	17933859	0	0	151
PN2_SID192	17933865	0	0	151
PN2_SID192	17933865	0	0	151
PN2_SID192	17933890	1	0	151
PN2_SID192	17933890	24	0	151
PN2_SID97	17874814	0	0	151
PN2_SID97	17925650	0	0	151
PN2_SID97	17933749	5	0	151
PN2_SID97	17933858	3	0	151
PN2_SID97	17933858	3	0	151
PN2_SID97	17933871	0	0	151
PN2_SID97	17933871	0	0	151
PN2_SID97	17933878	0	0	151
PN2_SID97	17933891	0	0	151
PN2_SID98	17925643	11	0	105
PN2_SID98	17933753	9	0	151
PN2_SID98	17933774	7	0	151
PN2_SID98	17933826	0	0	151
PN2_SID98	17933826	0	0	151
PN2_SID98	17933837	0	0	151
PN2_SID98	17933853	0	0	149
PN2_SID98	17933861	20	0	151
PN2_SID98	17933861	20	0	149
PN2_SID98	17933866	0	0	37
PN2_SID98	17933878	0	0	151
PN2_SID98	17933889	0	0	151
PN2_SID98	17933899	0	0	151
PN2_SID99	17925704	0	0	151
PN2_SID99	17925709	0	0	151
PN2_SID99	17925714	0	25	151
PN2_SID99	17933749	0	0	151
PN2_SID99	17933800	0	0	151
PN2_SID99	17933801	0	0	151
PN2_SID99	17933801	0	0	150
PN2_SID99	17933816	0	0	151
PN2_SID99	17933829	25	0	151
PN2_SID99	17933832	0	0	68
PN2_SID99	17933832	0	9	151
PN2_SID99	17933834	18	0	151
PN2_SID99	17933834	37	0	151
PN2_SID99	17933841	7	0	151
PN2_SID99	17933845	0	0	151
PN2_SID99	17933863	0	0	151
PN2_SID99	17933863	0	0	151
PN2_SID99	17933863	0	0	151
PN2_SID99	17933865	0	0	59
PN2_SID99	17933872	0	0	151
PN2_SID99	17933872	6	0	136
PN2_SID99	17933872	1	2	139
PN2_SID99	17933879	6	0	151
PN2_SID99	17933879	6	0	151
PN2_SID99	17933899	0	0	151
PN2_SID99	17933899	0	0	41
PN2_SID99	17933899	0	0	151
PN2_SID99	17933901	0	7	151
PN2_SID99	17933901	0	0	150
PN3_SID193	17933694	2	0	122
PN3_SID193	17933749	5	0	151
PN3_SID193	17933816	0	0	151
PN3_SID193	17933826	0	0	151
PN3_SID193	17933871	0	0	151
PN3_SID193	17933871	0	0	120
PN3_SID193	17933881	14	0	146
PN3_SID193	17933885	0	0	56
PN3_SID193	17933891	0	0	150
PN3_SID193	17933899	0	0	151
PN3_SID194	17933821	34	0	151
PN3_SID194	17933837	0	0	54
PN3_SID194	17933871	0	0	151
PN3_SID194	17933878	0	0	151
PN3_SID194	17933889	0	0	151
PN3_SID194	17933889	0	0	151
PN3_SID194	17933896	0	0	151
PN3_SID194	17933899	0	0	151
PN3_SID195	17925673	0	0	83
PN3_SID195	17925673	0	0	83
PN3_SID195	17933746	0	0	151
PN3_SID195	17933767	42	0	151
PN3_SID195	17933772	0	17	151
PN3_SID195	17933798	17	23	150
PN3_SID196	17925698	0	0	151
PN3_SID196	17933742	0	0	72
PN3_SID196	17933770	5	0	115
PN3_SID196	17933809	5	0	151
PN3_SID196	17933811	0	0	151
PN3_SID196	17933822	0	0	151
PN3_SID196	17933865	0	0	151
PN3_SID196	17933865	12	0	151
PN3_SID196	17933865	12	0	151
PN3_SID197	17925673	0	0	151
PN3_SID197	17933699	0	0	151
PN3_SID197	17933699	0	0	151
PN3_SID197	17933728	0	0	151
PN3_SID197	17933764	0	2	151
PN3_SID197	17933772	0	0	151
PN3_SID197	17933798	0	0	150
PN3_SID197	17933811	0	0	151
PN3_SID197	17933824	0	0	149
PN3_SID197	17933826	0	0	151
PN3_SID197	17933826	0	0	151
PN3_SID197	17933859	0	0	151
PN3_SID197	17933865	0	0	151
PN3_SID197	17933867	0	10	56
PN3_SID197	17933869	8	0	151
PN3_SID197	17933871	0	0	104
PN3_SID197	17933871	0	0	151
PN3_SID197	17933871	0	3	150
PN3_SID197	17933880	8	5	151
PN3_SID197	17933894	0	0	151
PN3_SID198	17925693	3	0	151
PN3_SID198	17933798	0	0	150
PN3_SID198	17933808	0	0	151
PN3_SID198	17933826	0	0	151
PN3_SID198	17933867	3	0	151
PN3_SID198	17933879	0	0	150
PN3_SID199	17933861	0	0	151
PN3_SID199	17933891	0	0	149
PN3_SID199	17933899	0	0	151
PN3_SID199	17933901	6	0	151
PN3_SID200	17925677	0	0	151
PN3_SID200	17933746	0	0	150
PN3_SID200	17933759	0	0	58
PN3_SID200	17933800	0	0	151
PN3_SID200	17933801	0	0	151
PN3_SID200	17933821	0	0	151
PN3_SID200	17933856	0	0	151
PN3_SID200	17933864	0	0	142
PN3_SID200	17933872	0	0	149
PN3_SID200	17933894	0	0	151
PN3_SID200	17933896	0	0	151
PN3_SID200	17933901	2	0	91
PN3_SID201	17925691	0	0	151
PN3_SID201	17933783	0	0	151
PN3_SID201	17933845	0	0	151
PN3_SID201	17933863	0	0	151
PN3_SID201	17933893	0	0	151
PN3_SID201	17933901	2	0	37
PN3_SID202	17925673	21	0	95
PN3_SID202	17933769	0	0	151
PN3_SID202	17933806	0	0	150
PN3_SID202	17933865	0	0	151
PN3_SID202	17933896	0	0	151
PN3_SID202	17933897	0	0	151
PN3_SID203	17933832	0	0	151
PN3_SID203	17933861	31	0	151
PN3_SID203	17933861	22	0	151
PN3_SID203	17933861	6	0	126
PN3_SID203	17933899	0	0	54
PN3_SID204	17933787	0	19	136
PN3_SID204	17933801	1	0	148
PN3_SID204	17933824	0	0	131
PN3_SID204	17933863	0	0	151
PN3_SID204	17933870	29	0	151
PN3_SID204	17933896	0	0	151
PN3_SID204	17933899	0	2	151
PN3_SID204	17933899	0	0	151
PN3_SID205	17933772	0	2	144
PN3_SID205	17933778	0	2	43
PN3_SID205	17933778	0	0	150
PN3_SID205	17933821	0	0	151
PN3_SID205	17933826	0	0	151
PN3_SID205	17933827	0	0	150
PN3_SID205	17933883	0	0	146
PN3_SID205	17933885	11	0	150
PN3_SID205	17933889	0	0	112
PN3_SID205	17933891	0	0	151
PN3_SID206	17874813	0	0	151
PN3_SID206	17925699	0	0	151
PN3_SID206	17933861	22	0	149
PN3_SID206	17933865	0	0	151
PN3_SID206	17933866	0	0	151
PN3_SID206	17933872	0	0	151
PN3_SID206	17933881	9	0	36
PN3_SID206	17933889	0	0	151
PN3_SID206	17933891	0	0	150
PN3_SID206	17933891	0	0	151
PN3_SID206	17933894	0	0	151
PN3_SID206	17933899	0	0	151
PN3_SID206	17933899	0	0	108
PN3_SID207	17933746	6	0	58
PN3_SID207	17933762	0	0	150
PN3_SID207	17933816	0	0	151
PN3_SID207	17933826	0	0	151
PN3_SID207	17933837	0	0	151
PN3_SID207	17933840	0	0	150
PN3_SID207	17933866	0	0	151
PN3_SID207	17933866	0	0	151
PN3_SID207	17933866	0	0	151
PN3_SID207	17933877	0	2	151
PN3_SID207	17933894	0	0	144
PN3_SID208	17925628	11	0	149
PN3_SID208	17933718	0	0	151
PN3_SID208	17933730	8	0	151
PN3_SID208	17933777	0	20	151
PN3_SID208	17933798	26	15	151
PN3_SID208	17933866	0	0	151
PN3_SID208	17933878	0	0	151
PN3_SID208	17933881	0	0	151
PN3_SID208	17933893	2	0	151
PN3_SID208	17933899	0	0	68
PN3_SID209	17933821	0	0	151
PN3_SID209	17933821	0	0	151
PN3_SID209	17933858	29	1	151
PN3_SID209	17933865	0	0	67
PN3_SID209	17933865	0	2	145
PN3_SID209	17933886	0	0	151
PN3_SID209	17933895	4	0	151
PN3_SID209	17933899	0	0	151
PN3_SID209	17933899	0	0	151
PN3_SID209	17933899	0	0	151
PN3_SID209	17933899	0	0	151
PN3_SID210	17925665	0	0	151
PN3_SID210	17925691	0	0	151
PN3_SID210	17925694	0	0	123
PN3_SID210	17925702	2	0	151
PN3_SID210	17925711	2	0	99
PN3_SID210	17933702	0	0	150
PN3_SID210	17933709	21	0	138
PN3_SID210	17933717	14	0	96
PN3_SID210	17933754	0	0	149
PN3_SID210	17933770	0	13	151
PN3_SID210	17933772	0	15	151
PN3_SID210	17933777	0	20	151
PN3_SID210	17933789	0	32	151
PN3_SID210	17933793	5	31	151
PN3_SID210	17933803	3	5	151
PN3_SID210	17933816	5	16	151
PN3_SID210	17933833	0	0	44
PN3_SID210	17933890	0	0	151
PN3_SID211	17933692	0	0	88
PN3_SID211	17933798	0	0	150
PN3_SID211	17933808	0	9	150
PN3_SID211	17933822	0	24	151
PN3_SID211	17933865	0	9	93
PN3_SID212	17933827	48	0	149
PN3_SID212	17933865	0	0	151
PN3_SID212	17933872	0	0	151
PN3_SID212	17933884	36	0	150
PN3_SID212	17933889	0	0	151
PN3_SID212	17933899	0	0	151
PN3_SID213	17933694	0	0	134
PN3_SID213	17933752	8	0	151
PN3_SID213	17933816	0	0	151
PN3_SID213	17933817	0	0	118
PN3_SID213	17933821	0	0	150
PN3_SID213	17933871	0	0	151
PN3_SID213	17933899	0	0	151
PN3_SID213	17933899	0	0	151
PN3_SID213	17933899	0	0	151
PN3_SID214	17925655	0	0	151
PN3_SID214	17933728	0	0	151
PN3_SID214	17933865	0	0	151
PN3_SID214	17933871	0	0	151
PN3_SID215	17933724	48	0	151
PN3_SID215	17933815	0	0	151
PN3_SID215	17933878	0	0	151
PN3_SID215	17933883	0	0	151
PN3_SID215	17933886	0	2	142
PN3_SID215	17933886	0	0	151
PN3_SID215	17933889	0	0	151
PN3_SID215	17933897	0	0	151
PN3_SID215	17933897	0	0	151
PN3_SID215	17933901	40	0	151
PN3_SID215	17933901	0	0	151
PN3_SID216	17933827	0	0	151
PN3_SID216	17933828	2	0	151
PN3_SID216	17933831	4	0	58
PN3_SID216	17933839	1	0	47
PN3_SID216	17933841	1	28	150
PN3_SID216	17933863	0	0	150
PN3_SID216	17933889	0	0	151
PN3_SID216	17933893	0	0	151
PN3_SID216	17933893	0	0	151
PN3_SID217	17933742	0	0	56
PN3_SID217	17933742	0	0	56
PN3_SID217	17933747	0	0	151
PN3_SID217	17933752	4	0	151
PN3_SID217	17933843	1	3	128
PN3_SID217	17933863	0	0	151
PN3_SID217	17933872	17	2	64
PN3_SID218	17933808	0	0	151
PN3_SID218	17933821	0	2	86
PN3_SID218	17933840	0	0	151
PN3_SID218	17933886	0	0	151
PN3_SID218	17933888	0	0	100
PN3_SID218	17933893	0	0	151
PN3_SID218	17933899	0	0	151
PN3_SID218	17933899	0	0	151
PN3_SID218	17933902	3	0	151
PN3_SID219	17933837	0	0	151
PN3_SID219	17933878	0	0	151
PN3_SID220	17933778	0	0	150
PN3_SID220	17933783	0	0	97
PN3_SID220	17933821	0	2	46
PN3_SID220	17933824	0	1	151
PN3_SID220	17933829	2	0	151
PN3_SID220	17933834	16	0	151
PN3_SID220	17933864	0	0	151
PN3_SID220	17933867	0	0	151
PN3_SID220	17933883	0	0	151
PN3_SID221	17933871	0	0	151
PN3_SID221	17933871	0	0	151
PN3_SID222	17933737	0	0	37
PN3_SID222	17933779	0	0	151
PN3_SID222	17933826	0	0	151
PN3_SID222	17933835	0	0	42
PN3_SID222	17933872	0	0	151
PN3_SID222	17933899	0	0	94
PN3_SID223	17933756	27	0	151
PN3_SID223	17933841	1	0	151
PN3_SID223	17933845	0	0	151
PN3_SID223	17933847	2	2	53
PN3_SID223	17933864	0	0	151
PN3_SID223	17933878	0	0	151
PN3_SID223	17933879	6	0	151
PN3_SID223	17933898	2	0	105
PN3_SID224	17925655	0	0	101
PN3_SID224	17925724	23	0	76
PN3_SID224	17933791	0	0	151
PN3_SID224	17933798	0	0	151
PN3_SID224	17933832	0	0	151
PN3_SID224	17933841	7	0	151
PN3_SID224	17933841	7	0	151
PN3_SID224	17933863	0	0	151
PN3_SID224	17933891	0	0	150
PN3_SID224	17933893	0	0	151
PN3_SID225	17933733	0	0	151
PN3_SID225	17933816	0	0	151
PN3_SID225	17933841	6	0	151
PN3_SID225	17933848	0	0	149
PN3_SID225	17933850	13	0	43
PN3_SID225	17933869	8	0	151
PN3_SID225	17933886	0	0	151
PN3_SID225	17933896	0	0	151
PN3_SID225	17933899	0	0	149
PN3_SID226	17933728	0	0	151
PN3_SID226	17933793	4	0	147
PN3_SID226	17933837	0	0	150
PN3_SID226	17933863	0	0	151
PN3_SID226	17933871	0	0	114
PN3_SID226	17933872	0	0	151
PN3_SID226	17933883	0	0	45
PN3_SID226	17933886	0	0	151
PN3_SID226	17933897	0	0	151
PN3_SID226	17933898	0	0	120
PN3_SID227	17925724	35	0	151
PN3_SID227	17933712	0	0	36
PN3_SID227	17933850	0	2	36
PN3_SID227	17933865	0	0	151
PN3_SID227	17933891	0	0	151
PN3_SID228	17925673	0	0	150
PN3_SID228	17933821	0	0	151
PN3_SID228	17933821	0	19	100
PN3_SID228	17933893	0	0	151
PN3_SID229	17933764	0	0	151
PN3_SID229	17933821	0	0	73
PN3_SID229	17933826	0	0	151
PN3_SID229	17933863	0	0	151
PN3_SID229	17933864	0	0	151
PN3_SID229	17933865	0	0	62
PN3_SID229	17933865	0	0	151
PN3_SID229	17933865	2	0	151
PN3_SID229	17933886	0	0	143
PN3_SID229	17933896	0	0	80
PN3_SID230	17933719	0	0	151
PN3_SID230	17933775	23	0	71
PN3_SID230	17933813	0	2	53
PN3_SID230	17933834	9	0	151
PN3_SID230	17933848	0	0	151
PN3_SID230	17933865	0	0	151
PN3_SID230	17933870	4	0	133
PN3_SID230	17933873	1	2	64
PN3_SID230	17933881	0	0	37
PN3_SID230	17933888	0	0	151
PN3_SID231	17933821	0	0	150
PN3_SID231	17933860	0	0	151
PN3_SID231	17933861	0	0	151
PN3_SID231	17933878	0	2	151
PN3_SID231	17933899	0	0	121
PN3_SID232	17933694	0	0	151
PN3_SID232	17933694	0	0	151
PN3_SID232	17933694	0	0	151
PN3_SID232	17933699	0	0	150
PN3_SID232	17933728	0	0	151
PN3_SID232	17933798	0	0	151
PN3_SID232	17933899	0	0	151
PN3_SID233	17933821	0	0	151
PN3_SID233	17933826	0	0	151
PN3_SID233	17933845	0	0	150
PN3_SID233	17933857	48	0	151
PN3_SID233	17933867	0	0	151
PN3_SID233	17933891	0	0	151
PN3_SID233	17933891	0	0	126
PN3_SID233	17933891	0	0	150
PN3_SID233	17933896	0	0	89
PN3_SID233	17933899	0	0	151
PN3_SID234	17933821	0	0	150
PN3_SID234	17933826	0	0	151
PN3_SID234	17933888	0	0	40
PN3_SID235	17925671	0	7	151
PN3_SID235	17933692	0	0	151
PN3_SID235	17933798	9	0	151
PN3_SID235	17933835	0	0	151
PN3_SID235	17933850	0	0	151
PN3_SID235	17933865	0	0	151
PN3_SID235	17933865	0	0	151
PN3_SID235	17933865	0	0	151
PN3_SID235	17933865	0	0	151
PN3_SID235	17933900	1	0	151
PN3_SID236	17933823	2	0	151
PN3_SID236	17933824	0	0	151
PN3_SID236	17933838	0	0	149
PN3_SID236	17933838	0	0	150
PN3_SID236	17933844	0	0	151
PN3_SID236	17933869	12	0	150
PN3_SID236	17933870	5	0	151
PN3_SID236	17933893	0	0	151
PN3_SID236	17933899	0	0	151
PN3_SID236	17933899	0	0	130
PN3_SID236	17933901	0	2	108
PN3_SID237	17933699	0	0	79
PN3_SID237	17933789	0	0	149
PN3_SID237	17933826	0	0	100
PN3_SID237	17933841	7	0	151
PN3_SID237	17933842	0	0	151
PN3_SID237	17933850	0	0	151
PN3_SID237	17933879	0	0	72
PN3_SID237	17933894	5	0	151
PN3_SID238	17933871	0	0	151
PN3_SID238	17933891	4	0	105
PN3_SID238	17933891	0	0	150
PN3_SID238	17933899	0	0	151
PN3_SID238	17933899	0	0	149
PN3_SID239	17933772	0	0	151
PN3_SID239	17933816	0	0	151
PN3_SID239	17933840	0	0	150
PN3_SID239	17933853	0	0	151
PN3_SID239	17933878	0	0	151
PN3_SID239	17933883	0	0	151
PN3_SID239	17933891	0	0	151
PN3_SID240	17933691	7	2	66
PN3_SID240	17933821	0	0	151
PN3_SID240	17933872	6	0	151
PN3_SID240	17933899	0	0	151
PN3_SID241	17933755	0	0	151
PN3_SID241	17933764	7	0	138
PN3_SID241	17933798	6	0	116
PN3_SID241	17933840	0	0	151
PN3_SID241	17933862	0	0	129
PN3_SID242	17925637	0	0	151
PN3_SID242	17925642	0	0	151
PN3_SID242	17933697	4	0	150
PN3_SID242	17933746	0	0	151
PN3_SID242	17933770	0	19	151
PN3_SID242	17933773	0	22	151
PN3_SID242	17933787	0	0	151
PN3_SID242	17933787	0	0	139
PN3_SID242	17933821	0	0	151
PN3_SID242	17933853	0	0	151
PN3_SID242	17933864	0	0	151
PN3_SID243	17933837	0	0	149
PN3_SID243	17933865	0	0	151
PN3_SID243	17933865	0	0	151
PN3_SID243	17933871	1	0	151
PN3_SID244	17933771	0	0	150
PN3_SID244	17933846	0	0	150
PN3_SID244	17933865	0	0	151
PN3_SID244	17933871	0	0	151
PN3_SID244	17933898	0	0	151
PN3_SID245	17925720	0	0	151
PN3_SID245	17933718	0	2	151
PN3_SID245	17933806	0	0	92
PN3_SID245	17933824	0	0	151
PN3_SID245	17933826	0	0	151
PN3_SID245	17933878	0	0	151
PN3_SID245	17933899	0	0	151
PN3_SID246	17933699	0	0	151
PN3_SID246	17933699	0	0	151
PN3_SID246	17933712	0	0	151
PN3_SID247	17933691	17	2	79
PN3_SID247	17933743	0	0	38
PN3_SID247	17933889	0	0	52
PN3_SID247	17933899	0	0	151
PN3_SID248	17933728	0	0	151
PN3_SID248	17933865	0	0	151
PN3_SID248	17933867	0	0	151
PN3_SID248	17933886	0	0	151
PN3_SID248	17933889	0	0	151
PN3_SID249	17874815	0	0	116
PN3_SID249	17925719	0	0	151
PN3_SID249	17933772	0	15	151
PN3_SID249	17933772	0	15	151
PN3_SID250	17925691	0	0	57
PN3_SID250	17933692	0	1	151
PN3_SID250	17933839	4	0	151
PN3_SID250	17933840	0	0	111
PN3_SID250	17933848	1	2	40
PN3_SID250	17933861	22	0	151
PN3_SID250	17933864	0	0	150
PN3_SID250	17933865	0	0	151
PN3_SID250	17933871	0	0	65
PN3_SID250	17933872	0	0	151
PN3_SID251	17933735	14	0	142
PN3_SID251	17933749	5	0	151
PN3_SID251	17933794	0	0	151
PN3_SID251	17933830	26	0	151
PN3_SID251	17933897	0	0	151
PN3_SID252	17925677	0	0	151
PN3_SID252	17933801	0	0	150
PN3_SID252	17933835	0	0	151
PN3_SID252	17933865	0	0	151
PN3_SID252	17933865	0	0	151
PN3_SID252	17933871	0	0	79
PN3_SID252	17933901	5	0	151
PN3_SID253	17933746	0	0	151
PN3_SID253	17933766	0	0	78
PN3_SID253	17933770	0	0	151
PN3_SID253	17933772	0	0	69
PN3_SID253	17933832	0	0	151
PN3_SID253	17933850	0	0	37
PN3_SID253	17933850	0	0	151
PN3_SID253	17933878	0	0	151
PN3_SID253	17933890	0	0	150
PN3_SID253	17933897	0	0	151
PN3_SID253	17933899	0	0	151
PN3_SID253	17933899	0	0	151
PN3_SID253	17933899	0	0	150
PN3_SID254	17925673	0	0	89
PN3_SID254	17933837	0	0	43
PN3_SID254	17933872	3	0	150
PN3_SID255	17925691	0	0	151
PN3_SID255	17925701	0	0	93
PN3_SID255	17933821	10	0	51
PN3_SID255	17933821	0	0	71
PN3_SID255	17933822	0	0	151
PN3_SID255	17933824	0	0	68
PN3_SID255	17933826	0	0	151
PN3_SID255	17933863	0	0	151
PN3_SID255	17933865	0	0	150
PN3_SID255	17933866	1	0	151
PN3_SID255	17933889	0	0	127
PN3_SID255	17933889	0	0	151
PN3_SID255	17933901	0	0	151
PN3_SID256	17933699	0	0	151
PN3_SID256	17933729	0	0	151
PN3_SID256	17933865	0	0	151
PN3_SID256	17933881	0	0	150
PN3_SID256	17933899	0	0	149
PN3_SID257	17933747	0	0	96
PN3_SID257	17933772	0	0	151
PN3_SID257	17933865	0	0	151
PN3_SID258	17933821	0	0	144
PN3_SID258	17933826	0	0	151
PN3_SID258	17933883	0	0	151
PN3_SID258	17933894	0	0	151
PN3_SID259	17933742	0	0	63
PN3_SID259	17933808	0	0	151
PN3_SID259	17933826	0	0	151
PN3_SID259	17933826	0	0	151
PN3_SID259	17933843	0	0	45
PN3_SID259	17933898	0	0	151
PN3_SID259	17933899	0	0	92
PN3_SID259	17933899	0	0	151
PN3_SID260	17933834	16	0	151
PN3_SID260	17933856	0	0	52
PN3_SID260	17933871	0	0	63
PN3_SID260	17933896	0	0	150
PN3_SID261	17933860	0	0	59
PN3_SID261	17933878	0	0	151
PN3_SID261	17933899	0	0	151
PN3_SID262	17925673	0	0	151
PN3_SID262	17933767	0	0	151
PN3_SID262	17933837	0	0	151
PN3_SID262	17933837	0	2	151
PN3_SID262	17933865	0	0	151
PN3_SID262	17933872	1	0	87
PN3_SID263	17933763	1	0	151
PN3_SID263	17933772	0	0	151
PN3_SID263	17933789	0	0	150
PN3_SID263	17933816	0	0	151
PN3_SID263	17933824	0	0	151
PN3_SID263	17933826	0	0	151
PN3_SID263	17933853	0	0	151
PN3_SID263	17933865	0	0	151
PN3_SID263	17933866	0	0	37
PN3_SID263	17933875	25	0	151
PN3_SID263	17933878	0	11	151
PN3_SID263	17933879	0	12	151
PN3_SID263	17933891	0	24	151
PN3_SID263	17933891	0	24	151
PN3_SID263	17933891	0	6	151
PN3_SID263	17933891	0	24	151
PN3_SID263	17933893	0	8	151
PN3_SID264	17933723	0	0	151
PN3_SID264	17933876	11	0	54
PN3_SID265	17933832	0	0	51
PN3_SID265	17933848	0	0	151
PN3_SID265	17933860	19	0	151
PN3_SID265	17933865	0	0	151
PN3_SID265	17933869	4	0	148
PN3_SID265	17933869	2	0	151
PN3_SID265	17933891	0	0	151
PN3_SID265	17933891	0	0	151
PN3_SID266	17925693	3	0	151
PN3_SID266	17933804	0	0	76
PN3_SID266	17933821	0	0	151
PN3_SID266	17933858	0	0	151
PN3_SID266	17933863	0	0	151
PN3_SID266	17933865	0	0	151
PN3_SID266	17933865	0	0	151
PN3_SID266	17933894	0	0	151
PN3_SID266	17933899	0	0	143
PN3_SID267	17933806	0	0	58
PN3_SID267	17933891	0	0	151
PN3_SID267	17933897	0	0	151
PN3_SID268	17925639	13	0	151
PN3_SID268	17933834	16	0	151
PN3_SID268	17933841	34	0	151
PN3_SID268	17933863	0	0	151
PN3_SID268	17933863	0	0	49
PN3_SID268	17933863	0	0	151
PN3_SID268	17933899	0	0	63
PN3_SID269	17933826	0	0	148
PN3_SID269	17933840	0	0	87
PN3_SID269	17933841	28	0	150
PN3_SID269	17933863	0	17	151
PN3_SID269	17933871	0	0	151
PN3_SID269	17933889	1	0	151
PN3_SID269	17933899	0	0	151
PN3_SID270	17933846	0	0	85
PN3_SID270	17933878	0	0	151
PN3_SID270	17933891	0	0	150
PN3_SID270	17933899	0	0	151
PN3_SID271	17933841	6	0	151
PN3_SID271	17933865	0	0	151
PN3_SID271	17933871	0	0	41
PN3_SID271	17933871	0	0	151
PN3_SID271	17933888	0	0	151
PN3_SID271	17933894	0	0	151
PN3_SID272	17933832	0	0	82
PN3_SID272	17933899	0	0	151
PN3_SID272	17933901	0	0	151
PN3_SID273	17933257	0	0	151
PN3_SID273	17933716	0	0	147
PN3_SID273	17933764	0	0	151
PN3_SID273	17933838	0	0	57
PN3_SID273	17933845	0	0	151
PN3_SID273	17933864	1	0	51
PN3_SID273	17933871	0	0	151
PN3_SID273	17933896	0	0	151
PN3_SID274	17933866	0	0	99
PN3_SID274	17933872	0	0	151
PN3_SID274	17933899	0	0	37
PN3_SID275	17933691	5	0	91
PN3_SID275	17933821	0	0	67
PN3_SID275	17933861	25	0	151
PN3_SID275	17933863	0	0	151
PN3_SID275	17933877	0	0	151
PN3_SID275	17933878	0	0	151
PN3_SID275	17933886	0	0	151
PN3_SID275	17933886	0	0	150
PN3_SID275	17933891	0	0	114
PN3_SID275	17933899	0	0	120
PN3_SID275	17933901	0	0	151
PN3_SID276	17925691	0	0	117
PN3_SID276	17933746	0	0	151
PN3_SID276	17933826	0	0	151
PN3_SID276	17933827	0	0	151
PN3_SID276	17933830	10	0	60
PN3_SID276	17933876	42	0	151
PN3_SID276	17933878	7	0	148
PN3_SID276	17933899	0	0	151
PN3_SID277	17933845	0	0	150
PN3_SID277	17933865	0	0	151
PN3_SID277	17933871	0	0	151
PN3_SID277	17933899	0	0	151
PN3_SID278	17933758	20	9	100
PN3_SID278	17933758	20	9	100
PN3_SID278	17933762	0	0	151
PN3_SID278	17933803	7	16	151
PN3_SID278	17933821	10	29	151
PN3_SID278	17933821	0	39	151
PN3_SID279	17925683	0	2	151
PN3_SID279	17925699	7	0	150
PN3_SID279	17933733	0	1	151
PN3_SID279	17933770	0	13	151
PN3_SID279	17933816	0	0	43
PN3_SID279	17933858	0	0	82
PN3_SID279	17933860	5	0	151
PN3_SID279	17933861	22	0	151
PN3_SID279	17933870	0	0	151
PN3_SID279	17933897	0	0	85
PN3_SID279	17933899	0	0	151
PN3_SID280	17933767	0	0	71
PN3_SID280	17933826	0	0	151
PN3_SID280	17933826	0	0	148
PN3_SID280	17933837	0	0	150
PN3_SID280	17933844	0	0	151
PN3_SID280	17933888	0	0	151
PN3_SID280	17933889	0	0	151
PN3_SID281	17933883	0	0	88
PN3_SID281	17933894	0	0	151
PN3_SID282	17933816	0	0	151
PN3_SID282	17933871	0	0	151
PN3_SID283	17933824	0	0	151
PN3_SID283	17933832	0	0	151
PN3_SID283	17933832	0	0	151
PN3_SID283	17933834	16	0	124
PN3_SID283	17933839	13	0	151
PN3_SID283	17933848	0	0	151
PN3_SID283	17933875	0	0	66
PN3_SID283	17933899	0	0	151
PN3_SID283	17933899	0	0	151
PN3_SID284	17933798	0	0	151
PN3_SID284	17933888	0	0	123
PN3_SID284	17933899	0	0	151
PN3_SID285	17933692	0	0	151
PN3_SID285	17933694	0	0	151
PN3_SID285	17933770	0	0	151
PN3_SID285	17933836	0	0	151
PN3_SID285	17933861	20	0	149
PN3_SID285	17933872	0	0	151
PN3_SID285	17933878	0	0	151
PN3_SID285	17933885	11	0	151
PN3_SID285	17933891	0	0	150
PN3_SID285	17933899	0	0	151
PN3_SID285	17933899	0	0	151
PN3_SID285	17933900	1	14	151
PN3_SID286	17933747	0	0	133
PN3_SID286	17933826	0	0	151
PN3_SID286	17933834	9	0	151
PN3_SID286	17933868	7	0	151
PN3_SID286	17933886	5	0	151
PN3_SID286	17933891	6	0	150
PN3_SID287	17933701	0	0	128
PN3_SID287	17933787	0	0	151
PN3_SID287	17933804	0	0	151
PN3_SID287	17933840	0	0	88
PN3_SID287	17933851	6	0	151
PN3_SID287	17933871	0	0	151
PN3_SID287	17933897	0	0	151
PN3_SID287	17933899	0	0	43
PN3_SID288	17925665	0	0	120
PN3_SID288	17933850	0	0	111
PN3_SID288	17933865	0	0	151
PN3_SID288	17933865	0	0	151
PN3_SID288	17933889	0	0	151
PN4_SID289	17933691	5	0	151
PN4_SID289	17933746	0	0	151
PN4_SID289	17933821	0	0	151
PN4_SID289	17933840	0	0	125
PN4_SID289	17933865	0	0	151
PN4_SID289	17933899	0	0	151
PN4_SID290	17933699	0	0	151
PN4_SID290	17933699	0	0	150
PN4_SID290	17933733	0	0	150
PN4_SID290	17933806	0	33	135
PN4_SID290	17933821	0	0	151
PN4_SID291	17925681	0	0	151
PN4_SID291	17933787	0	0	151
PN4_SID291	17933821	0	0	151
PN4_SID291	17933821	0	0	151
PN4_SID291	17933837	0	0	151
PN4_SID291	17933840	0	0	115
PN4_SID291	17933840	0	0	149
PN4_SID291	17933850	0	0	151
PN4_SID291	17933861	22	0	151
PN4_SID291	17933899	0	0	151
PN4_SID291	17933899	0	0	151
PN4_SID292	17933762	0	0	151
PN4_SID292	17933783	0	0	149
PN4_SID292	17933787	0	4	151
PN4_SID292	17933803	7	0	151
PN4_SID292	17933809	42	0	125
PN4_SID292	17933856	0	0	53
PN4_SID292	17933863	0	0	123
PN4_SID292	17933865	0	0	151
PN4_SID292	17933871	6	0	151
PN4_SID292	17933878	0	9	151
PN4_SID292	17933879	0	0	150
PN4_SID292	17933879	0	0	97
PN4_SID292	17933899	0	2	151
PN4_SID292	17933899	0	0	151
PN4_SID293	17925669	0	0	151
PN4_SID293	17925669	0	0	151
PN4_SID293	17933701	0	0	151
PN4_SID293	17933746	0	0	151
PN4_SID293	17933821	0	0	151
PN4_SID294	17933826	0	0	110
PN4_SID294	17933840	0	0	83
PN4_SID294	17933849	0	0	151
PN4_SID294	17933849	0	0	151
PN4_SID295	17877291	0	0	151
PN4_SID295	17933728	0	0	151
PN4_SID295	17933746	0	0	124
PN4_SID295	17933834	9	0	151
PN4_SID295	17933834	9	2	151
PN4_SID295	17933837	0	0	151
PN4_SID295	17933871	0	0	151
PN4_SID295	17933879	6	0	151
PN4_SID295	17933883	0	0	89
PN4_SID295	17933889	0	0	151
PN4_SID295	17933899	0	0	151
PN4_SID295	17933899	0	0	151
PN4_SID296	17874813	0	0	151
PN4_SID296	17925691	2	0	151
PN4_SID296	17933745	0	0	71
PN4_SID296	17933745	0	0	71
PN4_SID296	17933767	48	0	151
PN4_SID296	17933806	0	0	122
PN4_SID296	17933826	0	0	151
PN4_SID296	17933864	3	0	151
PN4_SID296	17933865	0	0	151
PN4_SID296	17933871	0	0	151
PN4_SID296	17933871	0	0	151
PN4_SID296	17933871	0	0	150
PN4_SID296	17933871	0	0	99
PN4_SID296	17933871	0	0	151
PN4_SID296	17933873	45	0	151
PN4_SID296	17933878	0	0	86
PN4_SID296	17933891	0	0	151
PN4_SID296	17933899	0	2	55
PN4_SID296	17933899	0	0	151
PN4_SID297	17924893	0	0	151
PN4_SID297	17925669	2	0	151
PN4_SID297	17925691	0	0	151
PN4_SID297	17933806	0	0	150
PN4_SID297	17933827	0	0	112
PN4_SID297	17933837	0	0	151
PN4_SID297	17933850	0	0	151
PN4_SID297	17933869	6	0	149
PN4_SID297	17933871	0	0	151
PN4_SID297	17933872	0	0	151
PN4_SID297	17933873	1	0	151
PN4_SID297	17933887	23	0	150
PN4_SID297	17933899	0	0	90
PN4_SID297	17933899	0	0	151
PN4_SID298	17933691	7	0	151
PN4_SID298	17933733	0	0	151
PN4_SID298	17933801	0	0	151
PN4_SID298	17933821	0	0	150
PN4_SID298	17933821	0	0	144
PN4_SID298	17933850	0	0	151
PN4_SID298	17933857	0	0	151
PN4_SID298	17933864	0	0	150
PN4_SID298	17933865	0	0	151
PN4_SID298	17933865	0	0	151
PN4_SID298	17933865	0	0	151
PN4_SID298	17933871	0	2	138
PN4_SID298	17933878	0	0	151
PN4_SID298	17933899	0	0	151
PN4_SID299	17925655	0	0	150
PN4_SID299	17925679	10	0	151
PN4_SID299	17925704	0	0	151
PN4_SID299	17933695	1	4	40
PN4_SID299	17933699	5	0	59
PN4_SID299	17933702	0	0	151
PN4_SID299	17933728	0	0	151
PN4_SID299	17933746	0	15	151
PN4_SID299	17933824	0	0	150
PN4_SID299	17933824	0	0	150
PN4_SID299	17933896	0	0	144
PN4_SID299	17933899	0	0	151
PN4_SID299	17933899	0	1	70
PN4_SID300	17933767	0	0	151
PN4_SID300	17933776	0	0	54
PN4_SID300	17933819	0	0	151
PN4_SID300	17933865	0	0	151
PN4_SID300	17933875	5	0	151
PN4_SID300	17933893	0	0	151
PN4_SID300	17933893	6	0	151
PN4_SID300	17933899	0	0	151
PN4_SID301	17933699	0	0	77
PN4_SID301	17933826	0	2	95
PN4_SID301	17933834	37	0	151
PN4_SID301	17933840	0	0	151
PN4_SID301	17933840	0	0	151
PN4_SID301	17933848	0	0	39
PN4_SID301	17933896	0	0	151
PN4_SID301	17933899	0	0	151
PN4_SID301	17933900	0	0	150
PN4_SID302	17925643	0	0	151
PN4_SID302	17925643	0	0	151
PN4_SID302	17925669	0	0	151
PN4_SID302	17925692	1	2	99
PN4_SID302	17925721	0	0	151
PN4_SID302	17933772	0	0	100
PN4_SID302	17933821	0	0	151
PN4_SID302	17933822	0	0	151
PN4_SID302	17933834	16	0	151
PN4_SID302	17933840	0	0	151
PN4_SID302	17933859	4	0	50
PN4_SID302	17933863	0	0	151
PN4_SID302	17933871	0	0	151
PN4_SID302	17933896	0	0	151
PN4_SID302	17933897	0	0	151
PN4_SID302	17933898	2	0	151
PN4_SID302	17933899	0	2	102
PN4_SID302	17933899	0	0	77
PN4_SID302	17933899	0	0	149
PN4_SID302	17933899	0	2	151
PN4_SID303	17933762	0	5	151
PN4_SID303	17933803	0	44	149
PN4_SID303	17933809	0	0	150
PN4_SID304	17925701	0	0	150
PN4_SID304	17933691	0	0	94
PN4_SID304	17933728	0	0	76
PN4_SID304	17933806	0	0	151
PN4_SID304	17933879	6	0	151
PN4_SID304	17933899	0	0	151
PN4_SID305	17925720	1	0	151
PN4_SID305	17933772	0	0	150
PN4_SID305	17933840	0	0	150
PN4_SID305	17933889	0	0	151
PN4_SID306	17933735	6	0	151
PN4_SID306	17933745	0	0	101
PN4_SID306	17933745	0	0	101
PN4_SID306	17933821	0	0	48
PN4_SID306	17933836	5	0	150
PN4_SID306	17933850	0	0	150
PN4_SID306	17933852	7	0	151
PN4_SID306	17933856	0	0	150
PN4_SID307	17925669	0	0	151
PN4_SID307	17925691	0	0	63
PN4_SID307	17925703	0	0	151
PN4_SID307	17925724	41	0	151
PN4_SID307	17933824	0	0	151
PN4_SID307	17933826	0	2	90
PN4_SID307	17933833	31	0	151
PN4_SID307	17933834	16	0	151
PN4_SID307	17933834	9	3	150
PN4_SID307	17933836	18	0	119
PN4_SID307	17933837	0	0	151
PN4_SID307	17933839	39	0	151
PN4_SID307	17933860	24	0	151
PN4_SID307	17933871	0	0	151
PN4_SID307	17933899	0	0	151
PN4_SID308	17925701	0	0	151
PN4_SID308	17933701	0	0	136
PN4_SID308	17933841	0	0	145
PN4_SID308	17933885	42	0	151
PN4_SID308	17933889	0	3	63
PN4_SID308	17933891	0	0	151
PN4_SID308	17933899	0	0	151
PN4_SID308	17933901	0	0	149
PN4_SID309	17925645	0	0	150
PN4_SID309	17933733	0	0	147
PN4_SID309	17933767	0	0	151
PN4_SID309	17933787	0	0	151
PN4_SID309	17933822	0	0	151
PN4_SID309	17933837	0	0	151
PN4_SID309	17933837	0	0	133
PN4_SID309	17933840	0	0	145
PN4_SID309	17933844	40	0	151
PN4_SID309	17933865	0	0	151
PN4_SID309	17933871	0	1	138
PN4_SID309	17933897	0	0	151
PN4_SID309	17933899	0	0	151
PN4_SID310	17933712	0	0	48
PN4_SID310	17933720	0	0	43
PN4_SID310	17933747	0	0	150
PN4_SID310	17933818	0	0	151
PN4_SID310	17933826	0	0	151
PN4_SID310	17933827	0	0	151
PN4_SID310	17933832	0	0	151
PN4_SID310	17933848	0	0	151
PN4_SID310	17933853	0	0	147
PN4_SID310	17933863	0	0	151
PN4_SID310	17933864	7	0	151
PN4_SID310	17933865	8	0	150
PN4_SID310	17933865	0	0	151
PN4_SID310	17933896	0	0	151
PN4_SID310	17933896	0	0	119
PN4_SID310	17933899	0	0	151
PN4_SID310	17933901	7	0	110
PN4_SID311	17925712	0	3	54
PN4_SID311	17933691	22	0	151
PN4_SID311	17933691	7	16	151
PN4_SID311	17933694	0	0	117
PN4_SID311	17933718	0	0	151
PN4_SID311	17933744	0	0	151
PN4_SID311	17933744	2	1	43
PN4_SID311	17933756	11	0	151
PN4_SID311	17933776	47	0	151
PN4_SID311	17933827	0	0	151
PN4_SID311	17933837	0	0	151
PN4_SID311	17933837	0	0	151
PN4_SID311	17933853	0	0	151
PN4_SID311	17933856	0	0	151
PN4_SID311	17933865	0	0	151
PN4_SID311	17933871	0	0	149
PN4_SID311	17933878	0	0	151
PN4_SID311	17933878	0	2	151
PN4_SID311	17933894	0	0	151
PN4_SID311	17933899	0	0	151
PN4_SID312	17924923	0	0	151
PN4_SID312	17933816	0	0	151
PN4_SID312	17933899	0	0	151
PN4_SID312	17933901	0	0	151
PN4_SID313	17933736	0	0	151
PN4_SID313	17933772	0	0	130
PN4_SID313	17933787	0	29	150
PN4_SID313	17933894	0	0	151
PN4_SID314	17925666	0	0	151
PN4_SID314	17925669	2	0	151
PN4_SID314	17933746	0	0	151
PN4_SID314	17933779	2	0	151
PN4_SID314	17933897	0	0	151
PN4_SID315	17925647	0	0	151
PN4_SID315	17933733	0	0	151
PN4_SID315	17933821	0	0	110
PN4_SID315	17933826	0	0	151
PN4_SID315	17933837	0	0	151
PN4_SID315	17933838	0	0	151
PN4_SID315	17933861	0	0	151
PN4_SID315	17933872	1	0	151
PN4_SID315	17933875	0	0	151
PN4_SID315	17933878	0	0	151
PN4_SID315	17933899	0	0	151
PN4_SID315	17933901	40	1	151
PN4_SID316	17925703	0	0	151
PN4_SID316	17933762	0	0	151
PN4_SID316	17933778	0	0	150
PN4_SID316	17933817	0	0	138
PN4_SID316	17933821	0	0	151
PN4_SID316	17933837	0	0	150
PN4_SID316	17933878	0	1	59
PN4_SID316	17933883	0	0	139
PN4_SID316	17933899	0	0	151
PN4_SID316	17933899	0	1	151
PN4_SID317	17933865	0	0	151
PN4_SID317	17933866	0	0	151
PN4_SID317	17933871	0	0	151
PN4_SID317	17933889	0	0	151
PN4_SID317	17933896	0	0	151
PN4_SID317	17933899	0	0	151
PN4_SID317	17933901	2	0	151
PN4_SID318	17933736	0	1	45
PN4_SID318	17933783	4	0	151
PN4_SID318	17933842	0	0	151
PN4_SID318	17933850	0	0	58
PN4_SID318	17933865	0	0	131
PN4_SID318	17933875	46	0	151
PN4_SID318	17933877	4	0	151
PN4_SID318	17933891	0	0	151
PN4_SID318	17933891	0	0	151
PN4_SID318	17933899	0	0	151
PN4_SID318	17933899	0	0	151
PN4_SID318	17933899	0	2	145
PN4_SID318	17933899	0	0	151
PN4_SID319	17933772	0	4	68
PN4_SID319	17933838	0	0	150
PN4_SID319	17933844	4	2	40
PN4_SID319	17933899	0	0	151
PN4_SID320	17925652	13	0	130
PN4_SID320	17933718	0	0	150
PN4_SID320	17933826	43	0	151
PN4_SID320	17933878	0	0	151
PN4_SID320	17933889	0	0	151
PN4_SID320	17933896	0	0	151
PN4_SID320	17933896	0	0	151
PN4_SID320	17933899	0	0	151
PN4_SID320	17933899	0	0	112
PN4_SID321	17933762	0	0	151
PN4_SID321	17933826	0	0	151
PN4_SID321	17933837	0	0	87
PN4_SID321	17933838	0	0	150
PN4_SID321	17933838	0	0	151
PN4_SID321	17933840	0	0	150
PN4_SID321	17933848	0	0	151
PN4_SID321	17933859	0	0	151
PN4_SID321	17933869	0	0	57
PN4_SID321	17933894	0	0	151
PN4_SID321	17933894	0	2	134
PN4_SID321	17933899	0	0	121
PN4_SID321	17933899	0	0	151
PN4_SID322	17933694	0	0	151
PN4_SID322	17933728	0	0	151
PN4_SID322	17933772	0	2	151
PN4_SID322	17933787	0	0	151
PN4_SID322	17933812	5	0	40
PN4_SID322	17933821	0	0	151
PN4_SID322	17933821	0	0	151
PN4_SID322	17933824	0	0	151
PN4_SID322	17933826	0	0	95
PN4_SID322	17933834	0	0	151
PN4_SID322	17933840	0	0	149
PN4_SID322	17933859	0	0	151
PN4_SID322	17933891	0	0	151
PN4_SID322	17933896	0	0	151
PN4_SID322	17933898	0	0	151
PN4_SID322	17933899	1	5	132
PN4_SID323	17933746	0	0	151
PN4_SID323	17933812	0	0	48
PN4_SID323	17933834	16	0	116
PN4_SID323	17933901	7	0	128
PN4_SID324	17925701	0	0	56
PN4_SID324	17933762	0	0	150
PN4_SID324	17933837	0	0	150
PN4_SID324	17933888	0	0	151
PN4_SID324	17933891	0	0	151
PN4_SID324	17933893	6	0	151
PN4_SID324	17933896	0	0	72
PN4_SID324	17933898	0	0	151
PN4_SID325	17933782	0	0	151
PN4_SID325	17933844	15	0	151
PN4_SID325	17933856	0	0	151
PN4_SID325	17933871	4	0	151
PN4_SID325	17933873	6	2	151
PN4_SID325	17933878	0	0	151
PN4_SID325	17933881	38	0	151
PN4_SID325	17933892	0	0	151
PN4_SID326	17933746	0	0	151
PN4_SID326	17933801	0	0	87
PN4_SID326	17933827	5	0	151
PN4_SID326	17933834	36	0	150
PN4_SID326	17933841	15	0	151
PN4_SID326	17933841	15	0	151
PN4_SID326	17933841	15	0	151
PN4_SID326	17933844	38	0	135
PN4_SID326	17933845	0	0	151
PN4_SID326	17933854	0	0	151
PN4_SID326	17933856	0	0	151
PN4_SID326	17933878	0	0	151
PN4_SID326	17933883	0	0	114
PN4_SID326	17933883	0	0	49
PN4_SID326	17933884	28	0	150
PN4_SID326	17933899	0	0	151
PN4_SID326	17933899	0	0	151
PN4_SID327	17933710	0	0	93
PN4_SID327	17933733	0	0	151
PN4_SID327	17933798	8	10	149
PN4_SID327	17933866	0	0	151
PN4_SID327	17933891	0	0	150
PN4_SID327	17933891	0	0	151
PN4_SID328	17925666	13	0	151
PN4_SID328	17925687	10	0	131
PN4_SID328	17933699	0	0	76
PN4_SID328	17933702	0	0	151
PN4_SID328	17933706	0	0	151
PN4_SID328	17933730	0	0	150
PN4_SID328	17933755	6	0	122
PN4_SID328	17933808	0	0	150
PN4_SID328	17933827	1	0	151
PN4_SID328	17933829	13	0	151
PN4_SID328	17933845	0	0	151
PN4_SID328	17933873	0	0	151
PN4_SID328	17933876	6	0	151
PN4_SID328	17933878	0	0	151
PN4_SID328	17933891	0	0	127
PN4_SID328	17933893	6	0	151
PN4_SID328	17933895	0	0	150
PN4_SID328	17933895	0	0	150
PN4_SID328	17933897	0	0	151
PN4_SID328	17933901	0	0	151
PN4_SID328	17933901	0	0	149
PN4_SID329	17933762	0	0	151
PN4_SID329	17933808	0	0	133
PN4_SID329	17933850	0	0	151
PN4_SID329	17933873	24	0	151
PN4_SID330	17925683	0	0	150
PN4_SID330	17925719	0	0	151
PN4_SID330	17933743	0	0	71
PN4_SID330	17933746	0	0	124
PN4_SID330	17933811	5	3	130
PN4_SID330	17933812	0	0	151
PN4_SID330	17933812	0	0	40
PN4_SID330	17933826	0	0	151
PN4_SID330	17933865	0	0	151
PN4_SID330	17933866	35	0	150
PN4_SID330	17933866	36	0	151
PN4_SID330	17933867	26	0	151
PN4_SID330	17933879	0	0	62
PN4_SID330	17933886	0	0	151
PN4_SID330	17933886	0	0	145
PN4_SID331	17925671	0	0	151
PN4_SID331	17925689	0	0	150
PN4_SID331	17933734	21	0	151
PN4_SID331	17933738	9	0	151
PN4_SID331	17933770	41	0	151
PN4_SID331	17933770	41	0	151
PN4_SID331	17933788	0	0	151
PN4_SID331	17933801	0	0	151
PN4_SID331	17933801	0	1	151
PN4_SID331	17933852	14	0	42
PN4_SID331	17933865	0	0	151
PN4_SID331	17933871	0	0	112
PN4_SID331	17933873	0	0	135
PN4_SID331	17933901	0	0	151
PN4_SID332	17925691	0	0	151
PN4_SID332	17925703	0	0	151
PN4_SID332	17933704	19	0	151
PN4_SID332	17933770	0	0	89
PN4_SID332	17933783	0	0	151
PN4_SID332	17933798	8	0	151
PN4_SID332	17933816	0	0	151
PN4_SID332	17933826	0	0	104
PN4_SID332	17933865	0	0	151
PN4_SID332	17933865	0	0	136
PN4_SID332	17933865	0	0	151
PN4_SID332	17933865	0	0	151
PN4_SID332	17933872	0	0	44
PN4_SID332	17933891	0	0	151
PN4_SID333	17933699	0	0	74
PN4_SID333	17933734	5	0	151
PN4_SID333	17933746	42	0	150
PN4_SID333	17933778	0	0	151
PN4_SID333	17933778	0	0	151
PN4_SID333	17933841	6	0	151
PN4_SID333	17933871	0	0	151
PN4_SID333	17933884	0	0	151
PN4_SID333	17933889	0	0	44
PN4_SID334	17925665	0	0	151
PN4_SID334	17925669	3	0	151
PN4_SID334	17925720	0	0	151
PN4_SID334	17933741	0	0	151
PN4_SID334	17933749	6	0	149
PN4_SID334	17933765	0	1	151
PN4_SID334	17933802	0	0	78
PN4_SID334	17933808	0	0	107
PN4_SID334	17933811	0	2	126
PN4_SID334	17933822	0	0	139
PN4_SID334	17933826	0	0	151
PN4_SID334	17933826	0	0	151
PN4_SID334	17933838	0	0	150
PN4_SID334	17933858	0	0	80
PN4_SID334	17933875	4	0	151
PN4_SID334	17933878	0	0	142
PN4_SID334	17933885	19	0	151
PN4_SID334	17933899	0	0	151
PN4_SID334	17933901	28	0	151
PN4_SID334	17933901	7	0	151
PN4_SID335	17933728	0	0	151
PN4_SID335	17933736	7	0	151
PN4_SID335	17933736	7	2	86
PN4_SID335	17933772	0	0	151
PN4_SID335	17933794	0	0	151
PN4_SID335	17933822	7	0	151
PN4_SID335	17933838	0	0	151
PN4_SID335	17933848	0	0	151
PN4_SID335	17933867	0	0	140
PN4_SID335	17933878	0	0	151
PN4_SID335	17933889	0	0	151
PN4_SID335	17933891	0	0	150
PN4_SID336	17933762	0	0	151
PN4_SID336	17933775	0	0	59
PN4_SID336	17933856	0	0	151
PN4_SID336	17933863	0	0	151
PN4_SID336	17933863	0	0	151
PN4_SID336	17933878	0	0	151
PN4_SID336	17933878	0	0	151
PN4_SID336	17933878	0	0	151
PN4_SID336	17933891	0	0	150
PN4_SID336	17933891	0	0	151
PN4_SID337	17925644	0	0	151
PN4_SID337	17933741	0	0	151
PN4_SID337	17933762	0	0	150
PN4_SID337	17933830	40	0	151
PN4_SID337	17933834	16	0	151
PN4_SID337	17933845	0	0	150
PN4_SID337	17933886	0	0	151
PN4_SID337	17933891	0	0	151
PN4_SID337	17933891	0	0	150
PN4_SID338	17925690	0	0	150
PN4_SID338	17933606	0	0	151
PN4_SID338	17933821	0	0	144
PN4_SID338	17933822	0	0	151
PN4_SID338	17933832	0	0	151
PN4_SID338	17933832	0	0	151
PN4_SID338	17933850	2	0	53
PN4_SID338	17933850	2	0	151
PN4_SID338	17933853	0	0	151
PN4_SID338	17933865	0	0	151
PN4_SID338	17933883	0	0	151
PN4_SID338	17933889	0	0	149
PN4_SID339	17933674	0	0	151
PN4_SID339	17933865	0	2	151
PN4_SID339	17933893	4	0	151
PN4_SID339	17933893	4	0	151
PN4_SID339	17933899	0	0	137
PN4_SID340	17792333	0	0	150
PN4_SID340	17925676	0	2	112
PN4_SID340	17925718	13	0	80
PN4_SID340	17933704	19	0	70
PN4_SID340	17933772	0	0	151
PN4_SID340	17933845	0	0	151
PN4_SID340	17933889	0	0	151
PN4_SID340	17933893	0	0	58
PN4_SID340	17933899	0	0	128
PN4_SID341	17925682	0	2	151
PN4_SID341	17933691	35	0	151
PN4_SID341	17933834	9	0	151
PN4_SID341	17933850	0	0	151
PN4_SID341	17933866	9	0	151
PN4_SID341	17933873	0	0	151
PN4_SID341	17933897	0	0	151
PN4_SID341	17933901	0	0	150
PN4_SID342	17745265	6	0	57
PN4_SID342	17925673	0	0	151
PN4_SID342	17933732	0	0	151
PN4_SID342	17933776	4	0	75
PN4_SID342	17933816	0	0	151
PN4_SID342	17933821	0	0	101
PN4_SID342	17933826	0	0	149
PN4_SID342	17933837	0	0	150
PN4_SID342	17933845	0	0	151
PN4_SID342	17933866	0	0	151
PN4_SID342	17933872	0	2	79
PN4_SID342	17933874	8	0	44
PN4_SID342	17933899	0	0	151
PN4_SID343	17933702	0	2	41
PN4_SID343	17933746	0	14	150
PN4_SID343	17933772	0	0	150
PN4_SID343	17933790	0	0	151
PN4_SID343	17933842	0	3	151
PN4_SID343	17933842	0	0	151
PN4_SID343	17933853	0	0	151
PN4_SID343	17933853	0	0	151
PN4_SID343	17933866	0	0	151
PN4_SID343	17933886	0	0	150
PN4_SID344	17926705	0	0	71
PN4_SID344	17933826	0	0	151
PN4_SID344	17933865	0	0	132
PN4_SID344	17933873	0	0	150
PN4_SID344	17933896	0	6	103
PN4_SID345	17925714	45	0	151
PN4_SID345	17925716	10	0	110
PN4_SID345	17925716	10	0	110
PN4_SID345	17925725	0	0	151
PN4_SID345	17933692	0	0	149
PN4_SID345	17933741	0	1	140
PN4_SID345	17933772	0	0	150
PN4_SID345	17933837	0	0	151
PN4_SID345	17933840	0	0	150
PN4_SID345	17933850	0	0	127
PN4_SID345	17933853	0	0	151
PN4_SID345	17933863	0	0	151
PN4_SID345	17933878	0	0	151
PN4_SID345	17933878	0	0	151
PN4_SID345	17933891	0	0	151
PN4_SID345	17933899	0	0	150
PN4_SID346	17933699	0	0	151
PN4_SID346	17933816	0	0	151
PN4_SID346	17933823	1	0	151
PN4_SID346	17933838	0	0	151
PN4_SID346	17933854	0	0	151
PN4_SID346	17933857	0	0	84
PN4_SID346	17933871	0	0	151
PN4_SID346	17933896	0	0	151
PN4_SID346	17933896	0	0	151
PN4_SID346	17933899	0	0	151
PN4_SID347	17925643	0	0	151
PN4_SID347	17925645	0	0	114
PN4_SID347	17925714	0	0	151
PN4_SID347	17933772	0	0	151
PN4_SID347	17933772	0	0	151
PN4_SID347	17933806	0	0	57
PN4_SID347	17933826	0	0	151
PN4_SID347	17933834	16	0	122
PN4_SID347	17933834	16	2	64
PN4_SID347	17933844	0	0	151
PN4_SID347	17933848	0	0	43
PN4_SID347	17933871	0	0	151
PN4_SID347	17933875	0	0	151
PN4_SID347	17933899	0	0	151
PN4_SID348	17933867	0	0	144
PN4_SID348	17933883	6	0	150
PN4_SID348	17933889	0	0	151
PN4_SID348	17933899	4	0	151
PN4_SID349	17933694	0	0	151
PN4_SID350	17933691	37	0	151
PN4_SID350	17933787	0	2	50
PN4_SID350	17933848	0	0	147
PN4_SID350	17933877	2	0	151
PN4_SID350	17933899	0	0	151
PN4_SID351	17933699	0	0	75
PN4_SID351	17933743	0	2	42
PN4_SID351	17933837	0	0	151
PN4_SID351	17933837	0	0	151
PN4_SID351	17933888	0	0	151
PN4_SID351	17933894	0	0	151
PN4_SID352	17933746	0	0	149
PN4_SID352	17933889	0	0	151
PN4_SID353	17925644	20	0	151
PN4_SID353	17933808	0	0	151
PN4_SID353	17933837	0	0	151
PN4_SID353	17933838	0	0	151
PN4_SID353	17933859	0	0	151
PN4_SID353	17933871	0	5	151
PN4_SID354	17933761	0	0	150
PN4_SID354	17933772	0	15	151
PN4_SID354	17933772	0	0	151
PN4_SID354	17933811	0	0	151
PN4_SID354	17933826	0	0	151
PN4_SID354	17933878	0	0	36
PN4_SID354	17933878	0	0	147
PN4_SID355	17933845	0	0	150
PN4_SID355	17933866	0	0	151
PN4_SID355	17933888	0	0	151
PN4_SID356	17933858	0	0	151
PN4_SID356	17933864	0	0	150
PN4_SID356	17933871	0	0	151
PN4_SID356	17933871	0	0	151
PN4_SID356	17933899	0	0	151
PN4_SID356	17933899	0	0	151
PN4_SID356	17933899	0	0	151
PN4_SID356	17933899	0	0	88
PN4_SID356	17933899	0	0	151
PN4_SID357	17933808	0	0	151
PN4_SID357	17933808	0	0	62
PN4_SID357	17933808	0	0	151
PN4_SID357	17933811	0	0	151
PN4_SID357	17933826	0	0	151
PN4_SID357	17933832	0	0	151
PN4_SID357	17933842	9	0	70
PN4_SID357	17933865	0	0	151
PN4_SID357	17933865	0	0	151
PN4_SID357	17933878	0	0	151
PN4_SID357	17933885	7	0	151
PN4_SID358	17933811	0	0	151
PN4_SID358	17933845	14	0	49
PN4_SID358	17933891	0	0	151
PN4_SID358	17933895	0	0	150
PN4_SID359	17925704	0	0	151
PN4_SID359	17933746	0	0	151
PN4_SID359	17933834	16	0	70
PN4_SID359	17933866	0	0	151
PN4_SID359	17933883	0	0	151
PN4_SID359	17933891	0	0	38
PN4_SID359	17933891	0	0	151
PN4_SID360	17925686	0	0	151
PN4_SID360	17933772	0	0	151
PN4_SID360	17933841	7	0	151
PN4_SID360	17933884	0	0	151
PN4_SID360	17933891	0	0	86
PN4_SID360	17933891	0	0	150
PN4_SID360	17933891	0	0	151
PN4_SID361	17933891	0	2	41
PN4_SID362	17933762	0	0	151
PN4_SID362	17933770	0	0	151
PN4_SID362	17933834	16	0	145
PN4_SID362	17933856	0	0	151
PN4_SID362	17933867	0	0	112
PN4_SID362	17933890	0	0	151
PN4_SID363	17925723	0	0	97
PN4_SID363	17933840	0	0	150
PN4_SID363	17933866	17	0	151
PN4_SID363	17933899	0	0	130
PN4_SID364	17933811	0	0	151
PN4_SID364	17933821	0	0	151
PN4_SID364	17933865	0	0	38
PN4_SID365	17924902	0	0	151
PN4_SID365	17933713	0	0	150
PN4_SID365	17933837	0	0	151
PN4_SID365	17933837	0	0	150
PN4_SID365	17933853	0	0	150
PN4_SID365	17933878	0	0	151
PN4_SID365	17933878	0	20	151
PN4_SID365	17933899	0	0	121
PN4_SID365	17933899	5	0	151
PN4_SID366	17933826	0	0	151
PN4_SID367	17933875	0	0	151
PN4_SID367	17933897	0	0	151
PN4_SID368	17925718	4	0	151
PN4_SID368	17925718	4	0	71
PN4_SID368	17933700	36	0	150
PN4_SID368	17933732	0	0	52
PN4_SID368	17933760	25	0	145
PN4_SID368	17933801	0	0	151
PN4_SID368	17933832	0	0	151
PN4_SID368	17933850	0	0	151
PN4_SID368	17933862	11	2	90
PN4_SID368	17933865	0	0	151
PN4_SID368	17933878	0	0	151
PN4_SID368	17933891	0	0	129
PN4_SID368	17933897	0	0	151
PN4_SID368	17933897	0	0	80
PN4_SID369	17933691	2	0	42
PN4_SID369	17933788	0	0	151
PN4_SID369	17933826	0	0	151
PN4_SID369	17933826	0	0	151
PN4_SID369	17933828	2	0	151
PN4_SID369	17933867	0	0	151
PN4_SID369	17933899	0	0	151
PN4_SID369	17933899	0	0	151
PN4_SID370	17933777	0	0	151
PN4_SID370	17933806	0	0	151
PN4_SID370	17933821	0	0	151
PN4_SID370	17933821	0	0	151
PN4_SID370	17933826	0	2	136
PN4_SID370	17933833	9	0	151
PN4_SID370	17933869	7	0	151
PN4_SID370	17933889	0	0	151
PN4_SID370	17933896	0	0	151
PN4_SID370	17933896	0	0	151
PN4_SID370	17933899	0	0	130
PN4_SID371	17925681	0	0	151
PN4_SID371	17925712	0	0	151
PN4_SID371	17933777	0	0	151
PN4_SID371	17933821	0	0	151
PN4_SID371	17933821	0	0	150
PN4_SID371	17933821	0	0	151
PN4_SID371	17933834	16	0	151
PN4_SID371	17933834	16	0	151
PN4_SID371	17933890	2	0	67
PN4_SID371	17933891	0	0	86
PN4_SID371	17933896	6	0	151
PN4_SID371	17933897	0	0	151
PN4_SID371	17933897	0	0	141
PN4_SID373	17925701	0	0	151
PN4_SID373	17933689	35	0	151
PN4_SID373	17933694	0	0	150
PN4_SID373	17933699	0	0	151
PN4_SID373	17933744	0	0	151
PN4_SID373	17933761	0	1	151
PN4_SID373	17933770	0	10	151
PN4_SID373	17933771	7	4	151
PN4_SID373	17933787	0	24	148
PN4_SID373	17933798	0	38	151
PN4_SID373	17933803	0	43	151
PN4_SID373	17933821	0	19	109
PN4_SID374	17933702	0	0	151
PN4_SID374	17933792	0	0	132
PN4_SID374	17933837	0	0	151
PN4_SID374	17933840	0	0	150
PN4_SID374	17933865	0	0	151
PN4_SID375	17925701	0	0	151
PN4_SID375	17933704	19	0	151
PN4_SID375	17933816	0	0	151
PN4_SID375	17933816	0	0	151
PN4_SID375	17933867	0	0	151
PN4_SID375	17933891	0	0	150
PN4_SID375	17933899	0	0	151
PN4_SID375	17933899	0	0	151
PN4_SID376	17925655	0	0	151
PN4_SID376	17933727	0	2	151
PN4_SID376	17933727	0	0	151
PN4_SID376	17933821	0	0	151
PN4_SID376	17933829	0	0	51
PN4_SID376	17933844	40	0	151
PN4_SID376	17933871	0	0	151
PN4_SID377	17933798	0	0	151
PN4_SID377	17933805	16	0	79
PN4_SID377	17933826	0	0	151
PN4_SID377	17933834	8	0	47
PN4_SID377	17933837	0	0	151
PN4_SID377	17933859	0	1	151
PN4_SID377	17933859	0	0	151
PN4_SID377	17933865	0	0	151
PN4_SID377	17933872	0	0	151
PN4_SID377	17933894	0	0	151
PN4_SID377	17933895	0	0	150
PN4_SID377	17933897	0	0	151
PN4_SID377	17933898	0	0	93
PN4_SID378	17933691	7	1	91
PN4_SID378	17933756	27	0	151
PN4_SID378	17933807	0	0	151
PN4_SID378	17933824	0	0	151
PN4_SID378	17933839	0	0	151
PN4_SID378	17933866	0	0	67
PN4_SID378	17933866	0	0	151
PN4_SID378	17933871	0	0	150
PN4_SID379	17933743	0	0	62
PN4_SID379	17933769	8	0	150
PN4_SID379	17933841	12	0	151
PN4_SID379	17933875	0	0	150
PN4_SID380	17925666	0	0	151
PN4_SID380	17933744	0	0	151
PN4_SID380	17933746	0	2	100
PN4_SID380	17933768	0	0	81
PN4_SID380	17933826	0	0	151
PN4_SID380	17933837	0	0	151
PN4_SID380	17933853	0	0	150
PN4_SID380	17933853	0	0	151
PN4_SID380	17933853	0	0	41
PN4_SID380	17933871	0	0	151
PN4_SID380	17933886	0	0	151
PN4_SID380	17933888	0	0	151
PN4_SID380	17933899	0	0	121
PN4_SID380	17933899	0	0	151
PN4_SID381	17933736	4	0	151
PN4_SID381	17933745	0	0	78
PN4_SID381	17933773	0	0	151
PN4_SID381	17933774	1	8	140
PN4_SID381	17933792	0	0	44
PN4_SID381	17933821	0	0	151
PN4_SID381	17933829	0	0	151
PN4_SID381	17933834	47	0	151
PN4_SID381	17933853	0	0	151
PN4_SID381	17933853	0	0	151
PN4_SID381	17933865	8	0	150
PN4_SID381	17933866	0	0	151
PN4_SID381	17933878	0	0	151
PN4_SID381	17933878	0	0	151
PN4_SID382	17933821	0	0	151
PN4_SID382	17933826	0	0	151
PN4_SID382	17933826	0	0	151
PN4_SID382	17933848	0	0	150
PN4_SID382	17933848	0	2	151
PN4_SID382	17933856	0	0	151
PN4_SID382	17933865	0	0	151
PN4_SID382	17933871	0	0	151
PN4_SID382	17933872	0	0	151
PN4_SID382	17933896	0	0	151
PN4_SID382	17933899	0	0	151
PN4_SID383	17933702	0	0	46
PN4_SID383	17933729	0	0	151
PN4_SID383	17933811	0	0	151
PN4_SID383	17933816	0	0	151
PN4_SID383	17933827	0	0	151
PN4_SID383	17933828	1	0	57
PN4_SID383	17933830	16	0	78
PN4_SID383	17933830	16	0	78
PN4_SID383	17933837	0	0	151
PN4_SID383	17933865	0	0	151
PN4_SID383	17933878	0	15	150
PN4_SID383	17933883	0	0	151
PN4_SID383	17933890	1	0	151
PN4_SID384	17925655	0	0	151
PN4_SID384	17933692	6	0	151
PN4_SID384	17933801	0	0	150
PN4_SID384	17933811	0	0	151
PN4_SID384	17933811	0	0	151
PN4_SID384	17933826	18	0	151
PN4_SID384	17933827	0	0	151
PN4_SID384	17933832	6	0	151
PN4_SID384	17933839	2	0	151
PN4_SID384	17933850	0	0	151
PN4_SID384	17933850	0	0	151
PN4_SID384	17933865	0	0	92
PN4_SID384	17933876	4	0	151
PN4_SID384	17933891	0	0	114
PN4_SID384	17933896	0	0	151
PN4_SID384	17933899	0	0	151
