geneID,v5_gene_id,category,keep_flag,gene_name,annotation
GRMZM2G425774,Zm00001eb232450,FT,1,VEL1,(VEL1) vernalization5/VIN3-like
GRMZM2G126552,Zm00001eb165440,FT,1,VIP3,(VIP3) Transducin/WD40 repeat-like superfamily protein
GRMZM2G145041,Zm00001eb228670,FT,1,RVE2 ortholog,an ortholog of the RVE2 gene; regulate circadian genes
GRMZM2G179024,Zm00001eb319590,FT,1,APRR5,"APRR5: play circadian-associated roles (Eriksson and Millar 2003, Nakamichi et al. 2004)"
GRMZM2G064466,Zm00001eb021970,FT,1,hb100,hb100 - Homeobox-transcription factor 100
GRMZM2G115960,Zm00001eb129520,FT,1,PIF3.1,"PIF3.1:  phytochrome-interacting factor (PIF) basic helix-loop-helix (bHLH) family members, ZmPIF3.1"
GRMZM2G472693,Zm00001eb008650,FT,1,PRICHEXTENSNl,PRICHEXTENSNl; histone-lysine N-methyltransferases
GRMZM2G106928,Zm00001eb039000,FT,1,Superoxide dismutase,Superoxide dismutase [Cu-Zn]
GRMZM2G021471,Zm00001eb137870,FT,1,VIN3,VERNALIZATION INSENSITIVE 3 (VIN3)
GRMZM2G179264,Zm00001eb353250,FT,1,ZCN8,"ZCN8, analogous to FT in Arabidopsis"
GRMZM2G081127,Zm00001eb332190,FT,1,,ZmSPL27: SQUAMOSA promoter binding protein-like (SPL) transcription factors (TFs)
GRMZM2G113244,Zm00001eb273260,FT,1,,zmZTLa: F-box protein ZEITLUPE: circadian clock gene
GRMZM2G160268,Zm00001eb179680,FT,1,,"(CAB4, LHCA4) light-harvesting chlorophyll-protein complex I subunit A4"
GRMZM2G004703,Zm00001eb352350,FT,1,,"(ACAM-2, CAM5) calmodulin 5"
GRMZM2G088487,Zm00001eb411820,FT,1,,"(ARP6, ATARP6) actin-related protein 6"
AC209636.2_FG003,Zm00001eb287940,FT,1,,"(AtCXE17, CXE17) carboxyesterase 17"
GRMZM2G090156,Zm00001eb208320,FT,1,,(FIO1) methyltransferases
GRMZM2G019863,Zm00001eb074140,FT,1,,(FLD) Flavin containing amine oxidoreductase family protein
GRMZM2G010884,Zm00001eb388510,FT,1,,(LHCA3) photosystem I light harvesting complex gene 3;  chlorophyll A-B binding protein
GRMZM2G320013,Zm00001eb152080,FT,1,,(LINC4) little nuclei4
GRMZM2G020291,Zm00001eb344140,FT,1,,(SPA1) SPA (suppressor of phyA-105) protein family
GRMZM2G130724,Zm00001eb410700,FT,1,,"(VIL1, VRN5) Fibronectin type III domain-containing protein"
GRMZM2G126010,Zm00001eb348450,FT,1,,act1 - actin1
GRMZM2G478417,Zm00001eb038010,FT,1,,bzip49 - bZIP-transcription factor 49; abscisic acid responsive elements-binding factor 2 (Arabidopsis)
GRMZM2G005126,Zm00001eb417000,FT,1,,c3h24 - C3H-transcription factor 324
GRMZM2G089812,Zm00001eb010770,FT,1,,ca5p11 - CCAAT-HAP5-transcription factor 511
GRMZM2G091449,Zm00001eb302880,FT,1,,Cleavage and polyadenylation specificity factor (CPSF) A subunit protein
GRMZM2G041991,Zm00001eb253650,FT,1,,col12 - C2C2-CONSTANS-like-transcription factor 12
GRMZM2G013398,Zm00001eb380990,FT,1,,col6 - C2C2-CONSTANS-like-transcription factor 6
GRMZM2G162737,Zm00001eb093140,FT,1,,Cytochrome P450 superfamily
GRMZM2G169654,Zm00001eb156040,FT,1,,ereb126 - AP2-EREBP-transcription factor 126
GRMZM5G844173,Zm00001eb122110,FT,1,,gigantea2
GRMZM2G102499,Zm00001eb080570,FT,1,,grf1 - general regulatory factor1
GRMZM2G074645,Zm00001eb347710,FT,1,,hb123 - Homeobox-transcription factor 123
GRMZM2G001289,Zm00001eb070050,FT,1,,hb75 - Homeobox-transcription factor 75; (PDF2) protodermal factor 2
GRMZM2G122897,Zm00001eb431350,FT,1,,hb91 - Homeobox-transcription factor 91
GRMZM2G423337,Zm00001eb050660,FT,1,,Homeobox-leucine zipper family protein / lipid-binding START domain-containing protein
GRMZM2G057466,Zm00001eb025020,FT,1,,jmj14 - JUMONJI-transcription factor 14
GRMZM2G180086,Zm00001eb224940,FT,1,,jmj16 - JUMONJI-transcription factor 16
GRMZM2G029850,Zm00001eb250940,FT,1,,mybr52 - MYB-related-transcription factor 52; (RVE1) Homeodomain-like superfamily protein
GRMZM2G032711,Zm00001eb331890,FT,1,,nfc104a - nucleosome/chromatin assembly factor 104
GRMZM2G116658,Zm00001eb319090,FT,1,,ocl3 - outer cell layer3
GRMZM2G473891,Zm00001eb095540,FT,1,,PAB2: poly(A) binding protein 2
GRMZM2G034152,Zm00001eb413630,FT,1,,pao1 - polyamine oxidase1
GRMZM2G119357,Zm00001eb041990,FT,1,,phd2 - PHD-transcription factor 2
GRMZM2G097726,Zm00001eb302190,FT,1,,phd3 - PHD-transcription factor 3
GRMZM2G157727,Zm00001eb055460,FT,1,,phyA1 - phytochromeA1
GRMZM2G387528,Zm00001eb332400,FT,1,,pif3 - phytochrome interacting factor3
GRMZM2G051101,Zm00001eb203310,FT,1,,Protein with RING/U-box and TRAF-like domains
GRMZM2G081075,Zm00001eb237020,FT,1,,Protein with RING/U-box and TRAF-like domains
GRMZM2G309063,Zm00001eb119040,FT,1,,Protein with RING/U-box and TRAF-like domains
GRMZM2G135446,Zm00001eb092230,FT,1,,response regulator receiver domain containing protein
GRMZM2G140577,Zm00001eb352310,FT,1,,sdg105 - set domain gene105
GRMZM2G012601,Zm00001eb341180,FT,1,,SUMO protease class C ESD4 type
GRMZM2G445944,Zm00001eb259370,FT,1,,tcptf4 - TCP-transcription factor 4
GRMZM2G092214,Zm00001eb142960,FT,1,,tcptf8 - TCP-transcription factor 8
GRMZM2G058292,Zm00001eb250740,FT,1,,Transducin/WD40 repeat-like superfamily protein
Zm00001eb121780,Zm00001eb121780,targ,1,hpc1,
Zm00001eb231720,Zm00001eb231720,targ,1,nlp1,
Zm00001eb421910,Zm00001eb421910,Fst_landraces_N,1,,
Zm00001eb346210,Zm00001eb346210,Fst_landraces_N,1,,
Zm00001eb384860,Zm00001eb384860,Fst_landraces_N,1,,
Zm00001eb385190,Zm00001eb385190,Fst_landraces_N,1,,
Zm00001eb009920,Zm00001eb009920,Fst_landraces_N,1,,
Zm00001eb421860,Zm00001eb421860,Fst_landraces_N,1,,
Zm00001eb028520,Zm00001eb028520,Fst_landraces_N,1,,
Zm00001eb384970,Zm00001eb384970,Fst_landraces_N,1,,
Zm00001eb048270,Zm00001eb048270,Fst_landraces_N,1,,
Zm00001eb250480,Zm00001eb250480,Fst_landraces_N,1,,
Zm00001eb122350,Zm00001eb122350,Fst_landraces_N,1,,
Zm00001eb220840,Zm00001eb220840,Fst_landraces_N,1,,
Zm00001eb141560,Zm00001eb141560,Fst_landraces_N,1,,
Zm00001eb289050,Zm00001eb289050,Fst_landraces_N,1,,
Zm00001eb137200,Zm00001eb137200,Fst_landraces_N,1,,
Zm00001eb009580,Zm00001eb009580,Fst_landraces_N,1,,
Zm00001eb151450,Zm00001eb151450,Fst_landraces_N,1,,
Zm00001eb425240,Zm00001eb425240,Fst_landraces_N,1,,
Zm00001eb414020,Zm00001eb414020,Fst_landraces_N,1,,
Zm00001eb224720,Zm00001eb224720,Fst_landraces_N,1,,
Zm00001eb135550,Zm00001eb135550,Fst_landraces_N,1,,
Zm00001eb041630,Zm00001eb041630,Fst_landraces_N,1,,
Zm00001eb199530,Zm00001eb199530,Fst_landraces_N,1,,
Zm00001eb208580,Zm00001eb208580,Fst_landraces_N,1,,
Zm00001eb014600,Zm00001eb014600,Fst_landraces_N,1,,
Zm00001eb074680,Zm00001eb074680,Fst_landraces_N,1,,
Zm00001eb224690,Zm00001eb224690,Fst_landraces_N,1,,
Zm00001eb151480,Zm00001eb151480,Fst_landraces_N,1,,
Zm00001eb289030,Zm00001eb289030,Fst_landraces_N,1,,
Zm00001eb151220,Zm00001eb151220,Fst_landraces_N,1,,
Zm00001eb107050,Zm00001eb107050,Fst_landraces_N,1,,
Zm00001eb413860,Zm00001eb413860,Fst_landraces_N,1,,
Zm00001eb231770,Zm00001eb231770,Fst_landraces_N,1,,
Zm00001eb138370,Zm00001eb138370,Fst_landraces_N,1,,
Zm00001eb110930,Zm00001eb110930,Fst_landraces_N,1,,
Zm00001eb009900,Zm00001eb009900,Fst_landraces_N,1,,
Zm00001eb233960,Zm00001eb233960,Fst_landraces_N,1,,
Zm00001eb384950,Zm00001eb384950,Fst_landraces_N,1,,
Zm00001eb083810,Zm00001eb083810,Fst_landraces_N,1,,
Zm00001eb166870,Zm00001eb166870,Fst_landraces_N,1,,
Zm00001eb049890,Zm00001eb049890,Fst_landraces_N,1,,
Zm00001eb028570,Zm00001eb028570,Fst_landraces_N,1,,
Zm00001eb010210,Zm00001eb010210,Fst_landraces_N,1,,
Zm00001eb133570,Zm00001eb133570,Fst_landraces_N,1,,
Zm00001eb267390,Zm00001eb267390,Fst_landraces_N,1,,
Zm00001eb398870,Zm00001eb398870,Fst_landraces_N,1,,
Zm00001eb031250,Zm00001eb031250,Fst_landraces_N,1,,
Zm00001eb122110,Zm00001eb122110,Fst_landraces_N,1,,
Zm00001eb000170,Zm00001eb000170,Fst_landraces_N,1,,
Zm00001eb044840,Zm00001eb044840,Fst_landraces_N,1,,
Zm00001eb430620,Zm00001eb430620,Fst_landraces_N,1,,
Zm00001eb132310,Zm00001eb132310,Fst_landraces_N,1,,
Zm00001eb215120,Zm00001eb215120,Fst_landraces_N,1,,
Zm00001eb035350,Zm00001eb035350,Fst_landraces_N,1,,
Zm00001eb015200,Zm00001eb015200,Fst_landraces_N,1,,
Zm00001eb343340,Zm00001eb343340,Fst_landraces_N,1,,
Zm00001eb346680,Zm00001eb346680,Fst_landraces_N,1,,
Zm00001eb343660,Zm00001eb343660,Fst_landraces_N,1,,
Zm00001eb153100,Zm00001eb153100,Fst_landraces_N,1,,
Zm00001eb146250,Zm00001eb146250,Fst_landraces_N,1,,
Zm00001eb346230,Zm00001eb346230,Fst_landraces_N,1,,
Zm00001eb127020,Zm00001eb127020,Fst_landraces_N,1,,
Zm00001eb365960,Zm00001eb365960,Fst_landraces_N,1,,
Zm00001eb403750,Zm00001eb403750,Fst_landraces_N,1,,
Zm00001eb331920,Zm00001eb331920,Fst_landraces_N,1,,
Zm00001eb399630,Zm00001eb399630,Fst_landraces_N,1,,
Zm00001eb360020,Zm00001eb360020,Fst_landraces_N,1,,
Zm00001eb102030,Zm00001eb102030,Fst_landraces_N,1,,
Zm00001eb231790,Zm00001eb231790,Fst_landraces_N,1,,
Zm00001eb174640,Zm00001eb174640,Fst_landraces_N,1,,
Zm00001eb355290,Zm00001eb355290,Fst_landraces_N,1,,
Zm00001eb355300,Zm00001eb355300,Fst_landraces_N,1,,
Zm00001eb019780,Zm00001eb019780,Fst_landraces_N,1,,
Zm00001eb384900,Zm00001eb384900,Fst_landraces_N,1,,
Zm00001eb308830,Zm00001eb308830,Fst_landraces_N,1,,
Zm00001eb148220,Zm00001eb148220,Fst_landraces_N,1,,
Zm00001eb201230,Zm00001eb201230,Fst_landraces_N,1,,
Zm00001eb273940,Zm00001eb273940,Fst_landraces_N,1,,
Zm00001eb145500,Zm00001eb145500,Fst_landraces_N,1,,
Zm00001eb250240,Zm00001eb250240,Fst_landraces_N,1,,
Zm00001eb130260,Zm00001eb130260,Fst_landraces_N,1,,
Zm00001eb075470,Zm00001eb075470,Fst_landraces_N,1,,
Zm00001eb126920,Zm00001eb126920,Fst_landraces_N,1,,
Zm00001eb410840,Zm00001eb410840,Fst_landraces_N,1,,
Zm00001eb201570,Zm00001eb201570,Fst_landraces_N,1,,
Zm00001eb233720,Zm00001eb233720,Fst_landraces_N,1,,
Zm00001eb014630,Zm00001eb014630,Fst_landraces_N,1,,
Zm00001eb028710,Zm00001eb028710,Fst_landraces_N,1,,
Zm00001eb306140,Zm00001eb306140,Fst_landraces_N,1,,
Zm00001eb321200,Zm00001eb321200,Fst_landraces_N,1,,
Zm00001eb287940,Zm00001eb287940,Fst_landraces_N,1,,
Zm00001eb151200,Zm00001eb151200,Fst_landraces_N,1,,
Zm00001eb276140,Zm00001eb276140,Fst_landraces_N,1,,
Zm00001eb014810,Zm00001eb014810,Fst_landraces_N,1,,
Zm00001eb120370,Zm00001eb120370,Fst_landraces_N,1,,
Zm00001eb048210,Zm00001eb048210,Fst_landraces_N,1,,
Zm00001eb235200,Zm00001eb235200,Fst_landraces_N,1,,
Zm00001eb399660,Zm00001eb399660,Fst_landraces_N,1,,
Zm00001eb146510,Zm00001eb146510,Fst_landraces_N,1,,
Zm00001eb099580,Zm00001eb099580,Fst_landraces_N,1,,
Zm00001eb203350,Zm00001eb203350,Fst_landraces_N,1,,
Zm00001eb151470,Zm00001eb151470,Fst_landraces_N,1,,
Zm00001eb417900,Zm00001eb417900,Fst_landraces_N,1,,
Zm00001eb200790,Zm00001eb200790,Fst_landraces_N,1,,
Zm00001eb158290,Zm00001eb158290,Fst_landraces_N,1,,
Zm00001eb277480,Zm00001eb277480,Fst_landraces_N,1,,
Zm00001eb130750,Zm00001eb130750,Fst_landraces_N,1,,
Zm00001eb296120,Zm00001eb296120,Fst_landraces_N,1,,
Zm00001eb410820,Zm00001eb410820,Fst_landraces_N,1,,
Zm00001eb151380,Zm00001eb151380,Fst_landraces_N,1,,
Zm00001eb359150,Zm00001eb359150,Fst_landraces_N,1,,
Zm00001eb246650,Zm00001eb246650,Fst_landraces_N,1,,
Zm00001eb275340,Zm00001eb275340,Fst_landraces_N,1,,
Zm00001eb234090,Zm00001eb234090,Fst_landraces_N,1,,
Zm00001eb102380,Zm00001eb102380,Fst_landraces_N,1,,
Zm00001eb313980,Zm00001eb313980,Fst_landraces_N,1,,
Zm00001eb127010,Zm00001eb127010,Fst_landraces_N,1,,
Zm00001eb384620,Zm00001eb384620,Fst_landraces_N,1,,
Zm00001eb294430,Zm00001eb294430,Fst_landraces_N,1,,
Zm00001eb362180,Zm00001eb362180,Fst_landraces_N,1,,
Zm00001eb260190,Zm00001eb260190,Fst_landraces_N,1,,
Zm00001eb004750,Zm00001eb004750,Fst_landraces_N,1,,
Zm00001eb277460,Zm00001eb277460,Fst_landraces_N,1,,
Zm00001eb028690,Zm00001eb028690,Fst_landraces_N,1,,
Zm00001eb346280,Zm00001eb346280,Fst_landraces_N,1,,
Zm00001eb325850,Zm00001eb325850,Fst_landraces_N,1,,
Zm00001eb310770,Zm00001eb310770,Fst_landraces_N,1,,
Zm00001eb019800,Zm00001eb019800,Fst_landraces_N,1,,
Zm00001eb088850,Zm00001eb088850,Fst_landraces_N,1,,
Zm00001eb103400,Zm00001eb103400,Fst_landraces_N,1,,
Zm00001eb378140,Zm00001eb378140,Fst_landraces_N,1,,
Zm00001eb026810,Zm00001eb026810,Fst_landraces_N,1,,
Zm00001eb109770,Zm00001eb109770,Fst_landraces_N,1,,
Zm00001eb130400,Zm00001eb130400,Fst_landraces_N,1,,
Zm00001eb030710,Zm00001eb030710,Fst_landraces_N,1,,
Zm00001eb419510,Zm00001eb419510,Fst_landraces_N,1,,
Zm00001eb399680,Zm00001eb399680,Fst_landraces_N,1,,
Zm00001eb035370,Zm00001eb035370,Fst_landraces_N,1,,
Zm00001eb232410,Zm00001eb232410,Fst_landraces_N,1,,
Zm00001eb340000,Zm00001eb340000,Fst_landraces_N,1,,
Zm00001eb035320,Zm00001eb035320,Fst_landraces_N,1,,
Zm00001eb046650,Zm00001eb046650,Fst_landraces_N,1,,
Zm00001eb249380,Zm00001eb249380,Fst_landraces_N,1,,
Zm00001eb058360,Zm00001eb058360,Fst_landraces_N,1,,
Zm00001eb375250,Zm00001eb375250,Fst_landraces_N,1,,
Zm00001eb227100,Zm00001eb227100,Fst_landraces_N,1,,
Zm00001eb269770,Zm00001eb269770,Fst_landraces_N,1,,
Zm00001eb093280,Zm00001eb093280,Fst_landraces_N,1,,
Zm00001eb241950,Zm00001eb241950,Fst_landraces_N,1,,
Zm00001eb316520,Zm00001eb316520,Fst_landraces_N,1,,
Zm00001eb000190,Zm00001eb000190,Fst_landraces_N,1,,
Zm00001eb127850,Zm00001eb127850,Fst_landraces_N,1,,
Zm00001eb203360,Zm00001eb203360,Fst_landraces_N,1,,
Zm00001eb033140,Zm00001eb033140,Fst_landraces_N,1,,
Zm00001eb052720,Zm00001eb052720,Fst_landraces_N,1,,
Zm00001eb149490,Zm00001eb149490,Fst_landraces_N,1,,
Zm00001eb046510,Zm00001eb046510,Fst_landraces_N,1,,
Zm00001eb124300,Zm00001eb124300,Fst_landraces_N,1,,
Zm00001eb009870,Zm00001eb009870,Fst_landraces_N,1,,
Zm00001eb149510,Zm00001eb149510,Fst_landraces_N,1,,
Zm00001eb059970,Zm00001eb059970,Fst_landraces_N,1,,
Zm00001eb028110,Zm00001eb028110,Fst_landraces_N,1,,
Zm00001eb227040,Zm00001eb227040,Fst_landraces_N,1,,
Zm00001eb287800,Zm00001eb287800,Fst_landraces_N,1,,
Zm00001eb287810,Zm00001eb287810,Fst_landraces_N,1,,
Zm00001eb031280,Zm00001eb031280,Fst_landraces_N,1,,
Zm00001eb225150,Zm00001eb225150,Fst_landraces_N,1,,
Zm00001eb433040,Zm00001eb433040,Fst_landraces_N,1,,
Zm00001eb013300,Zm00001eb013300,Fst_landraces_N,1,,
Zm00001eb233940,Zm00001eb233940,Fst_landraces_N,1,,
Zm00001eb394260,Zm00001eb394260,Fst_landraces_N,1,,
Zm00001eb250070,Zm00001eb250070,Fst_landraces_N,1,,
Zm00001eb359990,Zm00001eb359990,Fst_landraces_N,1,,
Zm00001eb286480,Zm00001eb286480,Fst_landraces_N,1,,
Zm00001eb015220,Zm00001eb015220,Fst_landraces_N,1,,
Zm00001eb379470,Zm00001eb379470,Fst_landraces_N,1,,
Zm00001eb074640,Zm00001eb074640,Fst_landraces_N,1,,
Zm00001eb091740,Zm00001eb091740,Fst_landraces_N,1,,
Zm00001eb269170,Zm00001eb269170,Fst_landraces_N,1,,
Zm00001eb267410,Zm00001eb267410,Fst_landraces_N,1,,
Zm00001eb040770,Zm00001eb040770,Fst_landraces_N,1,,
Zm00001eb235270,Zm00001eb235270,Fst_landraces_N,1,,
Zm00001eb198350,Zm00001eb198350,Fst_landraces_N,1,,
Zm00001eb079940,Zm00001eb079940,Fst_landraces_N,1,,
Zm00001eb430000,Zm00001eb430000,Fst_landraces_N,1,,
Zm00001eb404830,Zm00001eb404830,Fst_landraces_N,1,,
Zm00001eb250210,Zm00001eb250210,Fst_landraces_N,1,,
Zm00001eb239300,Zm00001eb239300,Fst_landraces_N,1,,
Zm00001eb167910,Zm00001eb167910,Fst_landraces_N,1,,
Zm00001eb309370,Zm00001eb309370,Fst_landraces_N,1,,
Zm00001eb343240,Zm00001eb343240,Fst_landraces_N,1,,
Zm00001eb126970,Zm00001eb126970,Fst_landraces_N,1,,
Zm00001eb234030,Zm00001eb234030,Fst_landraces_N,1,,
Zm00001eb019250,Zm00001eb019250,Fst_landraces_N,1,,
Zm00001eb137170,Zm00001eb137170,Fst_landraces_N,1,,
Zm00001eb399800,Zm00001eb399800,Fst_landraces_N,1,,
Zm00001eb009430,Zm00001eb009430,Fst_landraces_N,1,,
Zm00001eb288370,Zm00001eb288370,Fst_landraces_N,1,,
Zm00001eb339480,Zm00001eb339480,Fst_landraces_N,1,,
Zm00001eb054090,Zm00001eb054090,Fst_landraces_N,1,,
Zm00001eb090590,Zm00001eb090590,Fst_landraces_N,1,,
Zm00001eb361580,Zm00001eb361580,Fst_landraces_N,1,,
Zm00001eb302900,Zm00001eb302900,Fst_landraces_N,1,,
Zm00001eb151530,Zm00001eb151530,Fst_landraces_N,1,,
Zm00001eb054480,Zm00001eb054480,Fst_landraces_N,1,,
Zm00001eb043000,Zm00001eb043000,Fst_landraces_N,1,,
Zm00001eb417890,Zm00001eb417890,Fst_landraces_N,1,,
Zm00001eb120710,Zm00001eb120710,Fst_landraces_N,1,,
Zm00001eb152430,Zm00001eb152430,Fst_landraces_N,1,,
Zm00001eb355570,Zm00001eb355570,Fst_landraces_N,1,,
Zm00001eb117350,Zm00001eb117350,Fst_landraces_N,1,,
Zm00001eb380410,Zm00001eb380410,Fst_landraces_N,1,,
Zm00001eb273690,Zm00001eb273690,Fst_landraces_N,1,,
Zm00001eb091420,Zm00001eb091420,Fst_landraces_N,1,,
Zm00001eb182290,Zm00001eb182290,Fst_landraces_N,1,,
Zm00001eb165060,Zm00001eb165060,Fst_landraces_N,1,,
Zm00001eb104260,Zm00001eb104260,Fst_landraces_N,1,,
Zm00001eb110000,Zm00001eb110000,Fst_landraces_N,1,,
Zm00001eb303080,Zm00001eb303080,Fst_landraces_N,1,,
Zm00001eb338180,Zm00001eb338180,Fst_landraces_N,1,,
Zm00001eb338190,Zm00001eb338190,Fst_landraces_N,1,,
Zm00001eb233840,Zm00001eb233840,Fst_landraces_N,1,,
Zm00001eb050710,Zm00001eb050710,Fst_landraces_N,1,,
Zm00001eb403280,Zm00001eb403280,Fst_landraces_N,1,,
Zm00001eb155350,Zm00001eb155350,Fst_landraces_N,1,,
Zm00001eb378830,Zm00001eb378830,Fst_landraces_N,1,,
Zm00001eb238250,Zm00001eb238250,Fst_landraces_N,1,,
Zm00001eb352450,Zm00001eb352450,Fst_landraces_N,1,,
Zm00001eb310260,Zm00001eb310260,Fst_landraces_N,1,,
Zm00001eb151640,Zm00001eb151640,Fst_landraces_N,1,,
Zm00001eb048160,Zm00001eb048160,Fst_landraces_N,1,,
Zm00001eb036580,Zm00001eb036580,Fst_landraces_N,1,,
Zm00001eb128410,Zm00001eb128410,Fst_landraces_N,1,,
Zm00001eb200260,Zm00001eb200260,Fst_landraces_N,1,,
Zm00001eb284090,Zm00001eb284090,Fst_landraces_N,1,,
Zm00001eb264110,Zm00001eb264110,Fst_landraces_N,1,,
Zm00001eb081930,Zm00001eb081930,Fst_landraces_N,1,,
Zm00001eb135910,Zm00001eb135910,Fst_landraces_N,1,,
Zm00001eb313590,Zm00001eb313590,Fst_landraces_N,1,,
Zm00001eb231830,Zm00001eb231830,Fst_landraces_N,1,,
Zm00001eb250080,Zm00001eb250080,Fst_landraces_N,1,,
Zm00001eb382290,Zm00001eb382290,Fst_landraces_N,1,,
Zm00001eb232290,Zm00001eb232290,Fst_landraces_N,1,,
Zm00001eb430580,Zm00001eb430580,Fst_landraces_N,1,,
Zm00001eb270300,Zm00001eb270300,Fst_landraces_N,1,,
Zm00001eb086280,Zm00001eb086280,Fst_landraces_N,1,,
Zm00001eb086320,Zm00001eb086320,Fst_landraces_N,1,,
Zm00001eb426060,Zm00001eb426060,Fst_landraces_N,1,,
Zm00001eb284320,Zm00001eb284320,Fst_landraces_N,1,,
Zm00001eb204010,Zm00001eb204010,Fst_landraces_N,1,,
Zm00001eb040760,Zm00001eb040760,Fst_landraces_N,1,,
Zm00001eb254490,Zm00001eb254490,Fst_landraces_N,1,,
Zm00001eb300170,Zm00001eb300170,Fst_landraces_N,1,,
Zm00001eb098680,Zm00001eb098680,Fst_landraces_N,1,,
Zm00001eb329280,Zm00001eb329280,Fst_landraces_N,1,,
Zm00001eb269140,Zm00001eb269140,Fst_landraces_N,1,,
Zm00001eb381470,Zm00001eb381470,Fst_landraces_N,1,,
Zm00001eb286490,Zm00001eb286490,Fst_landraces_N,1,,
Zm00001eb204910,Zm00001eb204910,Fst_landraces_N,1,,
Zm00001eb346300,Zm00001eb346300,Fst_landraces_N,1,,
Zm00001eb232000,Zm00001eb232000,Fst_landraces_N,1,,
Zm00001eb426050,Zm00001eb426050,Fst_landraces_N,1,,
Zm00001eb031330,Zm00001eb031330,Fst_landraces_N,1,,
Zm00001eb149840,Zm00001eb149840,Fst_landraces_N,1,,
Zm00001eb140570,Zm00001eb140570,Fst_landraces_N,1,,
Zm00001eb028030,Zm00001eb028030,Fst_landraces_N,1,,
Zm00001eb417470,Zm00001eb417470,Fst_landraces_N,1,,
Zm00001eb054050,Zm00001eb054050,Fst_landraces_N,1,,
Zm00001eb235230,Zm00001eb235230,Fst_landraces_N,1,,
Zm00001eb425720,Zm00001eb425720,Fst_landraces_N,1,,
Zm00001eb136060,Zm00001eb136060,Fst_landraces_N,1,,
Zm00001eb240100,Zm00001eb240100,Fst_landraces_N,1,,
Zm00001eb274280,Zm00001eb274280,Fst_landraces_N,1,,
Zm00001eb108680,Zm00001eb108680,Fst_landraces_N,1,,
Zm00001eb295550,Zm00001eb295550,Fst_landraces_N,1,,
Zm00001eb174630,Zm00001eb174630,Fst_landraces_N,1,,
Zm00001eb281570,Zm00001eb281570,Fst_landraces_N,1,,
Zm00001eb198320,Zm00001eb198320,Fst_landraces_N,1,,
Zm00001eb314630,Zm00001eb314630,Fst_landraces_N,1,,
Zm00001eb121110,Zm00001eb121110,Fst_landraces_N,1,,
Zm00001eb132320,Zm00001eb132320,Fst_landraces_N,1,,
Zm00001eb389180,Zm00001eb389180,Fst_landraces_N,1,,
Zm00001eb029490,Zm00001eb029490,Fst_landraces_N,1,,
Zm00001eb224730,Zm00001eb224730,Fst_landraces_N,1,,
Zm00001eb126930,Zm00001eb126930,Fst_landraces_N,1,,
Zm00001eb231430,Zm00001eb231430,Fst_landraces_N,1,,
Zm00001eb035310,Zm00001eb035310,Fst_landraces_N,1,,
Zm00001eb015090,Zm00001eb015090,Fst_landraces_N,1,,
Zm00001eb093630,Zm00001eb093630,Fst_landraces_N,1,,
Zm00001eb037330,Zm00001eb037330,Fst_landraces_N,1,,
Zm00001eb160010,Zm00001eb160010,Fst_landraces_N,1,,
Zm00001eb364260,Zm00001eb364260,Fst_landraces_N,1,,
Zm00001eb232400,Zm00001eb232400,Fst_landraces_N,1,,
Zm00001eb087080,Zm00001eb087080,Fst_landraces_N,1,,
Zm00001eb250380,Zm00001eb250380,Fst_landraces_N,1,,
Zm00001eb070740,Zm00001eb070740,Fst_landraces_N,1,,
Zm00001eb314890,Zm00001eb314890,Fst_landraces_N,1,,
Zm00001eb152560,Zm00001eb152560,Fst_landraces_N,1,,
Zm00001eb047240,Zm00001eb047240,Fst_landraces_N,1,,
Zm00001eb026710,Zm00001eb026710,Fst_landraces_N,1,,
Zm00001eb029510,Zm00001eb029510,Fst_landraces_N,1,,
Zm00001eb248380,Zm00001eb248380,Fst_landraces_N,1,,
Zm00001eb002380,Zm00001eb002380,Fst_landraces_N,1,,
Zm00001eb138310,Zm00001eb138310,Fst_landraces_N,1,,
Zm00001eb362500,Zm00001eb362500,Fst_landraces_N,1,,
Zm00001eb233650,Zm00001eb233650,Fst_landraces_N,1,,
Zm00001eb190840,Zm00001eb190840,Fst_landraces_N,1,,
Zm00001eb151430,Zm00001eb151430,Fst_landraces_N,1,,
Zm00001eb022670,Zm00001eb022670,Fst_landraces_N,1,,
Zm00001eb055170,Zm00001eb055170,Fst_landraces_N,1,,
Zm00001eb126140,Zm00001eb126140,Fst_landraces_N,1,,
Zm00001eb159620,Zm00001eb159620,Fst_landraces_N,1,,
Zm00001eb082870,Zm00001eb082870,Fst_landraces_N,1,,
Zm00001eb346540,Zm00001eb346540,Fst_landraces_N,1,,
Zm00001eb289180,Zm00001eb289180,Fst_landraces_N,1,,
Zm00001eb050740,Zm00001eb050740,Fst_landraces_N,1,,
Zm00001eb241970,Zm00001eb241970,Fst_landraces_N,1,,
Zm00001eb363940,Zm00001eb363940,Fst_landraces_N,1,,
Zm00001eb249700,Zm00001eb249700,Fst_landraces_N,1,,
Zm00001eb397190,Zm00001eb397190,Fst_landraces_N,1,,
Zm00001eb071090,Zm00001eb071090,Fst_landraces_N,1,,
Zm00001eb205550,Zm00001eb205550,Fst_landraces_N,1,,
Zm00001eb042970,Zm00001eb042970,Fst_landraces_N,1,,
Zm00001eb033150,Zm00001eb033150,Fst_landraces_N,1,,
Zm00001eb211050,Zm00001eb211050,Fst_landraces_N,1,,
Zm00001eb415420,Zm00001eb415420,Fst_landraces_N,1,,
Zm00001eb105360,Zm00001eb105360,Fst_landraces_N,1,,
Zm00001eb266340,Zm00001eb266340,Fst_landraces_N,1,,
Zm00001eb358720,Zm00001eb358720,Fst_landraces_N,1,,
Zm00001eb023870,Zm00001eb023870,Fst_landraces_N,1,,
Zm00001eb425270,Zm00001eb425270,Fst_landraces_N,1,,
Zm00001eb127150,Zm00001eb127150,Fst_landraces_N,1,,
Zm00001eb419490,Zm00001eb419490,Fst_landraces_N,1,,
Zm00001eb349670,Zm00001eb349670,Fst_landraces_N,1,,
Zm00001eb022160,Zm00001eb022160,Fst_landraces_N,1,,
Zm00001eb360910,Zm00001eb360910,Fst_landraces_N,1,,
Zm00001eb152350,Zm00001eb152350,Fst_landraces_N,1,,
Zm00001eb156060,Zm00001eb156060,Fst_landraces_N,1,,
Zm00001eb433900,Zm00001eb433900,Fst_landraces_N,1,,
Zm00001eb224280,Zm00001eb224280,Fst_landraces_N,1,,
Zm00001eb346400,Zm00001eb346400,Fst_landraces_N,1,,
Zm00001eb365940,Zm00001eb365940,Fst_landraces_N,1,,
Zm00001eb065950,Zm00001eb065950,Fst_landraces_N,1,,
Zm00001eb009510,Zm00001eb009510,Fst_landraces_N,1,,
Zm00001eb231250,Zm00001eb231250,Fst_landraces_N,1,,
Zm00001eb085200,Zm00001eb085200,Fst_landraces_N,1,,
Zm00001eb138210,Zm00001eb138210,Fst_landraces_N,1,,
Zm00001eb143240,Zm00001eb143240,Fst_landraces_N,1,,
Zm00001eb201440,Zm00001eb201440,Fst_landraces_N,1,,
Zm00001eb411150,Zm00001eb411150,Fst_landraces_N,1,,
Zm00001eb126980,Zm00001eb126980,Fst_landraces_N,1,,
Zm00001eb250310,Zm00001eb250310,Fst_landraces_N,1,,
Zm00001eb133480,Zm00001eb133480,Fst_landraces_N,1,,
Zm00001eb152320,Zm00001eb152320,Fst_landraces_N,1,,
Zm00001eb415660,Zm00001eb415660,Fst_landraces_N,1,,
Zm00001eb211480,Zm00001eb211480,Fst_landraces_N,1,,
Zm00001eb093640,Zm00001eb093640,Fst_landraces_N,1,,
Zm00001eb104810,Zm00001eb104810,Fst_landraces_N,1,,
Zm00001eb073810,Zm00001eb073810,Fst_landraces_N,1,,
Zm00001eb048220,Zm00001eb048220,Fst_landraces_N,1,,
Zm00001eb399270,Zm00001eb399270,Fst_landraces_N,1,,
Zm00001eb357090,Zm00001eb357090,Fst_landraces_N,1,,
Zm00001eb052970,Zm00001eb052970,Fst_landraces_N,1,,
Zm00001eb033820,Zm00001eb033820,Fst_landraces_N,1,,
Zm00001eb128020,Zm00001eb128020,Fst_landraces_N,1,,
Zm00001eb346150,Zm00001eb346150,Fst_landraces_N,1,,
Zm00001eb151510,Zm00001eb151510,Fst_landraces_N,1,,
Zm00001eb407610,Zm00001eb407610,Fst_landraces_N,1,,
Zm00001eb269160,Zm00001eb269160,Fst_landraces_N,1,,
Zm00001eb411880,Zm00001eb411880,Fst_landraces_N,1,,
Zm00001eb418690,Zm00001eb418690,Fst_landraces_N,1,,
Zm00001eb233420,Zm00001eb233420,Fst_landraces_N,1,,
Zm00001eb388020,Zm00001eb388020,Fst_landraces_N,1,,
Zm00001eb082790,Zm00001eb082790,Fst_landraces_N,1,,
Zm00001eb108690,Zm00001eb108690,Fst_landraces_N,1,,
Zm00001eb128920,Zm00001eb128920,Fst_landraces_N,1,,
Zm00001eb411190,Zm00001eb411190,Fst_landraces_N,1,,
Zm00001eb128420,Zm00001eb128420,Fst_landraces_N,1,,
Zm00001eb082100,Zm00001eb082100,Fst_landraces_N,1,,
Zm00001eb086220,Zm00001eb086220,Fst_landraces_N,1,,
Zm00001eb308000,Zm00001eb308000,Fst_landraces_N,1,,
Zm00001eb129030,Zm00001eb129030,Fst_landraces_N,1,,
Zm00001eb098540,Zm00001eb098540,Fst_landraces_N,1,,
Zm00001eb414050,Zm00001eb414050,Fst_landraces_N,1,,
Zm00001eb364740,Zm00001eb364740,Fst_landraces_N,1,,
Zm00001eb006660,Zm00001eb006660,Fst_landraces_N,1,,
Zm00001eb140990,Zm00001eb140990,Fst_landraces_N,1,,
Zm00001eb145630,Zm00001eb145630,Fst_landraces_N,1,,
Zm00001eb233270,Zm00001eb233270,Fst_landraces_N,1,,
Zm00001eb154590,Zm00001eb154590,Fst_landraces_N,1,,
Zm00001eb095260,Zm00001eb095260,Fst_landraces_N,1,,
Zm00001eb287860,Zm00001eb287860,Fst_landraces_N,1,,
Zm00001eb173820,Zm00001eb173820,Fst_landraces_N,1,,
Zm00001eb414030,Zm00001eb414030,Fst_landraces_N,1,,
Zm00001eb087460,Zm00001eb087460,Fst_landraces_N,1,,
Zm00001eb385280,Zm00001eb385280,Fst_landraces_N,1,,
Zm00001eb394310,Zm00001eb394310,Fst_landraces_N,1,,
Zm00001eb346620,Zm00001eb346620,Fst_landraces_N,1,,
Zm00001eb340350,Zm00001eb340350,Fst_landraces_N,1,,
Zm00001eb166180,Zm00001eb166180,Fst_landraces_N,1,,
Zm00001eb139650,Zm00001eb139650,Fst_landraces_N,1,,
Zm00001eb045530,Zm00001eb045530,Fst_landraces_N,1,,
Zm00001eb394520,Zm00001eb394520,Fst_landraces_N,1,,
Zm00001eb360250,Zm00001eb360250,Fst_landraces_N,1,,
Zm00001eb355420,Zm00001eb355420,Fst_landraces_N,1,,
Zm00001eb150550,Zm00001eb150550,Fst_landraces_N,1,,
Zm00001eb012280,Zm00001eb012280,Fst_landraces_N,1,,
Zm00001eb174450,Zm00001eb174450,Fst_landraces_N,1,,
Zm00001eb014110,Zm00001eb014110,Fst_landraces_N,1,,
Zm00001eb159910,Zm00001eb159910,Fst_landraces_N,1,,
Zm00001eb105310,Zm00001eb105310,Fst_landraces_N,1,,
Zm00001eb342660,Zm00001eb342660,Fst_landraces_N,1,,
Zm00001eb244170,Zm00001eb244170,Fst_landraces_N,1,,
Zm00001eb005710,Zm00001eb005710,GWAS_GBS_landraces_N,1,,
Zm00001eb022740,Zm00001eb022740,GWAS_GBS_landraces_N,1,,
Zm00001eb030640,Zm00001eb030640,GWAS_GBS_landraces_N,1,,
Zm00001eb067810,Zm00001eb067810,GWAS_GBS_landraces_N,1,,
Zm00001eb075500,Zm00001eb075500,GWAS_GBS_landraces_N,1,,
Zm00001eb100890,Zm00001eb100890,GWAS_GBS_landraces_N,1,,
Zm00001eb100900,Zm00001eb100900,GWAS_GBS_landraces_N,1,,
Zm00001eb104820,Zm00001eb104820,GWAS_GBS_landraces_N,1,,
Zm00001eb105770,Zm00001eb105770,GWAS_GBS_landraces_N,1,,
Zm00001eb107580,Zm00001eb107580,GWAS_GBS_landraces_N,1,,
Zm00001eb107590,Zm00001eb107590,GWAS_GBS_landraces_N,1,,
Zm00001eb107620,Zm00001eb107620,GWAS_GBS_landraces_N,1,,
Zm00001eb115490,Zm00001eb115490,GWAS_GBS_landraces_N,1,,
Zm00001eb118100,Zm00001eb118100,GWAS_GBS_landraces_N,1,,
Zm00001eb152050,Zm00001eb152050,GWAS_GBS_landraces_N,1,,
Zm00001eb152160,Zm00001eb152160,GWAS_GBS_landraces_N,1,,
Zm00001eb152860,Zm00001eb152860,GWAS_GBS_landraces_N,1,,
Zm00001eb175980,Zm00001eb175980,GWAS_GBS_landraces_N,1,,
Zm00001eb220040,Zm00001eb220040,GWAS_GBS_landraces_N,1,,
Zm00001eb220050,Zm00001eb220050,GWAS_GBS_landraces_N,1,,
Zm00001eb250940,Zm00001eb250940,GWAS_GBS_landraces_N,1,,
Zm00001eb267640,Zm00001eb267640,GWAS_GBS_landraces_N,1,,
Zm00001eb276850,Zm00001eb276850,GWAS_GBS_landraces_N,1,,
Zm00001eb276860,Zm00001eb276860,GWAS_GBS_landraces_N,1,,
Zm00001eb289560,Zm00001eb289560,GWAS_GBS_landraces_N,1,,
Zm00001eb289570,Zm00001eb289570,GWAS_GBS_landraces_N,1,,
Zm00001eb289580,Zm00001eb289580,GWAS_GBS_landraces_N,1,,
Zm00001eb297110,Zm00001eb297110,GWAS_GBS_landraces_N,1,,
Zm00001eb297120,Zm00001eb297120,GWAS_GBS_landraces_N,1,,
Zm00001eb302190,Zm00001eb302190,GWAS_GBS_landraces_N,1,,
Zm00001eb314630,Zm00001eb314630,GWAS_GBS_landraces_N,1,,
Zm00001eb322600,Zm00001eb322600,GWAS_GBS_landraces_N,1,,
Zm00001eb323770,Zm00001eb323770,GWAS_GBS_landraces_N,1,,
Zm00001eb336450,Zm00001eb336450,GWAS_GBS_landraces_N,1,,
Zm00001eb336460,Zm00001eb336460,GWAS_GBS_landraces_N,1,,
Zm00001eb343460,Zm00001eb343460,GWAS_GBS_landraces_N,1,,
Zm00001eb358660,Zm00001eb358660,GWAS_GBS_landraces_N,1,,
Zm00001eb361900,Zm00001eb361900,GWAS_GBS_landraces_N,1,,
Zm00001eb373660,Zm00001eb373660,GWAS_GBS_landraces_N,1,,
Zm00001eb375450,Zm00001eb375450,GWAS_GBS_landraces_N,1,,
Zm00001eb393120,Zm00001eb393120,GWAS_GBS_landraces_N,1,,
Zm00001eb393130,Zm00001eb393130,GWAS_GBS_landraces_N,1,,
Zm00001eb399660,Zm00001eb399660,GWAS_GBS_landraces_N,1,,
Zm00001eb399680,Zm00001eb399680,GWAS_GBS_landraces_N,1,,
Zm00001eb421700,Zm00001eb421700,GWAS_GBS_landraces_N,1,,
Zm00001eb427190,Zm00001eb427190,GWAS_GBS_landraces_N,1,,
Zm00001eb427210,Zm00001eb427210,GWAS_GBS_landraces_N,1,,
Zm00001eb401330,Zm00001eb401330,GWAS_GBS_landraces_N,1,,
Zm00001eb401340,Zm00001eb401340,GWAS_GBS_landraces_N,1,,
Zm00001eb359990,Zm00001eb359990,GWAS_GBS_landraces_N,1,,
Zm00001eb399680,Zm00001eb399680,GWAS_PHG_landraces_N,1,,
Zm00001eb399660,Zm00001eb399660,GWAS_PHG_landraces_N,1,,
Zm00001eb421980,Zm00001eb421980,GWAS_PHG_landraces_N,1,,
Zm00001eb277480,Zm00001eb277480,GWAS_PHG_landraces_N,1,,
Zm00001eb054460,Zm00001eb054460,GWAS_PHG_landraces_N,1,,
Zm00001eb421930,Zm00001eb421930,GWAS_PHG_landraces_N,1,,
Zm00001eb373660,Zm00001eb373660,GWAS_PHG_landraces_N,1,,
Zm00001eb031250,Zm00001eb031250,GWAS_PHG_landraces_N,1,,
Zm00001eb277490,Zm00001eb277490,GWAS_PHG_landraces_N,1,,
Zm00001eb112760,Zm00001eb112760,GWAS_PHG_landraces_N,1,,
Zm00001eb199810,Zm00001eb199810,GWAS_PHG_landraces_N,1,,
Zm00001eb199820,Zm00001eb199820,GWAS_PHG_landraces_N,1,,
Zm00001eb421940,Zm00001eb421940,GWAS_PHG_landraces_N,1,,
Zm00001eb151450,Zm00001eb151450,GWAS_PHG_landraces_N,1,,
Zm00001eb199800,Zm00001eb199800,GWAS_PHG_landraces_N,1,,
Zm00001eb032340,Zm00001eb032340,GWAS_PHG_landraces_N,1,,
Zm00001eb201350,Zm00001eb201350,GWAS_PHG_landraces_N,1,,
Zm00001eb054470,Zm00001eb054470,GWAS_PHG_landraces_N,1,,
Zm00001eb355340,Zm00001eb355340,GWAS_PHG_landraces_N,1,,
Zm00001eb250330,Zm00001eb250330,GWAS_PHG_landraces_N,1,,
Zm00001eb201230,Zm00001eb201230,GWAS_PHG_landraces_N,1,,
Zm00001eb250480,Zm00001eb250480,GWAS_PHG_landraces_N,1,,
Zm00001eb418480,Zm00001eb418480,GWAS_PHG_landraces_N,1,,
Zm00001eb151440,Zm00001eb151440,GWAS_PHG_landraces_N,1,,
Zm00001eb384970,Zm00001eb384970,GWAS_PHG_landraces_N,1,,
Zm00001eb355300,Zm00001eb355300,GWAS_PHG_landraces_N,1,,
Zm00001eb151470,Zm00001eb151470,GWAS_PHG_landraces_N,1,,
Zm00001eb151480,Zm00001eb151480,GWAS_PHG_landraces_N,1,,
Zm00001eb127020,Zm00001eb127020,GWAS_PHG_landraces_N,1,,
Zm00001eb289030,Zm00001eb289030,GWAS_PHG_landraces_N,1,,
Zm00001eb418470,Zm00001eb418470,GWAS_PHG_landraces_N,1,,
Zm00001eb127010,Zm00001eb127010,GWAS_PHG_landraces_N,1,,
Zm00001eb031280,Zm00001eb031280,GWAS_PHG_landraces_N,1,,
Zm00001eb343670,Zm00001eb343670,GWAS_PHG_landraces_N,1,,
Zm00001eb202390,Zm00001eb202390,GWAS_PHG_landraces_N,1,,
Zm00001eb235240,Zm00001eb235240,GWAS_PHG_landraces_N,1,,
Zm00001eb418690,Zm00001eb418690,GWAS_PHG_landraces_N,1,,
Zm00001eb050340,Zm00001eb050340,GWAS_PHG_landraces_N,1,,
Zm00001eb379470,Zm00001eb379470,GWAS_PHG_landraces_N,1,,
Zm00001eb202370,Zm00001eb202370,GWAS_PHG_landraces_N,1,,
Zm00001eb151200,Zm00001eb151200,GWAS_PHG_landraces_N,1,,
Zm00001eb286890,Zm00001eb286890,GWAS_PHG_landraces_N,1,,
Zm00001eb019720,Zm00001eb019720,GWAS_PHG_landraces_N,1,,
Zm00001eb009130,Zm00001eb009130,GWAS_PHG_landraces_N,1,,
Zm00001eb130060,Zm00001eb130060,GWAS_PHG_landraces_N,1,,
Zm00001eb312740,Zm00001eb312740,GWAS_PHG_landraces_N,1,,
Zm00001eb181760,Zm00001eb181760,GWAS_PHG_landraces_N,1,,
Zm00001eb403750,Zm00001eb403750,GWAS_PHG_landraces_N,1,,
Zm00001eb137200,Zm00001eb137200,GWAS_PHG_landraces_N,1,,
Zm00001eb273940,Zm00001eb273940,GWAS_PHG_landraces_N,1,,
Zm00001eb014850,Zm00001eb014850,GWAS_PHG_landraces_N,1,,
Zm00001eb384950,Zm00001eb384950,GWAS_PHG_landraces_N,1,,
Zm00001eb235270,Zm00001eb235270,GWAS_PHG_landraces_N,1,,
Zm00001eb199160,Zm00001eb199160,GWAS_PHG_landraces_N,1,,
Zm00001eb130280,Zm00001eb130280,GWAS_PHG_landraces_N,1,,
Zm00001eb235230,Zm00001eb235230,GWAS_PHG_landraces_N,1,,
Zm00001eb031310,Zm00001eb031310,GWAS_PHG_landraces_N,1,,
Zm00001eb132380,Zm00001eb132380,GWAS_PHG_landraces_N,1,,
Zm00001eb002680,Zm00001eb002680,Fst_IC_stover,1,,
Zm00001eb002690,Zm00001eb002690,Fst_IC_stover,1,,
Zm00001eb002700,Zm00001eb002700,Fst_IC_stover,1,,
Zm00001eb002720,Zm00001eb002720,Fst_IC_stover,1,,
Zm00001eb008170,Zm00001eb008170,Fst_IC_stover,1,,
Zm00001eb017520,Zm00001eb017520,Fst_IC_stover,1,,
Zm00001eb020590,Zm00001eb020590,Fst_IC_stover,1,,
Zm00001eb020600,Zm00001eb020600,Fst_IC_stover,1,,
Zm00001eb020660,Zm00001eb020660,Fst_IC_stover,1,,
Zm00001eb040180,Zm00001eb040180,Fst_IC_stover,1,,
Zm00001eb040190,Zm00001eb040190,Fst_IC_stover,1,,
Zm00001eb071710,Zm00001eb071710,Fst_IC_stover,1,,
Zm00001eb071720,Zm00001eb071720,Fst_IC_stover,1,,
Zm00001eb074040,Zm00001eb074040,Fst_IC_stover,1,,
Zm00001eb074060,Zm00001eb074060,Fst_IC_stover,1,,
Zm00001eb074070,Zm00001eb074070,Fst_IC_stover,1,,
Zm00001eb074080,Zm00001eb074080,Fst_IC_stover,1,,
Zm00001eb074100,Zm00001eb074100,Fst_IC_stover,1,,
Zm00001eb074120,Zm00001eb074120,Fst_IC_stover,1,,
Zm00001eb074140,Zm00001eb074140,Fst_IC_stover,1,,
Zm00001eb074150,Zm00001eb074150,Fst_IC_stover,1,,
Zm00001eb074210,Zm00001eb074210,Fst_IC_stover,1,,
Zm00001eb074220,Zm00001eb074220,Fst_IC_stover,1,,
Zm00001eb074310,Zm00001eb074310,Fst_IC_stover,1,,
Zm00001eb084590,Zm00001eb084590,Fst_IC_stover,1,,
Zm00001eb086370,Zm00001eb086370,Fst_IC_stover,1,,
Zm00001eb091200,Zm00001eb091200,Fst_IC_stover,1,,
Zm00001eb091240,Zm00001eb091240,Fst_IC_stover,1,,
Zm00001eb091350,Zm00001eb091350,Fst_IC_stover,1,,
Zm00001eb091360,Zm00001eb091360,Fst_IC_stover,1,,
Zm00001eb091670,Zm00001eb091670,Fst_IC_stover,1,,
Zm00001eb094610,Zm00001eb094610,Fst_IC_stover,1,,
Zm00001eb098430,Zm00001eb098430,Fst_IC_stover,1,,
Zm00001eb098700,Zm00001eb098700,Fst_IC_stover,1,,
Zm00001eb098910,Zm00001eb098910,Fst_IC_stover,1,,
Zm00001eb098960,Zm00001eb098960,Fst_IC_stover,1,,
Zm00001eb099120,Zm00001eb099120,Fst_IC_stover,1,,
Zm00001eb099170,Zm00001eb099170,Fst_IC_stover,1,,
Zm00001eb099410,Zm00001eb099410,Fst_IC_stover,1,,
Zm00001eb099420,Zm00001eb099420,Fst_IC_stover,1,,
Zm00001eb099530,Zm00001eb099530,Fst_IC_stover,1,,
Zm00001eb100260,Zm00001eb100260,Fst_IC_stover,1,,
Zm00001eb100350,Zm00001eb100350,Fst_IC_stover,1,,
Zm00001eb101820,Zm00001eb101820,Fst_IC_stover,1,,
Zm00001eb101840,Zm00001eb101840,Fst_IC_stover,1,,
Zm00001eb101860,Zm00001eb101860,Fst_IC_stover,1,,
Zm00001eb102970,Zm00001eb102970,Fst_IC_stover,1,,
Zm00001eb111400,Zm00001eb111400,Fst_IC_stover,1,,
Zm00001eb125480,Zm00001eb125480,Fst_IC_stover,1,,
Zm00001eb135980,Zm00001eb135980,Fst_IC_stover,1,,
Zm00001eb137220,Zm00001eb137220,Fst_IC_stover,1,,
Zm00001eb138310,Zm00001eb138310,Fst_IC_stover,1,,
Zm00001eb138330,Zm00001eb138330,Fst_IC_stover,1,,
Zm00001eb141810,Zm00001eb141810,Fst_IC_stover,1,,
Zm00001eb141830,Zm00001eb141830,Fst_IC_stover,1,,
Zm00001eb145340,Zm00001eb145340,Fst_IC_stover,1,,
Zm00001eb145370,Zm00001eb145370,Fst_IC_stover,1,,
Zm00001eb145380,Zm00001eb145380,Fst_IC_stover,1,,
Zm00001eb145390,Zm00001eb145390,Fst_IC_stover,1,,
Zm00001eb145400,Zm00001eb145400,Fst_IC_stover,1,,
Zm00001eb150840,Zm00001eb150840,Fst_IC_stover,1,,
Zm00001eb150880,Zm00001eb150880,Fst_IC_stover,1,,
Zm00001eb150960,Zm00001eb150960,Fst_IC_stover,1,,
Zm00001eb151200,Zm00001eb151200,Fst_IC_stover,1,,
Zm00001eb151220,Zm00001eb151220,Fst_IC_stover,1,,
Zm00001eb151380,Zm00001eb151380,Fst_IC_stover,1,,
Zm00001eb151430,Zm00001eb151430,Fst_IC_stover,1,,
Zm00001eb151440,Zm00001eb151440,Fst_IC_stover,1,,
Zm00001eb156310,Zm00001eb156310,Fst_IC_stover,1,,
Zm00001eb156320,Zm00001eb156320,Fst_IC_stover,1,,
Zm00001eb156330,Zm00001eb156330,Fst_IC_stover,1,,
Zm00001eb156340,Zm00001eb156340,Fst_IC_stover,1,,
Zm00001eb162310,Zm00001eb162310,Fst_IC_stover,1,,
Zm00001eb162920,Zm00001eb162920,Fst_IC_stover,1,,
Zm00001eb162930,Zm00001eb162930,Fst_IC_stover,1,,
Zm00001eb162950,Zm00001eb162950,Fst_IC_stover,1,,
Zm00001eb168450,Zm00001eb168450,Fst_IC_stover,1,,
Zm00001eb168470,Zm00001eb168470,Fst_IC_stover,1,,
Zm00001eb168480,Zm00001eb168480,Fst_IC_stover,1,,
Zm00001eb168550,Zm00001eb168550,Fst_IC_stover,1,,
Zm00001eb168560,Zm00001eb168560,Fst_IC_stover,1,,
Zm00001eb168570,Zm00001eb168570,Fst_IC_stover,1,,
Zm00001eb173330,Zm00001eb173330,Fst_IC_stover,1,,
Zm00001eb173350,Zm00001eb173350,Fst_IC_stover,1,,
Zm00001eb173360,Zm00001eb173360,Fst_IC_stover,1,,
Zm00001eb173700,Zm00001eb173700,Fst_IC_stover,1,,
Zm00001eb173710,Zm00001eb173710,Fst_IC_stover,1,,
Zm00001eb173730,Zm00001eb173730,Fst_IC_stover,1,,
Zm00001eb173820,Zm00001eb173820,Fst_IC_stover,1,,
Zm00001eb173880,Zm00001eb173880,Fst_IC_stover,1,,
Zm00001eb173940,Zm00001eb173940,Fst_IC_stover,1,,
Zm00001eb174990,Zm00001eb174990,Fst_IC_stover,1,,
Zm00001eb176260,Zm00001eb176260,Fst_IC_stover,1,,
Zm00001eb176270,Zm00001eb176270,Fst_IC_stover,1,,
Zm00001eb176300,Zm00001eb176300,Fst_IC_stover,1,,
Zm00001eb176470,Zm00001eb176470,Fst_IC_stover,1,,
Zm00001eb177820,Zm00001eb177820,Fst_IC_stover,1,,
Zm00001eb177850,Zm00001eb177850,Fst_IC_stover,1,,
Zm00001eb177870,Zm00001eb177870,Fst_IC_stover,1,,
Zm00001eb177920,Zm00001eb177920,Fst_IC_stover,1,,
Zm00001eb177930,Zm00001eb177930,Fst_IC_stover,1,,
Zm00001eb178000,Zm00001eb178000,Fst_IC_stover,1,,
Zm00001eb178010,Zm00001eb178010,Fst_IC_stover,1,,
Zm00001eb178070,Zm00001eb178070,Fst_IC_stover,1,,
Zm00001eb178110,Zm00001eb178110,Fst_IC_stover,1,,
Zm00001eb178360,Zm00001eb178360,Fst_IC_stover,1,,
Zm00001eb178370,Zm00001eb178370,Fst_IC_stover,1,,
Zm00001eb178400,Zm00001eb178400,Fst_IC_stover,1,,
Zm00001eb178500,Zm00001eb178500,Fst_IC_stover,1,,
Zm00001eb178520,Zm00001eb178520,Fst_IC_stover,1,,
Zm00001eb178750,Zm00001eb178750,Fst_IC_stover,1,,
Zm00001eb179000,Zm00001eb179000,Fst_IC_stover,1,,
Zm00001eb179260,Zm00001eb179260,Fst_IC_stover,1,,
Zm00001eb179280,Zm00001eb179280,Fst_IC_stover,1,,
Zm00001eb179550,Zm00001eb179550,Fst_IC_stover,1,,
Zm00001eb182620,Zm00001eb182620,Fst_IC_stover,1,,
Zm00001eb182780,Zm00001eb182780,Fst_IC_stover,1,,
Zm00001eb183010,Zm00001eb183010,Fst_IC_stover,1,,
Zm00001eb183170,Zm00001eb183170,Fst_IC_stover,1,,
Zm00001eb183710,Zm00001eb183710,Fst_IC_stover,1,,
Zm00001eb183760,Zm00001eb183760,Fst_IC_stover,1,,
Zm00001eb183770,Zm00001eb183770,Fst_IC_stover,1,,
Zm00001eb184150,Zm00001eb184150,Fst_IC_stover,1,,
Zm00001eb184650,Zm00001eb184650,Fst_IC_stover,1,,
Zm00001eb184730,Zm00001eb184730,Fst_IC_stover,1,,
Zm00001eb186920,Zm00001eb186920,Fst_IC_stover,1,,
Zm00001eb187200,Zm00001eb187200,Fst_IC_stover,1,,
Zm00001eb189050,Zm00001eb189050,Fst_IC_stover,1,,
Zm00001eb201220,Zm00001eb201220,Fst_IC_stover,1,,
Zm00001eb201230,Zm00001eb201230,Fst_IC_stover,1,,
Zm00001eb201260,Zm00001eb201260,Fst_IC_stover,1,,
Zm00001eb201290,Zm00001eb201290,Fst_IC_stover,1,,
Zm00001eb202240,Zm00001eb202240,Fst_IC_stover,1,,
Zm00001eb202260,Zm00001eb202260,Fst_IC_stover,1,,
Zm00001eb203980,Zm00001eb203980,Fst_IC_stover,1,,
Zm00001eb203990,Zm00001eb203990,Fst_IC_stover,1,,
Zm00001eb204000,Zm00001eb204000,Fst_IC_stover,1,,
Zm00001eb204010,Zm00001eb204010,Fst_IC_stover,1,,
Zm00001eb204020,Zm00001eb204020,Fst_IC_stover,1,,
Zm00001eb204890,Zm00001eb204890,Fst_IC_stover,1,,
Zm00001eb204900,Zm00001eb204900,Fst_IC_stover,1,,
Zm00001eb205600,Zm00001eb205600,Fst_IC_stover,1,,
Zm00001eb205620,Zm00001eb205620,Fst_IC_stover,1,,
Zm00001eb206700,Zm00001eb206700,Fst_IC_stover,1,,
Zm00001eb206730,Zm00001eb206730,Fst_IC_stover,1,,
Zm00001eb206740,Zm00001eb206740,Fst_IC_stover,1,,
Zm00001eb206750,Zm00001eb206750,Fst_IC_stover,1,,
Zm00001eb206760,Zm00001eb206760,Fst_IC_stover,1,,
Zm00001eb215280,Zm00001eb215280,Fst_IC_stover,1,,
Zm00001eb225150,Zm00001eb225150,Fst_IC_stover,1,,
Zm00001eb225360,Zm00001eb225360,Fst_IC_stover,1,,
Zm00001eb225380,Zm00001eb225380,Fst_IC_stover,1,,
Zm00001eb270090,Zm00001eb270090,Fst_IC_stover,1,,
Zm00001eb271150,Zm00001eb271150,Fst_IC_stover,1,,
Zm00001eb280900,Zm00001eb280900,Fst_IC_stover,1,,
Zm00001eb287340,Zm00001eb287340,Fst_IC_stover,1,,
Zm00001eb332360,Zm00001eb332360,Fst_IC_stover,1,,
Zm00001eb332380,Zm00001eb332380,Fst_IC_stover,1,,
Zm00001eb332400,Zm00001eb332400,Fst_IC_stover,1,,
Zm00001eb332450,Zm00001eb332450,Fst_IC_stover,1,,
Zm00001eb335180,Zm00001eb335180,Fst_IC_stover,1,,
Zm00001eb335330,Zm00001eb335330,Fst_IC_stover,1,,
Zm00001eb335340,Zm00001eb335340,Fst_IC_stover,1,,
Zm00001eb335350,Zm00001eb335350,Fst_IC_stover,1,,
Zm00001eb337380,Zm00001eb337380,Fst_IC_stover,1,,
Zm00001eb352710,Zm00001eb352710,Fst_IC_stover,1,,
Zm00001eb354270,Zm00001eb354270,Fst_IC_stover,1,,
Zm00001eb354280,Zm00001eb354280,Fst_IC_stover,1,,
Zm00001eb354680,Zm00001eb354680,Fst_IC_stover,1,,
Zm00001eb355170,Zm00001eb355170,Fst_IC_stover,1,,
Zm00001eb356950,Zm00001eb356950,Fst_IC_stover,1,,
Zm00001eb367930,Zm00001eb367930,Fst_IC_stover,1,,
Zm00001eb367970,Zm00001eb367970,Fst_IC_stover,1,,
Zm00001eb369170,Zm00001eb369170,Fst_IC_stover,1,,
Zm00001eb369200,Zm00001eb369200,Fst_IC_stover,1,,
Zm00001eb369210,Zm00001eb369210,Fst_IC_stover,1,,
Zm00001eb369240,Zm00001eb369240,Fst_IC_stover,1,,
Zm00001eb369250,Zm00001eb369250,Fst_IC_stover,1,,
Zm00001eb369260,Zm00001eb369260,Fst_IC_stover,1,,
Zm00001eb369750,Zm00001eb369750,Fst_IC_stover,1,,
Zm00001eb369770,Zm00001eb369770,Fst_IC_stover,1,,
Zm00001eb369780,Zm00001eb369780,Fst_IC_stover,1,,
Zm00001eb373290,Zm00001eb373290,Fst_IC_stover,1,,
Zm00001eb373300,Zm00001eb373300,Fst_IC_stover,1,,
Zm00001eb373380,Zm00001eb373380,Fst_IC_stover,1,,
Zm00001eb373390,Zm00001eb373390,Fst_IC_stover,1,,
Zm00001eb374670,Zm00001eb374670,Fst_IC_stover,1,,
Zm00001eb380440,Zm00001eb380440,Fst_IC_stover,1,,
Zm00001eb380460,Zm00001eb380460,Fst_IC_stover,1,,
Zm00001eb380500,Zm00001eb380500,Fst_IC_stover,1,,
Zm00001eb380520,Zm00001eb380520,Fst_IC_stover,1,,
Zm00001eb380850,Zm00001eb380850,Fst_IC_stover,1,,
Zm00001eb381710,Zm00001eb381710,Fst_IC_stover,1,,
Zm00001eb381720,Zm00001eb381720,Fst_IC_stover,1,,
Zm00001eb384900,Zm00001eb384900,Fst_IC_stover,1,,
Zm00001eb385240,Zm00001eb385240,Fst_IC_stover,1,,
Zm00001eb385250,Zm00001eb385250,Fst_IC_stover,1,,
Zm00001eb386290,Zm00001eb386290,Fst_IC_stover,1,,
Zm00001eb387100,Zm00001eb387100,Fst_IC_stover,1,,
Zm00001eb387110,Zm00001eb387110,Fst_IC_stover,1,,
Zm00001eb387140,Zm00001eb387140,Fst_IC_stover,1,,
Zm00001eb387430,Zm00001eb387430,Fst_IC_stover,1,,
Zm00001eb387640,Zm00001eb387640,Fst_IC_stover,1,,
Zm00001eb387670,Zm00001eb387670,Fst_IC_stover,1,,
Zm00001eb389900,Zm00001eb389900,Fst_IC_stover,1,,
Zm00001eb396390,Zm00001eb396390,Fst_IC_stover,1,,
Zm00001eb397150,Zm00001eb397150,Fst_IC_stover,1,,
Zm00001eb397170,Zm00001eb397170,Fst_IC_stover,1,,
Zm00001eb397180,Zm00001eb397180,Fst_IC_stover,1,,
Zm00001eb397190,Zm00001eb397190,Fst_IC_stover,1,,
Zm00001eb397200,Zm00001eb397200,Fst_IC_stover,1,,
Zm00001eb397220,Zm00001eb397220,Fst_IC_stover,1,,
Zm00001eb397260,Zm00001eb397260,Fst_IC_stover,1,,
Zm00001eb397270,Zm00001eb397270,Fst_IC_stover,1,,
Zm00001eb397280,Zm00001eb397280,Fst_IC_stover,1,,
Zm00001eb397290,Zm00001eb397290,Fst_IC_stover,1,,
Zm00001eb397300,Zm00001eb397300,Fst_IC_stover,1,,
Zm00001eb397310,Zm00001eb397310,Fst_IC_stover,1,,
Zm00001eb397320,Zm00001eb397320,Fst_IC_stover,1,,
Zm00001eb397330,Zm00001eb397330,Fst_IC_stover,1,,
Zm00001eb404830,Zm00001eb404830,Fst_IC_stover,1,,
Zm00001eb404840,Zm00001eb404840,Fst_IC_stover,1,,
Zm00001eb404850,Zm00001eb404850,Fst_IC_stover,1,,
Zm00001eb404860,Zm00001eb404860,Fst_IC_stover,1,,
Zm00001eb404870,Zm00001eb404870,Fst_IC_stover,1,,
Zm00001eb404900,Zm00001eb404900,Fst_IC_stover,1,,
Zm00001eb408490,Zm00001eb408490,Fst_IC_stover,1,,
Zm00001eb408540,Zm00001eb408540,Fst_IC_stover,1,,
Zm00001eb409690,Zm00001eb409690,Fst_IC_stover,1,,
Zm00001eb411050,Zm00001eb411050,Fst_IC_stover,1,,
Zm00001eb411120,Zm00001eb411120,Fst_IC_stover,1,,
Zm00001eb411150,Zm00001eb411150,Fst_IC_stover,1,,
Zm00001eb413010,Zm00001eb413010,Fst_IC_stover,1,,
Zm00001eb414340,Zm00001eb414340,Fst_IC_stover,1,,
Zm00001eb414350,Zm00001eb414350,Fst_IC_stover,1,,
Zm00001eb414460,Zm00001eb414460,Fst_IC_stover,1,,
Zm00001eb414640,Zm00001eb414640,Fst_IC_stover,1,,
Zm00001eb414700,Zm00001eb414700,Fst_IC_stover,1,,
Zm00001eb414720,Zm00001eb414720,Fst_IC_stover,1,,
Zm00001eb414780,Zm00001eb414780,Fst_IC_stover,1,,
Zm00001eb414790,Zm00001eb414790,Fst_IC_stover,1,,
Zm00001eb414870,Zm00001eb414870,Fst_IC_stover,1,,
Zm00001eb415410,Zm00001eb415410,Fst_IC_stover,1,,
Zm00001eb415420,Zm00001eb415420,Fst_IC_stover,1,,
Zm00001eb417240,Zm00001eb417240,Fst_IC_stover,1,,
Zm00001eb417570,Zm00001eb417570,Fst_IC_stover,1,,
Zm00001eb424940,Zm00001eb424940,Fst_IC_stover,1,,
Zm00001eb424960,Zm00001eb424960,Fst_IC_stover,1,,
Zm00001eb424970,Zm00001eb424970,Fst_IC_stover,1,,
Zm00001eb425560,Zm00001eb425560,Fst_IC_stover,1,,
Zm00001eb425570,Zm00001eb425570,Fst_IC_stover,1,,
Zm00001eb425580,Zm00001eb425580,Fst_IC_stover,1,,
Zm00001eb001780,Zm00001eb001780,Fst_J_grain,1,,
Zm00001eb001810,Zm00001eb001810,Fst_J_grain,1,,
Zm00001eb001820,Zm00001eb001820,Fst_J_grain,1,,
Zm00001eb001830,Zm00001eb001830,Fst_J_grain,1,,
Zm00001eb001840,Zm00001eb001840,Fst_J_grain,1,,
Zm00001eb001860,Zm00001eb001860,Fst_J_grain,1,,
Zm00001eb001870,Zm00001eb001870,Fst_J_grain,1,,
Zm00001eb001880,Zm00001eb001880,Fst_J_grain,1,,
Zm00001eb001890,Zm00001eb001890,Fst_J_grain,1,,
Zm00001eb001900,Zm00001eb001900,Fst_J_grain,1,,
Zm00001eb001910,Zm00001eb001910,Fst_J_grain,1,,
Zm00001eb013020,Zm00001eb013020,Fst_J_grain,1,,
Zm00001eb013030,Zm00001eb013030,Fst_J_grain,1,,
Zm00001eb013040,Zm00001eb013040,Fst_J_grain,1,,
Zm00001eb016240,Zm00001eb016240,Fst_J_grain,1,,
Zm00001eb016270,Zm00001eb016270,Fst_J_grain,1,,
Zm00001eb016290,Zm00001eb016290,Fst_J_grain,1,,
Zm00001eb016320,Zm00001eb016320,Fst_J_grain,1,,
Zm00001eb016330,Zm00001eb016330,Fst_J_grain,1,,
Zm00001eb030050,Zm00001eb030050,Fst_J_grain,1,,
Zm00001eb035780,Zm00001eb035780,Fst_J_grain,1,,
Zm00001eb048090,Zm00001eb048090,Fst_J_grain,1,,
Zm00001eb048110,Zm00001eb048110,Fst_J_grain,1,,
Zm00001eb048120,Zm00001eb048120,Fst_J_grain,1,,
Zm00001eb071860,Zm00001eb071860,Fst_J_grain,1,,
Zm00001eb071870,Zm00001eb071870,Fst_J_grain,1,,
Zm00001eb071890,Zm00001eb071890,Fst_J_grain,1,,
Zm00001eb081190,Zm00001eb081190,Fst_J_grain,1,,
Zm00001eb081200,Zm00001eb081200,Fst_J_grain,1,,
Zm00001eb084690,Zm00001eb084690,Fst_J_grain,1,,
Zm00001eb085430,Zm00001eb085430,Fst_J_grain,1,,
Zm00001eb085440,Zm00001eb085440,Fst_J_grain,1,,
Zm00001eb094580,Zm00001eb094580,Fst_J_grain,1,,
Zm00001eb094730,Zm00001eb094730,Fst_J_grain,1,,
Zm00001eb113530,Zm00001eb113530,Fst_J_grain,1,,
Zm00001eb113580,Zm00001eb113580,Fst_J_grain,1,,
Zm00001eb114020,Zm00001eb114020,Fst_J_grain,1,,
Zm00001eb114030,Zm00001eb114030,Fst_J_grain,1,,
Zm00001eb120410,Zm00001eb120410,Fst_J_grain,1,,
Zm00001eb120430,Zm00001eb120430,Fst_J_grain,1,,
Zm00001eb120460,Zm00001eb120460,Fst_J_grain,1,,
Zm00001eb120470,Zm00001eb120470,Fst_J_grain,1,,
Zm00001eb120750,Zm00001eb120750,Fst_J_grain,1,,
Zm00001eb127280,Zm00001eb127280,Fst_J_grain,1,,
Zm00001eb127300,Zm00001eb127300,Fst_J_grain,1,,
Zm00001eb127310,Zm00001eb127310,Fst_J_grain,1,,
Zm00001eb127340,Zm00001eb127340,Fst_J_grain,1,,
Zm00001eb127670,Zm00001eb127670,Fst_J_grain,1,,
Zm00001eb127680,Zm00001eb127680,Fst_J_grain,1,,
Zm00001eb127760,Zm00001eb127760,Fst_J_grain,1,,
Zm00001eb127770,Zm00001eb127770,Fst_J_grain,1,,
Zm00001eb127790,Zm00001eb127790,Fst_J_grain,1,,
Zm00001eb127970,Zm00001eb127970,Fst_J_grain,1,,
Zm00001eb127990,Zm00001eb127990,Fst_J_grain,1,,
Zm00001eb128190,Zm00001eb128190,Fst_J_grain,1,,
Zm00001eb128200,Zm00001eb128200,Fst_J_grain,1,,
Zm00001eb128210,Zm00001eb128210,Fst_J_grain,1,,
Zm00001eb128590,Zm00001eb128590,Fst_J_grain,1,,
Zm00001eb128730,Zm00001eb128730,Fst_J_grain,1,,
Zm00001eb128780,Zm00001eb128780,Fst_J_grain,1,,
Zm00001eb128810,Zm00001eb128810,Fst_J_grain,1,,
Zm00001eb128830,Zm00001eb128830,Fst_J_grain,1,,
Zm00001eb128880,Zm00001eb128880,Fst_J_grain,1,,
Zm00001eb128890,Zm00001eb128890,Fst_J_grain,1,,
Zm00001eb128910,Zm00001eb128910,Fst_J_grain,1,,
Zm00001eb128920,Zm00001eb128920,Fst_J_grain,1,,
Zm00001eb129100,Zm00001eb129100,Fst_J_grain,1,,
Zm00001eb129230,Zm00001eb129230,Fst_J_grain,1,,
Zm00001eb129280,Zm00001eb129280,Fst_J_grain,1,,
Zm00001eb129320,Zm00001eb129320,Fst_J_grain,1,,
Zm00001eb129360,Zm00001eb129360,Fst_J_grain,1,,
Zm00001eb129440,Zm00001eb129440,Fst_J_grain,1,,
Zm00001eb129570,Zm00001eb129570,Fst_J_grain,1,,
Zm00001eb129690,Zm00001eb129690,Fst_J_grain,1,,
Zm00001eb130280,Zm00001eb130280,Fst_J_grain,1,,
Zm00001eb130300,Zm00001eb130300,Fst_J_grain,1,,
Zm00001eb130580,Zm00001eb130580,Fst_J_grain,1,,
Zm00001eb130600,Zm00001eb130600,Fst_J_grain,1,,
Zm00001eb130610,Zm00001eb130610,Fst_J_grain,1,,
Zm00001eb130620,Zm00001eb130620,Fst_J_grain,1,,
Zm00001eb131280,Zm00001eb131280,Fst_J_grain,1,,
Zm00001eb131310,Zm00001eb131310,Fst_J_grain,1,,
Zm00001eb131320,Zm00001eb131320,Fst_J_grain,1,,
Zm00001eb131430,Zm00001eb131430,Fst_J_grain,1,,
Zm00001eb131440,Zm00001eb131440,Fst_J_grain,1,,
Zm00001eb131710,Zm00001eb131710,Fst_J_grain,1,,
Zm00001eb131760,Zm00001eb131760,Fst_J_grain,1,,
Zm00001eb131840,Zm00001eb131840,Fst_J_grain,1,,
Zm00001eb133680,Zm00001eb133680,Fst_J_grain,1,,
Zm00001eb135920,Zm00001eb135920,Fst_J_grain,1,,
Zm00001eb135930,Zm00001eb135930,Fst_J_grain,1,,
Zm00001eb135940,Zm00001eb135940,Fst_J_grain,1,,
Zm00001eb137220,Zm00001eb137220,Fst_J_grain,1,,
Zm00001eb138290,Zm00001eb138290,Fst_J_grain,1,,
Zm00001eb138300,Zm00001eb138300,Fst_J_grain,1,,
Zm00001eb138310,Zm00001eb138310,Fst_J_grain,1,,
Zm00001eb138370,Zm00001eb138370,Fst_J_grain,1,,
Zm00001eb138460,Zm00001eb138460,Fst_J_grain,1,,
Zm00001eb139500,Zm00001eb139500,Fst_J_grain,1,,
Zm00001eb141500,Zm00001eb141500,Fst_J_grain,1,,
Zm00001eb142350,Zm00001eb142350,Fst_J_grain,1,,
Zm00001eb142370,Zm00001eb142370,Fst_J_grain,1,,
Zm00001eb142400,Zm00001eb142400,Fst_J_grain,1,,
Zm00001eb142740,Zm00001eb142740,Fst_J_grain,1,,
Zm00001eb145810,Zm00001eb145810,Fst_J_grain,1,,
Zm00001eb146230,Zm00001eb146230,Fst_J_grain,1,,
Zm00001eb146250,Zm00001eb146250,Fst_J_grain,1,,
Zm00001eb146520,Zm00001eb146520,Fst_J_grain,1,,
Zm00001eb146550,Zm00001eb146550,Fst_J_grain,1,,
Zm00001eb146560,Zm00001eb146560,Fst_J_grain,1,,
Zm00001eb146610,Zm00001eb146610,Fst_J_grain,1,,
Zm00001eb146650,Zm00001eb146650,Fst_J_grain,1,,
Zm00001eb146660,Zm00001eb146660,Fst_J_grain,1,,
Zm00001eb146670,Zm00001eb146670,Fst_J_grain,1,,
Zm00001eb146680,Zm00001eb146680,Fst_J_grain,1,,
Zm00001eb146690,Zm00001eb146690,Fst_J_grain,1,,
Zm00001eb146700,Zm00001eb146700,Fst_J_grain,1,,
Zm00001eb146720,Zm00001eb146720,Fst_J_grain,1,,
Zm00001eb152350,Zm00001eb152350,Fst_J_grain,1,,
Zm00001eb152360,Zm00001eb152360,Fst_J_grain,1,,
Zm00001eb155940,Zm00001eb155940,Fst_J_grain,1,,
Zm00001eb177820,Zm00001eb177820,Fst_J_grain,1,,
Zm00001eb211790,Zm00001eb211790,Fst_J_grain,1,,
Zm00001eb218090,Zm00001eb218090,Fst_J_grain,1,,
Zm00001eb218390,Zm00001eb218390,Fst_J_grain,1,,
Zm00001eb218400,Zm00001eb218400,Fst_J_grain,1,,
Zm00001eb218410,Zm00001eb218410,Fst_J_grain,1,,
Zm00001eb225060,Zm00001eb225060,Fst_J_grain,1,,
Zm00001eb231610,Zm00001eb231610,Fst_J_grain,1,,
Zm00001eb232020,Zm00001eb232020,Fst_J_grain,1,,
Zm00001eb232250,Zm00001eb232250,Fst_J_grain,1,,
Zm00001eb232260,Zm00001eb232260,Fst_J_grain,1,,
Zm00001eb232290,Zm00001eb232290,Fst_J_grain,1,,
Zm00001eb236840,Zm00001eb236840,Fst_J_grain,1,,
Zm00001eb237210,Zm00001eb237210,Fst_J_grain,1,,
Zm00001eb237220,Zm00001eb237220,Fst_J_grain,1,,
Zm00001eb237230,Zm00001eb237230,Fst_J_grain,1,,
Zm00001eb237240,Zm00001eb237240,Fst_J_grain,1,,
Zm00001eb237570,Zm00001eb237570,Fst_J_grain,1,,
Zm00001eb237580,Zm00001eb237580,Fst_J_grain,1,,
Zm00001eb241860,Zm00001eb241860,Fst_J_grain,1,,
Zm00001eb241880,Zm00001eb241880,Fst_J_grain,1,,
Zm00001eb242360,Zm00001eb242360,Fst_J_grain,1,,
Zm00001eb242380,Zm00001eb242380,Fst_J_grain,1,,
Zm00001eb243130,Zm00001eb243130,Fst_J_grain,1,,
Zm00001eb243140,Zm00001eb243140,Fst_J_grain,1,,
Zm00001eb243180,Zm00001eb243180,Fst_J_grain,1,,
Zm00001eb243190,Zm00001eb243190,Fst_J_grain,1,,
Zm00001eb244150,Zm00001eb244150,Fst_J_grain,1,,
Zm00001eb244170,Zm00001eb244170,Fst_J_grain,1,,
Zm00001eb244180,Zm00001eb244180,Fst_J_grain,1,,
Zm00001eb244510,Zm00001eb244510,Fst_J_grain,1,,
Zm00001eb244520,Zm00001eb244520,Fst_J_grain,1,,
Zm00001eb244530,Zm00001eb244530,Fst_J_grain,1,,
Zm00001eb244540,Zm00001eb244540,Fst_J_grain,1,,
Zm00001eb244550,Zm00001eb244550,Fst_J_grain,1,,
Zm00001eb244560,Zm00001eb244560,Fst_J_grain,1,,
Zm00001eb244570,Zm00001eb244570,Fst_J_grain,1,,
Zm00001eb244590,Zm00001eb244590,Fst_J_grain,1,,
Zm00001eb245930,Zm00001eb245930,Fst_J_grain,1,,
Zm00001eb245950,Zm00001eb245950,Fst_J_grain,1,,
Zm00001eb245960,Zm00001eb245960,Fst_J_grain,1,,
Zm00001eb245970,Zm00001eb245970,Fst_J_grain,1,,
Zm00001eb252850,Zm00001eb252850,Fst_J_grain,1,,
Zm00001eb252860,Zm00001eb252860,Fst_J_grain,1,,
Zm00001eb252870,Zm00001eb252870,Fst_J_grain,1,,
Zm00001eb259210,Zm00001eb259210,Fst_J_grain,1,,
Zm00001eb259220,Zm00001eb259220,Fst_J_grain,1,,
Zm00001eb259230,Zm00001eb259230,Fst_J_grain,1,,
Zm00001eb270090,Zm00001eb270090,Fst_J_grain,1,,
Zm00001eb276490,Zm00001eb276490,Fst_J_grain,1,,
Zm00001eb286400,Zm00001eb286400,Fst_J_grain,1,,
Zm00001eb374350,Zm00001eb374350,Fst_J_grain,1,,
Zm00001eb374410,Zm00001eb374410,Fst_J_grain,1,,
Zm00001eb379910,Zm00001eb379910,Fst_J_grain,1,,
Zm00001eb379920,Zm00001eb379920,Fst_J_grain,1,,
Zm00001eb380260,Zm00001eb380260,Fst_J_grain,1,,
Zm00001eb381210,Zm00001eb381210,Fst_J_grain,1,,
Zm00001eb381630,Zm00001eb381630,Fst_J_grain,1,,
Zm00001eb381660,Zm00001eb381660,Fst_J_grain,1,,
Zm00001eb381670,Zm00001eb381670,Fst_J_grain,1,,
Zm00001eb382400,Zm00001eb382400,Fst_J_grain,1,,
Zm00001eb382430,Zm00001eb382430,Fst_J_grain,1,,
Zm00001eb382460,Zm00001eb382460,Fst_J_grain,1,,
Zm00001eb382480,Zm00001eb382480,Fst_J_grain,1,,
Zm00001eb383120,Zm00001eb383120,Fst_J_grain,1,,
Zm00001eb383160,Zm00001eb383160,Fst_J_grain,1,,
Zm00001eb383800,Zm00001eb383800,Fst_J_grain,1,,
Zm00001eb383930,Zm00001eb383930,Fst_J_grain,1,,
Zm00001eb384620,Zm00001eb384620,Fst_J_grain,1,,
Zm00001eb385310,Zm00001eb385310,Fst_J_grain,1,,
Zm00001eb386150,Zm00001eb386150,Fst_J_grain,1,,
Zm00001eb386410,Zm00001eb386410,Fst_J_grain,1,,
Zm00001eb387040,Zm00001eb387040,Fst_J_grain,1,,
Zm00001eb388180,Zm00001eb388180,Fst_J_grain,1,,
Zm00001eb388990,Zm00001eb388990,Fst_J_grain,1,,
Zm00001eb389050,Zm00001eb389050,Fst_J_grain,1,,
Zm00001eb391130,Zm00001eb391130,Fst_J_grain,1,,
Zm00001eb391140,Zm00001eb391140,Fst_J_grain,1,,
Zm00001eb398380,Zm00001eb398380,Fst_J_grain,1,,
Zm00001eb398400,Zm00001eb398400,Fst_J_grain,1,,
Zm00001eb398420,Zm00001eb398420,Fst_J_grain,1,,
Zm00001eb400730,Zm00001eb400730,Fst_J_grain,1,,
Zm00001eb400750,Zm00001eb400750,Fst_J_grain,1,,
Zm00001eb400760,Zm00001eb400760,Fst_J_grain,1,,
Zm00001eb403670,Zm00001eb403670,Fst_J_grain,1,,
Zm00001eb403680,Zm00001eb403680,Fst_J_grain,1,,
Zm00001eb403710,Zm00001eb403710,Fst_J_grain,1,,
Zm00001eb403720,Zm00001eb403720,Fst_J_grain,1,,
Zm00001eb403730,Zm00001eb403730,Fst_J_grain,1,,
Zm00001eb403740,Zm00001eb403740,Fst_J_grain,1,,
Zm00001eb403750,Zm00001eb403750,Fst_J_grain,1,,
Zm00001eb403780,Zm00001eb403780,Fst_J_grain,1,,
Zm00001eb403790,Zm00001eb403790,Fst_J_grain,1,,
Zm00001eb403820,Zm00001eb403820,Fst_J_grain,1,,
Zm00001eb403830,Zm00001eb403830,Fst_J_grain,1,,
Zm00001eb403910,Zm00001eb403910,Fst_J_grain,1,,
Zm00001eb403920,Zm00001eb403920,Fst_J_grain,1,,
Zm00001eb408630,Zm00001eb408630,Fst_J_grain,1,,
Zm00001eb413300,Zm00001eb413300,Fst_J_grain,1,,
Zm00001eb421170,Zm00001eb421170,Fst_J_grain,1,,
Zm00001eb421500,Zm00001eb421500,Fst_J_grain,1,,
Zm00001eb421860,Zm00001eb421860,Fst_J_grain,1,,
Zm00001eb423070,Zm00001eb423070,Fst_J_grain,1,,
Zm00001eb423470,Zm00001eb423470,Fst_J_grain,1,,
Zm00001eb428370,Zm00001eb428370,Fst_J_grain,1,,
Zm00001eb428410,Zm00001eb428410,Fst_J_grain,1,,
Zm00001eb018360,Zm00001eb018360,GWAS_Asp_Goodman,1,,
Zm00001eb018380,Zm00001eb018380,GWAS_Asp_Goodman,1,,
Zm00001eb018430,Zm00001eb018430,GWAS_Asp_Goodman,1,,
Zm00001eb041890,Zm00001eb041890,GWAS_Asp_Goodman,1,,
Zm00001eb041900,Zm00001eb041900,GWAS_Asp_Goodman,1,,
Zm00001eb021820,Zm00001eb021820,GWAS_Asp_Goodman,1,,
Zm00001eb021830,Zm00001eb021830,GWAS_Asp_Goodman,1,,
Zm00001eb006570,Zm00001eb006570,GWAS_Asp_Goodman,1,,
Zm00001eb027670,Zm00001eb027670,GWAS_Asp_Goodman,1,,
Zm00001eb015720,Zm00001eb015720,GWAS_Asp_Goodman,1,,
Zm00001eb015750,Zm00001eb015750,GWAS_Asp_Goodman,1,,
Zm00001eb001070,Zm00001eb001070,GWAS_Asp_Goodman,1,,
Zm00001eb001110,Zm00001eb001110,GWAS_Asp_Goodman,1,,
Zm00001eb031360,Zm00001eb031360,GWAS_Asp_Goodman,1,,
Zm00001eb027340,Zm00001eb027340,GWAS_Asp_Goodman,1,,
Zm00001eb028280,Zm00001eb028280,GWAS_Asp_Goodman,1,,
Zm00001eb000780,Zm00001eb000780,GWAS_Asp_Goodman,1,,
Zm00001eb000790,Zm00001eb000790,GWAS_Asp_Goodman,1,,
Zm00001eb000800,Zm00001eb000800,GWAS_Asp_Goodman,1,,
Zm00001eb000820,Zm00001eb000820,GWAS_Asp_Goodman,1,,
Zm00001eb000830,Zm00001eb000830,GWAS_Asp_Goodman,1,,
Zm00001eb000850,Zm00001eb000850,GWAS_Asp_Goodman,1,,
Zm00001eb000860,Zm00001eb000860,GWAS_Asp_Goodman,1,,
Zm00001eb000870,Zm00001eb000870,GWAS_Asp_Goodman,1,,
Zm00001eb030090,Zm00001eb030090,GWAS_Asp_Goodman,1,,
Zm00001eb002440,Zm00001eb002440,GWAS_Asp_Goodman,1,,
Zm00001eb002450,Zm00001eb002450,GWAS_Asp_Goodman,1,,
Zm00001eb002460,Zm00001eb002460,GWAS_Asp_Goodman,1,,
Zm00001eb022650,Zm00001eb022650,GWAS_Asp_Goodman,1,,
Zm00001eb022660,Zm00001eb022660,GWAS_Asp_Goodman,1,,
Zm00001eb003670,Zm00001eb003670,GWAS_Asp_Goodman,1,,
Zm00001eb003690,Zm00001eb003690,GWAS_Asp_Goodman,1,,
Zm00001eb003730,Zm00001eb003730,GWAS_Asp_Goodman,1,,
Zm00001eb032600,Zm00001eb032600,GWAS_Asp_Goodman,1,,
Zm00001eb009730,Zm00001eb009730,GWAS_Asp_Goodman,1,,
Zm00001eb012610,Zm00001eb012610,GWAS_Asp_Goodman,1,,
Zm00001eb012660,Zm00001eb012660,GWAS_Asp_Goodman,1,,
Zm00001eb031790,Zm00001eb031790,GWAS_Asp_Goodman,1,,
Zm00001eb031800,Zm00001eb031800,GWAS_Asp_Goodman,1,,
Zm00001eb031810,Zm00001eb031810,GWAS_Asp_Goodman,1,,
Zm00001eb002480,Zm00001eb002480,GWAS_Asp_Goodman,1,,
Zm00001eb002490,Zm00001eb002490,GWAS_Asp_Goodman,1,,
Zm00001eb002510,Zm00001eb002510,GWAS_Asp_Goodman,1,,
Zm00001eb002520,Zm00001eb002520,GWAS_Asp_Goodman,1,,
Zm00001eb002530,Zm00001eb002530,GWAS_Asp_Goodman,1,,
Zm00001eb028110,Zm00001eb028110,GWAS_Asp_Goodman,1,,
Zm00001eb008160,Zm00001eb008160,GWAS_Asp_Goodman,1,,
Zm00001eb008170,Zm00001eb008170,GWAS_Asp_Goodman,1,,
Zm00001eb031330,Zm00001eb031330,GWAS_Asp_Goodman,1,,
Zm00001eb031340,Zm00001eb031340,GWAS_Asp_Goodman,1,,
Zm00001eb026300,Zm00001eb026300,GWAS_Asp_Goodman,1,,
Zm00001eb036020,Zm00001eb036020,GWAS_Asp_Goodman,1,,
Zm00001eb019460,Zm00001eb019460,GWAS_Asp_Goodman,1,,
Zm00001eb019470,Zm00001eb019470,GWAS_Asp_Goodman,1,,
Zm00001eb035700,Zm00001eb035700,GWAS_Asp_Goodman,1,,
Zm00001eb008310,Zm00001eb008310,GWAS_Asp_Goodman,1,,
Zm00001eb022360,Zm00001eb022360,GWAS_Asp_Goodman,1,,
Zm00001eb022400,Zm00001eb022400,GWAS_Asp_Goodman,1,,
Zm00001eb020590,Zm00001eb020590,GWAS_Asp_Goodman,1,,
Zm00001eb020600,Zm00001eb020600,GWAS_Asp_Goodman,1,,
Zm00001eb027790,Zm00001eb027790,GWAS_Asp_Goodman,1,,
Zm00001eb027800,Zm00001eb027800,GWAS_Asp_Goodman,1,,
Zm00001eb012980,Zm00001eb012980,GWAS_Asp_Goodman,1,,
Zm00001eb013000,Zm00001eb013000,GWAS_Asp_Goodman,1,,
Zm00001eb004320,Zm00001eb004320,GWAS_Asp_Goodman,1,,
Zm00001eb004340,Zm00001eb004340,GWAS_Asp_Goodman,1,,
Zm00001eb004370,Zm00001eb004370,GWAS_Asp_Goodman,1,,
Zm00001eb004390,Zm00001eb004390,GWAS_Asp_Goodman,1,,
Zm00001eb004400,Zm00001eb004400,GWAS_Asp_Goodman,1,,
Zm00001eb004410,Zm00001eb004410,GWAS_Asp_Goodman,1,,
Zm00001eb004420,Zm00001eb004420,GWAS_Asp_Goodman,1,,
Zm00001eb019830,Zm00001eb019830,GWAS_Asp_Goodman,1,,
Zm00001eb041220,Zm00001eb041220,GWAS_Asp_Goodman,1,,
Zm00001eb041230,Zm00001eb041230,GWAS_Asp_Goodman,1,,
Zm00001eb041240,Zm00001eb041240,GWAS_Asp_Goodman,1,,
Zm00001eb044780,Zm00001eb044780,GWAS_Asp_Goodman,1,,
Zm00001eb044790,Zm00001eb044790,GWAS_Asp_Goodman,1,,
Zm00001eb044800,Zm00001eb044800,GWAS_Asp_Goodman,1,,
Zm00001eb030970,Zm00001eb030970,GWAS_Asp_Goodman,1,,
Zm00001eb030980,Zm00001eb030980,GWAS_Asp_Goodman,1,,
Zm00001eb000340,Zm00001eb000340,GWAS_Asp_Goodman,1,,
Zm00001eb011800,Zm00001eb011800,GWAS_Asp_Goodman,1,,
Zm00001eb011810,Zm00001eb011810,GWAS_Asp_Goodman,1,,
Zm00001eb011820,Zm00001eb011820,GWAS_Asp_Goodman,1,,
Zm00001eb021390,Zm00001eb021390,GWAS_Asp_Goodman,1,,
Zm00001eb010230,Zm00001eb010230,GWAS_Asp_Goodman,1,,
Zm00001eb010240,Zm00001eb010240,GWAS_Asp_Goodman,1,,
Zm00001eb010280,Zm00001eb010280,GWAS_Asp_Goodman,1,,
Zm00001eb022160,Zm00001eb022160,GWAS_Asp_Goodman,1,,
Zm00001eb047560,Zm00001eb047560,GWAS_Asp_Goodman,1,,
Zm00001eb047580,Zm00001eb047580,GWAS_Asp_Goodman,1,,
Zm00001eb028020,Zm00001eb028020,GWAS_Asp_Goodman,1,,
Zm00001eb006830,Zm00001eb006830,GWAS_Asp_Goodman,1,,
Zm00001eb006870,Zm00001eb006870,GWAS_Asp_Goodman,1,,
Zm00001eb003360,Zm00001eb003360,GWAS_Asp_Goodman,1,,
Zm00001eb003420,Zm00001eb003420,GWAS_Asp_Goodman,1,,
Zm00001eb003440,Zm00001eb003440,GWAS_Asp_Goodman,1,,
Zm00001eb003450,Zm00001eb003450,GWAS_Asp_Goodman,1,,
Zm00001eb002100,Zm00001eb002100,GWAS_Asp_Goodman,1,,
Zm00001eb002170,Zm00001eb002170,GWAS_Asp_Goodman,1,,
Zm00001eb002180,Zm00001eb002180,GWAS_Asp_Goodman,1,,
Zm00001eb002190,Zm00001eb002190,GWAS_Asp_Goodman,1,,
Zm00001eb027590,Zm00001eb027590,GWAS_Asp_Goodman,1,,
Zm00001eb034290,Zm00001eb034290,GWAS_Asp_Goodman,1,,
Zm00001eb039000,Zm00001eb039000,GWAS_Asp_Goodman,1,,
Zm00001eb031300,Zm00001eb031300,GWAS_Asp_Goodman,1,,
Zm00001eb031310,Zm00001eb031310,GWAS_Asp_Goodman,1,,
Zm00001eb024330,Zm00001eb024330,GWAS_Asp_Goodman,1,,
Zm00001eb032160,Zm00001eb032160,GWAS_Asp_Goodman,1,,
Zm00001eb022860,Zm00001eb022860,GWAS_Asp_Goodman,1,,
Zm00001eb010770,Zm00001eb010770,GWAS_Asp_Goodman,1,,
Zm00001eb003960,Zm00001eb003960,GWAS_Asp_Goodman,1,,
Zm00001eb004020,Zm00001eb004020,GWAS_Asp_Goodman,1,,
Zm00001eb004030,Zm00001eb004030,GWAS_Asp_Goodman,1,,
Zm00001eb015790,Zm00001eb015790,GWAS_Asp_Goodman,1,,
Zm00001eb015800,Zm00001eb015800,GWAS_Asp_Goodman,1,,
Zm00001eb038730,Zm00001eb038730,GWAS_Asp_Goodman,1,,
Zm00001eb041070,Zm00001eb041070,GWAS_Asp_Goodman,1,,
Zm00001eb041100,Zm00001eb041100,GWAS_Asp_Goodman,1,,
Zm00001eb001010,Zm00001eb001010,GWAS_Asp_Goodman,1,,
Zm00001eb001020,Zm00001eb001020,GWAS_Asp_Goodman,1,,
Zm00001eb001040,Zm00001eb001040,GWAS_Asp_Goodman,1,,
Zm00001eb001050,Zm00001eb001050,GWAS_Asp_Goodman,1,,
Zm00001eb001060,Zm00001eb001060,GWAS_Asp_Goodman,1,,
Zm00001eb025070,Zm00001eb025070,GWAS_Asp_Goodman,1,,
Zm00001eb025080,Zm00001eb025080,GWAS_Asp_Goodman,1,,
Zm00001eb023780,Zm00001eb023780,GWAS_Asp_Goodman,1,,
Zm00001eb000470,Zm00001eb000470,GWAS_Asp_Goodman,1,,
Zm00001eb000480,Zm00001eb000480,GWAS_Asp_Goodman,1,,
Zm00001eb000510,Zm00001eb000510,GWAS_Asp_Goodman,1,,
Zm00001eb000520,Zm00001eb000520,GWAS_Asp_Goodman,1,,
Zm00001eb030530,Zm00001eb030530,GWAS_Asp_Goodman,1,,
Zm00001eb042220,Zm00001eb042220,GWAS_Asp_Goodman,1,,
Zm00001eb042230,Zm00001eb042230,GWAS_Asp_Goodman,1,,
Zm00001eb042240,Zm00001eb042240,GWAS_Asp_Goodman,1,,
Zm00001eb012670,Zm00001eb012670,GWAS_Asp_Goodman,1,,
Zm00001eb012690,Zm00001eb012690,GWAS_Asp_Goodman,1,,
Zm00001eb016440,Zm00001eb016440,GWAS_Asp_Goodman,1,,
Zm00001eb016450,Zm00001eb016450,GWAS_Asp_Goodman,1,,
Zm00001eb016460,Zm00001eb016460,GWAS_Asp_Goodman,1,,
Zm00001eb016470,Zm00001eb016470,GWAS_Asp_Goodman,1,,
Zm00001eb044440,Zm00001eb044440,GWAS_Asp_Goodman,1,,
Zm00001eb044450,Zm00001eb044450,GWAS_Asp_Goodman,1,,
Zm00001eb044470,Zm00001eb044470,GWAS_Asp_Goodman,1,,
Zm00001eb044480,Zm00001eb044480,GWAS_Asp_Goodman,1,,
Zm00001eb041460,Zm00001eb041460,GWAS_Asp_Goodman,1,,
Zm00001eb041470,Zm00001eb041470,GWAS_Asp_Goodman,1,,
Zm00001eb038890,Zm00001eb038890,GWAS_Asp_Goodman,1,,
Zm00001eb038900,Zm00001eb038900,GWAS_Asp_Goodman,1,,
Zm00001eb012040,Zm00001eb012040,GWAS_Asp_Goodman,1,,
Zm00001eb012060,Zm00001eb012060,GWAS_Asp_Goodman,1,,
Zm00001eb012070,Zm00001eb012070,GWAS_Asp_Goodman,1,,
Zm00001eb027100,Zm00001eb027100,GWAS_Asp_Goodman,1,,
Zm00001eb005550,Zm00001eb005550,GWAS_Asp_Goodman,1,,
Zm00001eb024260,Zm00001eb024260,GWAS_Asp_Goodman,1,,
Zm00001eb042750,Zm00001eb042750,GWAS_Asp_Goodman,1,,
Zm00001eb007650,Zm00001eb007650,GWAS_Asp_Goodman,1,,
Zm00001eb007670,Zm00001eb007670,GWAS_Asp_Goodman,1,,
Zm00001eb002000,Zm00001eb002000,GWAS_Asp_Goodman,1,,
Zm00001eb002010,Zm00001eb002010,GWAS_Asp_Goodman,1,,
Zm00001eb002040,Zm00001eb002040,GWAS_Asp_Goodman,1,,
Zm00001eb006660,Zm00001eb006660,GWAS_Asp_Goodman,1,,
Zm00001eb002810,Zm00001eb002810,GWAS_Asp_Goodman,1,,
Zm00001eb002820,Zm00001eb002820,GWAS_Asp_Goodman,1,,
Zm00001eb015830,Zm00001eb015830,GWAS_Asp_Goodman,1,,
Zm00001eb015840,Zm00001eb015840,GWAS_Asp_Goodman,1,,
Zm00001eb015850,Zm00001eb015850,GWAS_Asp_Goodman,1,,
Zm00001eb015860,Zm00001eb015860,GWAS_Asp_Goodman,1,,
Zm00001eb027590,Zm00001eb027590,GWAS_Glu_Goodman,1,,
Zm00001eb015170,Zm00001eb015170,GWAS_Glu_Goodman,1,,
Zm00001eb015200,Zm00001eb015200,GWAS_Glu_Goodman,1,,
Zm00001eb000670,Zm00001eb000670,GWAS_Glu_Goodman,1,,
Zm00001eb000680,Zm00001eb000680,GWAS_Glu_Goodman,1,,
Zm00001eb000690,Zm00001eb000690,GWAS_Glu_Goodman,1,,
Zm00001eb000700,Zm00001eb000700,GWAS_Glu_Goodman,1,,
Zm00001eb042270,Zm00001eb042270,GWAS_Glu_Goodman,1,,
Zm00001eb042280,Zm00001eb042280,GWAS_Glu_Goodman,1,,
Zm00001eb020660,Zm00001eb020660,GWAS_Glu_Goodman,1,,
Zm00001eb039810,Zm00001eb039810,GWAS_Glu_Goodman,1,,
Zm00001eb039830,Zm00001eb039830,GWAS_Glu_Goodman,1,,
Zm00001eb005140,Zm00001eb005140,GWAS_Glu_Goodman,1,,
Zm00001eb005190,Zm00001eb005190,GWAS_Glu_Goodman,1,,
Zm00001eb018120,Zm00001eb018120,GWAS_Glu_Goodman,1,,
Zm00001eb018200,Zm00001eb018200,GWAS_Glu_Goodman,1,,
Zm00001eb019370,Zm00001eb019370,GWAS_Glu_Goodman,1,,
Zm00001eb019030,Zm00001eb019030,GWAS_Glu_Goodman,1,,
Zm00001eb019050,Zm00001eb019050,GWAS_Glu_Goodman,1,,
Zm00001eb040960,Zm00001eb040960,GWAS_Glu_Goodman,1,,
Zm00001eb040970,Zm00001eb040970,GWAS_Glu_Goodman,1,,
Zm00001eb022360,Zm00001eb022360,GWAS_Glu_Goodman,1,,
Zm00001eb043240,Zm00001eb043240,GWAS_Glu_Goodman,1,,
Zm00001eb006180,Zm00001eb006180,GWAS_Glu_Goodman,1,,
Zm00001eb032160,Zm00001eb032160,GWAS_Glu_Goodman,1,,
Zm00001eb036130,Zm00001eb036130,GWAS_Glu_Goodman,1,,
Zm00001eb036140,Zm00001eb036140,GWAS_Glu_Goodman,1,,
Zm00001eb042470,Zm00001eb042470,GWAS_Glu_Goodman,1,,
Zm00001eb042480,Zm00001eb042480,GWAS_Glu_Goodman,1,,
Zm00001eb042490,Zm00001eb042490,GWAS_Glu_Goodman,1,,
Zm00001eb042520,Zm00001eb042520,GWAS_Glu_Goodman,1,,
Zm00001eb004170,Zm00001eb004170,GWAS_Glu_Goodman,1,,
Zm00001eb004180,Zm00001eb004180,GWAS_Glu_Goodman,1,,
Zm00001eb004190,Zm00001eb004190,GWAS_Glu_Goodman,1,,
Zm00001eb004210,Zm00001eb004210,GWAS_Glu_Goodman,1,,
Zm00001eb019770,Zm00001eb019770,GWAS_Glu_Goodman,1,,
Zm00001eb019780,Zm00001eb019780,GWAS_Glu_Goodman,1,,
Zm00001eb019800,Zm00001eb019800,GWAS_Glu_Goodman,1,,
Zm00001eb000770,Zm00001eb000770,GWAS_Glu_Goodman,1,,
Zm00001eb000780,Zm00001eb000780,GWAS_Glu_Goodman,1,,
Zm00001eb000790,Zm00001eb000790,GWAS_Glu_Goodman,1,,
Zm00001eb000800,Zm00001eb000800,GWAS_Glu_Goodman,1,,
Zm00001eb000820,Zm00001eb000820,GWAS_Glu_Goodman,1,,
Zm00001eb000830,Zm00001eb000830,GWAS_Glu_Goodman,1,,
Zm00001eb000850,Zm00001eb000850,GWAS_Glu_Goodman,1,,
Zm00001eb024890,Zm00001eb024890,GWAS_Glu_Goodman,1,,
Zm00001eb005600,Zm00001eb005600,GWAS_Glu_Goodman,1,,
Zm00001eb004750,Zm00001eb004750,GWAS_Glu_Goodman,1,,
Zm00001eb017700,Zm00001eb017700,GWAS_Glu_Goodman,1,,
Zm00001eb017730,Zm00001eb017730,GWAS_Glu_Goodman,1,,
Zm00001eb023110,Zm00001eb023110,GWAS_Glu_Goodman,1,,
Zm00001eb018720,Zm00001eb018720,GWAS_Glu_Goodman,1,,
Zm00001eb038010,Zm00001eb038010,GWAS_Glu_Goodman,1,,
Zm00001eb019840,Zm00001eb019840,GWAS_Glu_Goodman,1,,
Zm00001eb019850,Zm00001eb019850,GWAS_Glu_Goodman,1,,
Zm00001eb022280,Zm00001eb022280,GWAS_Glu_Goodman,1,,
Zm00001eb022290,Zm00001eb022290,GWAS_Glu_Goodman,1,,
Zm00001eb022330,Zm00001eb022330,GWAS_Glu_Goodman,1,,
Zm00001eb020780,Zm00001eb020780,GWAS_Glu_Goodman,1,,
Zm00001eb020800,Zm00001eb020800,GWAS_Glu_Goodman,1,,
Zm00001eb000340,Zm00001eb000340,GWAS_Glu_Goodman,1,,
Zm00001eb031330,Zm00001eb031330,GWAS_Glu_Goodman,1,,
Zm00001eb031340,Zm00001eb031340,GWAS_Glu_Goodman,1,,
Zm00001eb046670,Zm00001eb046670,GWAS_Glu_Goodman,1,,
Zm00001eb000190,Zm00001eb000190,GWAS_Glu_Goodman,1,,
Zm00001eb028570,Zm00001eb028570,GWAS_Glu_Goodman,1,,
Zm00001eb000550,Zm00001eb000550,GWAS_Glu_Goodman,1,,
Zm00001eb021070,Zm00001eb021070,GWAS_Glu_Goodman,1,,
Zm00001eb021140,Zm00001eb021140,GWAS_Glu_Goodman,1,,
Zm00001eb018730,Zm00001eb018730,GWAS_Glu_Goodman,1,,
Zm00001eb018750,Zm00001eb018750,GWAS_Glu_Goodman,1,,
Zm00001eb018810,Zm00001eb018810,GWAS_Glu_Goodman,1,,
Zm00001eb035730,Zm00001eb035730,GWAS_Glu_Goodman,1,,
Zm00001eb035750,Zm00001eb035750,GWAS_Glu_Goodman,1,,
Zm00001eb010860,Zm00001eb010860,GWAS_Glu_Goodman,1,,
Zm00001eb010900,Zm00001eb010900,GWAS_Glu_Goodman,1,,
Zm00001eb010950,Zm00001eb010950,GWAS_Glu_Goodman,1,,
Zm00001eb038180,Zm00001eb038180,GWAS_Glu_Goodman,1,,
Zm00001eb038190,Zm00001eb038190,GWAS_Glu_Goodman,1,,
Zm00001eb008420,Zm00001eb008420,GWAS_Glu_Goodman,1,,
Zm00001eb008430,Zm00001eb008430,GWAS_Glu_Goodman,1,,
Zm00001eb008440,Zm00001eb008440,GWAS_Glu_Goodman,1,,
Zm00001eb008450,Zm00001eb008450,GWAS_Glu_Goodman,1,,
Zm00001eb008460,Zm00001eb008460,GWAS_Glu_Goodman,1,,
Zm00001eb008470,Zm00001eb008470,GWAS_Glu_Goodman,1,,
Zm00001eb008480,Zm00001eb008480,GWAS_Glu_Goodman,1,,
Zm00001eb008490,Zm00001eb008490,GWAS_Glu_Goodman,1,,
Zm00001eb046260,Zm00001eb046260,GWAS_Glu_Goodman,1,,
Zm00001eb046280,Zm00001eb046280,GWAS_Glu_Goodman,1,,
Zm00001eb032330,Zm00001eb032330,GWAS_Glu_Goodman,1,,
Zm00001eb032340,Zm00001eb032340,GWAS_Glu_Goodman,1,,
Zm00001eb032380,Zm00001eb032380,GWAS_Glu_Goodman,1,,
Zm00001eb025790,Zm00001eb025790,GWAS_Glu_Goodman,1,,
Zm00001eb025800,Zm00001eb025800,GWAS_Glu_Goodman,1,,
Zm00001eb025990,Zm00001eb025990,GWAS_Glu_Goodman,1,,
Zm00001eb028170,Zm00001eb028170,GWAS_Glu_Goodman,1,,
Zm00001eb028780,Zm00001eb028780,GWAS_Glu_Goodman,1,,
Zm00001eb000870,Zm00001eb000870,GWAS_Glu_Goodman,1,,
Zm00001eb000910,Zm00001eb000910,GWAS_Glu_Goodman,1,,
Zm00001eb000920,Zm00001eb000920,GWAS_Glu_Goodman,1,,
Zm00001eb000930,Zm00001eb000930,GWAS_Glu_Goodman,1,,
Zm00001eb046310,Zm00001eb046310,GWAS_Glu_Goodman,1,,
Zm00001eb028440,Zm00001eb028440,GWAS_Glu_Goodman,1,,
Zm00001eb028450,Zm00001eb028450,GWAS_Glu_Goodman,1,,
Zm00001eb011800,Zm00001eb011800,GWAS_Glu_Goodman,1,,
Zm00001eb011810,Zm00001eb011810,GWAS_Glu_Goodman,1,,
Zm00001eb011820,Zm00001eb011820,GWAS_Glu_Goodman,1,,
Zm00001eb011830,Zm00001eb011830,GWAS_Glu_Goodman,1,,
Zm00001eb011840,Zm00001eb011840,GWAS_Glu_Goodman,1,,
Zm00001eb011860,Zm00001eb011860,GWAS_Glu_Goodman,1,,
Zm00001eb011880,Zm00001eb011880,GWAS_Glu_Goodman,1,,
Zm00001eb011900,Zm00001eb011900,GWAS_Glu_Goodman,1,,
Zm00001eb015270,Zm00001eb015270,GWAS_Glu_Goodman,1,,
Zm00001eb015290,Zm00001eb015290,GWAS_Glu_Goodman,1,,
Zm00001eb015310,Zm00001eb015310,GWAS_Glu_Goodman,1,,
Zm00001eb015320,Zm00001eb015320,GWAS_Glu_Goodman,1,,
Zm00001eb022000,Zm00001eb022000,GWAS_Glu_Goodman,1,,
Zm00001eb057740,Zm00001eb057740,GWAS_Asn_Goodman,1,,
Zm00001eb057750,Zm00001eb057750,GWAS_Asn_Goodman,1,,
Zm00001eb057810,Zm00001eb057810,GWAS_Asn_Goodman,1,,
Zm00001eb029250,Zm00001eb029250,GWAS_Asn_Goodman,1,,
Zm00001eb012040,Zm00001eb012040,GWAS_Asn_Goodman,1,,
Zm00001eb012060,Zm00001eb012060,GWAS_Asn_Goodman,1,,
Zm00001eb012070,Zm00001eb012070,GWAS_Asn_Goodman,1,,
Zm00001eb006830,Zm00001eb006830,GWAS_Asn_Goodman,1,,
Zm00001eb018120,Zm00001eb018120,GWAS_Asn_Goodman,1,,
Zm00001eb018200,Zm00001eb018200,GWAS_Asn_Goodman,1,,
Zm00001eb041770,Zm00001eb041770,GWAS_Asn_Goodman,1,,
Zm00001eb041780,Zm00001eb041780,GWAS_Asn_Goodman,1,,
Zm00001eb041790,Zm00001eb041790,GWAS_Asn_Goodman,1,,
Zm00001eb022500,Zm00001eb022500,GWAS_Asn_Goodman,1,,
Zm00001eb031870,Zm00001eb031870,GWAS_Asn_Goodman,1,,
Zm00001eb031880,Zm00001eb031880,GWAS_Asn_Goodman,1,,
Zm00001eb031890,Zm00001eb031890,GWAS_Asn_Goodman,1,,
Zm00001eb031900,Zm00001eb031900,GWAS_Asn_Goodman,1,,
Zm00001eb031930,Zm00001eb031930,GWAS_Asn_Goodman,1,,
Zm00001eb027100,Zm00001eb027100,GWAS_Asn_Goodman,1,,
Zm00001eb014110,Zm00001eb014110,GWAS_Asn_Goodman,1,,
Zm00001eb014130,Zm00001eb014130,GWAS_Asn_Goodman,1,,
Zm00001eb000910,Zm00001eb000910,GWAS_Asn_Goodman,1,,
Zm00001eb000920,Zm00001eb000920,GWAS_Asn_Goodman,1,,
Zm00001eb000930,Zm00001eb000930,GWAS_Asn_Goodman,1,,
Zm00001eb000980,Zm00001eb000980,GWAS_Asn_Goodman,1,,
Zm00001eb000990,Zm00001eb000990,GWAS_Asn_Goodman,1,,
Zm00001eb001000,Zm00001eb001000,GWAS_Asn_Goodman,1,,
Zm00001eb006450,Zm00001eb006450,GWAS_Asn_Goodman,1,,
Zm00001eb006470,Zm00001eb006470,GWAS_Asn_Goodman,1,,
Zm00001eb006480,Zm00001eb006480,GWAS_Asn_Goodman,1,,
Zm00001eb034290,Zm00001eb034290,GWAS_Asn_Goodman,1,,
Zm00001eb035730,Zm00001eb035730,GWAS_Asn_Goodman,1,,
Zm00001eb035750,Zm00001eb035750,GWAS_Asn_Goodman,1,,
Zm00001eb031250,Zm00001eb031250,GWAS_Asn_Goodman,1,,
Zm00001eb053020,Zm00001eb053020,GWAS_Asn_Goodman,1,,
Zm00001eb053090,Zm00001eb053090,GWAS_Asn_Goodman,1,,
Zm00001eb043610,Zm00001eb043610,GWAS_Asn_Goodman,1,,
Zm00001eb043620,Zm00001eb043620,GWAS_Asn_Goodman,1,,
Zm00001eb043630,Zm00001eb043630,GWAS_Asn_Goodman,1,,
Zm00001eb024430,Zm00001eb024430,GWAS_Asn_Goodman,1,,
Zm00001eb024440,Zm00001eb024440,GWAS_Asn_Goodman,1,,
Zm00001eb003730,Zm00001eb003730,GWAS_Asn_Goodman,1,,
Zm00001eb003760,Zm00001eb003760,GWAS_Asn_Goodman,1,,
Zm00001eb045960,Zm00001eb045960,GWAS_Asn_Goodman,1,,
Zm00001eb038920,Zm00001eb038920,GWAS_Asn_Goodman,1,,
Zm00001eb038930,Zm00001eb038930,GWAS_Asn_Goodman,1,,
Zm00001eb015790,Zm00001eb015790,GWAS_Asn_Goodman,1,,
Zm00001eb015800,Zm00001eb015800,GWAS_Asn_Goodman,1,,
Zm00001eb031300,Zm00001eb031300,GWAS_Asn_Goodman,1,,
Zm00001eb031310,Zm00001eb031310,GWAS_Asn_Goodman,1,,
Zm00001eb015540,Zm00001eb015540,GWAS_Asn_Goodman,1,,
Zm00001eb015550,Zm00001eb015550,GWAS_Asn_Goodman,1,,
Zm00001eb015560,Zm00001eb015560,GWAS_Asn_Goodman,1,,
Zm00001eb008010,Zm00001eb008010,GWAS_Asn_Goodman,1,,
Zm00001eb008060,Zm00001eb008060,GWAS_Asn_Goodman,1,,
Zm00001eb008070,Zm00001eb008070,GWAS_Asn_Goodman,1,,
Zm00001eb039740,Zm00001eb039740,GWAS_Asn_Goodman,1,,
Zm00001eb021550,Zm00001eb021550,GWAS_Asn_Goodman,1,,
Zm00001eb058940,Zm00001eb058940,GWAS_Asn_Goodman,1,,
Zm00001eb058950,Zm00001eb058950,GWAS_Asn_Goodman,1,,
Zm00001eb058980,Zm00001eb058980,GWAS_Asn_Goodman,1,,
Zm00001eb060170,Zm00001eb060170,GWAS_Asn_Goodman,1,,
Zm00001eb044650,Zm00001eb044650,GWAS_Asn_Goodman,1,,
Zm00001eb044700,Zm00001eb044700,GWAS_Asn_Goodman,1,,
Zm00001eb044550,Zm00001eb044550,GWAS_Asn_Goodman,1,,
Zm00001eb044560,Zm00001eb044560,GWAS_Asn_Goodman,1,,
Zm00001eb044590,Zm00001eb044590,GWAS_Asn_Goodman,1,,
Zm00001eb006180,Zm00001eb006180,GWAS_Asn_Goodman,1,,
Zm00001eb029200,Zm00001eb029200,GWAS_Asn_Goodman,1,,
Zm00001eb001670,Zm00001eb001670,GWAS_Asn_Goodman,1,,
Zm00001eb001680,Zm00001eb001680,GWAS_Asn_Goodman,1,,
Zm00001eb001700,Zm00001eb001700,GWAS_Asn_Goodman,1,,
Zm00001eb001710,Zm00001eb001710,GWAS_Asn_Goodman,1,,
Zm00001eb002170,Zm00001eb002170,GWAS_Asn_Goodman,1,,
Zm00001eb002180,Zm00001eb002180,GWAS_Asn_Goodman,1,,
Zm00001eb002190,Zm00001eb002190,GWAS_Asn_Goodman,1,,
Zm00001eb002200,Zm00001eb002200,GWAS_Asn_Goodman,1,,
Zm00001eb002220,Zm00001eb002220,GWAS_Asn_Goodman,1,,
Zm00001eb002250,Zm00001eb002250,GWAS_Asn_Goodman,1,,
Zm00001eb002260,Zm00001eb002260,GWAS_Asn_Goodman,1,,
Zm00001eb002460,Zm00001eb002460,GWAS_Asn_Goodman,1,,
Zm00001eb002480,Zm00001eb002480,GWAS_Asn_Goodman,1,,
Zm00001eb002490,Zm00001eb002490,GWAS_Asn_Goodman,1,,
Zm00001eb002510,Zm00001eb002510,GWAS_Asn_Goodman,1,,
Zm00001eb002520,Zm00001eb002520,GWAS_Asn_Goodman,1,,
Zm00001eb002530,Zm00001eb002530,GWAS_Asn_Goodman,1,,
Zm00001eb013450,Zm00001eb013450,GWAS_Asn_Goodman,1,,
Zm00001eb013460,Zm00001eb013460,GWAS_Asn_Goodman,1,,
Zm00001eb013480,Zm00001eb013480,GWAS_Asn_Goodman,1,,
Zm00001eb012610,Zm00001eb012610,GWAS_Asn_Goodman,1,,
Zm00001eb012660,Zm00001eb012660,GWAS_Asn_Goodman,1,,
Zm00001eb023620,Zm00001eb023620,GWAS_Asn_Goodman,1,,
Zm00001eb005360,Zm00001eb005360,GWAS_Asn_Goodman,1,,
Zm00001eb005370,Zm00001eb005370,GWAS_Asn_Goodman,1,,
Zm00001eb005380,Zm00001eb005380,GWAS_Asn_Goodman,1,,
Zm00001eb005390,Zm00001eb005390,GWAS_Asn_Goodman,1,,
Zm00001eb005400,Zm00001eb005400,GWAS_Asn_Goodman,1,,
Zm00001eb038700,Zm00001eb038700,GWAS_Asn_Goodman,1,,
Zm00001eb038710,Zm00001eb038710,GWAS_Asn_Goodman,1,,
Zm00001eb025340,Zm00001eb025340,GWAS_Asn_Goodman,1,,
Zm00001eb025350,Zm00001eb025350,GWAS_Asn_Goodman,1,,
Zm00001eb028170,Zm00001eb028170,GWAS_Asn_Goodman,1,,
Zm00001eb041010,Zm00001eb041010,GWAS_Asn_Goodman,1,,
Zm00001eb004050,Zm00001eb004050,GWAS_Asn_Goodman,1,,
Zm00001eb004090,Zm00001eb004090,GWAS_Asn_Goodman,1,,
Zm00001eb017630,Zm00001eb017630,GWAS_Asn_Goodman,1,,
Zm00001eb017660,Zm00001eb017660,GWAS_Asn_Goodman,1,,
Zm00001eb017670,Zm00001eb017670,GWAS_Asn_Goodman,1,,
Zm00001eb025780,Zm00001eb025780,GWAS_Asn_Goodman,1,,
Zm00001eb030640,Zm00001eb030640,GWAS_Asn_Goodman,1,,
Zm00001eb026710,Zm00001eb026710,GWAS_Asn_Goodman,1,,
Zm00001eb015130,Zm00001eb015130,GWAS_Asn_Goodman,1,,
Zm00001eb031790,Zm00001eb031790,GWAS_Asn_Goodman,1,,
Zm00001eb031800,Zm00001eb031800,GWAS_Asn_Goodman,1,,
Zm00001eb031810,Zm00001eb031810,GWAS_Asn_Goodman,1,,
Zm00001eb047240,Zm00001eb047240,GWAS_Asn_Goodman,1,,
Zm00001eb047260,Zm00001eb047260,GWAS_Asn_Goodman,1,,
Zm00001eb000620,Zm00001eb000620,GWAS_Asn_Goodman,1,,
Zm00001eb025470,Zm00001eb025470,GWAS_Asn_Goodman,1,,
Zm00001eb025490,Zm00001eb025490,GWAS_Asn_Goodman,1,,
Zm00001eb026810,Zm00001eb026810,GWAS_Asn_Goodman,1,,
Zm00001eb040230,Zm00001eb040230,GWAS_Asn_Goodman,1,,
Zm00001eb040240,Zm00001eb040240,GWAS_Asn_Goodman,1,,
Zm00001eb000340,Zm00001eb000340,GWAS_Asn_Goodman,1,,
Zm00001eb057820,Zm00001eb057820,GWAS_Asn_Goodman,1,,
Zm00001eb057840,Zm00001eb057840,GWAS_Asn_Goodman,1,,
Zm00001eb008310,Zm00001eb008310,GWAS_Asn_Goodman,1,,
Zm00001eb043900,Zm00001eb043900,GWAS_Asn_Goodman,1,,
Zm00001eb043910,Zm00001eb043910,GWAS_Asn_Goodman,1,,
Zm00001eb043920,Zm00001eb043920,GWAS_Asn_Goodman,1,,
Zm00001eb044130,Zm00001eb044130,GWAS_Asn_Goodman,1,,
Zm00001eb008340,Zm00001eb008340,GWAS_Asn_Goodman,1,,
Zm00001eb008360,Zm00001eb008360,GWAS_Asn_Goodman,1,,
Zm00001eb046560,Zm00001eb046560,GWAS_Asn_Goodman,1,,
Zm00001eb046580,Zm00001eb046580,GWAS_Asn_Goodman,1,,
Zm00001eb046590,Zm00001eb046590,GWAS_Asn_Goodman,1,,
Zm00001eb023860,Zm00001eb023860,GWAS_Asn_Goodman,1,,
Zm00001eb023870,Zm00001eb023870,GWAS_Asn_Goodman,1,,
Zm00001eb023880,Zm00001eb023880,GWAS_Asn_Goodman,1,,
Zm00001eb023890,Zm00001eb023890,GWAS_Asn_Goodman,1,,
Zm00001eb042220,Zm00001eb042220,GWAS_Asn_Goodman,1,,
Zm00001eb023160,Zm00001eb023160,GWAS_Asn_Goodman,1,,
Zm00001eb019520,Zm00001eb019520,GWAS_Asn_Goodman,1,,
Zm00001eb019530,Zm00001eb019530,GWAS_Asn_Goodman,1,,
Zm00001eb038220,Zm00001eb038220,GWAS_Asn_Goodman,1,,
Zm00001eb038230,Zm00001eb038230,GWAS_Asn_Goodman,1,,
Zm00001eb001060,Zm00001eb001060,GWAS_Asn_Goodman,1,,
Zm00001eb001070,Zm00001eb001070,GWAS_Asn_Goodman,1,,
Zm00001eb001110,Zm00001eb001110,GWAS_Asn_Goodman,1,,
Zm00001eb010130,Zm00001eb010130,GWAS_Asn_Goodman,1,,
Zm00001eb010140,Zm00001eb010140,GWAS_Asn_Goodman,1,,
Zm00001eb010150,Zm00001eb010150,GWAS_Asn_Goodman,1,,
Zm00001eb010160,Zm00001eb010160,GWAS_Asn_Goodman,1,,
Zm00001eb010170,Zm00001eb010170,GWAS_Asn_Goodman,1,,
Zm00001eb010190,Zm00001eb010190,GWAS_Asn_Goodman,1,,
Zm00001eb009310,Zm00001eb009310,GWAS_Asn_Goodman,1,,
Zm00001eb006270,Zm00001eb006270,GWAS_Asn_Goodman,1,,
Zm00001eb006300,Zm00001eb006300,GWAS_Asn_Goodman,1,,
Zm00001eb006380,Zm00001eb006380,GWAS_Asn_Goodman,1,,
Zm00001eb006390,Zm00001eb006390,GWAS_Asn_Goodman,1,,
Zm00001eb006400,Zm00001eb006400,GWAS_Asn_Goodman,1,,
Zm00001eb002420,Zm00001eb002420,GWAS_Asn_Goodman,1,,
Zm00001eb002430,Zm00001eb002430,GWAS_Asn_Goodman,1,,
Zm00001eb002440,Zm00001eb002440,GWAS_Asn_Goodman,1,,
Zm00001eb002450,Zm00001eb002450,GWAS_Asn_Goodman,1,,
Zm00001eb061390,Zm00001eb061390,GWAS_Asn_Goodman,1,,
Zm00001eb061400,Zm00001eb061400,GWAS_Asn_Goodman,1,,
Zm00001eb061410,Zm00001eb061410,GWAS_Asn_Goodman,1,,
Zm00001eb040760,Zm00001eb040760,GWAS_Asn_Goodman,1,,
Zm00001eb040770,Zm00001eb040770,GWAS_Asn_Goodman,1,,
Zm00001eb021200,Zm00001eb021200,GWAS_Asn_Goodman,1,,
Zm00001eb021210,Zm00001eb021210,GWAS_Asn_Goodman,1,,
Zm00001eb021220,Zm00001eb021220,GWAS_Asn_Goodman,1,,
Zm00001eb021240,Zm00001eb021240,GWAS_Asn_Goodman,1,,
Zm00001eb021260,Zm00001eb021260,GWAS_Asn_Goodman,1,,
Zm00001eb007800,Zm00001eb007800,GWAS_Asn_Goodman,1,,
Zm00001eb007810,Zm00001eb007810,GWAS_Asn_Goodman,1,,
Zm00001eb007820,Zm00001eb007820,GWAS_Asn_Goodman,1,,
Zm00001eb036610,Zm00001eb036610,GWAS_Asn_Goodman,1,,
Zm00001eb019720,Zm00001eb019720,GWAS_Asn_Goodman,1,,
Zm00001eb019730,Zm00001eb019730,GWAS_Asn_Goodman,1,,
Zm00001eb010320,Zm00001eb010320,GWAS_Asn_Goodman,1,,
Zm00001eb010340,Zm00001eb010340,GWAS_Asn_Goodman,1,,
Zm00001eb001860,Zm00001eb001860,GWAS_Asn_Goodman,1,,
Zm00001eb001870,Zm00001eb001870,GWAS_Asn_Goodman,1,,
Zm00001eb001880,Zm00001eb001880,GWAS_Asn_Goodman,1,,
Zm00001eb001890,Zm00001eb001890,GWAS_Asn_Goodman,1,,
Zm00001eb001900,Zm00001eb001900,GWAS_Asn_Goodman,1,,
Zm00001eb001910,Zm00001eb001910,GWAS_Asn_Goodman,1,,
Zm00001eb001940,Zm00001eb001940,GWAS_Asn_Goodman,1,,
Zm00001eb000670,Zm00001eb000670,GWAS_Asn_Goodman,1,,
Zm00001eb000680,Zm00001eb000680,GWAS_Asn_Goodman,1,,
Zm00001eb000690,Zm00001eb000690,GWAS_Asn_Goodman,1,,
Zm00001eb000700,Zm00001eb000700,GWAS_Asn_Goodman,1,,
Zm00001eb000710,Zm00001eb000710,GWAS_Asn_Goodman,1,,
Zm00001eb031330,Zm00001eb031330,GWAS_Asn_Goodman,1,,
Zm00001eb031340,Zm00001eb031340,GWAS_Asn_Goodman,1,,
Zm00001eb010010,Zm00001eb010010,GWAS_Asn_Goodman,1,,
Zm00001eb051610,Zm00001eb051610,GWAS_Asn_Goodman,1,,
Zm00001eb051620,Zm00001eb051620,GWAS_Asn_Goodman,1,,
Zm00001eb031640,Zm00001eb031640,GWAS_Asn_Goodman,1,,
Zm00001eb031650,Zm00001eb031650,GWAS_Asn_Goodman,1,,
Zm00001eb031660,Zm00001eb031660,GWAS_Asn_Goodman,1,,
Zm00001eb031680,Zm00001eb031680,GWAS_Asn_Goodman,1,,
Zm00001eb028370,Zm00001eb028370,GWAS_Asn_Goodman,1,,
Zm00001eb000450,Zm00001eb000450,GWAS_Asn_Goodman,1,,
Zm00001eb000470,Zm00001eb000470,GWAS_Asn_Goodman,1,,
Zm00001eb000480,Zm00001eb000480,GWAS_Asn_Goodman,1,,
Zm00001eb040070,Zm00001eb040070,GWAS_Asn_Goodman,1,,
Zm00001eb028670,Zm00001eb028670,GWAS_Asn_Goodman,1,,
Zm00001eb045620,Zm00001eb045620,GWAS_Asn_Goodman,1,,
Zm00001eb028810,Zm00001eb028810,GWAS_Asn_Goodman,1,,
Zm00001eb028820,Zm00001eb028820,GWAS_Asn_Goodman,1,,
Zm00001eb023280,Zm00001eb023280,GWAS_Asn_Goodman,1,,
Zm00001eb023290,Zm00001eb023290,GWAS_Asn_Goodman,1,,
Zm00001eb025700,Zm00001eb025700,GWAS_Asn_Goodman,1,,
Zm00001eb008570,Zm00001eb008570,GWAS_Asn_Goodman,1,,
Zm00001eb008590,Zm00001eb008590,GWAS_Asn_Goodman,1,,
Zm00001eb027200,Zm00001eb027200,GWAS_Asn_Goodman,1,,
Zm00001eb043930,Zm00001eb043930,GWAS_Asn_Goodman,1,,
Zm00001eb041050,Zm00001eb041050,GWAS_Asn_Goodman,1,,
Zm00001eb041070,Zm00001eb041070,GWAS_Asn_Goodman,1,,
Zm00001eb041100,Zm00001eb041100,GWAS_Asn_Goodman,1,,
Zm00001eb028390,Zm00001eb028390,GWAS_Asn_Goodman,1,,
Zm00001eb008620,Zm00001eb008620,GWAS_Asn_Goodman,1,,
Zm00001eb008640,Zm00001eb008640,GWAS_Asn_Goodman,1,,
Zm00001eb008650,Zm00001eb008650,GWAS_Asn_Goodman,1,,
Zm00001eb008660,Zm00001eb008660,GWAS_Asn_Goodman,1,,
Zm00001eb061760,Zm00001eb061760,GWAS_Asn_Goodman,1,,
Zm00001eb061770,Zm00001eb061770,GWAS_Asn_Goodman,1,,
Zm00001eb061800,Zm00001eb061800,GWAS_Asn_Goodman,1,,
Zm00001eb027760,Zm00001eb027760,GWAS_Asn_Goodman,1,,
Zm00001eb001820,Zm00001eb001820,GWAS_Asn_Goodman,1,,
Zm00001eb001830,Zm00001eb001830,GWAS_Asn_Goodman,1,,
Zm00001eb001840,Zm00001eb001840,GWAS_Asn_Goodman,1,,
Zm00001eb020120,Zm00001eb020120,GWAS_Asn_Goodman,1,,
Zm00001eb003240,Zm00001eb003240,GWAS_Asn_Goodman,1,,
Zm00001eb008080,Zm00001eb008080,GWAS_Asn_Goodman,1,,
Zm00001eb008090,Zm00001eb008090,GWAS_Asn_Goodman,1,,
Zm00001eb008100,Zm00001eb008100,GWAS_Asn_Goodman,1,,
Zm00001eb000550,Zm00001eb000550,GWAS_Asn_Goodman,1,,
Zm00001eb030660,Zm00001eb030660,GWAS_Asn_Goodman,1,,
Zm00001eb019420,Zm00001eb019420,GWAS_Asn_Goodman,1,,
Zm00001eb019440,Zm00001eb019440,GWAS_Asn_Goodman,1,,
Zm00001eb028550,Zm00001eb028550,GWAS_Asn_Goodman,1,,
Zm00001eb021510,Zm00001eb021510,GWAS_Asn_Goodman,1,,
Zm00001eb024460,Zm00001eb024460,GWAS_Asn_Goodman,1,,
Zm00001eb007090,Zm00001eb007090,GWAS_Asn_Goodman,1,,
Zm00001eb018230,Zm00001eb018230,GWAS_Asn_Goodman,1,,
Zm00001eb018250,Zm00001eb018250,GWAS_Asn_Goodman,1,,
Zm00001eb018270,Zm00001eb018270,GWAS_Asn_Goodman,1,,
Zm00001eb022820,Zm00001eb022820,GWAS_Asn_Goodman,1,,
Zm00001eb022830,Zm00001eb022830,GWAS_Asn_Goodman,1,,
Zm00001eb039360,Zm00001eb039360,GWAS_Asn_Goodman,1,,
Zm00001eb039370,Zm00001eb039370,GWAS_Asn_Goodman,1,,
Zm00001eb043590,Zm00001eb043590,GWAS_Asn_Goodman,1,,
Zm00001eb023270,Zm00001eb023270,GWAS_Asn_Goodman,1,,
Zm00001eb018460,Zm00001eb018460,GWAS_Asn_Goodman,1,,
Zm00001eb018490,Zm00001eb018490,GWAS_Asn_Goodman,1,,
Zm00001eb018520,Zm00001eb018520,GWAS_Asn_Goodman,1,,
Zm00001eb032940,Zm00001eb032940,GWAS_Asn_Goodman,1,,
Zm00001eb032970,Zm00001eb032970,GWAS_Asn_Goodman,1,,
Zm00001eb032990,Zm00001eb032990,GWAS_Asn_Goodman,1,,
Zm00001eb033000,Zm00001eb033000,GWAS_Asn_Goodman,1,,
Zm00001eb040040,Zm00001eb040040,GWAS_Asn_Goodman,1,,
Zm00001eb034060,Zm00001eb034060,GWAS_Asn_Goodman,1,,
Zm00001eb034080,Zm00001eb034080,GWAS_Asn_Goodman,1,,
Zm00001eb034090,Zm00001eb034090,GWAS_Asn_Goodman,1,,
Zm00001eb010360,Zm00001eb010360,GWAS_Asn_Goodman,1,,
Zm00001eb010370,Zm00001eb010370,GWAS_Asn_Goodman,1,,
Zm00001eb010400,Zm00001eb010400,GWAS_Asn_Goodman,1,,
Zm00001eb038270,Zm00001eb038270,GWAS_Asn_Goodman,1,,
Zm00001eb021390,Zm00001eb021390,GWAS_Asn_Goodman,1,,
Zm00001eb019290,Zm00001eb019290,GWAS_Asn_Goodman,1,,
Zm00001eb019330,Zm00001eb019330,GWAS_Asn_Goodman,1,,
Zm00001eb041600,Zm00001eb041600,GWAS_Asn_Goodman,1,,
Zm00001eb041630,Zm00001eb041630,GWAS_Asn_Goodman,1,,
Zm00001eb040610,Zm00001eb040610,GWAS_Asn_Goodman,1,,
Zm00001eb056240,Zm00001eb056240,GWAS_Asn_Goodman,1,,
Zm00001eb056260,Zm00001eb056260,GWAS_Asn_Goodman,1,,
Zm00001eb016440,Zm00001eb016440,GWAS_Asn_Goodman,1,,
Zm00001eb016450,Zm00001eb016450,GWAS_Asn_Goodman,1,,
Zm00001eb016460,Zm00001eb016460,GWAS_Asn_Goodman,1,,
Zm00001eb016470,Zm00001eb016470,GWAS_Asn_Goodman,1,,
Zm00001eb008790,Zm00001eb008790,GWAS_Asn_Goodman,1,,
Zm00001eb008800,Zm00001eb008800,GWAS_Asn_Goodman,1,,
Zm00001eb008810,Zm00001eb008810,GWAS_Asn_Goodman,1,,
Zm00001eb008850,Zm00001eb008850,GWAS_Asn_Goodman,1,,
Zm00001eb034370,Zm00001eb034370,GWAS_Asn_Goodman,1,,
Zm00001eb034410,Zm00001eb034410,GWAS_Asn_Goodman,1,,
Zm00001eb009320,Zm00001eb009320,GWAS_Asn_Goodman,1,,
Zm00001eb009370,Zm00001eb009370,GWAS_Asn_Goodman,1,,
Zm00001eb012210,Zm00001eb012210,GWAS_Asn_Goodman,1,,
Zm00001eb012220,Zm00001eb012220,GWAS_Asn_Goodman,1,,
Zm00001eb041700,Zm00001eb041700,GWAS_Asn_Goodman,1,,
Zm00001eb029710,Zm00001eb029710,GWAS_Asn_Goodman,1,,
Zm00001eb011470,Zm00001eb011470,GWAS_Asn_Goodman,1,,
Zm00001eb004240,Zm00001eb004240,GWAS_Asn_Goodman,1,,
Zm00001eb015150,Zm00001eb015150,GWAS_Asn_Goodman,1,,
Zm00001eb004990,Zm00001eb004990,GWAS_Asn_Goodman,1,,
Zm00001eb005010,Zm00001eb005010,GWAS_Asn_Goodman,1,,
Zm00001eb005020,Zm00001eb005020,GWAS_Asn_Goodman,1,,
Zm00001eb003180,Zm00001eb003180,GWAS_Asn_Goodman,1,,
Zm00001eb003190,Zm00001eb003190,GWAS_Asn_Goodman,1,,
Zm00001eb003200,Zm00001eb003200,GWAS_Asn_Goodman,1,,
Zm00001eb024200,Zm00001eb024200,GWAS_Asn_Goodman,1,,
Zm00001eb048550,Zm00001eb048550,GWAS_Asn_Goodman,1,,
Zm00001eb004290,Zm00001eb004290,GWAS_Asn_Goodman,1,,
Zm00001eb004310,Zm00001eb004310,GWAS_Asn_Goodman,1,,
Zm00001eb004320,Zm00001eb004320,GWAS_Asn_Goodman,1,,
Zm00001eb004340,Zm00001eb004340,GWAS_Asn_Goodman,1,,
Zm00001eb020470,Zm00001eb020470,GWAS_Asn_Goodman,1,,
Zm00001eb039810,Zm00001eb039810,GWAS_Gln_Goodman,1,,
Zm00001eb039830,Zm00001eb039830,GWAS_Gln_Goodman,1,,
Zm00001eb018720,Zm00001eb018720,GWAS_Gln_Goodman,1,,
Zm00001eb018730,Zm00001eb018730,GWAS_Gln_Goodman,1,,
Zm00001eb018750,Zm00001eb018750,GWAS_Gln_Goodman,1,,
Zm00001eb025010,Zm00001eb025010,GWAS_Gln_Goodman,1,,
Zm00001eb025020,Zm00001eb025020,GWAS_Gln_Goodman,1,,
Zm00001eb029200,Zm00001eb029200,GWAS_Gln_Goodman,1,,
Zm00001eb012470,Zm00001eb012470,GWAS_Gln_Goodman,1,,
Zm00001eb012480,Zm00001eb012480,GWAS_Gln_Goodman,1,,
Zm00001eb062000,Zm00001eb062000,GWAS_Gln_Goodman,1,,
Zm00001eb014780,Zm00001eb014780,GWAS_Gln_Goodman,1,,
Zm00001eb014790,Zm00001eb014790,GWAS_Gln_Goodman,1,,
Zm00001eb014810,Zm00001eb014810,GWAS_Gln_Goodman,1,,
Zm00001eb014830,Zm00001eb014830,GWAS_Gln_Goodman,1,,
Zm00001eb023600,Zm00001eb023600,GWAS_Gln_Goodman,1,,
Zm00001eb008780,Zm00001eb008780,GWAS_Gln_Goodman,1,,
Zm00001eb008790,Zm00001eb008790,GWAS_Gln_Goodman,1,,
Zm00001eb008800,Zm00001eb008800,GWAS_Gln_Goodman,1,,
Zm00001eb008810,Zm00001eb008810,GWAS_Gln_Goodman,1,,
Zm00001eb007700,Zm00001eb007700,GWAS_Gln_Goodman,1,,
Zm00001eb007730,Zm00001eb007730,GWAS_Gln_Goodman,1,,
Zm00001eb007750,Zm00001eb007750,GWAS_Gln_Goodman,1,,
Zm00001eb007760,Zm00001eb007760,GWAS_Gln_Goodman,1,,
Zm00001eb007780,Zm00001eb007780,GWAS_Gln_Goodman,1,,
Zm00001eb007800,Zm00001eb007800,GWAS_Gln_Goodman,1,,
Zm00001eb007810,Zm00001eb007810,GWAS_Gln_Goodman,1,,
Zm00001eb028390,Zm00001eb028390,GWAS_Gln_Goodman,1,,
Zm00001eb018120,Zm00001eb018120,GWAS_Gln_Goodman,1,,
Zm00001eb030970,Zm00001eb030970,GWAS_Gln_Goodman,1,,
Zm00001eb030980,Zm00001eb030980,GWAS_Gln_Goodman,1,,
Zm00001eb030680,Zm00001eb030680,GWAS_Gln_Goodman,1,,
Zm00001eb030710,Zm00001eb030710,GWAS_Gln_Goodman,1,,
Zm00001eb009070,Zm00001eb009070,GWAS_Gln_Goodman,1,,
Zm00001eb009080,Zm00001eb009080,GWAS_Gln_Goodman,1,,
Zm00001eb044560,Zm00001eb044560,GWAS_Gln_Goodman,1,,
Zm00001eb044590,Zm00001eb044590,GWAS_Gln_Goodman,1,,
Zm00001eb044600,Zm00001eb044600,GWAS_Gln_Goodman,1,,
Zm00001eb034290,Zm00001eb034290,GWAS_Gln_Goodman,1,,
Zm00001eb037450,Zm00001eb037450,GWAS_Gln_Goodman,1,,
Zm00001eb000670,Zm00001eb000670,GWAS_Gln_Goodman,1,,
Zm00001eb000680,Zm00001eb000680,GWAS_Gln_Goodman,1,,
Zm00001eb000690,Zm00001eb000690,GWAS_Gln_Goodman,1,,
Zm00001eb000700,Zm00001eb000700,GWAS_Gln_Goodman,1,,
Zm00001eb000710,Zm00001eb000710,GWAS_Gln_Goodman,1,,
Zm00001eb000740,Zm00001eb000740,GWAS_Gln_Goodman,1,,
Zm00001eb000750,Zm00001eb000750,GWAS_Gln_Goodman,1,,
Zm00001eb000760,Zm00001eb000760,GWAS_Gln_Goodman,1,,
Zm00001eb000210,Zm00001eb000210,GWAS_Gln_Goodman,1,,
Zm00001eb000220,Zm00001eb000220,GWAS_Gln_Goodman,1,,
Zm00001eb000230,Zm00001eb000230,GWAS_Gln_Goodman,1,,
Zm00001eb000240,Zm00001eb000240,GWAS_Gln_Goodman,1,,
Zm00001eb028570,Zm00001eb028570,GWAS_Gln_Goodman,1,,
Zm00001eb033240,Zm00001eb033240,GWAS_Gln_Goodman,1,,
Zm00001eb012390,Zm00001eb012390,GWAS_Gln_Goodman,1,,
Zm00001eb012410,Zm00001eb012410,GWAS_Gln_Goodman,1,,
Zm00001eb012430,Zm00001eb012430,GWAS_Gln_Goodman,1,,
Zm00001eb056440,Zm00001eb056440,GWAS_Gln_Goodman,1,,
Zm00001eb056450,Zm00001eb056450,GWAS_Gln_Goodman,1,,
Zm00001eb056480,Zm00001eb056480,GWAS_Gln_Goodman,1,,
Zm00001eb056490,Zm00001eb056490,GWAS_Gln_Goodman,1,,
Zm00001eb056510,Zm00001eb056510,GWAS_Gln_Goodman,1,,
Zm00001eb042130,Zm00001eb042130,GWAS_Gln_Goodman,1,,
Zm00001eb020860,Zm00001eb020860,GWAS_Gln_Goodman,1,,
Zm00001eb040790,Zm00001eb040790,GWAS_Gln_Goodman,1,,
Zm00001eb028170,Zm00001eb028170,GWAS_Gln_Goodman,1,,
Zm00001eb029380,Zm00001eb029380,GWAS_Gln_Goodman,1,,
Zm00001eb029390,Zm00001eb029390,GWAS_Gln_Goodman,1,,
Zm00001eb031330,Zm00001eb031330,GWAS_Gln_Goodman,1,,
Zm00001eb031340,Zm00001eb031340,GWAS_Gln_Goodman,1,,
Zm00001eb030960,Zm00001eb030960,GWAS_Gln_Goodman,1,,
Zm00001eb012610,Zm00001eb012610,GWAS_Gln_Goodman,1,,
Zm00001eb012660,Zm00001eb012660,GWAS_Gln_Goodman,1,,
Zm00001eb019420,Zm00001eb019420,GWAS_Gln_Goodman,1,,
Zm00001eb019440,Zm00001eb019440,GWAS_Gln_Goodman,1,,
Zm00001eb016670,Zm00001eb016670,GWAS_Gln_Goodman,1,,
Zm00001eb037680,Zm00001eb037680,GWAS_Gln_Goodman,1,,
Zm00001eb037690,Zm00001eb037690,GWAS_Gln_Goodman,1,,
Zm00001eb004320,Zm00001eb004320,GWAS_Gln_Goodman,1,,
Zm00001eb004340,Zm00001eb004340,GWAS_Gln_Goodman,1,,
Zm00001eb004370,Zm00001eb004370,GWAS_Gln_Goodman,1,,
Zm00001eb004390,Zm00001eb004390,GWAS_Gln_Goodman,1,,
Zm00001eb004400,Zm00001eb004400,GWAS_Gln_Goodman,1,,
Zm00001eb004410,Zm00001eb004410,GWAS_Gln_Goodman,1,,
Zm00001eb004420,Zm00001eb004420,GWAS_Gln_Goodman,1,,
Zm00001eb026120,Zm00001eb026120,GWAS_Gln_Goodman,1,,
Zm00001eb016720,Zm00001eb016720,GWAS_Gln_Goodman,1,,
Zm00001eb016740,Zm00001eb016740,GWAS_Gln_Goodman,1,,
Zm00001eb002320,Zm00001eb002320,GWAS_Gln_Goodman,1,,
Zm00001eb023780,Zm00001eb023780,GWAS_Gln_Goodman,1,,
Zm00001eb031680,Zm00001eb031680,GWAS_Gln_Goodman,1,,
Zm00001eb031690,Zm00001eb031690,GWAS_Gln_Goodman,1,,
Zm00001eb040760,Zm00001eb040760,GWAS_Gln_Goodman,1,,
Zm00001eb040770,Zm00001eb040770,GWAS_Gln_Goodman,1,,
Zm00001eb041290,Zm00001eb041290,GWAS_Gln_Goodman,1,,
Zm00001eb017730,Zm00001eb017730,GWAS_Gln_Goodman,1,,
Zm00001eb017780,Zm00001eb017780,GWAS_Gln_Goodman,1,,
Zm00001eb017800,Zm00001eb017800,GWAS_Gln_Goodman,1,,
Zm00001eb017830,Zm00001eb017830,GWAS_Gln_Goodman,1,,
Zm00001eb033740,Zm00001eb033740,GWAS_Gln_Goodman,1,,
Zm00001eb028810,Zm00001eb028810,GWAS_Gln_Goodman,1,,
Zm00001eb028820,Zm00001eb028820,GWAS_Gln_Goodman,1,,
Zm00001eb001810,Zm00001eb001810,GWAS_Gln_Goodman,1,,
Zm00001eb001820,Zm00001eb001820,GWAS_Gln_Goodman,1,,
Zm00001eb001830,Zm00001eb001830,GWAS_Gln_Goodman,1,,
Zm00001eb001840,Zm00001eb001840,GWAS_Gln_Goodman,1,,
Zm00001eb001860,Zm00001eb001860,GWAS_Gln_Goodman,1,,
Zm00001eb001870,Zm00001eb001870,GWAS_Gln_Goodman,1,,
Zm00001eb001880,Zm00001eb001880,GWAS_Gln_Goodman,1,,
Zm00001eb001890,Zm00001eb001890,GWAS_Gln_Goodman,1,,
Zm00001eb001900,Zm00001eb001900,GWAS_Gln_Goodman,1,,
Zm00001eb001910,Zm00001eb001910,GWAS_Gln_Goodman,1,,
Zm00001eb021890,Zm00001eb021890,GWAS_Gln_Goodman,1,,
Zm00001eb021900,Zm00001eb021900,GWAS_Gln_Goodman,1,,
Zm00001eb021940,Zm00001eb021940,GWAS_Gln_Goodman,1,,
Zm00001eb038650,Zm00001eb038650,GWAS_Gln_Goodman,1,,
Zm00001eb017520,Zm00001eb017520,GWAS_Gln_Goodman,1,,
Zm00001eb017550,Zm00001eb017550,GWAS_Gln_Goodman,1,,
Zm00001eb017560,Zm00001eb017560,GWAS_Gln_Goodman,1,,
Zm00001eb017600,Zm00001eb017600,GWAS_Gln_Goodman,1,,
Zm00001eb002010,Zm00001eb002010,GWAS_Gln_Goodman,1,,
Zm00001eb002040,Zm00001eb002040,GWAS_Gln_Goodman,1,,
Zm00001eb002060,Zm00001eb002060,GWAS_Gln_Goodman,1,,
Zm00001eb039530,Zm00001eb039530,GWAS_Gln_Goodman,1,,
Zm00001eb039540,Zm00001eb039540,GWAS_Gln_Goodman,1,,
Zm00001eb039550,Zm00001eb039550,GWAS_Gln_Goodman,1,,
Zm00001eb039560,Zm00001eb039560,GWAS_Gln_Goodman,1,,
Zm00001eb039590,Zm00001eb039590,GWAS_Gln_Goodman,1,,
Zm00001eb039610,Zm00001eb039610,GWAS_Gln_Goodman,1,,
Zm00001eb041190,Zm00001eb041190,GWAS_Gln_Goodman,1,,
Zm00001eb016760,Zm00001eb016760,GWAS_Gln_Goodman,1,,
Zm00001eb016780,Zm00001eb016780,GWAS_Gln_Goodman,1,,
Zm00001eb016800,Zm00001eb016800,GWAS_Gln_Goodman,1,,
Zm00001eb041900,Zm00001eb041900,GWAS_Gln_Goodman,1,,
Zm00001eb041910,Zm00001eb041910,GWAS_Gln_Goodman,1,,
Zm00001eb020590,Zm00001eb020590,GWAS_Gln_Goodman,1,,
Zm00001eb020600,Zm00001eb020600,GWAS_Gln_Goodman,1,,
Zm00001eb026960,Zm00001eb026960,GWAS_Gln_Goodman,1,,
Zm00001eb019830,Zm00001eb019830,GWAS_Gln_Goodman,1,,
Zm00001eb019840,Zm00001eb019840,GWAS_Gln_Goodman,1,,
Zm00001eb000170,Zm00001eb000170,GWAS_Gln_Goodman,1,,
Zm00001eb000190,Zm00001eb000190,GWAS_Gln_Goodman,1,,
Zm00001eb011300,Zm00001eb011300,GWAS_Gln_Goodman,1,,
Zm00001eb000850,Zm00001eb000850,GWAS_Gln_Goodman,1,,
Zm00001eb000860,Zm00001eb000860,GWAS_Gln_Goodman,1,,
Zm00001eb000870,Zm00001eb000870,GWAS_Gln_Goodman,1,,
Zm00001eb000910,Zm00001eb000910,GWAS_Gln_Goodman,1,,
Zm00001eb005360,Zm00001eb005360,GWAS_Gln_Goodman,1,,
Zm00001eb005370,Zm00001eb005370,GWAS_Gln_Goodman,1,,
Zm00001eb005380,Zm00001eb005380,GWAS_Gln_Goodman,1,,
Zm00001eb005390,Zm00001eb005390,GWAS_Gln_Goodman,1,,
Zm00001eb005400,Zm00001eb005400,GWAS_Gln_Goodman,1,,
Zm00001eb025500,Zm00001eb025500,GWAS_Gln_Goodman,1,,
Zm00001eb025510,Zm00001eb025510,GWAS_Gln_Goodman,1,,
Zm00001eb027810,Zm00001eb027810,GWAS_Gln_Goodman,1,,
Zm00001eb004780,Zm00001eb004780,GWAS_Gln_Goodman,1,,
Zm00001eb004790,Zm00001eb004790,GWAS_Gln_Goodman,1,,
Zm00001eb005630,Zm00001eb005630,GWAS_Gln_Goodman,1,,
Zm00001eb005640,Zm00001eb005640,GWAS_Gln_Goodman,1,,
Zm00001eb005660,Zm00001eb005660,GWAS_Gln_Goodman,1,,
Zm00001eb005670,Zm00001eb005670,GWAS_Gln_Goodman,1,,
Zm00001eb005690,Zm00001eb005690,GWAS_Gln_Goodman,1,,
Zm00001eb002610,Zm00001eb002610,GWAS_Gln_Goodman,1,,
Zm00001eb002620,Zm00001eb002620,GWAS_Gln_Goodman,1,,
Zm00001eb002640,Zm00001eb002640,GWAS_Gln_Goodman,1,,
Zm00001eb002660,Zm00001eb002660,GWAS_Gln_Goodman,1,,
Zm00001eb005020,Zm00001eb005020,GWAS_Gln_Goodman,1,,
Zm00001eb005030,Zm00001eb005030,GWAS_Gln_Goodman,1,,
Zm00001eb005060,Zm00001eb005060,GWAS_Gln_Goodman,1,,
Zm00001eb005070,Zm00001eb005070,GWAS_Gln_Goodman,1,,
Zm00001eb034180,Zm00001eb034180,GWAS_Gln_Goodman,1,,
Zm00001eb033100,Zm00001eb033100,GWAS_Gln_Goodman,1,,
Zm00001eb033110,Zm00001eb033110,GWAS_Gln_Goodman,1,,
Zm00001eb033120,Zm00001eb033120,GWAS_Gln_Goodman,1,,
Zm00001eb033130,Zm00001eb033130,GWAS_Gln_Goodman,1,,
Zm00001eb033140,Zm00001eb033140,GWAS_Gln_Goodman,1,,
Zm00001eb029690,Zm00001eb029690,GWAS_Gln_Goodman,1,,
Zm00001eb029710,Zm00001eb029710,GWAS_Gln_Goodman,1,,
Zm00001eb006890,Zm00001eb006890,GWAS_Gln_Goodman,1,,
Zm00001eb006910,Zm00001eb006910,GWAS_Gln_Goodman,1,,
Zm00001eb046100,Zm00001eb046100,GWAS_Gln_Goodman,1,,
Zm00001eb017630,Zm00001eb017630,GWAS_Gln_Goodman,1,,
Zm00001eb017660,Zm00001eb017660,GWAS_Gln_Goodman,1,,
Zm00001eb004430,Zm00001eb004430,GWAS_Gln_Goodman,1,,
Zm00001eb004440,Zm00001eb004440,GWAS_Gln_Goodman,1,,
Zm00001eb004490,Zm00001eb004490,GWAS_Gln_Goodman,1,,
Zm00001eb041980,Zm00001eb041980,GWAS_Gln_Goodman,1,,
Zm00001eb015750,Zm00001eb015750,GWAS_Gln_Goodman,1,,
Zm00001eb054430,Zm00001eb054430,GWAS_Gln_Goodman,1,,
Zm00001eb002570,Zm00001eb002570,GWAS_Gln_Goodman,1,,
Zm00001eb030760,Zm00001eb030760,GWAS_Gln_Goodman,1,,
Zm00001eb040310,Zm00001eb040310,GWAS_Gln_Goodman,1,,
Zm00001eb000550,Zm00001eb000550,GWAS_Gln_Goodman,1,,
Zm00001eb007320,Zm00001eb007320,GWAS_Gln_Goodman,1,,
Zm00001eb007440,Zm00001eb007440,GWAS_Gln_Goodman,1,,
Zm00001eb007490,Zm00001eb007490,GWAS_Gln_Goodman,1,,
Zm00001eb007500,Zm00001eb007500,GWAS_Gln_Goodman,1,,
Zm00001eb063660,Zm00001eb063660,GWAS_Gln_Goodman,1,,
Zm00001eb063670,Zm00001eb063670,GWAS_Gln_Goodman,1,,
Zm00001eb063680,Zm00001eb063680,GWAS_Gln_Goodman,1,,
Zm00001eb063690,Zm00001eb063690,GWAS_Gln_Goodman,1,,
Zm00001eb063700,Zm00001eb063700,GWAS_Gln_Goodman,1,,
Zm00001eb028670,Zm00001eb028670,GWAS_Gln_Goodman,1,,
Zm00001eb002170,Zm00001eb002170,GWAS_Gln_Goodman,1,,
Zm00001eb002180,Zm00001eb002180,GWAS_Gln_Goodman,1,,
Zm00001eb002190,Zm00001eb002190,GWAS_Gln_Goodman,1,,
Zm00001eb002200,Zm00001eb002200,GWAS_Gln_Goodman,1,,
Zm00001eb002220,Zm00001eb002220,GWAS_Gln_Goodman,1,,
Zm00001eb002250,Zm00001eb002250,GWAS_Gln_Goodman,1,,
Zm00001eb002260,Zm00001eb002260,GWAS_Gln_Goodman,1,,
Zm00001eb039810,Zm00001eb039810,GWAS_Protein_Goodman,1,,
Zm00001eb039830,Zm00001eb039830,GWAS_Protein_Goodman,1,,
Zm00001eb018720,Zm00001eb018720,GWAS_Protein_Goodman,1,,
Zm00001eb018730,Zm00001eb018730,GWAS_Protein_Goodman,1,,
Zm00001eb018750,Zm00001eb018750,GWAS_Protein_Goodman,1,,
Zm00001eb025010,Zm00001eb025010,GWAS_Protein_Goodman,1,,
Zm00001eb025020,Zm00001eb025020,GWAS_Protein_Goodman,1,,
Zm00001eb029200,Zm00001eb029200,GWAS_Protein_Goodman,1,,
Zm00001eb012470,Zm00001eb012470,GWAS_Protein_Goodman,1,,
Zm00001eb012480,Zm00001eb012480,GWAS_Protein_Goodman,1,,
Zm00001eb062000,Zm00001eb062000,GWAS_Protein_Goodman,1,,
Zm00001eb014780,Zm00001eb014780,GWAS_Protein_Goodman,1,,
Zm00001eb014790,Zm00001eb014790,GWAS_Protein_Goodman,1,,
Zm00001eb014810,Zm00001eb014810,GWAS_Protein_Goodman,1,,
Zm00001eb014830,Zm00001eb014830,GWAS_Protein_Goodman,1,,
Zm00001eb023600,Zm00001eb023600,GWAS_Protein_Goodman,1,,
Zm00001eb008780,Zm00001eb008780,GWAS_Protein_Goodman,1,,
Zm00001eb008790,Zm00001eb008790,GWAS_Protein_Goodman,1,,
Zm00001eb008800,Zm00001eb008800,GWAS_Protein_Goodman,1,,
Zm00001eb008810,Zm00001eb008810,GWAS_Protein_Goodman,1,,
Zm00001eb007700,Zm00001eb007700,GWAS_Protein_Goodman,1,,
Zm00001eb007730,Zm00001eb007730,GWAS_Protein_Goodman,1,,
Zm00001eb007750,Zm00001eb007750,GWAS_Protein_Goodman,1,,
Zm00001eb007760,Zm00001eb007760,GWAS_Protein_Goodman,1,,
Zm00001eb007780,Zm00001eb007780,GWAS_Protein_Goodman,1,,
Zm00001eb007800,Zm00001eb007800,GWAS_Protein_Goodman,1,,
Zm00001eb007810,Zm00001eb007810,GWAS_Protein_Goodman,1,,
Zm00001eb028390,Zm00001eb028390,GWAS_Protein_Goodman,1,,
Zm00001eb018120,Zm00001eb018120,GWAS_Protein_Goodman,1,,
Zm00001eb030970,Zm00001eb030970,GWAS_Protein_Goodman,1,,
Zm00001eb030980,Zm00001eb030980,GWAS_Protein_Goodman,1,,
Zm00001eb030680,Zm00001eb030680,GWAS_Protein_Goodman,1,,
Zm00001eb030710,Zm00001eb030710,GWAS_Protein_Goodman,1,,
Zm00001eb009070,Zm00001eb009070,GWAS_Protein_Goodman,1,,
Zm00001eb009080,Zm00001eb009080,GWAS_Protein_Goodman,1,,
Zm00001eb044560,Zm00001eb044560,GWAS_Protein_Goodman,1,,
Zm00001eb044590,Zm00001eb044590,GWAS_Protein_Goodman,1,,
Zm00001eb044600,Zm00001eb044600,GWAS_Protein_Goodman,1,,
Zm00001eb034290,Zm00001eb034290,GWAS_Protein_Goodman,1,,
Zm00001eb037450,Zm00001eb037450,GWAS_Protein_Goodman,1,,
Zm00001eb000670,Zm00001eb000670,GWAS_Protein_Goodman,1,,
Zm00001eb000680,Zm00001eb000680,GWAS_Protein_Goodman,1,,
Zm00001eb000690,Zm00001eb000690,GWAS_Protein_Goodman,1,,
Zm00001eb000700,Zm00001eb000700,GWAS_Protein_Goodman,1,,
Zm00001eb000710,Zm00001eb000710,GWAS_Protein_Goodman,1,,
Zm00001eb000740,Zm00001eb000740,GWAS_Protein_Goodman,1,,
Zm00001eb000750,Zm00001eb000750,GWAS_Protein_Goodman,1,,
Zm00001eb000760,Zm00001eb000760,GWAS_Protein_Goodman,1,,
Zm00001eb000210,Zm00001eb000210,GWAS_Protein_Goodman,1,,
Zm00001eb000220,Zm00001eb000220,GWAS_Protein_Goodman,1,,
Zm00001eb000230,Zm00001eb000230,GWAS_Protein_Goodman,1,,
Zm00001eb000240,Zm00001eb000240,GWAS_Protein_Goodman,1,,
Zm00001eb028570,Zm00001eb028570,GWAS_Protein_Goodman,1,,
Zm00001eb033240,Zm00001eb033240,GWAS_Protein_Goodman,1,,
Zm00001eb012390,Zm00001eb012390,GWAS_Protein_Goodman,1,,
Zm00001eb012410,Zm00001eb012410,GWAS_Protein_Goodman,1,,
Zm00001eb012430,Zm00001eb012430,GWAS_Protein_Goodman,1,,
Zm00001eb056440,Zm00001eb056440,GWAS_Protein_Goodman,1,,
Zm00001eb056450,Zm00001eb056450,GWAS_Protein_Goodman,1,,
Zm00001eb056480,Zm00001eb056480,GWAS_Protein_Goodman,1,,
Zm00001eb056490,Zm00001eb056490,GWAS_Protein_Goodman,1,,
Zm00001eb056510,Zm00001eb056510,GWAS_Protein_Goodman,1,,
Zm00001eb042130,Zm00001eb042130,GWAS_Protein_Goodman,1,,
Zm00001eb020860,Zm00001eb020860,GWAS_Protein_Goodman,1,,
Zm00001eb040790,Zm00001eb040790,GWAS_Protein_Goodman,1,,
Zm00001eb028170,Zm00001eb028170,GWAS_Protein_Goodman,1,,
Zm00001eb029380,Zm00001eb029380,GWAS_Protein_Goodman,1,,
Zm00001eb029390,Zm00001eb029390,GWAS_Protein_Goodman,1,,
Zm00001eb031330,Zm00001eb031330,GWAS_Protein_Goodman,1,,
Zm00001eb031340,Zm00001eb031340,GWAS_Protein_Goodman,1,,
Zm00001eb030960,Zm00001eb030960,GWAS_Protein_Goodman,1,,
Zm00001eb012610,Zm00001eb012610,GWAS_Protein_Goodman,1,,
Zm00001eb012660,Zm00001eb012660,GWAS_Protein_Goodman,1,,
Zm00001eb019420,Zm00001eb019420,GWAS_Protein_Goodman,1,,
Zm00001eb019440,Zm00001eb019440,GWAS_Protein_Goodman,1,,
Zm00001eb016670,Zm00001eb016670,GWAS_Protein_Goodman,1,,
Zm00001eb037680,Zm00001eb037680,GWAS_Protein_Goodman,1,,
Zm00001eb037690,Zm00001eb037690,GWAS_Protein_Goodman,1,,
Zm00001eb004320,Zm00001eb004320,GWAS_Protein_Goodman,1,,
Zm00001eb004340,Zm00001eb004340,GWAS_Protein_Goodman,1,,
Zm00001eb004370,Zm00001eb004370,GWAS_Protein_Goodman,1,,
Zm00001eb004390,Zm00001eb004390,GWAS_Protein_Goodman,1,,
Zm00001eb004400,Zm00001eb004400,GWAS_Protein_Goodman,1,,
Zm00001eb004410,Zm00001eb004410,GWAS_Protein_Goodman,1,,
Zm00001eb004420,Zm00001eb004420,GWAS_Protein_Goodman,1,,
Zm00001eb026120,Zm00001eb026120,GWAS_Protein_Goodman,1,,
Zm00001eb016720,Zm00001eb016720,GWAS_Protein_Goodman,1,,
Zm00001eb016740,Zm00001eb016740,GWAS_Protein_Goodman,1,,
Zm00001eb002320,Zm00001eb002320,GWAS_Protein_Goodman,1,,
Zm00001eb023780,Zm00001eb023780,GWAS_Protein_Goodman,1,,
Zm00001eb031680,Zm00001eb031680,GWAS_Protein_Goodman,1,,
Zm00001eb031690,Zm00001eb031690,GWAS_Protein_Goodman,1,,
Zm00001eb040760,Zm00001eb040760,GWAS_Protein_Goodman,1,,
Zm00001eb040770,Zm00001eb040770,GWAS_Protein_Goodman,1,,
Zm00001eb041290,Zm00001eb041290,GWAS_Protein_Goodman,1,,
Zm00001eb017730,Zm00001eb017730,GWAS_Protein_Goodman,1,,
Zm00001eb017780,Zm00001eb017780,GWAS_Protein_Goodman,1,,
Zm00001eb017800,Zm00001eb017800,GWAS_Protein_Goodman,1,,
Zm00001eb017830,Zm00001eb017830,GWAS_Protein_Goodman,1,,
Zm00001eb033740,Zm00001eb033740,GWAS_Protein_Goodman,1,,
Zm00001eb028810,Zm00001eb028810,GWAS_Protein_Goodman,1,,
Zm00001eb028820,Zm00001eb028820,GWAS_Protein_Goodman,1,,
Zm00001eb001810,Zm00001eb001810,GWAS_Protein_Goodman,1,,
Zm00001eb001820,Zm00001eb001820,GWAS_Protein_Goodman,1,,
Zm00001eb001830,Zm00001eb001830,GWAS_Protein_Goodman,1,,
Zm00001eb001840,Zm00001eb001840,GWAS_Protein_Goodman,1,,
Zm00001eb001860,Zm00001eb001860,GWAS_Protein_Goodman,1,,
Zm00001eb001870,Zm00001eb001870,GWAS_Protein_Goodman,1,,
Zm00001eb001880,Zm00001eb001880,GWAS_Protein_Goodman,1,,
Zm00001eb001890,Zm00001eb001890,GWAS_Protein_Goodman,1,,
Zm00001eb001900,Zm00001eb001900,GWAS_Protein_Goodman,1,,
Zm00001eb001910,Zm00001eb001910,GWAS_Protein_Goodman,1,,
Zm00001eb021890,Zm00001eb021890,GWAS_Protein_Goodman,1,,
Zm00001eb021900,Zm00001eb021900,GWAS_Protein_Goodman,1,,
Zm00001eb021940,Zm00001eb021940,GWAS_Protein_Goodman,1,,
Zm00001eb038650,Zm00001eb038650,GWAS_Protein_Goodman,1,,
Zm00001eb017520,Zm00001eb017520,GWAS_Protein_Goodman,1,,
Zm00001eb017550,Zm00001eb017550,GWAS_Protein_Goodman,1,,
Zm00001eb017560,Zm00001eb017560,GWAS_Protein_Goodman,1,,
Zm00001eb017600,Zm00001eb017600,GWAS_Protein_Goodman,1,,
Zm00001eb002010,Zm00001eb002010,GWAS_Protein_Goodman,1,,
Zm00001eb002040,Zm00001eb002040,GWAS_Protein_Goodman,1,,
Zm00001eb002060,Zm00001eb002060,GWAS_Protein_Goodman,1,,
Zm00001eb039530,Zm00001eb039530,GWAS_Protein_Goodman,1,,
Zm00001eb039540,Zm00001eb039540,GWAS_Protein_Goodman,1,,
Zm00001eb039550,Zm00001eb039550,GWAS_Protein_Goodman,1,,
Zm00001eb039560,Zm00001eb039560,GWAS_Protein_Goodman,1,,
Zm00001eb039590,Zm00001eb039590,GWAS_Protein_Goodman,1,,
Zm00001eb039610,Zm00001eb039610,GWAS_Protein_Goodman,1,,
Zm00001eb041190,Zm00001eb041190,GWAS_Protein_Goodman,1,,
Zm00001eb016760,Zm00001eb016760,GWAS_Protein_Goodman,1,,
Zm00001eb016780,Zm00001eb016780,GWAS_Protein_Goodman,1,,
Zm00001eb016800,Zm00001eb016800,GWAS_Protein_Goodman,1,,
Zm00001eb041900,Zm00001eb041900,GWAS_Protein_Goodman,1,,
Zm00001eb041910,Zm00001eb041910,GWAS_Protein_Goodman,1,,
Zm00001eb020590,Zm00001eb020590,GWAS_Protein_Goodman,1,,
Zm00001eb020600,Zm00001eb020600,GWAS_Protein_Goodman,1,,
Zm00001eb026960,Zm00001eb026960,GWAS_Protein_Goodman,1,,
Zm00001eb019830,Zm00001eb019830,GWAS_Protein_Goodman,1,,
Zm00001eb019840,Zm00001eb019840,GWAS_Protein_Goodman,1,,
Zm00001eb000170,Zm00001eb000170,GWAS_Protein_Goodman,1,,
Zm00001eb000190,Zm00001eb000190,GWAS_Protein_Goodman,1,,
Zm00001eb011300,Zm00001eb011300,GWAS_Protein_Goodman,1,,
Zm00001eb000850,Zm00001eb000850,GWAS_Protein_Goodman,1,,
Zm00001eb000860,Zm00001eb000860,GWAS_Protein_Goodman,1,,
Zm00001eb000870,Zm00001eb000870,GWAS_Protein_Goodman,1,,
Zm00001eb000910,Zm00001eb000910,GWAS_Protein_Goodman,1,,
Zm00001eb005360,Zm00001eb005360,GWAS_Protein_Goodman,1,,
Zm00001eb005370,Zm00001eb005370,GWAS_Protein_Goodman,1,,
Zm00001eb005380,Zm00001eb005380,GWAS_Protein_Goodman,1,,
Zm00001eb005390,Zm00001eb005390,GWAS_Protein_Goodman,1,,
Zm00001eb005400,Zm00001eb005400,GWAS_Protein_Goodman,1,,
Zm00001eb025500,Zm00001eb025500,GWAS_Protein_Goodman,1,,
Zm00001eb025510,Zm00001eb025510,GWAS_Protein_Goodman,1,,
Zm00001eb027810,Zm00001eb027810,GWAS_Protein_Goodman,1,,
Zm00001eb004780,Zm00001eb004780,GWAS_Protein_Goodman,1,,
Zm00001eb004790,Zm00001eb004790,GWAS_Protein_Goodman,1,,
Zm00001eb005630,Zm00001eb005630,GWAS_Protein_Goodman,1,,
Zm00001eb005640,Zm00001eb005640,GWAS_Protein_Goodman,1,,
Zm00001eb005660,Zm00001eb005660,GWAS_Protein_Goodman,1,,
Zm00001eb005670,Zm00001eb005670,GWAS_Protein_Goodman,1,,
Zm00001eb005690,Zm00001eb005690,GWAS_Protein_Goodman,1,,
Zm00001eb002610,Zm00001eb002610,GWAS_Protein_Goodman,1,,
Zm00001eb002620,Zm00001eb002620,GWAS_Protein_Goodman,1,,
Zm00001eb002640,Zm00001eb002640,GWAS_Protein_Goodman,1,,
Zm00001eb002660,Zm00001eb002660,GWAS_Protein_Goodman,1,,
Zm00001eb005020,Zm00001eb005020,GWAS_Protein_Goodman,1,,
Zm00001eb005030,Zm00001eb005030,GWAS_Protein_Goodman,1,,
Zm00001eb005060,Zm00001eb005060,GWAS_Protein_Goodman,1,,
Zm00001eb005070,Zm00001eb005070,GWAS_Protein_Goodman,1,,
Zm00001eb034180,Zm00001eb034180,GWAS_Protein_Goodman,1,,
Zm00001eb033100,Zm00001eb033100,GWAS_Protein_Goodman,1,,
Zm00001eb033110,Zm00001eb033110,GWAS_Protein_Goodman,1,,
Zm00001eb033120,Zm00001eb033120,GWAS_Protein_Goodman,1,,
Zm00001eb033130,Zm00001eb033130,GWAS_Protein_Goodman,1,,
Zm00001eb033140,Zm00001eb033140,GWAS_Protein_Goodman,1,,
Zm00001eb029690,Zm00001eb029690,GWAS_Protein_Goodman,1,,
Zm00001eb029710,Zm00001eb029710,GWAS_Protein_Goodman,1,,
Zm00001eb006890,Zm00001eb006890,GWAS_Protein_Goodman,1,,
Zm00001eb006910,Zm00001eb006910,GWAS_Protein_Goodman,1,,
Zm00001eb046100,Zm00001eb046100,GWAS_Protein_Goodman,1,,
Zm00001eb017630,Zm00001eb017630,GWAS_Protein_Goodman,1,,
Zm00001eb017660,Zm00001eb017660,GWAS_Protein_Goodman,1,,
Zm00001eb004430,Zm00001eb004430,GWAS_Protein_Goodman,1,,
Zm00001eb004440,Zm00001eb004440,GWAS_Protein_Goodman,1,,
Zm00001eb004490,Zm00001eb004490,GWAS_Protein_Goodman,1,,
Zm00001eb041980,Zm00001eb041980,GWAS_Protein_Goodman,1,,
Zm00001eb015750,Zm00001eb015750,GWAS_Protein_Goodman,1,,
Zm00001eb054430,Zm00001eb054430,GWAS_Protein_Goodman,1,,
Zm00001eb002570,Zm00001eb002570,GWAS_Protein_Goodman,1,,
Zm00001eb030760,Zm00001eb030760,GWAS_Protein_Goodman,1,,
Zm00001eb040310,Zm00001eb040310,GWAS_Protein_Goodman,1,,
Zm00001eb000550,Zm00001eb000550,GWAS_Protein_Goodman,1,,
Zm00001eb007320,Zm00001eb007320,GWAS_Protein_Goodman,1,,
Zm00001eb007440,Zm00001eb007440,GWAS_Protein_Goodman,1,,
Zm00001eb007490,Zm00001eb007490,GWAS_Protein_Goodman,1,,
Zm00001eb007500,Zm00001eb007500,GWAS_Protein_Goodman,1,,
Zm00001eb063660,Zm00001eb063660,GWAS_Protein_Goodman,1,,
Zm00001eb063670,Zm00001eb063670,GWAS_Protein_Goodman,1,,
Zm00001eb063680,Zm00001eb063680,GWAS_Protein_Goodman,1,,
Zm00001eb063690,Zm00001eb063690,GWAS_Protein_Goodman,1,,
Zm00001eb063700,Zm00001eb063700,GWAS_Protein_Goodman,1,,
Zm00001eb028670,Zm00001eb028670,GWAS_Protein_Goodman,1,,
Zm00001eb002170,Zm00001eb002170,GWAS_Protein_Goodman,1,,
Zm00001eb002180,Zm00001eb002180,GWAS_Protein_Goodman,1,,
Zm00001eb002190,Zm00001eb002190,GWAS_Protein_Goodman,1,,
Zm00001eb002200,Zm00001eb002200,GWAS_Protein_Goodman,1,,
Zm00001eb002220,Zm00001eb002220,GWAS_Protein_Goodman,1,,
Zm00001eb002250,Zm00001eb002250,GWAS_Protein_Goodman,1,,
Zm00001eb002260,Zm00001eb002260,GWAS_Protein_Goodman,1,,
Zm00001eb042530,Zm00001eb042530,GWAS_Protein_Goodman,1,,
Zm00001eb042540,Zm00001eb042540,GWAS_Protein_Goodman,1,,
Zm00001eb042570,Zm00001eb042570,GWAS_Protein_Goodman,1,,
Zm00001eb001940,Zm00001eb001940,GWAS_Protein_Goodman,1,,
Zm00001eb001950,Zm00001eb001950,GWAS_Protein_Goodman,1,,
Zm00001eb001960,Zm00001eb001960,GWAS_Protein_Goodman,1,,
Zm00001eb001970,Zm00001eb001970,GWAS_Protein_Goodman,1,,
Zm00001eb001980,Zm00001eb001980,GWAS_Protein_Goodman,1,,
Zm00001eb021650,Zm00001eb021650,GWAS_Protein_Goodman,1,,
Zm00001eb021690,Zm00001eb021690,GWAS_Protein_Goodman,1,,
Zm00001eb021710,Zm00001eb021710,GWAS_Protein_Goodman,1,,
Zm00001eb036930,Zm00001eb036930,GWAS_Protein_Goodman,1,,
Zm00001eb036940,Zm00001eb036940,GWAS_Protein_Goodman,1,,
Zm00001eb004570,Zm00001eb004570,GWAS_Protein_Goodman,1,,
Zm00001eb004590,Zm00001eb004590,GWAS_Protein_Goodman,1,,
Zm00001eb004660,Zm00001eb004660,GWAS_Protein_Goodman,1,,
Zm00001eb004670,Zm00001eb004670,GWAS_Protein_Goodman,1,,
Zm00001eb024450,Zm00001eb024450,GWAS_Protein_Goodman,1,,
Zm00001eb024460,Zm00001eb024460,GWAS_Protein_Goodman,1,,
Zm00001eb025130,Zm00001eb025130,GWAS_Protein_Goodman,1,,
Zm00001eb025140,Zm00001eb025140,GWAS_Protein_Goodman,1,,
Zm00001eb045670,Zm00001eb045670,GWAS_Protein_Goodman,1,,
Zm00001eb045680,Zm00001eb045680,GWAS_Protein_Goodman,1,,
Zm00001eb045690,Zm00001eb045690,GWAS_Protein_Goodman,1,,
Zm00001eb045730,Zm00001eb045730,GWAS_Protein_Goodman,1,,
Zm00001eb042420,Zm00001eb042420,GWAS_Protein_Goodman,1,,
Zm00001eb006590,Zm00001eb006590,GWAS_Protein_Goodman,1,,
Zm00001eb006620,Zm00001eb006620,GWAS_Protein_Goodman,1,,
Zm00001eb060510,Zm00001eb060510,GWAS_Protein_Goodman,1,,
Zm00001eb060520,Zm00001eb060520,GWAS_Protein_Goodman,1,,
Zm00001eb060530,Zm00001eb060530,GWAS_Protein_Goodman,1,,
Zm00001eb060550,Zm00001eb060550,GWAS_Protein_Goodman,1,,
Zm00001eb022820,Zm00001eb022820,GWAS_Protein_Goodman,1,,
Zm00001eb022830,Zm00001eb022830,GWAS_Protein_Goodman,1,,
Zm00001eb061360,Zm00001eb061360,GWAS_Protein_Goodman,1,,
Zm00001eb061370,Zm00001eb061370,GWAS_Protein_Goodman,1,,
Zm00001eb028370,Zm00001eb028370,GWAS_Protein_Goodman,1,,
Zm00001eb035570,Zm00001eb035570,GWAS_Protein_Goodman,1,,
Zm00001eb035580,Zm00001eb035580,GWAS_Protein_Goodman,1,,
Zm00001eb024130,Zm00001eb024130,GWAS_Protein_Goodman,1,,
