pool	window	strand	gene_assigned	barcode	n_reads	n_umi
1	PEAK	minus	Zm00001eb012760	TCCAGAAGGCAACA	37	37
1	OUTSIDE	minus	-	CTCGTGCCTCAGGA	1	1
1	OUTSIDE	minus	-	ATGCAATTACACCG	1	1
1	GAP	minus	-	CCACGTTCCGGTAG	1	1
1	PEAK	plus	-	CAAGGCGTGGTTAC	260	260
1	OUTSIDE	minus	-	ACAAGGTTCCGCCG	1	1
1	OUTSIDE	minus	-	CATGCTAGCGATCG	3	3
1	OUTSIDE	minus	-	ATGCTATCTAGACA	1	1
1	PEAK	minus	Zm00001eb012760	AACCTGCTATCCGG	102	102
1	GAP	plus	-	AACATGGCACGGAA	3	3
1	OUTSIDE	minus	-	TCGATCTTCGGCAG	3	3
1	PEAK	minus	Zm00001eb012760	CATGTGTACTAGCA	22	22
1	GAP	minus	-	AAGTACTGATCCAA	6	6
1	OUTSIDE	plus	Zm00001eb012750	ACAATAGGTGGTCC	1	1
1	GAP	minus	-	CTAAGGAAGGACCG	5	5
1	NBR_BODY	minus	Zm00001eb012760	TCTGTCTATGCAGC	8	8
1	PPL2_3P	minus	-	CTCAATTAGAGACC	1	1
1	GAP	minus	-	CTCGGTTCGAATGC	8	8
1	NBR_BODY	plus	-	AAGCCTTAGGCCGC	4	4
1	PEAK	minus	-	CCGGTAGAATGGCC	1	1
1	NBR_BODY	plus	-	ACAGACGATAGTCA	1	1
1	PEAK	plus	-	CTGCTCATGAGAGA	174	174
1	GAP	plus	-	TATGAGAGCTATGA	6	6
1	GAP	minus	-	AACAACCGAAGTAA	3	3
1	NBR_BODY	minus	Zm00001eb012760	TAAGCAACAGCCGA	1	1
1	GAP	plus	-	ATTATCGGATTCGG	5	5
1	GAP	minus	-	CTCTGGCTTGCAGG	5	5
1	PEAK	plus	-	TACGTTATTCCGAA	574	574
1	NBR_BODY	minus	-	TCTTGAACGACTAA	2	2
1	NBR_BODY	minus	-	CTTGATAAGCCAGG	1	1
1	PPL2_3P	plus	Zm00001eb012750	TTCAATCTCCTTAG	1	1
1	NBR_BODY	plus	-	ATCGATGTCATAGC	1	1
1	OUTSIDE	plus	Zm00001eb012750	TTGCTACCATTGAA	2	2
1	NBR_BODY	plus	-	CCATATTGAAGCAC	1	1
1	GAP	minus	-	ACGAGCAGATGCAG	5	5
1	OUTSIDE	minus	-	CAACCAACCTATAG	1	1
1	OUTSIDE	plus	Zm00001eb012750	TCCAACTACCGAAC	2	2
1	PPL2_3P	plus	Zm00001eb012750	TTGCTACCATTGAA	1	1
1	GAP	plus	-	ATGCTGCAACGGCA	16	16
1	NBR_BODY	plus	-	ACTCAGGCACCTCC	1	1
1	NBR_BODY	minus	Zm00001eb012760	CCGCAAGAGGTTGG	1	1
1	OUTSIDE	plus	-	TCGATGCTATATGA	1	1
1	PPL2_3P	plus	-	ATGAATGTTGCCAC	6	6
1	PEAK	plus	-	AAGCCTTAGGCCGC	193	193
1	GAP	plus	-	ACCGGATAACGGAA	19	19
1	NBR_BODY	plus	-	CTTATATCGTCGGC	1	1
1	GAP	minus	-	AACTAGTATCCGGA	7	7
1	NBR_BODY	minus	Zm00001eb012760	ACAATAGGTGGTCC	1	1
1	OUTSIDE	minus	-	ATCCTAAGTGGAGG	2	2
1	GAP	minus	-	CAGACATGATAGAG	6	6
1	PEAK	plus	-	ATCGATGTCATAGC	174	174
1	GAP	plus	-	TCGATTGGTAATGG	5	5
1	PEAK	plus	-	CCTCCATCCATGGA	207	207
1	PEAK	minus	-	ACCGATGTGCCGGA	1	1
1	PEAK	minus	Zm00001eb012760	TACGTTATTCCGAA	86	86
1	NBR_BODY	plus	-	TCCGAAGTTGTAGA	1	1
1	GAP	minus	-	CACATCGACAGCAG	10	10
1	PPL2_3P	plus	Zm00001eb012750	CAGATCGCTCTGCG	9	9
1	PEAK	plus	-	ACTATCTGCAGTCG	234	234
1	NBR_BODY	plus	-	TACACTATAGCTAG	2	2
1	PPL2_3P	plus	-	CCTCCATCCATGGA	2	2
1	OUTSIDE	minus	-	TTCTGAGGCGATGG	3	3
1	NBR_BODY	minus	Zm00001eb012760	ATAATATTGCCTCC	5	5
1	NBR_BODY	minus	Zm00001eb012760	ACGCTCCTAACGGC	4	4
1	PEAK	plus	-	ACTCAGGCACCTCC	321	321
1	PEAK	minus	Zm00001eb012760	ATGAATGTTGCCAC	29	29
1	GAP	plus	-	ACGCAGCGAGCAGA	5	5
1	NBR_BODY	plus	-	AACCTGCTATCCGG	2	2
1	PEAK	minus	Zm00001eb012760	-	440	0
1	PPL2_3P	plus	-	ATACCGTTGGAGGA	1	1
1	GAP	minus	-	TAAGGACCTCATAA	10	10
1	NBR_BODY	plus	-	CATGTGTACTAGCA	1	1
1	NBR_BODY	minus	Zm00001eb012760	TCCAACTACCGAAC	4	4
1	PPL2_3P	minus	-	-	28	0
1	PPL2_3P	plus	Zm00001eb012750	ACCAATCCGTATAA	1	1
1	NBR_BODY	plus	-	-	3	0
1	OUTSIDE	plus	Zm00001eb012750	TCAGCGTGTCGTCA	1	1
1	OUTSIDE	plus	Zm00001eb012750	TAACCTAACTTCAC	1	1
1	PEAK	plus	-	TACACTATAGCTAG	311	311
1	PEAK	minus	Zm00001eb012760	CCTCCATCCATGGA	23	23
1	GAP	plus	-	TCTTGAACGACTAA	29	29
1	GAP	plus	-	CTTGATAAGCCAGG	9	9
1	PEAK	plus	-	TCCAGAAGGCAACA	176	176
1	PPL2_3P	plus	Zm00001eb012750	TCAGCGTGTCGTCA	3	3
1	GAP	minus	-	CTCAATTAGAGACC	8	8
1	GAP	plus	-	CCACGTTCCGGTAG	7	7
1	PEAK	minus	Zm00001eb012760	ATACCGTTGGAGGA	60	60
1	PEAK	plus	-	AACCTGCTATCCGG	416	416
1	PEAK	minus	Zm00001eb012760	AACCATCGCATCCA	98	98
1	PPL2_3P	minus	-	CTGATATGCAGCGA	1	1
1	PPL2_3P	plus	Zm00001eb012750	CACGTAGCTAGACG	3	3
1	NBR_BODY	plus	-	CAAGGCGTGGTTAC	5	5
1	PPL2_3P	plus	Zm00001eb012750	TCCAAGGCATTAAG	1	1
1	NBR_BODY	minus	Zm00001eb012760	CATGCTAGCGATCG	5	5
1	PEAK	plus	-	CATGTGTACTAGCA	88	88
1	GAP	plus	-	AAGCGCACCGGAAC	6	6
1	NBR_BODY	minus	-	ATGCTGCAACGGCA	1	1
1	OUTSIDE	minus	-	CCGGTAGAATGGCC	7	7
1	NBR_BODY	minus	Zm00001eb012760	TCGATCTTCGGCAG	5	5
1	GAP	plus	-	AAGTACTGATCCAA	20	20
1	GAP	plus	-	CTAAGGAAGGACCG	6	6
1	PPL2_3P	minus	-	CTGCTCATGAGAGA	1	1
1	NBR_BODY	minus	-	TCGATTGGTAATGG	1	1
1	GAP	plus	-	AACAACCGAAGTAA	12	12
1	NBR_BODY	minus	Zm00001eb012760	TAACCTAACTTCAC	4	4
1	GAP	plus	-	AATGTGTGGATACC	2	2
1	NBR_BODY	plus	-	TACGTTATTCCGAA	3	3
1	GAP	plus	-	CATGGAACTCCGGC	8	8
1	PPL2_3P	minus	-	AAGCCTTAGGCCGC	1	1
1	GAP	plus	-	ACGAGCAGATGCAG	18	18
1	PPL2_3P	plus	Zm00001eb012750	CCGCAAGAGGTTGG	1	1
1	PPL2_3P	minus	-	ATCGATGTCATAGC	1	1
1	OUTSIDE	plus	-	-	1	0
1	PPL2_3P	minus	-	CCATATTGAAGCAC	1	1
1	OUTSIDE	minus	-	ACCGATGTGCCGGA	2	2
1	GAP	minus	-	AACAGGATAACTCC	4	4
1	PEAK	plus	-	CAAGTATAAGGAAC	204	204
1	GAP	plus	-	AACTAGTATCCGGA	10	10
1	OUTSIDE	plus	Zm00001eb012750	ACATCTTCTTGAAC	1	1
1	OUTSIDE	plus	Zm00001eb012750	ACGCTCCTAACGGC	2	2
1	GAP	minus	-	CTCCTAACACAGCC	11	11
1	GAP	plus	-	CAGACATGATAGAG	6	6
1	OUTSIDE	plus	-	CCACGTTCCGGTAG	1	1
1	PPL2_3P	plus	Zm00001eb012750	ATAATATTGCCTCC	2	2
1	GAP	plus	-	CACATCGACAGCAG	6	6
1	GAP	minus	-	TCCATGTGTCCAGG	16	16
1	PPL2_3P	minus	-	CTTATATCGTCGGC	2	2
1	PEAK	plus	-	ATGAATGTTGCCAC	364	364
1	NBR_BODY	minus	Zm00001eb012760	TTCTGAGGCGATGG	2	2
1	NBR_BODY	plus	-	AACCATCGCATCCA	4	4
1	PPL2_3P	minus	-	TCCGAAGTTGTAGA	3	3
1	NBR_BODY	minus	Zm00001eb012760	CAGTCTAGTGCGCA	9	9
1	PPL2_3P	plus	Zm00001eb012750	TCCAACTACCGAAC	1	1
1	GAP	plus	-	TAAGGACCTCATAA	15	15
1	GAP	plus	-	ATCCGGCGATGACC	9	9
1	GAP	minus	-	CTGATATGCAGCGA	8	8
1	PEAK	plus	-	CAGATCGCTCTGCG	974	974
1	PEAK	minus	Zm00001eb012760	TTCAATCTCCTTAG	49	49
1	PEAK	minus	Zm00001eb012760	CAAGTATAAGGAAC	30	30
1	OUTSIDE	minus	-	CTCTCAAGTCCTCC	3	3
1	OUTSIDE	plus	Zm00001eb012750	CTCGTGCCTCAGGA	2	2
1	OUTSIDE	plus	Zm00001eb012750	ATGCAATTACACCG	1	1
1	PEAK	minus	Zm00001eb012760	CAGCAGCGCTGACA	24	24
1	NBR_BODY	minus	-	AACAACCGAAGTAA	1	1
1	NBR_BODY	minus	Zm00001eb012760	ACATCTTCTTGAAC	2	2
1	PEAK	minus	Zm00001eb012760	TTGCTACCATTGAA	138	138
1	NBR_BODY	plus	-	TCCAGAAGGCAACA	1	1
1	GAP	plus	-	TTAACTTACGGTCA	14	14
1	PEAK	plus	-	ATACCGTTGGAGGA	251	251
1	PEAK	plus	-	AACCATCGCATCCA	913	913
1	OUTSIDE	plus	Zm00001eb012750	TCGATCTTCGGCAG	2	2
1	PEAK	plus	-	ACCAATCCGTATAA	126	126
1	NBR_BODY	minus	Zm00001eb012760	TATGACTGCATGCG	2	2
1	NBR_BODY	minus	Zm00001eb012760	TACTGACTATCGAG	3	3
1	GAP	minus	-	AAGCCTTAGGCCGC	5	5
1	GAP	minus	-	ACAGACGATAGTCA	14	14
1	OUTSIDE	plus	-	AACTAGTATCCGGA	1	1
1	PEAK	minus	Zm00001eb012760	CAGATCGCTCTGCG	176	176
1	NBR_BODY	minus	Zm00001eb012760	ATTCCAGTTCTTGC	2	2
1	OUTSIDE	plus	-	CAGACATGATAGAG	2	2
1	GAP	minus	-	ATCGATGTCATAGC	3	3
1	PPL2_3P	plus	-	TCAGCGTGTCGTCA	1	1
1	PEAK	plus	-	TCCAAGGCATTAAG	337	337
1	GAP	minus	-	CCATATTGAAGCAC	5	5
1	PPL2_3P	plus	Zm00001eb012750	TAACCTAACTTCAC	1	1
1	OUTSIDE	minus	-	ATACGATGCTGCGC	1	1
1	NBR_BODY	minus	Zm00001eb012760	CTCGTGCCTCAGGA	2	2
1	PEAK	plus	-	ATGTAGGTAATCGG	185	185
1	GAP	minus	-	ACTATCTGCAGTCG	10	10
1	NBR_BODY	minus	Zm00001eb012760	ATGCAATTACACCG	3	3
1	PEAK	plus	-	TCTGTCTATGCAGC	369	369
1	NBR_BODY	minus	Zm00001eb012760	ACAAGGTTCCGCCG	4	4
1	OUTSIDE	minus	-	TAACACCTCCAACG	3	3
1	GAP	minus	-	ACTCAGGCACCTCC	5	5
1	NBR_BODY	minus	Zm00001eb012760	ATGCTATCTAGACA	2	2
1	PEAK	minus	Zm00001eb012760	ACCAATCCGTATAA	57	57
1	OUTSIDE	minus	-	ACGGCTCTTAGGCC	3	3
1	GAP	minus	-	-	25	0
1	OUTSIDE	plus	-	TAAGGACCTCATAA	1	1
1	OUTSIDE	plus	-	ATCCGGCGATGACC	1	1
1	GAP	minus	-	CTTATATCGTCGGC	13	13
1	PEAK	plus	-	TAAGCAACAGCCGA	207	207
1	PPL2_3P	minus	-	TACGTTATTCCGAA	1	1
1	GAP	plus	-	CTCGGTTCGAATGC	18	18
1	GAP	minus	-	TCCGAAGTTGTAGA	6	6
1	GAP	plus	-	AACAGGATAACTCC	15	15
1	OUTSIDE	minus	-	AACATGGCACGGAA	1	1
1	GAP	minus	-	TACACTATAGCTAG	4	4
1	PPL2_3P	minus	-	ATGAATGTTGCCAC	5	5
1	NBR_BODY	plus	-	CAAGTATAAGGAAC	1	1
1	NBR_BODY	minus	Zm00001eb012760	TATGTACGTAGAGA	2	2
1	PEAK	minus	Zm00001eb012760	CACGTAGCTAGACG	26	26
1	PEAK	minus	Zm00001eb012760	TCCAAGGCATTAAG	77	77
1	GAP	plus	-	CTCTGGCTTGCAGG	8	8
1	GAP	plus	-	CTCCTAACACAGCC	8	8
1	OUTSIDE	plus	Zm00001eb012750	TTCTGAGGCGATGG	1	1
1	PEAK	minus	Zm00001eb012760	ATGTAGGTAATCGG	37	37
1	PEAK	plus	-	CCGCAAGAGGTTGG	307	307
1	PEAK	minus	Zm00001eb012760	TCTGTCTATGCAGC	72	72
1	GAP	plus	-	TCCATGTGTCCAGG	10	10
1	GAP	minus	-	AACCTGCTATCCGG	9	9
1	PEAK	plus	-	ACAATAGGTGGTCC	177	177
1	PPL2_3P	plus	Zm00001eb012750	CAGTCTAGTGCGCA	1	1
1	GAP	minus	-	CATGTGTACTAGCA	1	1
1	NBR_BODY	minus	Zm00001eb012760	CAACCAACCTATAG	2	2
1	NBR_BODY	plus	-	ATGAATGTTGCCAC	1	1
1	GAP	minus	-	ACGGCCTTCAACCA	1	1
1	PPL2_3P	minus	-	CCTCCATCCATGGA	2	2
1	PEAK	minus	Zm00001eb012760	TAAGCAACAGCCGA	48	48
1	PEAK	plus	-	TTCAATCTCCTTAG	239	239
1	GAP	plus	-	CTGATATGCAGCGA	8	8
1	PEAK	plus	-	CAGCAGCGCTGACA	202	202
1	PPL2_3P	minus	-	AACCATCGCATCCA	1	1
1	NBR_BODY	plus	-	CAGATCGCTCTGCG	6	6
1	NBR_BODY	minus	Zm00001eb012760	ATCCTAAGTGGAGG	2	2
1	PPL2_3P	plus	Zm00001eb012750	ACATCTTCTTGAAC	1	1
1	OUTSIDE	minus	-	ATGCTGCAACGGCA	3	3
1	PEAK	plus	-	TTGCTACCATTGAA	210	210
1	PPL2_3P	plus	Zm00001eb012750	ACGCTCCTAACGGC	1	1
1	PEAK	minus	Zm00001eb012760	CCGCAAGAGGTTGG	34	34
1	GAP	minus	-	CAAGGCGTGGTTAC	3	3
1	OUTSIDE	minus	-	CTCCGCATGCTTCC	11	11
1	PEAK	minus	Zm00001eb012760	ACAATAGGTGGTCC	21	21
1	NBR_BODY	plus	-	ATACCGTTGGAGGA	1	1
1	PPL2_3P	plus	Zm00001eb012750	TATGACTGCATGCG	2	2
1	PEAK	plus	-	ATTGCGTCCATTAG	117	117
1	PPL2_3P	plus	Zm00001eb012750	TACTGACTATCGAG	1	1
1	NBR_BODY	plus	-	ACCAATCCGTATAA	1	1
1	OUTSIDE	plus	-	AACAGGATAACTCC	1	1
1	GAP	plus	-	AAGCCTTAGGCCGC	8	8
1	GAP	plus	-	ACAGACGATAGTCA	15	15
1	PEAK	minus	Zm00001eb012760	ATAATATTGCCTCC	56	56
1	GAP	minus	-	CTGCTCATGAGAGA	12	12
1	GAP	minus	-	TACGTTATTCCGAA	14	14
1	PPL2_3P	plus	Zm00001eb012750	CTCGTGCCTCAGGA	1	1
1	PPL2_3P	plus	Zm00001eb012750	ATGCAATTACACCG	4	4
1	GAP	plus	-	CCATATTGAAGCAC	2	2
1	GAP	plus	-	CTCAATTAGAGACC	14	14
1	PPL2_3P	plus	Zm00001eb012750	ACAAGGTTCCGCCG	1	1
1	PEAK	minus	Zm00001eb012760	TCCAACTACCGAAC	52	52
1	GAP	plus	-	ACTATCTGCAGTCG	6	6
1	NBR_BODY	plus	-	TCTGTCTATGCAGC	4	4
1	PPL2_3P	plus	Zm00001eb012750	ATTCCGCTCTGAGG	2	2
1	PPL2_3P	plus	Zm00001eb012750	TCGATCTTCGGCAG	4	4
1	GAP	plus	-	ACTCAGGCACCTCC	14	14
1	PEAK	minus	Zm00001eb012760	ATTGCGTCCATTAG	32	32
1	OUTSIDE	minus	-	TCTTGAACGACTAA	3	3
1	OUTSIDE	minus	-	CTTGATAAGCCAGG	3	3
1	OUTSIDE	plus	Zm00001eb012750	ACCGATGTGCCGGA	1	1
1	GAP	plus	-	CTTATATCGTCGGC	5	5
1	NBR_BODY	minus	Zm00001eb012760	CCGGTAGAATGGCC	6	6
1	PEAK	plus	-	TCAGCGTGTCGTCA	162	162
1	NBR_BODY	minus	Zm00001eb012760	ACTTAAGGTCCAAC	2	2
1	NBR_BODY	plus	-	TAAGCAACAGCCGA	2	2
1	PEAK	plus	-	TAACCTAACTTCAC	243	243
1	GAP	minus	-	CCTCCATCCATGGA	6	6
1	OUTSIDE	minus	-	AAGCGCACCGGAAC	1	1
1	PEAK	plus	-	CACGTAGCTAGACG	202	202
1	GAP	plus	-	TCCGAAGTTGTAGA	3	3
1	OUTSIDE	minus	-	TCGATGCTATATGA	7	7
1	NBR_BODY	plus	-	CCGCAAGAGGTTGG	2	2
1	PPL2_3P	minus	-	TTCAATCTCCTTAG	1	1
1	NBR_BODY	plus	-	ACAATAGGTGGTCC	2	2
1	GAP	plus	-	ACGGCCTTCAACCA	5	5
1	PEAK	minus	Zm00001eb012760	TCAGCGTGTCGTCA	84	84
1	OUTSIDE	minus	-	CATGGAACTCCGGC	1	1
1	PEAK	minus	Zm00001eb012760	TAACCTAACTTCAC	84	84
1	PPL2_3P	minus	-	TTGCTACCATTGAA	1	1
1	NBR_BODY	minus	Zm00001eb012760	ACCGATGTGCCGGA	5	5
1	NBR_BODY	minus	Zm00001eb012760	TTCATGGTAGAGAG	2	2
1	GAP	minus	-	TCCAGAAGGCAACA	1	1
1	NBR_BODY	plus	-	ATAATATTGCCTCC	2	2
1	PPL2_3P	plus	Zm00001eb012750	TTCTGAGGCGATGG	2	2
1	GAP	plus	-	CAAGGCGTGGTTAC	18	18
1	NBR_BODY	plus	-	TTGCTACCATTGAA	5	5
1	NBR_BODY	minus	-	ACTATCTGCAGTCG	1	1
1	OUTSIDE	plus	-	ACTCAGGCACCTCC	1	1
1	PPL2_3P	plus	-	CAGTCTAGTGCGCA	1	1
1	NBR_BODY	minus	Zm00001eb012760	CTCCGCATGCTTCC	6	6
1	OUTSIDE	minus	-	TATGAGAGCTATGA	1	1
1	PEAK	plus	-	ATAATATTGCCTCC	260	260
1	PEAK	plus	-	ACGCTCCTAACGGC	210	210
1	NBR_BODY	minus	Zm00001eb012760	CTCTCAAGTCCTCC	4	4
1	PPL2_3P	plus	-	ACGCTCCTAACGGC	1	1
1	GAP	plus	-	CTGCTCATGAGAGA	4	4
1	PEAK	minus	Zm00001eb012760	CAGTCTAGTGCGCA	60	60
1	OUTSIDE	minus	-	ACCGGATAACGGAA	1	1
1	GAP	plus	-	TACGTTATTCCGAA	26	26
1	OUTSIDE	minus	-	ATCCGGCGATGACC	1	1
1	PEAK	plus	-	TCCAACTACCGAAC	232	232
1	PEAK	plus	-	TACTGACTATCGAG	254	254
1	OUTSIDE	plus	Zm00001eb012750	CCGGTAGAATGGCC	59	59
1	OUTSIDE	minus	-	TCGATTGGTAATGG	1	1
1	NBR_BODY	minus	-	AACCTGCTATCCGG	1	1
1	PPL2_3P	plus	Zm00001eb012750	CCGGTAGAATGGCC	101	101
1	PEAK	minus	Zm00001eb012760	ACATCTTCTTGAAC	156	156
1	OUTSIDE	minus	-	TTAACTTACGGTCA	3	3
1	PPL2_3P	minus	-	ATGTAGGTAATCGG	1	1
1	PEAK	minus	Zm00001eb012760	ACGCTCCTAACGGC	48	48
1	GAP	minus	-	CAAGTATAAGGAAC	4	4
1	GAP	minus	-	TTCAATCTCCTTAG	4	4
1	PEAK	plus	-	CATGCTAGCGATCG	277	277
1	NBR_BODY	plus	-	TAACCTAACTTCAC	2	2
1	GAP	minus	-	CAGCAGCGCTGACA	2	2
1	PEAK	plus	-	ATGCTATCTAGACA	102	102
1	GAP	plus	-	ATCGATGTCATAGC	7	7
1	GAP	plus	-	CCTCCATCCATGGA	8	8
1	PEAK	plus	-	TCGATCTTCGGCAG	187	187
1	NBR_BODY	minus	Zm00001eb012760	ATACGATGCTGCGC	3	3
1	PEAK	minus	Zm00001eb012760	TACTGACTATCGAG	65	65
1	GAP	minus	-	ATGAATGTTGCCAC	1	1
1	NBR_BODY	minus	Zm00001eb012760	TAACACCTCCAACG	8	8
1	PEAK	minus	Zm00001eb012760	ATTCCAGTTCTTGC	110	110
1	NBR_BODY	minus	Zm00001eb012760	ACGGCTCTTAGGCC	6	6
1	OUTSIDE	plus	Zm00001eb012750	ACCAACTTAGACAA	2	2
1	PPL2_3P	plus	Zm00001eb012750	ACCGATGTGCCGGA	3	3
1	PEAK	minus	Zm00001eb012760	CTCGTGCCTCAGGA	46	46
1	PPL2_3P	minus	-	CCGCAAGAGGTTGG	1	1
1	GAP	minus	-	CAGATCGCTCTGCG	33	33
1	PEAK	minus	Zm00001eb012760	ATGCAATTACACCG	52	52
1	PEAK	minus	Zm00001eb012760	ACAAGGTTCCGCCG	25	25
1	PEAK	minus	Zm00001eb012760	CATGCTAGCGATCG	48	48
1	PEAK	minus	-	CTCAATTAGAGACC	2	2
1	PEAK	minus	Zm00001eb012760	ATGCTATCTAGACA	82	82
1	GAP	plus	-	TACACTATAGCTAG	11	11
1	NBR_BODY	minus	Zm00001eb012760	AACATGGCACGGAA	3	3
1	OUTSIDE	minus	-	AAGTACTGATCCAA	2	2
1	PEAK	minus	Zm00001eb012760	ATTCCGCTCTGAGG	87	87
1	PEAK	plus	-	CAACCAACCTATAG	169	169
1	GAP	plus	-	TCCAGAAGGCAACA	6	6
1	OUTSIDE	plus	Zm00001eb012750	CTCCGCATGCTTCC	19	19
1	PEAK	minus	Zm00001eb012760	TCGATCTTCGGCAG	43	43
1	GAP	minus	-	ATACCGTTGGAGGA	5	5
1	GAP	minus	-	AACCATCGCATCCA	14	14
1	NBR_BODY	plus	-	CAGTCTAGTGCGCA	4	4
1	PPL2_3P	plus	Zm00001eb012750	CTCCGCATGCTTCC	23	23
1	PEAK	plus	-	-	480	0
1	GAP	plus	-	AACCTGCTATCCGG	14	14
1	GAP	minus	-	ACCAATCCGTATAA	6	6
1	OUTSIDE	minus	-	AACAGGATAACTCC	2	2
1	PPL2_3P	minus	-	ATAATATTGCCTCC	2	2
1	GAP	plus	-	CATGTGTACTAGCA	7	7
1	OUTSIDE	minus	-	CTCCTAACACAGCC	1	1
1	NBR_BODY	minus	Zm00001eb012760	ATTATCGGATTCGG	1	1
1	PPL2_3P	plus	-	ATCCTAAGTGGAGG	2	2
1	PPL2_3P	plus	Zm00001eb012750	CTCTCAAGTCCTCC	3	3
1	PPL2_3P	minus	-	TCCAACTACCGAAC	1	1
1	OUTSIDE	minus	-	ACGAGCAGATGCAG	1	1
1	NBR_BODY	plus	-	ACATCTTCTTGAAC	3	3
1	PEAK	plus	-	TTCTGAGGCGATGG	269	269
1	GAP	minus	-	CACGTAGCTAGACG	6	6
1	GAP	minus	-	TCCAAGGCATTAAG	12	12
1	PEAK	minus	Zm00001eb012760	CAACCAACCTATAG	47	47
1	PEAK	plus	-	CAGTCTAGTGCGCA	466	466
1	NBR_BODY	minus	Zm00001eb012760	ATGCTGCAACGGCA	6	6
1	GAP	minus	-	ATGTAGGTAATCGG	5	5
1	GAP	minus	-	TCTGTCTATGCAGC	9	9
1	OUTSIDE	plus	Zm00001eb012750	TCTTGAACGACTAA	3	3
1	NBR_BODY	minus	-	ATACCGTTGGAGGA	1	1
1	NBR_BODY	plus	-	TACTGACTATCGAG	2	2
1	OUTSIDE	minus	-	CAGACATGATAGAG	3	3
1	PEAK	minus	Zm00001eb012760	ATCCTAAGTGGAGG	45	45
1	GAP	minus	-	TAAGCAACAGCCGA	4	4
1	NBR_BODY	plus	-	ATTCCAGTTCTTGC	5	5
1	PEAK	plus	-	ACATCTTCTTGAAC	231	231
1	OUTSIDE	plus	Zm00001eb012750	AAGCGCACCGGAAC	3	3
1	PEAK	minus	Zm00001eb012760	TTCTGAGGCGATGG	53	53
1	GAP	plus	-	TTCAATCTCCTTAG	12	12
1	GAP	plus	-	CAAGTATAAGGAAC	9	9
1	OUTSIDE	plus	Zm00001eb012750	TCGATGCTATATGA	37	37
1	NBR_BODY	plus	-	ACAAGGTTCCGCCG	1	1
1	PEAK	plus	-	TATGACTGCATGCG	218	218
1	GAP	minus	-	CCGCAAGAGGTTGG	5	5
1	OUTSIDE	plus	Zm00001eb012750	ACGGCTCTTAGGCC	4	4
1	NBR_BODY	plus	-	TCGATCTTCGGCAG	3	3
1	PPL2_3P	plus	Zm00001eb012750	TAACACCTCCAACG	1	1
1	GAP	minus	-	ACAATAGGTGGTCC	2	2
1	PPL2_3P	minus	-	TAACCTAACTTCAC	1	1
1	PEAK	plus	-	ATTCCAGTTCTTGC	335	335
1	PPL2_3P	plus	-	CCGGTAGAATGGCC	4	4
1	OUTSIDE	plus	Zm00001eb012750	CATGGAACTCCGGC	1	1
1	NBR_BODY	minus	Zm00001eb012760	TCTTGAACGACTAA	11	11
1	NBR_BODY	minus	Zm00001eb012760	CTTGATAAGCCAGG	2	2
1	OUTSIDE	minus	-	CTCAATTAGAGACC	2	2
1	PEAK	plus	-	CTCGTGCCTCAGGA	231	231
1	PEAK	plus	-	ATGCAATTACACCG	172	172
1	PEAK	plus	-	ACAAGGTTCCGCCG	213	213
1	GAP	minus	-	ATAATATTGCCTCC	11	11
1	GAP	plus	-	CAGATCGCTCTGCG	32	32
1	NBR_BODY	minus	Zm00001eb012760	AAGCGCACCGGAAC	3	3
1	PEAK	plus	-	ATTCCGCTCTGAGG	176	176
1	PEAK	minus	Zm00001eb012760	TATGACTGCATGCG	52	52
1	NBR_BODY	minus	-	-	1	0
1	GAP	minus	-	TTGCTACCATTGAA	17	17
1	NBR_BODY	minus	Zm00001eb012760	TCGATGCTATATGA	3	3
1	NBR_BODY	minus	Zm00001eb012760	AAGTACTGATCCAA	4	4
1	GAP	minus	-	TCCAACTACCGAAC	14	14
1	NBR_BODY	minus	Zm00001eb012760	CTAAGGAAGGACCG	1	1
1	OUTSIDE	plus	Zm00001eb012750	TATGAGAGCTATGA	2	2
1	GAP	plus	-	ATACCGTTGGAGGA	8	8
1	PEAK	minus	Zm00001eb012760	ACTTAAGGTCCAAC	55	55
1	GAP	plus	-	AACCATCGCATCCA	34	34
1	PEAK	plus	-	ACCGATGTGCCGGA	377	377
1	GAP	plus	-	ACCAATCCGTATAA	6	6
1	GAP	minus	-	ATTGCGTCCATTAG	4	4
1	PPL2_3P	plus	Zm00001eb012750	ATTATCGGATTCGG	1	1
1	PEAK	plus	-	TATGTACGTAGAGA	177	177
1	PPL2_3P	plus	-	ACCGATGTGCCGGA	1	1
1	PPL2_3P	plus	Zm00001eb012750	ACCAACTTAGACAA	3	3
1	NBR_BODY	minus	Zm00001eb012760	AACAACCGAAGTAA	2	2
1	NBR_BODY	minus	Zm00001eb012760	AATGTGTGGATACC	1	1
1	NBR_BODY	minus	Zm00001eb012760	CATGGAACTCCGGC	5	5
1	OUTSIDE	plus	Zm00001eb012750	ATCCGGCGATGACC	1	1
1	PPL2_3P	plus	Zm00001eb012750	ATGCTGCAACGGCA	3	3
1	NBR_BODY	plus	-	TTCTGAGGCGATGG	1	1
1	GAP	plus	-	CACGTAGCTAGACG	13	13
1	GAP	plus	-	TCCAAGGCATTAAG	8	8
1	OUTSIDE	minus	-	ACGGCCTTCAACCA	4	4
1	OUTSIDE	plus	Zm00001eb012750	TCGATTGGTAATGG	3	3
1	GAP	plus	-	ATGTAGGTAATCGG	9	9
1	PPL2_3P	plus	-	CTCCGCATGCTTCC	1	1
1	GAP	plus	-	TCTGTCTATGCAGC	8	8
1	OUTSIDE	plus	-	ATGAATGTTGCCAC	5	5
1	NBR_BODY	minus	Zm00001eb012760	-	10	0
1	PPL2_3P	minus	-	ACATCTTCTTGAAC	2	2
1	PEAK	minus	Zm00001eb012760	ACCGATGTGCCGGA	55	55
1	PPL2_3P	minus	-	ACGCTCCTAACGGC	2	2
1	NBR_BODY	minus	Zm00001eb012760	AACTAGTATCCGGA	4	4
1	PEAK	plus	-	ATCCTAAGTGGAGG	123	123
1	PEAK	minus	Zm00001eb012760	TATGTACGTAGAGA	30	30
1	GAP	plus	-	TAAGCAACAGCCGA	4	4
1	GAP	minus	-	TCAGCGTGTCGTCA	5	5
1	OUTSIDE	minus	-	TCCATGTGTCCAGG	4	4
1	PPL2_3P	plus	-	CTCTCAAGTCCTCC	1	1
1	GAP	minus	-	TAACCTAACTTCAC	6	6
1	PPL2_3P	minus	-	TACTGACTATCGAG	1	1
1	PPL2_3P	plus	Zm00001eb012750	-	8	0
1	PPL2_3P	minus	-	ATTCCAGTTCTTGC	2	2
1	OUTSIDE	plus	-	ATACCGTTGGAGGA	1	1
1	NBR_BODY	plus	-	TATGACTGCATGCG	1	1
1	NBR_BODY	minus	Zm00001eb012760	ACCGGATAACGGAA	2	2
1	GAP	plus	-	CCGCAAGAGGTTGG	16	16
1	NBR_BODY	minus	Zm00001eb012760	TAAGGACCTCATAA	2	2
1	NBR_BODY	minus	Zm00001eb012760	ATCCGGCGATGACC	3	3
1	PPL2_3P	minus	-	CTCGTGCCTCAGGA	2	2
1	PPL2_3P	minus	-	ATGCAATTACACCG	2	2
1	GAP	plus	-	ACAATAGGTGGTCC	6	6
1	NBR_BODY	minus	Zm00001eb012760	TCGATTGGTAATGG	2	2
1	PPL2_3P	plus	Zm00001eb012750	TCTTGAACGACTAA	3	3
1	PPL2_3P	minus	-	ACAAGGTTCCGCCG	1	1
1	NBR_BODY	plus	-	ACTTAAGGTCCAAC	1	1
1	PEAK	minus	Zm00001eb012760	CTCTCAAGTCCTCC	63	63
1	OUTSIDE	minus	-	CTGCTCATGAGAGA	1	1
1	OUTSIDE	minus	-	TACGTTATTCCGAA	5	5
1	PPL2_3P	minus	-	ATTCCGCTCTGAGG	2	2
1	NBR_BODY	minus	Zm00001eb012760	TTAACTTACGGTCA	5	5
1	OUTSIDE	plus	Zm00001eb012750	CTAAGGAAGGACCG	3	3
1	PPL2_3P	plus	Zm00001eb012750	AAGCGCACCGGAAC	4	4
1	GAP	plus	-	ATAATATTGCCTCC	14	14
1	NBR_BODY	minus	Zm00001eb012760	ACGCAGCGAGCAGA	5	5
1	GAP	plus	-	CAGCAGCGCTGACA	9	9
1	OUTSIDE	minus	-	-	51	0
1	PPL2_3P	plus	Zm00001eb012750	TCGATGCTATATGA	91	91
1	OUTSIDE	plus	-	ATGTAGGTAATCGG	1	1
1	GAP	plus	-	TTGCTACCATTGAA	11	11
1	PEAK	plus	-	CCGGTAGAATGGCC	553	553
1	OUTSIDE	plus	Zm00001eb012750	CTCGGTTCGAATGC	1	1
1	PEAK	plus	-	ACTTAAGGTCCAAC	190	190
1	GAP	plus	-	TCCAACTACCGAAC	11	11
1	GAP	plus	-	ATTGCGTCCATTAG	13	13
1	NBR_BODY	plus	-	ACCGATGTGCCGGA	3	3
1	PPL2_3P	minus	-	CAACCAACCTATAG	1	1
1	GAP	minus	-	ACATCTTCTTGAAC	9	9
1	NBR_BODY	plus	-	TATGTACGTAGAGA	2	2
1	PPL2_3P	plus	Zm00001eb012750	CATGGAACTCCGGC	4	4
1	OUTSIDE	minus	-	ACTATCTGCAGTCG	1	1
1	PEAK	minus	Zm00001eb012760	ATACGATGCTGCGC	63	63
1	NBR_BODY	minus	Zm00001eb012760	CCACGTTCCGGTAG	3	3
1	GAP	minus	-	ACGCTCCTAACGGC	4	4
1	OUTSIDE	minus	-	ACTCAGGCACCTCC	1	1
1	PEAK	minus	Zm00001eb012760	TAACACCTCCAACG	78	78
1	OUTSIDE	minus	-	CTTATATCGTCGGC	1	1
1	OUTSIDE	plus	Zm00001eb012750	AACTAGTATCCGGA	1	1
1	PEAK	minus	Zm00001eb012760	CCGGTAGAATGGCC	24	24
1	GAP	minus	-	TACTGACTATCGAG	9	9
1	OUTSIDE	plus	Zm00001eb012750	CAGACATGATAGAG	1	1
1	PEAK	plus	-	ACCAACTTAGACAA	212	212
1	PEAK	plus	-	TTCATGGTAGAGAG	135	135
1	OUTSIDE	minus	-	TCCGAAGTTGTAGA	1	1
1	OUTSIDE	plus	Zm00001eb012750	CACATCGACAGCAG	2	2
1	GAP	minus	-	ATTCCAGTTCTTGC	8	8
1	NBR_BODY	minus	Zm00001eb012760	AACAGGATAACTCC	3	3
1	NBR_BODY	minus	Zm00001eb012760	CTCGGTTCGAATGC	2	2
1	PPL2_3P	minus	-	TTCTGAGGCGATGG	2	2
1	OUTSIDE	minus	-	TCCAGAAGGCAACA	1	1
1	PPL2_3P	plus	-	ACCAACTTAGACAA	1	1
1	NBR_BODY	minus	Zm00001eb012760	CTCCTAACACAGCC	2	2
1	NBR_BODY	minus	Zm00001eb012760	CTCTGGCTTGCAGG	3	3
1	NBR_BODY	plus	-	CTCTCAAGTCCTCC	2	2
1	GAP	minus	-	CTCGTGCCTCAGGA	4	4
1	GAP	plus	-	TCAGCGTGTCGTCA	7	7
1	GAP	minus	-	ATGCAATTACACCG	5	5
1	GAP	plus	-	TAACCTAACTTCAC	8	8
1	OUTSIDE	minus	-	AACCTGCTATCCGG	3	3
1	GAP	minus	-	CATGCTAGCGATCG	5	5
1	OUTSIDE	plus	Zm00001eb012750	TAAGGACCTCATAA	1	1
1	NBR_BODY	minus	Zm00001eb012760	ACGAGCAGATGCAG	2	2
1	PEAK	plus	-	CTCCGCATGCTTCC	336	336
1	PPL2_3P	plus	-	ATGCTGCAACGGCA	2	2
1	GAP	minus	-	ATGCTATCTAGACA	10	10
1	GAP	minus	-	ATTCCGCTCTGAGG	12	12
1	GAP	minus	-	TCGATCTTCGGCAG	6	6
1	PPL2_3P	plus	Zm00001eb012750	ACCGGATAACGGAA	5	5
1	PPL2_3P	plus	Zm00001eb012750	ATCCGGCGATGACC	2	2
1	NBR_BODY	minus	-	TTGCTACCATTGAA	1	1
1	PEAK	minus	Zm00001eb012760	ACCAACTTAGACAA	41	41
1	PPL2_3P	plus	Zm00001eb012750	TCGATTGGTAATGG	4	4
1	PEAK	minus	Zm00001eb012760	TTCATGGTAGAGAG	46	46
1	PEAK	plus	-	CTCTCAAGTCCTCC	303	303
1	OUTSIDE	plus	Zm00001eb012750	CTCAATTAGAGACC	2	2
1	NBR_BODY	minus	Zm00001eb012760	CAGACATGATAGAG	3	3
1	PPL2_3P	minus	-	TATGACTGCATGCG	1	1
1	PPL2_3P	plus	Zm00001eb012750	TTAACTTACGGTCA	1	1
1	PPL2_3P	minus	-	CCGGTAGAATGGCC	1	1
1	NBR_BODY	plus	-	ATACGATGCTGCGC	1	1
1	PEAK	minus	Zm00001eb012760	CTCCGCATGCTTCC	49	49
1	GAP	minus	-	CAACCAACCTATAG	10	10
1	NBR_BODY	plus	-	TAACACCTCCAACG	2	2
1	NBR_BODY	plus	-	CCGGTAGAATGGCC	1	1
1	NBR_BODY	minus	Zm00001eb012760	ACAGACGATAGTCA	5	5
1	GAP	minus	-	ATCCTAAGTGGAGG	6	6
1	PEAK	plus	-	ATACGATGCTGCGC	176	176
1	NBR_BODY	minus	Zm00001eb012760	CTCAATTAGAGACC	8	8
1	GAP	plus	-	ACATCTTCTTGAAC	8	8
1	NBR_BODY	minus	-	TAACCTAACTTCAC	2	2
1	GAP	plus	-	ACGCTCCTAACGGC	8	8
1	OUTSIDE	minus	-	ATGAATGTTGCCAC	8	8
1	GAP	minus	-	TTCTGAGGCGATGG	4	4
1	PEAK	plus	-	TAACACCTCCAACG	439	439
1	OUTSIDE	plus	Zm00001eb012750	ACGGCCTTCAACCA	3	3
1	PEAK	plus	-	ACGGCTCTTAGGCC	335	335
1	GAP	minus	-	CAGTCTAGTGCGCA	2	2
1	PPL2_3P	plus	Zm00001eb012750	AAGTACTGATCCAA	1	1
1	PPL2_3P	plus	-	TCGATGCTATATGA	3	3
1	PEAK	minus	Zm00001eb012760	TCTTGAACGACTAA	180	180
1	PEAK	minus	Zm00001eb012760	CTTGATAAGCCAGG	129	129
1	GAP	plus	-	TACTGACTATCGAG	13	13
1	PPL2_3P	plus	Zm00001eb012750	AACAGGATAACTCC	2	2
1	OUTSIDE	minus	-	CCTCCATCCATGGA	2	2
1	PPL2_3P	plus	-	AACAACCGAAGTAA	1	1
1	PPL2_3P	plus	Zm00001eb012750	AACAACCGAAGTAA	1	1
1	NBR_BODY	plus	-	ACCAACTTAGACAA	1	1
1	PPL2_3P	plus	Zm00001eb012750	CTCCTAACACAGCC	3	3
1	PPL2_3P	plus	Zm00001eb012750	CTCTGGCTTGCAGG	2	2
1	PEAK	plus	-	AACATGGCACGGAA	82	82
1	PEAK	minus	Zm00001eb012760	AAGCGCACCGGAAC	37	37
1	PEAK	minus	Zm00001eb012760	TCGATGCTATATGA	42	42
1	OUTSIDE	minus	-	ATACCGTTGGAGGA	4	4
1	GAP	plus	-	CTCGTGCCTCAGGA	4	4
1	PPL2_3P	plus	Zm00001eb012750	ACGAGCAGATGCAG	1	1
1	GAP	plus	-	ATGCAATTACACCG	9	9
1	GAP	plus	-	CATGCTAGCGATCG	15	15
1	PEAK	minus	Zm00001eb012760	ACGGCTCTTAGGCC	40	40
1	GAP	minus	-	TATGACTGCATGCG	4	4
1	GAP	plus	-	ATGCTATCTAGACA	6	6
1	NBR_BODY	plus	-	CTCCGCATGCTTCC	1	1
1	PEAK	plus	-	TATGAGAGCTATGA	118	118
1	PPL2_3P	minus	-	CTCTCAAGTCCTCC	1	1
1	PEAK	plus	-	ATTATCGGATTCGG	214	214
1	GAP	plus	-	ATTCCGCTCTGAGG	7	7
1	GAP	plus	-	TCGATCTTCGGCAG	13	13
1	NBR_BODY	minus	Zm00001eb012760	ACGGCCTTCAACCA	2	2
1	GAP	minus	-	ACTTAAGGTCCAAC	6	6
1	PEAK	minus	Zm00001eb012760	AATGTGTGGATACC	42	42
1	OUTSIDE	plus	Zm00001eb012750	CTGCTCATGAGAGA	1	1
1	PEAK	minus	Zm00001eb012760	CATGGAACTCCGGC	45	45
1	PPL2_3P	plus	Zm00001eb012750	CAGACATGATAGAG	2	2
1	PEAK	minus	Zm00001eb012760	AACATGGCACGGAA	13	13
1	PPL2_3P	plus	Zm00001eb012750	CACATCGACAGCAG	6	6
1	PEAK	plus	-	ATGCTGCAACGGCA	275	275
1	GAP	minus	-	ACAAGGTTCCGCCG	8	8
1	NBR_BODY	minus	Zm00001eb012760	TCCATGTGTCCAGG	3	3
1	PEAK	plus	-	ACCGGATAACGGAA	389	389
1	NBR_BODY	minus	Zm00001eb012760	CAAGGCGTGGTTAC	1	1
1	OUTSIDE	plus	Zm00001eb012750	AAGCCTTAGGCCGC	2	2
1	PEAK	minus	Zm00001eb012760	TATGAGAGCTATGA	70	70
1	PEAK	minus	Zm00001eb012760	ATTATCGGATTCGG	53	53
1	GAP	plus	-	CAACCAACCTATAG	9	9
1	PPL2_3P	plus	Zm00001eb012750	ACAGACGATAGTCA	3	3
1	NBR_BODY	minus	Zm00001eb012760	CTGATATGCAGCGA	3	3
1	OUTSIDE	plus	Zm00001eb012750	ATCGATGTCATAGC	1	1
1	PPL2_3P	minus	-	ATACGATGCTGCGC	1	1
1	GAP	minus	-	ACCGATGTGCCGGA	3	3
1	OUTSIDE	plus	Zm00001eb012750	CCATATTGAAGCAC	3	3
1	GAP	minus	-	TATGTACGTAGAGA	4	4
1	OUTSIDE	plus	Zm00001eb012750	ACTATCTGCAGTCG	4	4
1	PEAK	plus	-	ACGCAGCGAGCAGA	138	138
1	NBR_BODY	minus	Zm00001eb012760	CTGCTCATGAGAGA	2	2
1	PEAK	minus	Zm00001eb012760	ATGCTGCAACGGCA	38	38
1	PPL2_3P	plus	Zm00001eb012750	CTCAATTAGAGACC	10	10
1	NBR_BODY	minus	Zm00001eb012760	TACGTTATTCCGAA	4	4
1	OUTSIDE	plus	-	ATGCAATTACACCG	1	1
1	PEAK	minus	Zm00001eb012760	ACCGGATAACGGAA	64	64
1	PEAK	minus	Zm00001eb012760	ATCCGGCGATGACC	30	30
1	OUTSIDE	plus	Zm00001eb012750	CTTATATCGTCGGC	2	2
1	NBR_BODY	plus	-	TCGATGCTATATGA	1	1
1	GAP	plus	-	TTCTGAGGCGATGG	6	6
1	PEAK	minus	Zm00001eb012760	TCGATTGGTAATGG	36	36
1	PEAK	plus	-	TCTTGAACGACTAA	781	781
1	PEAK	plus	-	CTTGATAAGCCAGG	317	317
1	GAP	plus	-	CAGTCTAGTGCGCA	24	24
1	NBR_BODY	minus	-	ATTCCGCTCTGAGG	1	1
1	NBR_BODY	plus	-	ACGGCTCTTAGGCC	1	1
1	NBR_BODY	minus	Zm00001eb012760	AAGCCTTAGGCCGC	5	5
1	PEAK	minus	Zm00001eb012760	TTAACTTACGGTCA	73	73
1	GAP	minus	-	CTCTCAAGTCCTCC	9	9
1	PEAK	plus	-	AAGCGCACCGGAAC	266	266
1	PEAK	minus	Zm00001eb012760	ACGCAGCGAGCAGA	30	30
1	NBR_BODY	minus	Zm00001eb012760	ATCGATGTCATAGC	4	4
1	PPL2_3P	plus	-	CCACGTTCCGGTAG	1	1
1	NBR_BODY	minus	Zm00001eb012760	CCTCCATCCATGGA	2	2
1	OUTSIDE	minus	-	TTGCTACCATTGAA	1	1
1	OUTSIDE	plus	Zm00001eb012750	AACCTGCTATCCGG	2	2
1	NBR_BODY	minus	Zm00001eb012760	CCATATTGAAGCAC	1	1
1	PEAK	plus	-	TCGATGCTATATGA	409	409
1	PEAK	plus	-	AAGTACTGATCCAA	423	423
1	PEAK	plus	-	CTAAGGAAGGACCG	150	150
1	NBR_BODY	minus	Zm00001eb012760	ACTATCTGCAGTCG	5	5
1	NBR_BODY	minus	Zm00001eb012760	ACTCAGGCACCTCC	3	3
1	OUTSIDE	plus	-	CAACCAACCTATAG	1	1
1	PPL2_3P	plus	Zm00001eb012750	ACGGCCTTCAACCA	2	2
1	GAP	plus	-	TATGACTGCATGCG	10	10
1	NBR_BODY	minus	Zm00001eb012760	CTTATATCGTCGGC	1	1
1	PEAK	plus	-	AACAACCGAAGTAA	230	230
1	OUTSIDE	minus	-	CAGATCGCTCTGCG	4	4
1	NBR_BODY	plus	-	ATTATCGGATTCGG	1	1
1	PEAK	plus	-	AATGTGTGGATACC	100	100
1	PEAK	minus	Zm00001eb012760	CCACGTTCCGGTAG	15	15
1	PEAK	plus	-	CATGGAACTCCGGC	391	391
1	PPL2_3P	plus	-	CTCTGGCTTGCAGG	1	1
1	GAP	plus	-	ATTCCAGTTCTTGC	17	17
1	NBR_BODY	minus	Zm00001eb012760	TCCGAAGTTGTAGA	2	2
1	OUTSIDE	plus	Zm00001eb012750	CAAGGCGTGGTTAC	3	3
1	PEAK	plus	-	ACGAGCAGATGCAG	332	332
1	PPL2_3P	minus	-	CTCCGCATGCTTCC	5	5
1	NBR_BODY	minus	Zm00001eb012760	TACACTATAGCTAG	3	3
1	NBR_BODY	minus	Zm00001eb012760	TCCAGAAGGCAACA	1	1
1	PEAK	minus	Zm00001eb012760	AAGTACTGATCCAA	64	64
1	GAP	minus	-	ATACGATGCTGCGC	8	8
1	PPL2_3P	plus	Zm00001eb012750	CAAGGCGTGGTTAC	2	2
1	PEAK	minus	Zm00001eb012760	CTAAGGAAGGACCG	35	35
1	GAP	plus	-	ACAAGGTTCCGCCG	12	12
1	NBR_BODY	minus	Zm00001eb012760	AACCTGCTATCCGG	5	5
1	PEAK	plus	-	AACTAGTATCCGGA	179	179
1	GAP	minus	-	TAACACCTCCAACG	13	13
1	PEAK	minus	Zm00001eb012760	AACAGGATAACTCC	28	28
1	PEAK	minus	Zm00001eb012760	CTCGGTTCGAATGC	51	51
1	GAP	minus	-	CCGGTAGAATGGCC	2	2
1	PEAK	minus	Zm00001eb012760	AACAACCGAAGTAA	36	36
1	PPL2_3P	plus	Zm00001eb012750	CTGATATGCAGCGA	3	3
1	PEAK	minus	Zm00001eb012760	CTCTGGCTTGCAGG	42	42
1	PEAK	plus	-	CACATCGACAGCAG	213	213
1	GAP	plus	-	ACCGATGTGCCGGA	11	11
1	PEAK	minus	Zm00001eb012760	ACGAGCAGATGCAG	41	41
1	NBR_BODY	plus	-	TTAACTTACGGTCA	1	1
1	OUTSIDE	minus	-	TCCAAGGCATTAAG	1	1
1	GAP	plus	-	TATGTACGTAGAGA	6	6
1	PPL2_3P	plus	Zm00001eb012750	TACGTTATTCCGAA	1	1
1	OUTSIDE	plus	Zm00001eb012750	ATGAATGTTGCCAC	26	26
1	PEAK	plus	-	ATCCGGCGATGACC	272	272
1	PEAK	plus	-	TAAGGACCTCATAA	448	448
1	PPL2_3P	minus	-	CTTGATAAGCCAGG	1	1
1	PEAK	minus	Zm00001eb012760	AACTAGTATCCGGA	35	35
1	PEAK	plus	-	TCGATTGGTAATGG	189	189
1	PEAK	minus	Zm00001eb012760	CAGACATGATAGAG	35	35
1	PPL2_3P	plus	Zm00001eb012750	AAGCCTTAGGCCGC	1	1
1	PPL2_3P	minus	-	AAGCGCACCGGAAC	1	1
1	NBR_BODY	plus	-	TCTTGAACGACTAA	4	4
1	PEAK	minus	Zm00001eb012760	CACATCGACAGCAG	72	72
1	OUTSIDE	plus	Zm00001eb012750	CCTCCATCCATGGA	7	7
1	PEAK	plus	-	TTAACTTACGGTCA	300	300
1	GAP	minus	-	ACCAACTTAGACAA	7	7
1	OUTSIDE	plus	-	ATTCCAGTTCTTGC	1	1
1	GAP	minus	-	TTCATGGTAGAGAG	3	3
1	PPL2_3P	minus	-	TCGATGCTATATGA	11	11
1	NBR_BODY	minus	Zm00001eb012760	CAAGTATAAGGAAC	3	3
1	NBR_BODY	plus	-	CCACGTTCCGGTAG	1	1
1	GAP	plus	-	ATCCTAAGTGGAGG	8	8
1	GAP	plus	-	CTCTCAAGTCCTCC	14	14
1	PPL2_3P	plus	-	CTCAATTAGAGACC	1	1
1	PPL2_3P	plus	Zm00001eb012750	CCATATTGAAGCAC	3	3
1	OUTSIDE	plus	Zm00001eb012750	ATACCGTTGGAGGA	1	1
1	PPL2_3P	plus	Zm00001eb012750	ACTATCTGCAGTCG	1	1
1	NBR_BODY	plus	-	AAGCGCACCGGAAC	4	4
1	PEAK	minus	Zm00001eb012760	TAAGGACCTCATAA	68	68
1	PPL2_3P	plus	Zm00001eb012750	ACTCAGGCACCTCC	1	1
1	NBR_BODY	plus	-	AAGTACTGATCCAA	1	1
1	GAP	minus	-	CTCCGCATGCTTCC	5	5
1	NBR_BODY	minus	Zm00001eb012760	ATGAATGTTGCCAC	4	4
1	PPL2_3P	minus	-	CATGGAACTCCGGC	1	1
1	NBR_BODY	plus	-	AACAGGATAACTCC	1	1
1	PEAK	plus	-	CCACGTTCCGGTAG	120	120
1	PEAK	minus	Zm00001eb012760	CTCAATTAGAGACC	57	57
1	OUTSIDE	minus	-	ATAATATTGCCTCC	1	1
1	NBR_BODY	plus	-	AACAACCGAAGTAA	2	2
1	PPL2_3P	plus	Zm00001eb012750	TCCGAAGTTGTAGA	1	1
1	OUTSIDE	plus	-	ACCGATGTGCCGGA	2	2
1	NBR_BODY	minus	Zm00001eb012760	CAGATCGCTCTGCG	11	11
1	NBR_BODY	plus	-	ACGAGCAGATGCAG	1	1
1	OUTSIDE	minus	-	TCCAACTACCGAAC	1	1
1	PPL2_3P	plus	Zm00001eb012750	AACCTGCTATCCGG	5	5
1	NBR_BODY	minus	Zm00001eb012760	ATACCGTTGGAGGA	2	2
1	NBR_BODY	minus	Zm00001eb012760	AACCATCGCATCCA	8	8
1	PPL2_3P	plus	Zm00001eb012750	CATGTGTACTAGCA	1	1
1	PEAK	plus	-	CTCGGTTCGAATGC	268	268
1	PEAK	plus	-	AACAGGATAACTCC	233	233
1	GAP	plus	-	TAACACCTCCAACG	18	18
1	GAP	minus	-	CTTGATAAGCCAGG	19	19
1	PEAK	plus	-	CTCTGGCTTGCAGG	201	201
1	PEAK	plus	-	CTCCTAACACAGCC	246	246
1	PPL2_3P	minus	-	ATGCTGCAACGGCA	4	4
1	GAP	plus	-	CCGGTAGAATGGCC	14	14
1	GAP	plus	-	ACTTAAGGTCCAAC	6	6
1	PEAK	plus	-	TCCATGTGTCCAGG	150	150
1	PPL2_3P	minus	-	ACCGGATAACGGAA	1	1
1	NBR_BODY	plus	-	CACATCGACAGCAG	3	3
1	OUTSIDE	plus	-	CTCTCAAGTCCTCC	1	1
1	NBR_BODY	minus	Zm00001eb012760	TCCAAGGCATTAAG	2	2
1	GAP	minus	-	TCGATGCTATATGA	3	3
1	PEAK	minus	Zm00001eb012760	ACGGCCTTCAACCA	24	24
1	NBR_BODY	minus	Zm00001eb012760	ATGTAGGTAATCGG	1	1
1	PEAK	plus	-	CTGATATGCAGCGA	288	288
1	NBR_BODY	plus	-	TAAGGACCTCATAA	2	2
1	GAP	minus	-	ACGGCTCTTAGGCC	5	5
1	PEAK	plus	-	CAGACATGATAGAG	209	209
1	PEAK	minus	Zm00001eb012760	CTCCTAACACAGCC	88	88
1	OUTSIDE	plus	Zm00001eb012750	CAAGTATAAGGAAC	1	1
1	OUTSIDE	plus	Zm00001eb012750	TTCAATCTCCTTAG	1	1
1	OUTSIDE	minus	-	TAACCTAACTTCAC	3	3
1	GAP	minus	-	AATGTGTGGATACC	8	8
1	PEAK	minus	Zm00001eb012760	TCCATGTGTCCAGG	72	72
1	PPL2_3P	plus	Zm00001eb012750	CAAGTATAAGGAAC	2	2
1	GAP	minus	-	CATGGAACTCCGGC	12	12
1	PEAK	minus	Zm00001eb012760	CAAGGCGTGGTTAC	24	24
1	GAP	plus	-	ACCAACTTAGACAA	15	15
1	GAP	plus	-	TTCATGGTAGAGAG	5	5
1	PPL2_3P	plus	-	CTGCTCATGAGAGA	1	1
1	NBR_BODY	plus	-	CTCAATTAGAGACC	2	2
1	GAP	minus	-	AACATGGCACGGAA	4	4
1	PPL2_3P	plus	Zm00001eb012750	ATGAATGTTGCCAC	56	56
1	PEAK	minus	Zm00001eb012760	CTGATATGCAGCGA	46	46
1	PEAK	plus	-	ACAGACGATAGTCA	419	419
1	PPL2_3P	minus	-	CCACGTTCCGGTAG	1	1
1	GAP	plus	-	CTCCGCATGCTTCC	16	16
1	GAP	minus	-	TATGAGAGCTATGA	7	7
1	GAP	minus	-	ATTATCGGATTCGG	17	17
1	OUTSIDE	plus	Zm00001eb012750	CAGATCGCTCTGCG	2	2
1	OUTSIDE	plus	-	CCGGTAGAATGGCC	5	5
1	PEAK	minus	Zm00001eb012760	CTGCTCATGAGAGA	50	50
1	PEAK	plus	-	CCATATTGAAGCAC	212	212
1	PEAK	plus	-	CTCAATTAGAGACC	349	349
1	PPL2_3P	minus	-	AAGTACTGATCCAA	3	3
1	NBR_BODY	minus	Zm00001eb012760	TTCAATCTCCTTAG	1	1
1	PPL2_3P	plus	Zm00001eb012750	CCTCCATCCATGGA	14	14
1	NBR_BODY	minus	Zm00001eb012760	CAGCAGCGCTGACA	2	2
1	GAP	minus	-	ATGCTGCAACGGCA	7	7
1	PPL2_3P	plus	-	ACTATCTGCAGTCG	1	1
1	OUTSIDE	minus	-	CAGTCTAGTGCGCA	3	3
1	OUTSIDE	plus	Zm00001eb012750	ACCAATCCGTATAA	1	1
1	NBR_BODY	minus	Zm00001eb012760	TTGCTACCATTGAA	3	3
1	PEAK	plus	-	CTTATATCGTCGGC	202	202
1	PPL2_3P	plus	Zm00001eb012750	ATACCGTTGGAGGA	1	1
1	GAP	minus	-	ACCGGATAACGGAA	8	8
1	GAP	minus	-	ATCCGGCGATGACC	1	1
1	PPL2_3P	plus	Zm00001eb012750	AACCATCGCATCCA	1	1
1	PPL2_3P	minus	-	CTCCTAACACAGCC	2	2
1	PEAK	minus	Zm00001eb012760	AAGCCTTAGGCCGC	22	22
1	PEAK	minus	Zm00001eb012760	ACAGACGATAGTCA	80	80
1	GAP	minus	-	TCGATTGGTAATGG	7	7
1	PEAK	plus	-	TCCGAAGTTGTAGA	136	136
1	NBR_BODY	minus	Zm00001eb012760	ATTGCGTCCATTAG	3	3
1	PEAK	minus	Zm00001eb012760	ATCGATGTCATAGC	44	44
1	OUTSIDE	minus	-	ACATCTTCTTGAAC	1	1
1	PEAK	minus	Zm00001eb012760	CCATATTGAAGCAC	48	48
1	PPL2_3P	plus	-	TCCGAAGTTGTAGA	1	1
1	OUTSIDE	minus	-	ACGCTCCTAACGGC	2	2
1	NBR_BODY	plus	-	CTCCTAACACAGCC	3	3
1	GAP	minus	-	TTAACTTACGGTCA	7	7
1	OUTSIDE	plus	Zm00001eb012750	CACGTAGCTAGACG	2	2
1	PEAK	minus	Zm00001eb012760	ACTATCTGCAGTCG	37	37
1	OUTSIDE	plus	Zm00001eb012750	TCCAAGGCATTAAG	1	1
1	PEAK	minus	Zm00001eb012760	ACTCAGGCACCTCC	18	18
1	OUTSIDE	minus	-	TATGACTGCATGCG	2	2
1	GAP	plus	-	-	17	0
1	PPL2_3P	minus	-	CAGACATGATAGAG	1	1
1	PEAK	minus	Zm00001eb012760	CTTATATCGTCGGC	60	60
1	PEAK	plus	-	ACGGCCTTCAACCA	136	136
1	GAP	plus	-	ATACGATGCTGCGC	10	10
1	OUTSIDE	minus	-	TACTGACTATCGAG	1	1
1	GAP	plus	-	TCGATGCTATATGA	38	38
1	PPL2_3P	minus	-	CACATCGACAGCAG	1	1
1	OUTSIDE	plus	-	CTCCGCATGCTTCC	3	3
1	OUTSIDE	plus	Zm00001eb012750	-	6	0
1	NBR_BODY	minus	Zm00001eb012760	ACCAATCCGTATAA	2	2
1	PEAK	minus	Zm00001eb012760	TCCGAAGTTGTAGA	58	58
1	GAP	plus	-	ACGGCTCTTAGGCC	15	15
1	GAP	minus	-	TCTTGAACGACTAA	15	15
1	PEAK	minus	Zm00001eb012760	TACACTATAGCTAG	64	64
2	PEAK	plus	-	CATGTGTACTAGCA	126	126
2	PEAK	minus	Zm00001eb012760	ATCGATGTCATAGC	24	24
2	OUTSIDE	plus	Zm00001eb012750	ATCCGGCGATGACC	39	39
2	PEAK	minus	Zm00001eb012760	CTCAATTAGAGACC	3	3
2	PEAK	minus	Zm00001eb012760	CCATATTGAAGCAC	20	20
2	PPL2_3P	plus	Zm00001eb012750	ATGCTGCAACGGCA	3	3
2	OUTSIDE	minus	-	ATTGCGTCCATTAG	1	1
2	PEAK	minus	Zm00001eb012760	ACTATCTGCAGTCG	10	10
2	OUTSIDE	plus	Zm00001eb012750	TCGATTGGTAATGG	38	38
2	NBR_BODY	plus	-	TATGAGAGCTATGA	2	2
2	OUTSIDE	minus	-	CAGATCGCTCTGCG	1	1
2	PEAK	minus	Zm00001eb012760	ACTCAGGCACCTCC	19	19
2	PEAK	minus	Zm00001eb012760	CTTATATCGTCGGC	13	13
2	OUTSIDE	plus	Zm00001eb012750	ACGCAGCGAGCAGA	6	6
2	NBR_BODY	minus	-	TACACTATAGCTAG	1	1
2	NBR_BODY	plus	-	ATGCTGCAACGGCA	2	2
2	PEAK	minus	Zm00001eb012760	TCCGAAGTTGTAGA	15	15
2	OUTSIDE	minus	-	ACCAATCCGTATAA	5	5
2	OUTSIDE	plus	-	-	1	0
2	GAP	plus	-	ACGGCCTTCAACCA	7	7
2	NBR_BODY	minus	Zm00001eb012760	TAACCTAACTTCAC	7	7
2	NBR_BODY	plus	-	ATCCGGCGATGACC	12	12
2	PPL2_3P	plus	-	ACTCAGGCACCTCC	1	1
2	OUTSIDE	minus	-	TCAGCGTGTCGTCA	3	3
2	PEAK	plus	-	CAAGTATAAGGAAC	156	156
2	GAP	plus	-	CTCCTAACACAGCC	10	10
2	PEAK	minus	Zm00001eb012760	CATGTGTACTAGCA	15	15
2	GAP	minus	-	CTCCTAACACAGCC	4	4
2	PEAK	minus	Zm00001eb012760	ACGGCCTTCAACCA	11	11
2	OUTSIDE	plus	Zm00001eb012750	CCACGTTCCGGTAG	1	1
2	OUTSIDE	minus	-	CACGTAGCTAGACG	2	2
2	GAP	plus	-	TCCATGTGTCCAGG	2	2
2	GAP	plus	-	CAAGGCGTGGTTAC	3	3
2	GAP	minus	-	TCCATGTGTCCAGG	3	3
2	NBR_BODY	plus	-	ACGCAGCGAGCAGA	2	2
2	PPL2_3P	plus	-	TCCGAAGTTGTAGA	1	1
2	PEAK	plus	-	ATGAATGTTGCCAC	96	96
2	GAP	minus	-	-	6	0
2	PPL2_3P	minus	-	CTTGATAAGCCAGG	1	1
2	OUTSIDE	plus	Zm00001eb012750	AAGTACTGATCCAA	1	1
2	PPL2_3P	plus	-	-	2	0
2	OUTSIDE	plus	Zm00001eb012750	CTAAGGAAGGACCG	1	1
2	PEAK	minus	-	CTCGTGCCTCAGGA	1	1
2	GAP	plus	-	CTGATATGCAGCGA	1	1
2	PEAK	minus	Zm00001eb012760	CAAGGCGTGGTTAC	10	10
2	GAP	minus	-	CTGATATGCAGCGA	4	4
2	OUTSIDE	plus	Zm00001eb012750	CTCGGTTCGAATGC	88	88
2	PEAK	plus	-	CAGATCGCTCTGCG	164	164
2	NBR_BODY	plus	-	TCTTGAACGACTAA	1	1
2	NBR_BODY	minus	Zm00001eb012760	CAGTCTAGTGCGCA	2	2
2	OUTSIDE	plus	Zm00001eb012750	AACAACCGAAGTAA	7	7
2	GAP	plus	-	CTGCTCATGAGAGA	5	5
2	PPL2_3P	plus	Zm00001eb012750	AACAACCGAAGTAA	21	21
2	PEAK	plus	-	ATACCGTTGGAGGA	102	102
2	PEAK	plus	-	AACCATCGCATCCA	197	197
2	PPL2_3P	plus	Zm00001eb012750	CATGGAACTCCGGC	68	68
2	OUTSIDE	minus	-	ACAATAGGTGGTCC	2	2
2	NBR_BODY	plus	-	AAGTACTGATCCAA	1	1
2	PEAK	minus	Zm00001eb012760	CTGCTCATGAGAGA	11	11
2	NBR_BODY	plus	-	CTAAGGAAGGACCG	2	2
2	NBR_BODY	minus	Zm00001eb012760	ACATCTTCTTGAAC	2	2
2	PEAK	minus	Zm00001eb012760	TACGTTATTCCGAA	19	19
2	PPL2_3P	minus	-	CATGGAACTCCGGC	2	2
2	NBR_BODY	minus	Zm00001eb012760	ACGCTCCTAACGGC	2	2
2	GAP	plus	-	AAGCCTTAGGCCGC	9	9
2	GAP	plus	-	ACAGACGATAGTCA	1	1
2	OUTSIDE	plus	Zm00001eb012750	AACTAGTATCCGGA	26	26
2	GAP	minus	-	AAGCCTTAGGCCGC	1	1
2	NBR_BODY	plus	-	CTCGGTTCGAATGC	5	5
2	NBR_BODY	minus	Zm00001eb012760	TATGACTGCATGCG	5	5
2	PPL2_3P	plus	Zm00001eb012750	AACTAGTATCCGGA	100	100
2	NBR_BODY	plus	-	CTCTGGCTTGCAGG	2	2
2	GAP	minus	-	ATCGATGTCATAGC	3	3
2	PPL2_3P	plus	Zm00001eb012750	TATGAGAGCTATGA	98	98
2	GAP	plus	-	CCATATTGAAGCAC	10	10
2	OUTSIDE	plus	Zm00001eb012750	CACATCGACAGCAG	1	1
2	PEAK	plus	-	TCCAAGGCATTAAG	141	141
2	GAP	minus	-	CCATATTGAAGCAC	1	1
2	GAP	minus	-	CTCAATTAGAGACC	2	2
2	GAP	plus	-	ACTATCTGCAGTCG	4	4
2	PEAK	plus	-	ATGTAGGTAATCGG	98	98
2	GAP	minus	-	ACTATCTGCAGTCG	2	2
2	PPL2_3P	minus	-	AACTAGTATCCGGA	3	3
2	PEAK	plus	-	TCTGTCTATGCAGC	69	69
2	NBR_BODY	plus	-	ACGAGCAGATGCAG	1	1
2	NBR_BODY	minus	Zm00001eb012760	ATTCCAGTTCTTGC	6	6
2	PPL2_3P	minus	-	TATGAGAGCTATGA	8	8
2	GAP	plus	-	ACTCAGGCACCTCC	8	8
2	PPL2_3P	minus	-	ATTATCGGATTCGG	2	2
2	GAP	minus	-	ACTCAGGCACCTCC	5	5
2	PEAK	minus	Zm00001eb012760	CCTCCATCCATGGA	14	14
2	GAP	plus	-	CTTATATCGTCGGC	3	3
2	NBR_BODY	minus	Zm00001eb012760	CTCGTGCCTCAGGA	2	2
2	GAP	minus	-	CTTATATCGTCGGC	1	1
2	NBR_BODY	minus	Zm00001eb012760	ATGCAATTACACCG	2	2
2	NBR_BODY	minus	Zm00001eb012760	ACAAGGTTCCGCCG	2	2
2	PPL2_3P	plus	Zm00001eb012750	ACCGGATAACGGAA	2	2
2	NBR_BODY	plus	-	AACTAGTATCCGGA	1	1
2	NBR_BODY	minus	Zm00001eb012760	CATGCTAGCGATCG	4	4
2	PPL2_3P	plus	Zm00001eb012750	ATCCGGCGATGACC	76	76
2	NBR_BODY	minus	Zm00001eb012760	ATGCTATCTAGACA	6	6
2	GAP	plus	-	TCCGAAGTTGTAGA	6	6
2	PEAK	minus	Zm00001eb012760	-	138	0
2	NBR_BODY	minus	Zm00001eb012760	ATTCCGCTCTGAGG	1	1
2	GAP	minus	-	TCCGAAGTTGTAGA	3	3
2	NBR_BODY	minus	Zm00001eb012760	TCGATCTTCGGCAG	4	4
2	GAP	plus	-	TACACTATAGCTAG	2	2
2	PPL2_3P	plus	Zm00001eb012750	TCGATTGGTAATGG	57	57
2	NBR_BODY	minus	Zm00001eb012760	-	5	0
2	GAP	plus	-	TCCAGAAGGCAACA	2	2
2	PPL2_3P	minus	-	ATCCGGCGATGACC	2	2
2	NBR_BODY	plus	-	CACATCGACAGCAG	1	1
2	PEAK	plus	-	CCGCAAGAGGTTGG	156	156
2	PPL2_3P	minus	-	TCGATTGGTAATGG	5	5
2	GAP	plus	-	AACCTGCTATCCGG	9	9
2	PEAK	plus	-	ACAATAGGTGGTCC	362	362
2	GAP	plus	-	CATGTGTACTAGCA	7	7
2	PEAK	minus	Zm00001eb012760	TACACTATAGCTAG	12	12
2	PPL2_3P	plus	Zm00001eb012750	ACGCAGCGAGCAGA	28	28
2	NBR_BODY	plus	-	TAAGGACCTCATAA	1	1
2	PEAK	minus	Zm00001eb012760	TCCAGAAGGCAACA	13	13
2	GAP	minus	-	ACGGCCTTCAACCA	1	1
2	PEAK	minus	Zm00001eb012760	AACCTGCTATCCGG	19	19
2	PEAK	plus	-	TTCAATCTCCTTAG	169	169
2	NBR_BODY	minus	Zm00001eb012760	CAACCAACCTATAG	8	8
2	PEAK	plus	-	CAGCAGCGCTGACA	101	101
2	OUTSIDE	minus	-	-	29	0
2	OUTSIDE	plus	-	TATGAGAGCTATGA	4	4
2	NBR_BODY	plus	-	CTCAATTAGAGACC	2	2
2	PEAK	plus	-	TTGCTACCATTGAA	171	171
2	GAP	minus	-	CAAGGCGTGGTTAC	2	2
2	NBR_BODY	minus	Zm00001eb012760	ATCCTAAGTGGAGG	1	1
2	PEAK	plus	-	ATTGCGTCCATTAG	152	152
2	PPL2_3P	minus	-	CCACGTTCCGGTAG	2	2
2	PPL2_3P	plus	Zm00001eb012750	AAGTACTGATCCAA	2	2
2	NBR_BODY	minus	Zm00001eb012760	TTCTGAGGCGATGG	2	2
2	OUTSIDE	plus	-	ACCGGATAACGGAA	1	1
2	PPL2_3P	plus	Zm00001eb012750	CTCGGTTCGAATGC	154	154
2	GAP	plus	-	TACGTTATTCCGAA	7	7
2	GAP	minus	-	TACGTTATTCCGAA	2	2
2	PPL2_3P	plus	Zm00001eb012750	CTCCTAACACAGCC	3	3
2	OUTSIDE	plus	Zm00001eb012750	CAAGGCGTGGTTAC	1	1
2	PPL2_3P	minus	-	CTCGGTTCGAATGC	7	7
2	GAP	plus	-	ATGAATGTTGCCAC	6	6
2	PEAK	minus	Zm00001eb012760	TTCAATCTCCTTAG	19	19
2	PEAK	minus	Zm00001eb012760	CAAGTATAAGGAAC	18	18
2	PEAK	plus	-	ACCAATCCGTATAA	318	318
2	PPL2_3P	minus	-	AACAACCGAAGTAA	5	5
2	PPL2_3P	plus	Zm00001eb012750	ACGAGCAGATGCAG	1	1
2	OUTSIDE	plus	Zm00001eb012750	CTGATATGCAGCGA	1	1
2	PPL2_3P	minus	-	ACGAGCAGATGCAG	1	1
2	PEAK	plus	-	TCAGCGTGTCGTCA	157	157
2	PEAK	plus	-	TAACCTAACTTCAC	194	194
2	PEAK	minus	Zm00001eb012760	ATGAATGTTGCCAC	12	12
2	GAP	plus	-	CCTCCATCCATGGA	3	3
2	NBR_BODY	plus	-	CTCCTAACACAGCC	1	1
2	GAP	minus	-	CCTCCATCCATGGA	2	2
2	PEAK	plus	-	CACGTAGCTAGACG	86	86
2	NBR_BODY	minus	Zm00001eb012760	CCGGTAGAATGGCC	3	3
2	OUTSIDE	plus	-	CTTGATAAGCCAGG	1	1
2	NBR_BODY	plus	-	TCCATGTGTCCAGG	1	1
2	NBR_BODY	minus	Zm00001eb012760	ACTTAAGGTCCAAC	2	2
2	OUTSIDE	minus	-	TATGACTGCATGCG	1	1
2	GAP	plus	-	ATACCGTTGGAGGA	4	4
2	GAP	plus	-	AACCATCGCATCCA	8	8
2	PEAK	minus	Zm00001eb012760	CAGATCGCTCTGCG	20	20
2	OUTSIDE	minus	-	TACTGACTATCGAG	1	1
2	OUTSIDE	plus	Zm00001eb012750	-	13	0
2	OUTSIDE	minus	-	ATTCCAGTTCTTGC	2	2
2	PEAK	plus	-	TAAGCAACAGCCGA	175	175
2	NBR_BODY	plus	-	CTGATATGCAGCGA	2	2
2	OUTSIDE	plus	Zm00001eb012750	ACAGACGATAGTCA	43	43
2	PEAK	minus	Zm00001eb012760	ATACCGTTGGAGGA	12	12
2	OUTSIDE	plus	-	CTAAGGAAGGACCG	1	1
2	PEAK	minus	Zm00001eb012760	AACCATCGCATCCA	24	24
2	PPL2_3P	plus	Zm00001eb012750	ACAGACGATAGTCA	102	102
2	OUTSIDE	minus	-	ATGCAATTACACCG	1	1
2	PEAK	minus	Zm00001eb012760	ACCAATCCGTATAA	5	5
2	OUTSIDE	plus	Zm00001eb012750	ATCGATGTCATAGC	1	1
2	GAP	minus	-	TACACTATAGCTAG	3	3
2	NBR_BODY	plus	-	CTGCTCATGAGAGA	2	2
2	GAP	minus	-	TCCAGAAGGCAACA	1	1
2	OUTSIDE	plus	Zm00001eb012750	CCATATTGAAGCAC	3	3
2	PPL2_3P	plus	Zm00001eb012750	CTCAATTAGAGACC	1	1
2	GAP	minus	-	AACCTGCTATCCGG	5	5
2	OUTSIDE	plus	-	CATGGAACTCCGGC	5	5
2	NBR_BODY	minus	Zm00001eb012760	TATGTACGTAGAGA	3	3
2	NBR_BODY	minus	-	TCCAAGGCATTAAG	1	1
2	PEAK	minus	Zm00001eb012760	CACGTAGCTAGACG	8	8
2	PEAK	minus	Zm00001eb012760	TCCAAGGCATTAAG	26	26
2	NBR_BODY	plus	-	AAGCCTTAGGCCGC	3	3
2	NBR_BODY	plus	-	ACAGACGATAGTCA	4	4
2	PEAK	minus	Zm00001eb012760	ATGTAGGTAATCGG	15	15
2	PEAK	minus	Zm00001eb012760	TCTGTCTATGCAGC	15	15
2	PEAK	plus	-	ATAATATTGCCTCC	176	176
2	PPL2_3P	plus	-	ACCAATCCGTATAA	10	10
2	PEAK	plus	-	ACGCTCCTAACGGC	22	22
2	NBR_BODY	plus	-	ATCGATGTCATAGC	1	1
2	OUTSIDE	plus	-	AACTAGTATCCGGA	3	3
2	OUTSIDE	plus	Zm00001eb012750	TACACTATAGCTAG	1	1
2	OUTSIDE	plus	Zm00001eb012750	TCCAGAAGGCAACA	2	2
2	NBR_BODY	plus	-	CCATATTGAAGCAC	1	1
2	PEAK	minus	Zm00001eb012760	TAAGCAACAGCCGA	17	17
2	OUTSIDE	minus	-	CAACCAACCTATAG	3	3
2	PEAK	plus	-	TCCAACTACCGAAC	113	113
2	OUTSIDE	plus	Zm00001eb012750	AACCTGCTATCCGG	3	3
2	OUTSIDE	plus	-	CACATCGACAGCAG	1	1
2	PEAK	plus	-	TACTGACTATCGAG	127	127
2	NBR_BODY	minus	Zm00001eb012760	CTCTCAAGTCCTCC	6	6
2	PPL2_3P	plus	-	TCCAAGGCATTAAG	1	1
2	NBR_BODY	plus	-	CTTATATCGTCGGC	1	1
2	OUTSIDE	minus	-	ATCCTAAGTGGAGG	1	1
2	PEAK	minus	Zm00001eb012760	CCGCAAGAGGTTGG	11	11
2	PPL2_3P	plus	Zm00001eb012750	ACGGCCTTCAACCA	2	2
2	GAP	plus	-	CAAGTATAAGGAAC	4	4
2	GAP	plus	-	TTCAATCTCCTTAG	14	14
2	NBR_BODY	plus	-	TCCGAAGTTGTAGA	1	1
2	GAP	minus	-	TTCAATCTCCTTAG	2	2
2	PEAK	minus	Zm00001eb012760	ACAATAGGTGGTCC	8	8
2	GAP	plus	-	CAGCAGCGCTGACA	6	6
2	NBR_BODY	plus	-	TACACTATAGCTAG	3	3
2	PEAK	plus	-	CATGCTAGCGATCG	133	133
2	OUTSIDE	plus	-	TCGATTGGTAATGG	2	2
2	PPL2_3P	minus	-	ACGGCCTTCAACCA	1	1
2	PEAK	plus	-	ATGCTATCTAGACA	106	106
2	GAP	plus	-	TTGCTACCATTGAA	3	3
2	PEAK	plus	-	TCGATCTTCGGCAG	90	90
2	NBR_BODY	plus	-	AACCTGCTATCCGG	2	2
2	PEAK	minus	Zm00001eb012760	ATAATATTGCCTCC	27	27
2	NBR_BODY	plus	-	CATGTGTACTAGCA	1	1
2	PEAK	minus	Zm00001eb012760	CAGCAGCGCTGACA	18	18
2	NBR_BODY	minus	Zm00001eb012760	ATACGATGCTGCGC	5	5
2	PPL2_3P	minus	-	TCCATGTGTCCAGG	1	1
2	PEAK	minus	Zm00001eb012760	TTGCTACCATTGAA	47	47
2	GAP	plus	-	CAGATCGCTCTGCG	11	11
2	PEAK	minus	Zm00001eb012760	TCCAACTACCGAAC	25	25
2	GAP	minus	-	CAGATCGCTCTGCG	3	3
2	PPL2_3P	plus	-	ACAATAGGTGGTCC	11	11
2	PPL2_3P	plus	Zm00001eb012750	CTGATATGCAGCGA	3	3
2	NBR_BODY	minus	Zm00001eb012760	TAACACCTCCAACG	3	3
2	NBR_BODY	minus	Zm00001eb012760	ACGGCTCTTAGGCC	2	2
2	OUTSIDE	plus	Zm00001eb012750	TACGTTATTCCGAA	1	1
2	PEAK	minus	Zm00001eb012760	ATTGCGTCCATTAG	12	12
2	NBR_BODY	plus	-	CAAGGCGTGGTTAC	2	2
2	PEAK	plus	-	CAACCAACCTATAG	95	95
2	PPL2_3P	plus	Zm00001eb012750	TACGTTATTCCGAA	3	3
2	GAP	minus	-	ATACCGTTGGAGGA	2	2
2	GAP	minus	-	AACCATCGCATCCA	2	2
2	OUTSIDE	minus	-	ACTTAAGGTCCAAC	1	1
2	PEAK	plus	-	TTCTGAGGCGATGG	139	139
2	GAP	plus	-	CACGTAGCTAGACG	2	2
2	OUTSIDE	plus	-	CTCGGTTCGAATGC	7	7
2	NBR_BODY	plus	-	TACGTTATTCCGAA	1	1
2	GAP	plus	-	TCCAAGGCATTAAG	8	8
2	NBR_BODY	minus	Zm00001eb012760	ATTATCGGATTCGG	1	1
2	GAP	minus	-	CACGTAGCTAGACG	1	1
2	PPL2_3P	plus	Zm00001eb012750	ATCGATGTCATAGC	1	1
2	PPL2_3P	minus	-	AAGCCTTAGGCCGC	1	1
2	GAP	minus	-	TCCAAGGCATTAAG	1	1
2	PEAK	plus	-	CAGTCTAGTGCGCA	58	58
2	GAP	plus	-	ATGTAGGTAATCGG	5	5
2	PPL2_3P	minus	-	ACAGACGATAGTCA	4	4
2	GAP	plus	-	TCTGTCTATGCAGC	9	9
2	NBR_BODY	minus	Zm00001eb012760	ACCAACTTAGACAA	1	1
2	GAP	minus	-	ATGTAGGTAATCGG	1	1
2	NBR_BODY	minus	Zm00001eb012760	TTCATGGTAGAGAG	1	1
2	PEAK	minus	Zm00001eb012760	TCAGCGTGTCGTCA	29	29
2	GAP	minus	-	TCTGTCTATGCAGC	3	3
2	OUTSIDE	plus	Zm00001eb012750	AACCATCGCATCCA	1	1
2	PEAK	minus	Zm00001eb012760	TAACCTAACTTCAC	22	22
2	PPL2_3P	plus	Zm00001eb012750	ACTATCTGCAGTCG	2	2
2	PPL2_3P	plus	Zm00001eb012750	ACTCAGGCACCTCC	1	1
2	PPL2_3P	minus	-	CCATATTGAAGCAC	1	1
2	NBR_BODY	minus	Zm00001eb012760	ATGCTGCAACGGCA	2	2
2	GAP	plus	-	TAAGCAACAGCCGA	11	11
2	GAP	minus	-	TAAGCAACAGCCGA	1	1
2	PPL2_3P	plus	Zm00001eb012750	CTTATATCGTCGGC	2	2
2	PEAK	plus	-	ACATCTTCTTGAAC	143	143
2	NBR_BODY	minus	Zm00001eb012760	CTCCGCATGCTTCC	6	6
2	PPL2_3P	minus	-	CTTATATCGTCGGC	1	1
2	PEAK	plus	-	TATGACTGCATGCG	173	173
2	PPL2_3P	plus	Zm00001eb012750	TACACTATAGCTAG	1	1
2	GAP	plus	-	CCGCAAGAGGTTGG	10	10
2	GAP	minus	-	CCGCAAGAGGTTGG	3	3
2	PPL2_3P	plus	Zm00001eb012750	TCCAGAAGGCAACA	1	1
2	PEAK	plus	-	-	252	0
2	GAP	plus	-	ACAATAGGTGGTCC	46	46
2	GAP	minus	-	ACAATAGGTGGTCC	1	1
2	PPL2_3P	plus	Zm00001eb012750	AACCTGCTATCCGG	1	1
2	PEAK	plus	-	ATTCCAGTTCTTGC	135	135
2	PPL2_3P	plus	Zm00001eb012750	CATGTGTACTAGCA	1	1
2	PEAK	plus	-	CTCGTGCCTCAGGA	94	94
2	PEAK	plus	-	ATGCAATTACACCG	93	93
2	GAP	plus	-	ATAATATTGCCTCC	7	7
2	PEAK	plus	-	ACAAGGTTCCGCCG	83	83
2	GAP	minus	-	ATAATATTGCCTCC	3	3
2	OUTSIDE	plus	-	ACAGACGATAGTCA	3	3
2	GAP	minus	-	CAGCAGCGCTGACA	2	2
2	NBR_BODY	minus	Zm00001eb012760	CTTGATAAGCCAGG	2	2
2	NBR_BODY	minus	Zm00001eb012760	TCTTGAACGACTAA	3	3
2	PEAK	plus	-	ATTCCGCTCTGAGG	132	132
2	GAP	minus	-	TTGCTACCATTGAA	4	4
2	GAP	plus	-	TCCAACTACCGAAC	6	6
2	PEAK	minus	Zm00001eb012760	ACATCTTCTTGAAC	18	18
2	PEAK	minus	Zm00001eb012760	ACGCTCCTAACGGC	8	8
2	NBR_BODY	minus	Zm00001eb012760	AAGCGCACCGGAAC	4	4
2	GAP	plus	-	ATTGCGTCCATTAG	7	7
2	GAP	minus	-	ATTGCGTCCATTAG	3	3
2	PPL2_3P	plus	-	CAGTCTAGTGCGCA	2	2
2	PEAK	plus	-	TATGTACGTAGAGA	174	174
2	NBR_BODY	minus	Zm00001eb012760	TCGATGCTATATGA	4	4
2	OUTSIDE	plus	-	CTTATATCGTCGGC	1	1
2	PEAK	minus	Zm00001eb012760	TACTGACTATCGAG	11	11
2	OUTSIDE	plus	Zm00001eb012750	CAAGTATAAGGAAC	2	2
2	OUTSIDE	plus	Zm00001eb012750	TTCAATCTCCTTAG	6	6
2	NBR_BODY	minus	-	ATTCCAGTTCTTGC	3	3
2	OUTSIDE	minus	-	ATACGATGCTGCGC	1	1
2	OUTSIDE	plus	Zm00001eb012750	CAGCAGCGCTGACA	1	1
2	PEAK	minus	Zm00001eb012760	ATTCCAGTTCTTGC	31	31
2	OUTSIDE	plus	-	TCCGAAGTTGTAGA	1	1
2	OUTSIDE	minus	-	TAACACCTCCAACG	1	1
2	NBR_BODY	minus	-	ATGCAATTACACCG	1	1
2	NBR_BODY	minus	Zm00001eb012760	AATGTGTGGATACC	1	1
2	NBR_BODY	minus	Zm00001eb012760	CATGGAACTCCGGC	4	4
2	PEAK	minus	Zm00001eb012760	CTCGTGCCTCAGGA	10	10
2	PEAK	minus	Zm00001eb012760	ATGCAATTACACCG	15	15
2	PEAK	minus	Zm00001eb012760	CATGCTAGCGATCG	16	16
2	PPL2_3P	minus	-	TACGTTATTCCGAA	1	1
2	PPL2_3P	plus	Zm00001eb012750	ATGAATGTTGCCAC	1	1
2	PEAK	minus	Zm00001eb012760	ATGCTATCTAGACA	18	18
2	PEAK	plus	-	ATCCTAAGTGGAGG	101	101
2	PEAK	minus	Zm00001eb012760	ATTCCGCTCTGAGG	17	17
2	PEAK	minus	Zm00001eb012760	TCGATCTTCGGCAG	5	5
2	GAP	plus	-	TCAGCGTGTCGTCA	9	9
2	GAP	minus	-	TCAGCGTGTCGTCA	3	3
2	OUTSIDE	plus	Zm00001eb012750	CAGATCGCTCTGCG	1	1
2	GAP	plus	-	TAACCTAACTTCAC	9	9
2	NBR_BODY	plus	-	TTCAATCTCCTTAG	2	2
2	GAP	minus	-	TAACCTAACTTCAC	5	5
2	NBR_BODY	minus	Zm00001eb012760	AACTAGTATCCGGA	3	3
2	NBR_BODY	minus	Zm00001eb012760	TATGAGAGCTATGA	5	5
2	PPL2_3P	plus	Zm00001eb012750	CCTCCATCCATGGA	2	2
2	OUTSIDE	minus	-	ATTATCGGATTCGG	1	1
2	OUTSIDE	plus	Zm00001eb012750	ACCAATCCGTATAA	84	84
2	PPL2_3P	plus	Zm00001eb012750	AACCATCGCATCCA	3	3
2	PEAK	minus	Zm00001eb012760	CAACCAACCTATAG	16	16
2	NBR_BODY	minus	Zm00001eb012760	ACCGGATAACGGAA	12	12
2	PPL2_3P	minus	-	ATACCGTTGGAGGA	1	1
2	NBR_BODY	plus	-	CAGATCGCTCTGCG	2	2
2	NBR_BODY	minus	Zm00001eb012760	TCGATTGGTAATGG	6	6
2	OUTSIDE	plus	Zm00001eb012750	TCCAAGGCATTAAG	1	1
2	GAP	plus	-	CAGTCTAGTGCGCA	3	3
2	OUTSIDE	plus	Zm00001eb012750	TCTGTCTATGCAGC	1	1
2	NBR_BODY	minus	Zm00001eb012760	TTAACTTACGGTCA	1	1
2	PEAK	plus	-	CCGGTAGAATGGCC	47	47
2	PEAK	plus	-	ACTTAAGGTCCAAC	152	152
2	PPL2_3P	plus	Zm00001eb012750	ATGTAGGTAATCGG	1	1
2	NBR_BODY	minus	Zm00001eb012760	ACGCAGCGAGCAGA	9	9
2	PEAK	minus	Zm00001eb012760	TTCTGAGGCGATGG	24	24
2	PPL2_3P	plus	-	CAACCAACCTATAG	6	6
2	OUTSIDE	plus	Zm00001eb012750	TAAGCAACAGCCGA	2	2
2	PEAK	minus	Zm00001eb012760	CAGTCTAGTGCGCA	8	8
2	GAP	plus	-	ACATCTTCTTGAAC	5	5
2	GAP	minus	-	ACATCTTCTTGAAC	1	1
2	GAP	minus	-	ACGCTCCTAACGGC	3	3
2	NBR_BODY	plus	-	TCCAAGGCATTAAG	4	4
2	OUTSIDE	plus	Zm00001eb012750	CCGCAAGAGGTTGG	3	3
2	NBR_BODY	plus	-	ATGTAGGTAATCGG	1	1
2	NBR_BODY	minus	Zm00001eb012760	CCACGTTCCGGTAG	1	1
2	GAP	plus	-	TACTGACTATCGAG	9	9
2	OUTSIDE	minus	-	CTTGATAAGCCAGG	1	1
2	OUTSIDE	minus	-	TCTTGAACGACTAA	1	1
2	OUTSIDE	plus	Zm00001eb012750	ACAATAGGTGGTCC	72	72
2	PEAK	plus	-	ACCGATGTGCCGGA	134	134
2	GAP	plus	-	ATTCCAGTTCTTGC	3	3
2	PEAK	plus	-	TTCATGGTAGAGAG	98	98
2	GAP	minus	-	ATTCCAGTTCTTGC	1	1
2	NBR_BODY	plus	-	TAAGCAACAGCCGA	1	1
2	NBR_BODY	minus	Zm00001eb012760	AAGTACTGATCCAA	3	3
2	PEAK	minus	Zm00001eb012760	TATGACTGCATGCG	24	24
2	GAP	plus	-	CTCGTGCCTCAGGA	1	1
2	OUTSIDE	minus	-	AAGCGCACCGGAAC	1	1
2	GAP	plus	-	ATGCAATTACACCG	5	5
2	OUTSIDE	plus	Zm00001eb012750	ATAATATTGCCTCC	4	4
2	GAP	minus	-	CTCGTGCCTCAGGA	2	2
2	GAP	plus	-	ACAAGGTTCCGCCG	7	7
2	GAP	plus	-	CATGCTAGCGATCG	9	9
2	NBR_BODY	minus	Zm00001eb012760	CTCGGTTCGAATGC	8	8
2	NBR_BODY	minus	Zm00001eb012760	AACAGGATAACTCC	4	4
2	PPL2_3P	plus	Zm00001eb012750	TTCAATCTCCTTAG	15	15
2	GAP	plus	-	ATGCTATCTAGACA	4	4
2	PEAK	plus	-	CTCCGCATGCTTCC	116	116
2	NBR_BODY	minus	Zm00001eb012760	AACAACCGAAGTAA	2	2
2	GAP	plus	-	ATTCCGCTCTGAGG	4	4
2	NBR_BODY	minus	Zm00001eb012760	CTCCTAACACAGCC	6	6
2	NBR_BODY	minus	Zm00001eb012760	CTCTGGCTTGCAGG	2	2
2	PPL2_3P	plus	Zm00001eb012750	CAGCAGCGCTGACA	2	2
2	GAP	plus	-	TCGATCTTCGGCAG	3	3
2	NBR_BODY	plus	-	CCGCAAGAGGTTGG	1	1
2	GAP	minus	-	ATTCCGCTCTGAGG	1	1
2	GAP	minus	-	TCGATCTTCGGCAG	3	3
2	OUTSIDE	plus	Zm00001eb012750	TCCAACTACCGAAC	1	1
2	OUTSIDE	plus	-	TCCAGAAGGCAACA	1	1
2	PPL2_3P	plus	Zm00001eb012750	TTGCTACCATTGAA	2	2
2	PEAK	minus	Zm00001eb012760	ACAAGGTTCCGCCG	11	11
2	NBR_BODY	minus	Zm00001eb012760	ACGAGCAGATGCAG	1	1
2	OUTSIDE	plus	Zm00001eb012750	ATTGCGTCCATTAG	3	3
2	PEAK	plus	-	CTCTCAAGTCCTCC	148	148
2	OUTSIDE	minus	-	CATGGAACTCCGGC	3	3
2	PPL2_3P	plus	Zm00001eb012750	CAGATCGCTCTGCG	1	1
2	NBR_BODY	minus	Zm00001eb012760	CAGACATGATAGAG	3	3
2	PEAK	minus	Zm00001eb012760	ACCGATGTGCCGGA	14	14
2	PEAK	minus	-	TCCGAAGTTGTAGA	1	1
2	NBR_BODY	plus	-	TTGCTACCATTGAA	1	1
2	PEAK	minus	Zm00001eb012760	TATGTACGTAGAGA	11	11
2	NBR_BODY	plus	-	-	1	0
2	GAP	minus	-	CAACCAACCTATAG	1	1
2	NBR_BODY	minus	Zm00001eb012760	CACATCGACAGCAG	1	1
2	OUTSIDE	minus	-	AACTAGTATCCGGA	2	2
2	NBR_BODY	plus	-	TCCAACTACCGAAC	1	1
2	OUTSIDE	minus	-	TATGAGAGCTATGA	5	5
2	NBR_BODY	plus	-	ATTGCGTCCATTAG	1	1
2	PPL2_3P	plus	Zm00001eb012750	ACCAATCCGTATAA	132	132
2	GAP	plus	-	ATCCTAAGTGGAGG	5	5
2	NBR_BODY	minus	Zm00001eb012760	TAAGGACCTCATAA	3	3
2	PEAK	plus	-	ATACGATGCTGCGC	109	109
2	PPL2_3P	minus	-	ACCAATCCGTATAA	3	3
2	PPL2_3P	plus	Zm00001eb012750	TCAGCGTGTCGTCA	8	8
2	GAP	plus	-	TTCTGAGGCGATGG	11	11
2	GAP	minus	-	TTCTGAGGCGATGG	1	1
2	OUTSIDE	minus	-	ATCCGGCGATGACC	4	4
2	PPL2_3P	plus	-	TATGTACGTAGAGA	1	1
2	PEAK	plus	-	TAACACCTCCAACG	90	90
2	PEAK	minus	Zm00001eb012760	ATCCTAAGTGGAGG	10	10
2	PEAK	minus	Zm00001eb012760	CTCTCAAGTCCTCC	22	22
2	PEAK	plus	-	ACGGCTCTTAGGCC	111	111
2	PPL2_3P	plus	Zm00001eb012750	TCCAAGGCATTAAG	2	2
2	OUTSIDE	minus	-	TCGATTGGTAATGG	5	5
2	PEAK	plus	-	AACATGGCACGGAA	94	94
2	NBR_BODY	plus	-	TCAGCGTGTCGTCA	4	4
2	NBR_BODY	plus	-	TAACCTAACTTCAC	2	2
2	GAP	plus	-	TATGACTGCATGCG	12	12
2	GAP	minus	-	TATGACTGCATGCG	5	5
2	PEAK	plus	-	TATGAGAGCTATGA	484	484
2	PEAK	plus	-	ATTATCGGATTCGG	153	153
2	PPL2_3P	plus	Zm00001eb012750	CCGCAAGAGGTTGG	1	1
2	GAP	plus	-	ACTTAAGGTCCAAC	13	13
2	PEAK	plus	-	ACCAACTTAGACAA	130	130
2	OUTSIDE	plus	-	ATACCGTTGGAGGA	3	3
2	OUTSIDE	minus	-	CCACGTTCCGGTAG	1	1
2	PPL2_3P	plus	Zm00001eb012750	ACAATAGGTGGTCC	122	122
2	PEAK	minus	Zm00001eb012760	TAACACCTCCAACG	15	15
2	OUTSIDE	plus	-	ACCAATCCGTATAA	5	5
2	NBR_BODY	minus	Zm00001eb012760	ACGGCCTTCAACCA	5	5
2	OUTSIDE	plus	Zm00001eb012750	ACATCTTCTTGAAC	2	2
2	PEAK	plus	-	ATGCTGCAACGGCA	79	79
2	PEAK	minus	Zm00001eb012760	CCGGTAGAATGGCC	8	8
2	PPL2_3P	minus	-	ACAATAGGTGGTCC	4	4
2	PEAK	minus	Zm00001eb012760	ACTTAAGGTCCAAC	16	16
2	GAP	minus	-	ACAAGGTTCCGCCG	3	3
2	PEAK	plus	-	ACCGGATAACGGAA	134	134
2	PPL2_3P	plus	Zm00001eb012750	ATAATATTGCCTCC	4	4
2	OUTSIDE	minus	-	CTCGGTTCGAATGC	6	6
2	NBR_BODY	minus	Zm00001eb012760	TCCATGTGTCCAGG	4	4
2	PPL2_3P	minus	-	ATAATATTGCCTCC	2	2
2	NBR_BODY	minus	Zm00001eb012760	CAAGGCGTGGTTAC	3	3
2	OUTSIDE	minus	-	CTCTGGCTTGCAGG	1	1
2	OUTSIDE	minus	-	CTCCTAACACAGCC	2	2
2	PPL2_3P	plus	Zm00001eb012750	TCCAACTACCGAAC	1	1
2	GAP	plus	-	ACCGATGTGCCGGA	11	11
2	OUTSIDE	plus	Zm00001eb012750	ATTCCAGTTCTTGC	1	1
2	PPL2_3P	plus	-	TAACACCTCCAACG	1	1
2	GAP	minus	-	ACCGATGTGCCGGA	2	2
2	GAP	plus	-	TATGTACGTAGAGA	18	18
2	GAP	minus	-	TATGTACGTAGAGA	4	4
2	NBR_BODY	minus	-	ATTATCGGATTCGG	1	1
2	PPL2_3P	minus	-	TCCAACTACCGAAC	1	1
2	OUTSIDE	plus	Zm00001eb012750	CTCGTGCCTCAGGA	1	1
2	NBR_BODY	minus	Zm00001eb012760	CTGATATGCAGCGA	3	3
2	OUTSIDE	plus	Zm00001eb012750	ACAAGGTTCCGCCG	3	3
2	OUTSIDE	plus	Zm00001eb012750	CATGCTAGCGATCG	2	2
2	PPL2_3P	minus	-	-	34	0
2	PEAK	minus	Zm00001eb012760	ACCAACTTAGACAA	15	15
2	PEAK	minus	Zm00001eb012760	TTCATGGTAGAGAG	11	11
2	OUTSIDE	plus	Zm00001eb012750	ATTCCGCTCTGAGG	3	3
2	NBR_BODY	minus	Zm00001eb012760	CTGCTCATGAGAGA	2	2
2	OUTSIDE	plus	Zm00001eb012750	TCGATCTTCGGCAG	1	1
2	PEAK	plus	-	CTTGATAAGCCAGG	128	128
2	PEAK	plus	-	TCTTGAACGACTAA	199	199
2	NBR_BODY	plus	-	TACTGACTATCGAG	3	3
2	PEAK	minus	Zm00001eb012760	CTCCGCATGCTTCC	13	13
2	GAP	plus	-	CTCTCAAGTCCTCC	12	12
2	GAP	minus	-	ATCCTAAGTGGAGG	1	1
2	GAP	minus	-	CTCTCAAGTCCTCC	1	1
2	OUTSIDE	plus	-	ACAATAGGTGGTCC	3	3
2	PEAK	plus	-	AAGCGCACCGGAAC	128	128
2	NBR_BODY	minus	Zm00001eb012760	AAGCCTTAGGCCGC	2	2
2	NBR_BODY	minus	Zm00001eb012760	ACAGACGATAGTCA	2	2
2	PEAK	plus	-	TCGATGCTATATGA	67	67
2	PEAK	plus	-	AAGTACTGATCCAA	137	137
2	PEAK	plus	-	CTAAGGAAGGACCG	131	131
2	NBR_BODY	plus	-	CATGCTAGCGATCG	1	1
2	PPL2_3P	plus	Zm00001eb012750	TAACCTAACTTCAC	2	2
2	OUTSIDE	minus	-	TAAGGACCTCATAA	1	1
2	NBR_BODY	minus	Zm00001eb012760	ATCGATGTCATAGC	5	5
2	OUTSIDE	plus	Zm00001eb012750	CAACCAACCTATAG	22	22
2	NBR_BODY	plus	-	ATTCCGCTCTGAGG	1	1
2	OUTSIDE	minus	-	ACAGACGATAGTCA	3	3
2	NBR_BODY	minus	Zm00001eb012760	CCATATTGAAGCAC	6	6
2	PPL2_3P	minus	-	TAACCTAACTTCAC	2	2
2	NBR_BODY	minus	Zm00001eb012760	ACTATCTGCAGTCG	3	3
2	PEAK	plus	-	AACAACCGAAGTAA	166	166
2	OUTSIDE	plus	-	TTGCTACCATTGAA	1	1
2	PEAK	plus	-	AATGTGTGGATACC	136	136
2	NBR_BODY	minus	Zm00001eb012760	ACTCAGGCACCTCC	3	3
2	PEAK	plus	-	CATGGAACTCCGGC	282	282
2	NBR_BODY	minus	Zm00001eb012760	CTTATATCGTCGGC	1	1
2	GAP	plus	-	ATACGATGCTGCGC	2	2
2	OUTSIDE	plus	Zm00001eb012750	TTCTGAGGCGATGG	1	1
2	NBR_BODY	minus	Zm00001eb012760	TCCGAAGTTGTAGA	2	2
2	GAP	plus	-	TAACACCTCCAACG	5	5
2	NBR_BODY	minus	Zm00001eb012760	TACACTATAGCTAG	3	3
2	PEAK	plus	-	AACTAGTATCCGGA	379	379
2	GAP	minus	-	TAACACCTCCAACG	2	2
2	PPL2_3P	plus	Zm00001eb012750	TTCTGAGGCGATGG	2	2
2	NBR_BODY	minus	Zm00001eb012760	TCCAGAAGGCAACA	1	1
2	GAP	plus	-	CCGGTAGAATGGCC	1	1
2	PEAK	minus	Zm00001eb012760	ATACGATGCTGCGC	8	8
2	GAP	minus	-	CCGGTAGAATGGCC	2	2
2	GAP	minus	-	ACTTAAGGTCCAAC	4	4
2	PEAK	minus	Zm00001eb012760	TCGATGCTATATGA	21	21
2	NBR_BODY	minus	Zm00001eb012760	AACCTGCTATCCGG	1	1
2	PPL2_3P	minus	-	CAGTCTAGTGCGCA	1	1
2	PEAK	minus	Zm00001eb012760	ACGGCTCTTAGGCC	13	13
2	PPL2_3P	plus	Zm00001eb012750	ACATCTTCTTGAAC	6	6
2	PEAK	plus	-	TAAGGACCTCATAA	133	133
2	PEAK	plus	-	ATCCGGCGATGACC	200	200
2	OUTSIDE	minus	-	ACGGCCTTCAACCA	3	3
2	PEAK	plus	-	TCGATTGGTAATGG	210	210
2	PEAK	minus	Zm00001eb012760	AACATGGCACGGAA	12	12
2	PPL2_3P	minus	-	ACGCTCCTAACGGC	1	1
2	OUTSIDE	plus	Zm00001eb012750	ACTTAAGGTCCAAC	1	1
2	GAP	plus	-	ACCAACTTAGACAA	5	5
2	PPL2_3P	plus	Zm00001eb012750	TACTGACTATCGAG	1	1
2	GAP	plus	-	TTCATGGTAGAGAG	5	5
2	PEAK	plus	-	TTAACTTACGGTCA	98	98
2	OUTSIDE	minus	-	TCCATGTGTCCAGG	3	3
2	PEAK	plus	-	ACGCAGCGAGCAGA	172	172
2	PPL2_3P	plus	Zm00001eb012750	ATTCCAGTTCTTGC	1	1
2	PEAK	minus	Zm00001eb012760	TATGAGAGCTATGA	21	21
2	PEAK	minus	Zm00001eb012760	ATTATCGGATTCGG	12	12
2	PPL2_3P	plus	Zm00001eb012750	-	22	0
2	PPL2_3P	plus	-	CATGGAACTCCGGC	4	4
2	PPL2_3P	minus	-	ATTCCAGTTCTTGC	1	1
2	GAP	plus	-	CTCCGCATGCTTCC	2	2
2	GAP	minus	-	CTCCGCATGCTTCC	4	4
2	NBR_BODY	plus	-	TATGACTGCATGCG	2	2
2	OUTSIDE	minus	-	CTGATATGCAGCGA	1	1
2	PPL2_3P	plus	Zm00001eb012750	ATGCTATCTAGACA	2	2
2	PEAK	minus	Zm00001eb012760	ATGCTGCAACGGCA	7	7
2	PPL2_3P	minus	-	ATGCAATTACACCG	1	1
2	PPL2_3P	minus	-	ACAAGGTTCCGCCG	1	1
2	PPL2_3P	minus	-	CATGCTAGCGATCG	1	1
2	PEAK	minus	Zm00001eb012760	ACCGGATAACGGAA	9	9
2	PEAK	plus	-	CCACGTTCCGGTAG	107	107
2	NBR_BODY	minus	Zm00001eb012760	ATGAATGTTGCCAC	1	1
2	OUTSIDE	minus	-	TACGTTATTCCGAA	1	1
2	PPL2_3P	plus	-	AACTAGTATCCGGA	4	4
2	PPL2_3P	plus	-	TATGAGAGCTATGA	13	13
2	PEAK	minus	Zm00001eb012760	TCGATTGGTAATGG	6	6
2	PEAK	minus	Zm00001eb012760	TTAACTTACGGTCA	19	19
2	OUTSIDE	plus	-	ATAATATTGCCTCC	1	1
2	NBR_BODY	minus	Zm00001eb012760	CCTCCATCCATGGA	1	1
2	PEAK	plus	-	AACAGGATAACTCC	98	98
2	PEAK	plus	-	CTCGGTTCGAATGC	496	496
2	PEAK	minus	Zm00001eb012760	ACGCAGCGAGCAGA	17	17
2	GAP	plus	-	CTTGATAAGCCAGG	1	1
2	GAP	plus	-	TCTTGAACGACTAA	8	8
2	PPL2_3P	plus	Zm00001eb012750	CAACCAACCTATAG	45	45
2	PEAK	plus	-	CTCCTAACACAGCC	142	142
2	PEAK	plus	-	CTCTGGCTTGCAGG	164	164
2	PPL2_3P	plus	-	ATCCGGCGATGACC	4	4
2	NBR_BODY	minus	Zm00001eb012760	ATACCGTTGGAGGA	1	1
2	NBR_BODY	minus	Zm00001eb012760	AACCATCGCATCCA	2	2
2	NBR_BODY	plus	-	ACCGATGTGCCGGA	2	2
2	PEAK	plus	-	TCCATGTGTCCAGG	105	105
2	OUTSIDE	plus	Zm00001eb012750	CTCTCAAGTCCTCC	3	3
2	PPL2_3P	minus	-	CAACCAACCTATAG	3	3
2	PPL2_3P	plus	-	TCGATTGGTAATGG	6	6
2	PEAK	plus	-	ACGAGCAGATGCAG	139	139
2	GAP	plus	-	AAGCGCACCGGAAC	4	4
2	PEAK	minus	Zm00001eb012760	CTTGATAAGCCAGG	26	26
2	PEAK	minus	Zm00001eb012760	TCTTGAACGACTAA	20	20
2	OUTSIDE	minus	-	ACTCAGGCACCTCC	2	2
2	GAP	minus	-	ATACGATGCTGCGC	3	3
2	GAP	plus	-	TCGATGCTATATGA	7	7
2	GAP	minus	-	TCGATGCTATATGA	2	2
2	PEAK	minus	Zm00001eb012760	CCACGTTCCGGTAG	14	14
2	GAP	plus	-	ACGGCTCTTAGGCC	3	3
2	PPL2_3P	plus	-	ACGCAGCGAGCAGA	2	2
2	GAP	minus	-	ACGGCTCTTAGGCC	3	3
2	PEAK	minus	Zm00001eb012760	AAGCGCACCGGAAC	10	10
2	PEAK	plus	-	CAGACATGATAGAG	105	105
2	OUTSIDE	plus	-	ATGCTATCTAGACA	1	1
2	OUTSIDE	minus	-	TCCGAAGTTGTAGA	3	3
2	PEAK	minus	Zm00001eb012760	AAGTACTGATCCAA	19	19
2	PEAK	plus	-	CACATCGACAGCAG	102	102
2	PEAK	minus	Zm00001eb012760	CTAAGGAAGGACCG	15	15
2	PPL2_3P	minus	-	TTCTGAGGCGATGG	3	3
2	OUTSIDE	minus	-	TACACTATAGCTAG	2	2
2	GAP	plus	-	AATGTGTGGATACC	3	3
2	GAP	plus	-	CATGGAACTCCGGC	32	32
2	GAP	minus	-	CATGGAACTCCGGC	1	1
2	NBR_BODY	plus	-	CTCTCAAGTCCTCC	3	3
2	GAP	plus	-	AACATGGCACGGAA	3	3
2	PEAK	minus	Zm00001eb012760	CTCGGTTCGAATGC	21	21
2	GAP	minus	-	AACATGGCACGGAA	1	1
2	NBR_BODY	minus	-	CTCTGGCTTGCAGG	1	1
2	PEAK	minus	Zm00001eb012760	AACAACCGAAGTAA	15	15
2	PEAK	minus	Zm00001eb012760	AATGTGTGGATACC	24	24
2	PEAK	minus	Zm00001eb012760	CATGGAACTCCGGC	13	13
2	OUTSIDE	plus	Zm00001eb012750	TAACACCTCCAACG	1	1
2	PEAK	plus	-	ACAGACGATAGTCA	426	426
2	PEAK	minus	Zm00001eb012760	ACGAGCAGATGCAG	6	6
2	GAP	plus	-	TATGAGAGCTATGA	47	47
2	GAP	plus	-	ATTATCGGATTCGG	11	11
2	GAP	minus	-	ATTATCGGATTCGG	2	2
2	OUTSIDE	plus	-	CAACCAACCTATAG	2	2
2	PEAK	plus	-	CTCAATTAGAGACC	99	99
2	PEAK	plus	-	CCATATTGAAGCAC	186	186
2	PPL2_3P	plus	Zm00001eb012750	CCGGTAGAATGGCC	1	1
2	PEAK	minus	Zm00001eb012760	AACTAGTATCCGGA	4	4
2	PPL2_3P	plus	-	CTCGGTTCGAATGC	9	9
2	GAP	plus	-	ATGCTGCAACGGCA	2	2
2	PEAK	minus	Zm00001eb012760	CAGACATGATAGAG	9	9
2	GAP	plus	-	-	8	0
2	PPL2_3P	plus	-	CTCCTAACACAGCC	1	1
2	GAP	minus	-	ATGCTGCAACGGCA	5	5
2	PPL2_3P	minus	-	ACTTAAGGTCCAAC	2	2
2	GAP	plus	-	ACCGGATAACGGAA	6	6
2	GAP	plus	-	ATCCGGCGATGACC	3	3
2	PEAK	minus	Zm00001eb012760	CACATCGACAGCAG	18	18
2	GAP	minus	-	ACCGGATAACGGAA	2	2
2	NBR_BODY	minus	Zm00001eb012760	CAAGTATAAGGAAC	1	1
2	NBR_BODY	minus	Zm00001eb012760	TTCAATCTCCTTAG	6	6
2	NBR_BODY	minus	Zm00001eb012760	CAGCAGCGCTGACA	2	2
2	GAP	plus	-	TCGATTGGTAATGG	1	1
2	GAP	minus	-	TCGATTGGTAATGG	1	1
2	OUTSIDE	plus	-	TTCTGAGGCGATGG	2	2
2	NBR_BODY	plus	-	CCGGTAGAATGGCC	2	2
2	PEAK	plus	-	TCCGAAGTTGTAGA	132	132
2	NBR_BODY	minus	Zm00001eb012760	TTGCTACCATTGAA	8	8
2	OUTSIDE	minus	-	CAAGTATAAGGAAC	2	2
2	PEAK	minus	Zm00001eb012760	ATCCGGCGATGACC	8	8
2	PEAK	minus	Zm00001eb012760	TAAGGACCTCATAA	22	22
2	GAP	plus	-	TTAACTTACGGTCA	4	4
2	GAP	minus	-	TTAACTTACGGTCA	2	2
2	GAP	plus	-	ACGCAGCGAGCAGA	42	42
2	PPL2_3P	plus	Zm00001eb012750	TTCATGGTAGAGAG	1	1
2	NBR_BODY	minus	Zm00001eb012760	ATTGCGTCCATTAG	3	3
2	GAP	minus	-	ACGCAGCGAGCAGA	4	4
2	PPL2_3P	plus	Zm00001eb012750	TATGTACGTAGAGA	11	11
2	NBR_BODY	minus	Zm00001eb012760	CAGATCGCTCTGCG	1	1
2	PEAK	plus	-	ACGGCCTTCAACCA	125	125
2	PPL2_3P	minus	-	ACCGATGTGCCGGA	2	2
2	PPL2_3P	plus	Zm00001eb012750	CTCCGCATGCTTCC	1	1
2	GAP	minus	-	TCTTGAACGACTAA	5	5
2	GAP	minus	-	CTTGATAAGCCAGG	3	3
2	GAP	plus	-	CCACGTTCCGGTAG	2	2
2	NBR_BODY	plus	-	TTCATGGTAGAGAG	1	1
2	GAP	minus	-	CCACGTTCCGGTAG	1	1
2	NBR_BODY	minus	Zm00001eb012760	ACCAATCCGTATAA	3	3
2	PEAK	plus	-	CAAGGCGTGGTTAC	135	135
2	PPL2_3P	plus	-	ACAGACGATAGTCA	12	12
2	GAP	minus	-	AAGCGCACCGGAAC	1	1
2	GAP	plus	-	AAGTACTGATCCAA	8	8
2	GAP	plus	-	CTAAGGAAGGACCG	9	9
2	GAP	minus	-	AAGTACTGATCCAA	2	2
2	NBR_BODY	minus	Zm00001eb012760	TCAGCGTGTCGTCA	4	4
2	PPL2_3P	plus	-	CTCAATTAGAGACC	1	1
2	GAP	minus	-	CTAAGGAAGGACCG	3	3
2	NBR_BODY	plus	-	CTCCGCATGCTTCC	1	1
2	PEAK	plus	-	CTGATATGCAGCGA	89	89
2	GAP	plus	-	AACAGGATAACTCC	4	4
2	GAP	plus	-	CTCGGTTCGAATGC	1	1
2	NBR_BODY	minus	Zm00001eb012760	CACGTAGCTAGACG	3	3
2	NBR_BODY	minus	Zm00001eb012760	TCCAAGGCATTAAG	6	6
2	GAP	minus	-	CTCGGTTCGAATGC	3	3
2	OUTSIDE	plus	Zm00001eb012750	TCTTGAACGACTAA	1	1
2	GAP	plus	-	AACAACCGAAGTAA	30	30
2	NBR_BODY	minus	Zm00001eb012760	ATGTAGGTAATCGG	2	2
2	GAP	plus	-	CTCTGGCTTGCAGG	10	10
2	PEAK	plus	-	CTGCTCATGAGAGA	122	122
2	GAP	minus	-	AACAACCGAAGTAA	2	2
2	GAP	minus	-	CTCTGGCTTGCAGG	3	3
2	PEAK	plus	-	TACGTTATTCCGAA	172	172
2	GAP	minus	-	AATGTGTGGATACC	2	2
2	GAP	plus	-	ACGAGCAGATGCAG	8	8
2	PEAK	minus	Zm00001eb012760	AACAGGATAACTCC	16	16
2	GAP	minus	-	ACGAGCAGATGCAG	2	2
2	OUTSIDE	plus	Zm00001eb012750	AAGCGCACCGGAAC	2	2
2	NBR_BODY	minus	Zm00001eb012760	TAAGCAACAGCCGA	1	1
2	PEAK	minus	Zm00001eb012760	CTCTGGCTTGCAGG	17	17
2	PEAK	minus	Zm00001eb012760	CTCCTAACACAGCC	15	15
2	PEAK	plus	-	AAGCCTTAGGCCGC	79	79
2	PEAK	minus	Zm00001eb012760	TCCATGTGTCCAGG	17	17
2	GAP	plus	-	AACTAGTATCCGGA	152	152
2	GAP	plus	-	CAGACATGATAGAG	1	1
2	PPL2_3P	plus	Zm00001eb012750	TAACACCTCCAACG	1	1
2	NBR_BODY	plus	-	CTTGATAAGCCAGG	1	1
2	GAP	minus	-	CAGACATGATAGAG	2	2
2	PPL2_3P	minus	-	ATACGATGCTGCGC	2	2
2	NBR_BODY	minus	Zm00001eb012760	CCGCAAGAGGTTGG	3	3
2	PEAK	plus	-	ATCGATGTCATAGC	121	121
2	PPL2_3P	plus	Zm00001eb012750	ACGGCTCTTAGGCC	2	2
2	PEAK	plus	-	CCTCCATCCATGGA	98	98
2	GAP	plus	-	CACATCGACAGCAG	6	6
2	GAP	minus	-	CACATCGACAGCAG	4	4
2	OUTSIDE	plus	Zm00001eb012750	CATGGAACTCCGGC	39	39
2	PEAK	plus	-	ACTATCTGCAGTCG	98	98
2	PEAK	minus	Zm00001eb012760	CTGATATGCAGCGA	8	8
2	OUTSIDE	plus	Zm00001eb012750	AACATGGCACGGAA	1	1
2	PEAK	plus	-	ACTCAGGCACCTCC	134	134
2	PPL2_3P	plus	Zm00001eb012750	AACATGGCACGGAA	1	1
2	GAP	plus	-	TAAGGACCTCATAA	6	6
2	PEAK	plus	-	CTTATATCGTCGGC	120	120
2	GAP	minus	-	TAAGGACCTCATAA	2	2
2	GAP	minus	-	ATCCGGCGATGACC	3	3
2	NBR_BODY	minus	Zm00001eb012760	ATAATATTGCCTCC	2	2
2	OUTSIDE	plus	Zm00001eb012750	TATGAGAGCTATGA	54	54
2	PEAK	plus	-	TACACTATAGCTAG	93	93
2	NBR_BODY	minus	Zm00001eb012760	TCCAACTACCGAAC	11	11
2	PEAK	plus	-	TCCAGAAGGCAACA	77	77
2	OUTSIDE	minus	-	CAGCAGCGCTGACA	1	1
2	PPL2_3P	plus	Zm00001eb012750	ATTATCGGATTCGG	1	1
2	GAP	plus	-	CTCAATTAGAGACC	1	1
2	NBR_BODY	plus	-	AATGTGTGGATACC	1	1
2	NBR_BODY	plus	-	CATGGAACTCCGGC	1	1
2	PEAK	minus	Zm00001eb012760	AAGCCTTAGGCCGC	11	11
2	PEAK	minus	Zm00001eb012760	ACAGACGATAGTCA	15	15
2	PPL2_3P	plus	Zm00001eb012750	ACCAACTTAGACAA	1	1
2	PEAK	plus	-	AACCTGCTATCCGG	125	125
2	OUTSIDE	plus	Zm00001eb012750	ATGCTGCAACGGCA	1	1
3	PEAK	minus	Zm00001eb012760	CAGACATGATAGAG	14	14
3	NBR_BODY	minus	Zm00001eb012760	ACATCTTCTTGAAC	1	1
3	PPL2_3P	minus	-	ATTCCGCTCTGAGG	2	2
3	PEAK	minus	Zm00001eb012760	CACATCGACAGCAG	12	12
3	PEAK	plus	-	TCCAAGGCATTAAG	83	83
3	GAP	plus	-	ATGAATGTTGCCAC	1	1
3	GAP	minus	-	-	1	0
3	PEAK	plus	-	ATGTAGGTAATCGG	33	33
3	NBR_BODY	minus	Zm00001eb012760	TACTGACTATCGAG	3	3
3	GAP	minus	-	CTTATATCGTCGGC	2	2
3	PPL2_3P	plus	Zm00001eb012750	CAGCAGCGCTGACA	1	1
3	PEAK	minus	Zm00001eb012760	ACAGACGATAGTCA	5	5
3	OUTSIDE	minus	-	ATCGATGTCATAGC	2	2
3	GAP	minus	-	TCCGAAGTTGTAGA	1	1
3	NBR_BODY	minus	Zm00001eb012760	CTCGTGCCTCAGGA	1	1
3	NBR_BODY	minus	Zm00001eb012760	ATGCAATTACACCG	4	4
3	NBR_BODY	plus	-	TATGTACGTAGAGA	1	1
3	NBR_BODY	minus	Zm00001eb012760	ACAAGGTTCCGCCG	3	3
3	GAP	plus	-	ATACCGTTGGAGGA	2	2
3	NBR_BODY	minus	Zm00001eb012760	CATGCTAGCGATCG	2	2
3	PEAK	minus	Zm00001eb012760	CCATATTGAAGCAC	8	8
3	OUTSIDE	minus	-	ACTCAGGCACCTCC	10	10
3	PPL2_3P	plus	Zm00001eb012750	ATTGCGTCCATTAG	1	1
3	PPL2_3P	minus	-	ATCCTAAGTGGAGG	4	4
3	GAP	minus	-	ACGGCCTTCAACCA	1	1
3	OUTSIDE	plus	-	ATCCTAAGTGGAGG	2	2
3	PEAK	plus	-	TTCAATCTCCTTAG	68	68
3	PPL2_3P	minus	-	TTCTGAGGCGATGG	2	2
3	PEAK	minus	Zm00001eb012760	TCCGAAGTTGTAGA	10	10
3	OUTSIDE	minus	-	TCCAGAAGGCAACA	1	1
3	GAP	plus	-	TCCAAGGCATTAAG	3	3
3	PEAK	plus	-	CAGCAGCGCTGACA	74	74
3	GAP	plus	-	ATGTAGGTAATCGG	2	2
3	PPL2_3P	plus	Zm00001eb012750	ACCAATCCGTATAA	1	1
3	OUTSIDE	minus	-	AACCTGCTATCCGG	3	3
3	PEAK	plus	-	TTGCTACCATTGAA	58	58
3	OUTSIDE	plus	Zm00001eb012750	TCAGCGTGTCGTCA	137	137
3	NBR_BODY	minus	Zm00001eb012760	CAACCAACCTATAG	2	2
3	OUTSIDE	plus	Zm00001eb012750	TAACCTAACTTCAC	1	1
3	PEAK	minus	Zm00001eb012760	-	82	0
3	PPL2_3P	plus	Zm00001eb012750	TCAGCGTGTCGTCA	218	218
3	PEAK	minus	Zm00001eb012760	ACGGCCTTCAACCA	11	11
3	PEAK	plus	-	ATTGCGTCCATTAG	115	115
3	PPL2_3P	plus	Zm00001eb012750	CACGTAGCTAGACG	1	1
3	NBR_BODY	minus	Zm00001eb012760	TTCTGAGGCGATGG	2	2
3	PEAK	minus	Zm00001eb012760	CAAGGCGTGGTTAC	17	17
3	PPL2_3P	plus	Zm00001eb012750	TAAGCAACAGCCGA	1	1
3	PEAK	plus	-	ACCAATCCGTATAA	43	43
3	NBR_BODY	plus	-	TAACACCTCCAACG	1	1
3	PPL2_3P	plus	-	ATCGATGTCATAGC	6	6
3	GAP	plus	-	TTCAATCTCCTTAG	1	1
3	PEAK	minus	Zm00001eb012760	CTGATATGCAGCGA	4	4
3	PEAK	plus	-	TCAGCGTGTCGTCA	485	485
3	GAP	plus	-	CAGCAGCGCTGACA	2	2
3	PEAK	minus	Zm00001eb012760	CTGCTCATGAGAGA	8	8
3	PPL2_3P	plus	-	ACTCAGGCACCTCC	1	1
3	PEAK	plus	-	CACGTAGCTAGACG	57	57
3	PPL2_3P	plus	Zm00001eb012750	ACAATAGGTGGTCC	1	1
3	PEAK	minus	Zm00001eb012760	TACGTTATTCCGAA	8	8
3	PEAK	plus	-	TCTGTCTATGCAGC	90	90
3	NBR_BODY	minus	Zm00001eb012760	TATGACTGCATGCG	2	2
3	GAP	plus	-	ATTGCGTCCATTAG	4	4
3	PPL2_3P	minus	-	TATGTACGTAGAGA	2	2
3	OUTSIDE	plus	-	ACCGATGTGCCGGA	2	2
3	PPL2_3P	plus	Zm00001eb012750	ATAATATTGCCTCC	1	1
3	NBR_BODY	minus	Zm00001eb012760	ACTTAAGGTCCAAC	2	2
3	PEAK	plus	-	TAAGCAACAGCCGA	73	73
3	PEAK	minus	Zm00001eb012760	AAGCCTTAGGCCGC	4	4
3	PPL2_3P	plus	Zm00001eb012750	TCCAACTACCGAAC	1	1
3	PEAK	minus	Zm00001eb012760	ATCGATGTCATAGC	9	9
3	PEAK	minus	Zm00001eb012760	CCTCCATCCATGGA	6	6
3	GAP	minus	-	TACACTATAGCTAG	3	3
3	NBR_BODY	plus	-	-	2	0
3	OUTSIDE	plus	-	CTCCGCATGCTTCC	1	1
3	OUTSIDE	minus	-	ATACCGTTGGAGGA	1	1
3	PEAK	minus	Zm00001eb012760	ACTATCTGCAGTCG	9	9
3	PEAK	plus	-	CCGCAAGAGGTTGG	49	49
3	GAP	plus	-	ACCAATCCGTATAA	1	1
3	OUTSIDE	plus	Zm00001eb012750	CTCGTGCCTCAGGA	19	19
3	GAP	minus	-	AACCTGCTATCCGG	2	2
3	PEAK	minus	Zm00001eb012760	ACTCAGGCACCTCC	3	3
3	PEAK	plus	-	ACAATAGGTGGTCC	156	156
3	OUTSIDE	plus	Zm00001eb012750	CATGCTAGCGATCG	1	1
3	PEAK	minus	Zm00001eb012760	CTTATATCGTCGGC	13	13
3	NBR_BODY	minus	Zm00001eb012760	ACCGATGTGCCGGA	3	3
3	GAP	plus	-	TAACCTAACTTCAC	6	6
3	NBR_BODY	minus	Zm00001eb012760	TATGTACGTAGAGA	2	2
3	GAP	plus	-	CACGTAGCTAGACG	1	1
3	PEAK	plus	-	ATAATATTGCCTCC	61	61
3	PEAK	minus	Zm00001eb012760	TACACTATAGCTAG	13	13
3	GAP	plus	-	TCTGTCTATGCAGC	8	8
3	PEAK	minus	Zm00001eb012760	TCCAGAAGGCAACA	7	7
3	PEAK	plus	-	TCCAACTACCGAAC	78	78
3	PEAK	minus	Zm00001eb012760	AACCTGCTATCCGG	12	12
3	GAP	plus	-	TAAGCAACAGCCGA	1	1
3	PEAK	minus	Zm00001eb012760	CATGTGTACTAGCA	3	3
3	PPL2_3P	plus	Zm00001eb012750	TAACCTAACTTCAC	2	2
3	PPL2_3P	plus	-	TACGTTATTCCGAA	7	7
3	PPL2_3P	minus	-	ATACGATGCTGCGC	1	1
3	GAP	minus	-	CAAGTATAAGGAAC	1	1
3	GAP	minus	-	TTCAATCTCCTTAG	2	2
3	PPL2_3P	minus	-	TAACACCTCCAACG	1	1
3	PEAK	plus	-	CATGCTAGCGATCG	68	68
3	OUTSIDE	plus	Zm00001eb012750	ATCCTAAGTGGAGG	46	46
3	GAP	plus	-	ACAATAGGTGGTCC	7	7
3	NBR_BODY	plus	-	TCGATGCTATATGA	2	2
3	GAP	minus	-	ATGAATGTTGCCAC	1	1
3	OUTSIDE	plus	Zm00001eb012750	TTCTGAGGCGATGG	28	28
3	PPL2_3P	plus	Zm00001eb012750	TTCTGAGGCGATGG	52	52
3	GAP	plus	-	ATAATATTGCCTCC	1	1
3	GAP	plus	-	ACGCTCCTAACGGC	4	4
3	PEAK	plus	-	TAACCTAACTTCAC	48	48
3	PPL2_3P	plus	Zm00001eb012750	CAGTCTAGTGCGCA	2	2
3	OUTSIDE	minus	-	CAGCAGCGCTGACA	2	2
3	GAP	minus	-	CAGATCGCTCTGCG	2	2
3	PEAK	minus	Zm00001eb012760	CAAGTATAAGGAAC	11	11
3	GAP	plus	-	TCCAACTACCGAAC	1	1
3	PEAK	plus	-	-	162	0
3	NBR_BODY	minus	Zm00001eb012760	TAACACCTCCAACG	1	1
3	GAP	minus	-	ATACCGTTGGAGGA	2	2
3	GAP	minus	-	AACCATCGCATCCA	1	1
3	PEAK	minus	Zm00001eb012760	ATGAATGTTGCCAC	5	5
3	PPL2_3P	plus	Zm00001eb012750	ACATCTTCTTGAAC	1	1
3	NBR_BODY	minus	Zm00001eb012760	CCGGTAGAATGGCC	1	1
3	GAP	minus	-	ACCAATCCGTATAA	1	1
3	PPL2_3P	plus	Zm00001eb012750	ACGCTCCTAACGGC	1	1
3	OUTSIDE	plus	Zm00001eb012750	TATGACTGCATGCG	1	1
3	NBR_BODY	plus	-	TATGAGAGCTATGA	5	5
3	NBR_BODY	plus	-	ATTATCGGATTCGG	1	1
3	PEAK	minus	Zm00001eb012760	CAGATCGCTCTGCG	12	12
3	PPL2_3P	minus	-	-	3	0
3	OUTSIDE	plus	Zm00001eb012750	ACTTAAGGTCCAAC	1	1
3	PEAK	plus	-	TTCTGAGGCGATGG	150	150
3	GAP	plus	-	TCGATCTTCGGCAG	2	2
3	GAP	minus	-	TCCAAGGCATTAAG	1	1
3	PEAK	plus	-	CAGTCTAGTGCGCA	78	78
3	PPL2_3P	plus	Zm00001eb012750	ATTCCAGTTCTTGC	2	2
3	GAP	minus	-	ATGTAGGTAATCGG	2	2
3	PEAK	minus	Zm00001eb012760	ATACCGTTGGAGGA	4	4
3	GAP	minus	-	TCTGTCTATGCAGC	1	1
3	PEAK	minus	Zm00001eb012760	AACCATCGCATCCA	10	10
3	PPL2_3P	plus	Zm00001eb012750	CTCGTGCCTCAGGA	62	62
3	PPL2_3P	plus	Zm00001eb012750	ATGCAATTACACCG	1	1
3	NBR_BODY	minus	Zm00001eb012760	ACCAACTTAGACAA	2	2
3	NBR_BODY	minus	Zm00001eb012760	TTCATGGTAGAGAG	2	2
3	OUTSIDE	minus	-	TCAGCGTGTCGTCA	1	1
3	GAP	minus	-	TAAGCAACAGCCGA	4	4
3	PEAK	plus	-	ACATCTTCTTGAAC	64	64
3	PPL2_3P	plus	Zm00001eb012750	ATTCCGCTCTGAGG	1	1
3	PPL2_3P	plus	Zm00001eb012750	TCGATCTTCGGCAG	1	1
3	PEAK	plus	-	ACGCTCCTAACGGC	74	74
3	OUTSIDE	plus	Zm00001eb012750	ACCGATGTGCCGGA	2	2
3	GAP	plus	-	CAACCAACCTATAG	2	2
3	OUTSIDE	plus	Zm00001eb012750	TATGTACGTAGAGA	32	32
3	NBR_BODY	plus	-	ACGCAGCGAGCAGA	1	1
3	PEAK	minus	Zm00001eb012760	TCCAAGGCATTAAG	11	11
3	PEAK	plus	-	TATGACTGCATGCG	78	78
3	PPL2_3P	minus	-	TCTTGAACGACTAA	3	3
3	PEAK	minus	Zm00001eb012760	ATGTAGGTAATCGG	8	8
3	GAP	minus	-	CCGCAAGAGGTTGG	1	1
3	PEAK	minus	Zm00001eb012760	TCTGTCTATGCAGC	12	12
3	PEAK	plus	-	TACTGACTATCGAG	47	47
3	OUTSIDE	plus	-	TCTTGAACGACTAA	3	3
3	GAP	minus	-	ACAATAGGTGGTCC	1	1
3	PEAK	plus	-	ATTCCAGTTCTTGC	52	52
3	PPL2_3P	plus	-	CAGCAGCGCTGACA	1	1
3	PEAK	plus	-	CTCGTGCCTCAGGA	272	272
3	PEAK	plus	-	ATGCAATTACACCG	162	162
3	NBR_BODY	plus	-	CCACGTTCCGGTAG	1	1
3	PEAK	plus	-	ACAAGGTTCCGCCG	49	49
3	GAP	minus	-	ATAATATTGCCTCC	5	5
3	OUTSIDE	plus	-	AAGTACTGATCCAA	4	4
3	GAP	plus	-	CAGTCTAGTGCGCA	5	5
3	PEAK	plus	-	ATGCTATCTAGACA	50	50
3	PEAK	plus	-	ATTCCGCTCTGAGG	13	13
3	PEAK	plus	-	TCGATCTTCGGCAG	83	83
3	GAP	minus	-	TTGCTACCATTGAA	6	6
3	PEAK	minus	Zm00001eb012760	CCGCAAGAGGTTGG	6	6
3	OUTSIDE	minus	-	ACAATAGGTGGTCC	1	1
3	PPL2_3P	plus	Zm00001eb012750	ATCCTAAGTGGAGG	104	104
3	NBR_BODY	plus	-	AAGTACTGATCCAA	1	1
3	NBR_BODY	minus	Zm00001eb012760	CTTGATAAGCCAGG	1	1
3	PEAK	minus	Zm00001eb012760	ACAATAGGTGGTCC	4	4
3	GAP	plus	-	ACATCTTCTTGAAC	1	1
3	GAP	minus	-	ATTGCGTCCATTAG	1	1
3	NBR_BODY	plus	-	CTCGGTTCGAATGC	1	1
3	NBR_BODY	plus	-	AACAACCGAAGTAA	1	1
3	NBR_BODY	plus	-	CTCTGGCTTGCAGG	1	1
3	PEAK	minus	Zm00001eb012760	TTCAATCTCCTTAG	16	16
3	GAP	plus	-	TATGACTGCATGCG	8	8
3	PEAK	minus	Zm00001eb012760	CAGCAGCGCTGACA	4	4
3	NBR_BODY	minus	Zm00001eb012760	TCGATGCTATATGA	1	1
3	NBR_BODY	plus	-	ACGAGCAGATGCAG	2	2
3	PEAK	plus	-	CAACCAACCTATAG	41	41
3	OUTSIDE	minus	-	TCCAACTACCGAAC	2	2
3	PEAK	minus	Zm00001eb012760	TTGCTACCATTGAA	29	29
3	NBR_BODY	minus	Zm00001eb012760	ACGGCTCTTAGGCC	3	3
3	NBR_BODY	plus	-	AACTAGTATCCGGA	1	1
3	PEAK	minus	Zm00001eb012760	ATTGCGTCCATTAG	11	11
3	PEAK	plus	-	ATCCTAAGTGGAGG	214	214
3	GAP	plus	-	CTCGTGCCTCAGGA	1	1
3	GAP	plus	-	ATGCAATTACACCG	4	4
3	NBR_BODY	plus	-	CAGACATGATAGAG	4	4
3	NBR_BODY	minus	Zm00001eb012760	CATGGAACTCCGGC	2	2
3	GAP	plus	-	ACAAGGTTCCGCCG	5	5
3	NBR_BODY	minus	Zm00001eb012760	AACATGGCACGGAA	3	3
3	GAP	plus	-	ATGCTATCTAGACA	2	2
3	NBR_BODY	plus	-	CACATCGACAGCAG	1	1
3	GAP	plus	-	ATTCCGCTCTGAGG	1	1
3	NBR_BODY	minus	Zm00001eb012760	TATGAGAGCTATGA	1	1
3	NBR_BODY	minus	Zm00001eb012760	ATTATCGGATTCGG	4	4
3	PEAK	minus	Zm00001eb012760	ACCAATCCGTATAA	13	13
3	GAP	plus	-	TATGTACGTAGAGA	1	1
3	PEAK	minus	Zm00001eb012760	TCAGCGTGTCGTCA	4	4
3	PEAK	minus	Zm00001eb012760	TAACCTAACTTCAC	7	7
3	NBR_BODY	minus	Zm00001eb012760	ATGCTGCAACGGCA	2	2
3	OUTSIDE	plus	Zm00001eb012750	ACCAACTTAGACAA	2	2
3	PEAK	minus	Zm00001eb012760	CACGTAGCTAGACG	1	1
3	NBR_BODY	minus	Zm00001eb012760	ACCGGATAACGGAA	2	2
3	NBR_BODY	minus	Zm00001eb012760	ATCCGGCGATGACC	1	1
3	PPL2_3P	plus	Zm00001eb012750	ACCGATGTGCCGGA	1	1
3	PPL2_3P	plus	Zm00001eb012750	TATGTACGTAGAGA	51	51
3	NBR_BODY	minus	Zm00001eb012760	TCGATTGGTAATGG	2	2
3	PEAK	plus	-	CCGGTAGAATGGCC	63	63
3	PEAK	plus	-	ACTTAAGGTCCAAC	59	59
3	GAP	plus	-	ATCCTAAGTGGAGG	21	21
3	OUTSIDE	plus	Zm00001eb012750	CTCCGCATGCTTCC	2	2
3	PEAK	minus	Zm00001eb012760	TAAGCAACAGCCGA	11	11
3	NBR_BODY	minus	Zm00001eb012760	TTAACTTACGGTCA	2	2
3	GAP	minus	-	ACATCTTCTTGAAC	2	2
3	NBR_BODY	minus	Zm00001eb012760	ACGCAGCGAGCAGA	2	2
3	PPL2_3P	minus	-	CTCTGGCTTGCAGG	1	1
3	PPL2_3P	plus	Zm00001eb012750	CTCTCAAGTCCTCC	1	1
3	GAP	minus	-	TCCAACTACCGAAC	1	1
3	GAP	minus	-	TACTGACTATCGAG	3	3
3	OUTSIDE	plus	-	CTCTGGCTTGCAGG	2	2
3	PEAK	plus	-	ACCGATGTGCCGGA	63	63
3	PEAK	plus	-	TTCATGGTAGAGAG	29	29
3	PEAK	plus	-	TATGTACGTAGAGA	232	232
3	NBR_BODY	minus	Zm00001eb012760	CCACGTTCCGGTAG	1	1
3	NBR_BODY	plus	-	CTCCTAACACAGCC	1	1
3	OUTSIDE	plus	Zm00001eb012750	TCTTGAACGACTAA	63	63
3	GAP	minus	-	CTCGTGCCTCAGGA	1	1
3	PEAK	minus	Zm00001eb012760	ATAATATTGCCTCC	9	9
3	GAP	minus	-	ATGCAATTACACCG	1	1
3	PEAK	minus	Zm00001eb012760	ACGCTCCTAACGGC	6	6
3	GAP	minus	-	CATGCTAGCGATCG	3	3
3	NBR_BODY	minus	Zm00001eb012760	CTAAGGAAGGACCG	9	9
3	PEAK	plus	-	CTCCGCATGCTTCC	47	47
3	GAP	plus	-	CCGGTAGAATGGCC	2	2
3	GAP	plus	-	ACTTAAGGTCCAAC	2	2
3	GAP	minus	-	TCGATCTTCGGCAG	2	2
3	PEAK	minus	Zm00001eb012760	TCCAACTACCGAAC	8	8
3	NBR_BODY	minus	Zm00001eb012760	AACAGGATAACTCC	1	1
3	NBR_BODY	minus	Zm00001eb012760	CTCGGTTCGAATGC	3	3
3	OUTSIDE	plus	Zm00001eb012750	-	12	0
3	OUTSIDE	plus	Zm00001eb012750	TCGATGCTATATGA	1	1
3	PPL2_3P	plus	-	TCAGCGTGTCGTCA	16	16
3	OUTSIDE	plus	Zm00001eb012750	CTAAGGAAGGACCG	1	1
3	NBR_BODY	minus	Zm00001eb012760	AACAACCGAAGTAA	1	1
3	NBR_BODY	minus	Zm00001eb012760	CTCTGGCTTGCAGG	4	4
3	PEAK	plus	-	CTCTCAAGTCCTCC	46	46
3	OUTSIDE	plus	Zm00001eb012750	ACGGCTCTTAGGCC	2	2
3	OUTSIDE	minus	-	CTCGTGCCTCAGGA	1	1
3	NBR_BODY	minus	Zm00001eb012760	ACGAGCAGATGCAG	1	1
3	OUTSIDE	minus	-	CATGCTAGCGATCG	2	2
3	PEAK	minus	Zm00001eb012760	CATGCTAGCGATCG	7	7
3	OUTSIDE	plus	Zm00001eb012750	CATGGAACTCCGGC	1	1
3	PEAK	minus	Zm00001eb012760	ATGCTATCTAGACA	10	10
3	GAP	minus	-	CAACCAACCTATAG	1	1
3	PEAK	minus	Zm00001eb012760	TCGATCTTCGGCAG	7	7
3	NBR_BODY	minus	Zm00001eb012760	AACTAGTATCCGGA	2	2
3	GAP	plus	-	TTCATGGTAGAGAG	1	1
3	NBR_BODY	minus	Zm00001eb012760	CAGACATGATAGAG	2	2
3	NBR_BODY	minus	Zm00001eb012760	CACATCGACAGCAG	2	2
3	OUTSIDE	plus	Zm00001eb012750	AACTAGTATCCGGA	1	1
3	PPL2_3P	plus	-	CAGTCTAGTGCGCA	1	1
3	PEAK	plus	-	ATACGATGCTGCGC	69	69
3	GAP	plus	-	CTCCGCATGCTTCC	3	3
3	NBR_BODY	minus	-	CCACGTTCCGGTAG	1	1
3	NBR_BODY	minus	Zm00001eb012760	TAAGGACCTCATAA	2	2
3	PEAK	plus	-	TAACACCTCCAACG	61	61
3	GAP	minus	-	CAGTCTAGTGCGCA	1	1
3	PEAK	minus	Zm00001eb012760	CAACCAACCTATAG	12	12
3	PEAK	plus	-	ACGGCTCTTAGGCC	67	67
3	GAP	plus	-	CTCTCAAGTCCTCC	5	5
3	OUTSIDE	plus	Zm00001eb012750	ATCCGGCGATGACC	2	2
3	OUTSIDE	minus	-	ATCCTAAGTGGAGG	6	6
3	PEAK	plus	-	AACATGGCACGGAA	72	72
3	OUTSIDE	plus	Zm00001eb012750	TTAACTTACGGTCA	1	1
3	PEAK	minus	Zm00001eb012760	TTCTGAGGCGATGG	6	6
3	PEAK	minus	Zm00001eb012760	CAGTCTAGTGCGCA	8	8
3	GAP	minus	-	TATGACTGCATGCG	3	3
3	PEAK	plus	-	TATGAGAGCTATGA	85	85
3	PEAK	plus	-	ATTATCGGATTCGG	52	52
3	PEAK	plus	-	ACCAACTTAGACAA	56	56
3	PPL2_3P	plus	-	CTCGTGCCTCAGGA	1	1
3	PPL2_3P	plus	-	ATGCAATTACACCG	2	2
3	GAP	minus	-	ATTCCAGTTCTTGC	1	1
3	PEAK	minus	Zm00001eb012760	ACATCTTCTTGAAC	17	17
3	PEAK	plus	-	ATGCTGCAACGGCA	95	95
3	PPL2_3P	plus	-	TCGATCTTCGGCAG	1	1
3	GAP	plus	-	TAACACCTCCAACG	1	1
3	GAP	minus	-	ACAAGGTTCCGCCG	1	1
3	PPL2_3P	plus	Zm00001eb012750	TCTTGAACGACTAA	106	106
3	GAP	plus	-	ACGGCTCTTAGGCC	2	2
3	NBR_BODY	minus	Zm00001eb012760	ACGGCCTTCAACCA	3	3
3	PEAK	minus	Zm00001eb012760	TATGACTGCATGCG	9	9
3	GAP	minus	-	ATTCCGCTCTGAGG	1	1
3	PEAK	minus	Zm00001eb012760	TACTGACTATCGAG	14	14
3	OUTSIDE	plus	Zm00001eb012750	AAGTACTGATCCAA	17	17
3	NBR_BODY	minus	Zm00001eb012760	CTCCTAACACAGCC	2	2
3	OUTSIDE	plus	-	TACGTTATTCCGAA	6	6
3	PEAK	minus	Zm00001eb012760	ATTCCAGTTCTTGC	17	17
3	GAP	minus	-	ACCGATGTGCCGGA	1	1
3	PPL2_3P	plus	Zm00001eb012750	AAGTACTGATCCAA	24	24
3	GAP	minus	-	TATGTACGTAGAGA	1	1
3	NBR_BODY	minus	Zm00001eb012760	TCCATGTGTCCAGG	2	2
3	PEAK	minus	Zm00001eb012760	CTCGTGCCTCAGGA	11	11
3	OUTSIDE	plus	Zm00001eb012750	AACAACCGAAGTAA	1	1
3	PEAK	minus	Zm00001eb012760	ATGCAATTACACCG	2	2
3	OUTSIDE	plus	Zm00001eb012750	CTCTGGCTTGCAGG	54	54
3	PEAK	minus	Zm00001eb012760	ACAAGGTTCCGCCG	7	7
3	PPL2_3P	plus	Zm00001eb012750	AACAACCGAAGTAA	1	1
3	GAP	plus	-	TATGAGAGCTATGA	3	3
3	GAP	plus	-	ATTATCGGATTCGG	4	4
3	PEAK	minus	Zm00001eb012760	ATTCCGCTCTGAGG	9	9
3	OUTSIDE	plus	Zm00001eb012750	ACGAGCAGATGCAG	1	1
3	NBR_BODY	minus	Zm00001eb012760	CTGATATGCAGCGA	2	2
3	PPL2_3P	minus	-	ATCGATGTCATAGC	5	5
3	GAP	plus	-	ACCAACTTAGACAA	2	2
3	PPL2_3P	plus	-	ATCCTAAGTGGAGG	4	4
3	PEAK	plus	-	TCTTGAACGACTAA	350	350
3	PEAK	plus	-	CTTGATAAGCCAGG	52	52
3	OUTSIDE	plus	-	ATCGATGTCATAGC	1	1
3	PPL2_3P	minus	-	ACTCAGGCACCTCC	4	4
3	GAP	plus	-	ATGCTGCAACGGCA	1	1
3	PPL2_3P	plus	-	TTCTGAGGCGATGG	6	6
3	GAP	minus	-	ATCCTAAGTGGAGG	1	1
3	PEAK	minus	Zm00001eb012760	TATGTACGTAGAGA	8	8
3	GAP	minus	-	CTCTCAAGTCCTCC	1	1
3	PEAK	plus	-	AAGCGCACCGGAAC	56	56
3	OUTSIDE	plus	Zm00001eb012750	CAGACATGATAGAG	3	3
3	OUTSIDE	plus	-	ACTCAGGCACCTCC	3	3
3	GAP	plus	-	ACCGGATAACGGAA	5	5
3	PEAK	plus	-	TCGATGCTATATGA	46	46
3	PEAK	plus	-	AAGTACTGATCCAA	135	135
3	PEAK	plus	-	CTAAGGAAGGACCG	51	51
3	NBR_BODY	plus	-	AACCATCGCATCCA	1	1
3	NBR_BODY	minus	Zm00001eb012760	AAGCCTTAGGCCGC	1	1
3	NBR_BODY	minus	Zm00001eb012760	ACAGACGATAGTCA	2	2
3	PEAK	plus	-	AACAACCGAAGTAA	78	78
3	NBR_BODY	minus	Zm00001eb012760	ATCGATGTCATAGC	6	6
3	PEAK	plus	-	AATGTGTGGATACC	46	46
3	PEAK	plus	-	CATGGAACTCCGGC	86	86
3	PPL2_3P	minus	-	AACCTGCTATCCGG	2	2
3	NBR_BODY	minus	Zm00001eb012760	CCATATTGAAGCAC	1	1
3	PEAK	minus	Zm00001eb012760	ATCCTAAGTGGAGG	5	5
3	PPL2_3P	plus	Zm00001eb012750	TAAGGACCTCATAA	3	3
3	NBR_BODY	minus	Zm00001eb012760	ACTATCTGCAGTCG	5	5
3	NBR_BODY	minus	Zm00001eb012760	CTTATATCGTCGGC	1	1
3	NBR_BODY	minus	Zm00001eb012760	-	7	0
3	GAP	plus	-	CTTGATAAGCCAGG	1	1
3	PEAK	plus	-	AACTAGTATCCGGA	49	49
3	PPL2_3P	plus	Zm00001eb012750	TTAACTTACGGTCA	2	2
3	GAP	minus	-	CCGGTAGAATGGCC	2	2
3	PPL2_3P	plus	Zm00001eb012750	ACGCAGCGAGCAGA	1	1
3	OUTSIDE	minus	-	-	9	0
3	NBR_BODY	minus	Zm00001eb012760	TCCGAAGTTGTAGA	1	1
3	NBR_BODY	minus	Zm00001eb012760	TACACTATAGCTAG	2	2
3	GAP	plus	-	AAGCGCACCGGAAC	2	2
3	GAP	plus	-	TCGATGCTATATGA	1	1
3	GAP	plus	-	CTAAGGAAGGACCG	2	2
3	NBR_BODY	minus	Zm00001eb012760	AACCTGCTATCCGG	2	2
3	PEAK	plus	-	ACCGGATAACGGAA	62	62
3	NBR_BODY	minus	-	CTGCTCATGAGAGA	1	1
3	PEAK	plus	-	TAAGGACCTCATAA	69	69
3	PEAK	plus	-	ATCCGGCGATGACC	82	82
3	NBR_BODY	minus	Zm00001eb012760	CATGTGTACTAGCA	3	3
3	OUTSIDE	minus	-	ACGGCTCTTAGGCC	1	1
3	PEAK	plus	-	TCGATTGGTAATGG	65	65
3	GAP	plus	-	AACAACCGAAGTAA	2	2
3	PPL2_3P	minus	-	TACGTTATTCCGAA	4	4
3	GAP	plus	-	AATGTGTGGATACC	5	5
3	PEAK	minus	Zm00001eb012760	CCGGTAGAATGGCC	4	4
3	GAP	plus	-	CATGGAACTCCGGC	8	8
3	PEAK	minus	Zm00001eb012760	ACTTAAGGTCCAAC	12	12
3	PEAK	plus	-	TTAACTTACGGTCA	95	95
3	GAP	minus	-	TTCATGGTAGAGAG	1	1
3	OUTSIDE	minus	-	AACATGGCACGGAA	1	1
3	NBR_BODY	plus	-	CAAGTATAAGGAAC	1	1
3	PEAK	plus	-	ACGCAGCGAGCAGA	108	108
3	PPL2_3P	plus	Zm00001eb012750	AACAGGATAACTCC	2	2
3	GAP	plus	-	AACTAGTATCCGGA	2	2
3	PPL2_3P	plus	Zm00001eb012750	CTCTGGCTTGCAGG	92	92
3	GAP	minus	-	CTCCGCATGCTTCC	2	2
3	OUTSIDE	minus	-	ACCAACTTAGACAA	1	1
3	PEAK	minus	Zm00001eb012760	ACCGATGTGCCGGA	6	6
3	PEAK	plus	-	CCACGTTCCGGTAG	85	85
3	PEAK	minus	Zm00001eb012760	TTCATGGTAGAGAG	6	6
3	NBR_BODY	minus	Zm00001eb012760	TACGTTATTCCGAA	2	2
3	GAP	plus	-	ATCCGGCGATGACC	1	1
3	GAP	plus	-	TAAGGACCTCATAA	3	3
3	PPL2_3P	plus	Zm00001eb012750	CAGACATGATAGAG	3	3
3	GAP	plus	-	TCGATTGGTAATGG	7	7
3	PEAK	minus	Zm00001eb012760	CTCCGCATGCTTCC	4	4
3	PEAK	plus	-	AACAGGATAACTCC	79	79
3	PEAK	plus	-	CTCGGTTCGAATGC	63	63
3	NBR_BODY	plus	-	ACCAATCCGTATAA	1	1
3	GAP	plus	-	TTAACTTACGGTCA	4	4
3	PEAK	plus	-	CTCCTAACACAGCC	50	50
3	PEAK	plus	-	CTCTGGCTTGCAGG	244	244
3	NBR_BODY	minus	Zm00001eb012760	CCTCCATCCATGGA	1	1
3	GAP	plus	-	ACGCAGCGAGCAGA	1	1
3	PEAK	minus	Zm00001eb012760	CTCTCAAGTCCTCC	5	5
3	OUTSIDE	plus	-	ATGTAGGTAATCGG	1	1
3	PEAK	plus	-	ACGAGCAGATGCAG	75	75
3	OUTSIDE	plus	Zm00001eb012750	ATCGATGTCATAGC	36	36
3	NBR_BODY	plus	-	CACGTAGCTAGACG	1	1
3	NBR_BODY	minus	Zm00001eb012760	AACCATCGCATCCA	3	3
3	GAP	minus	-	ATACGATGCTGCGC	2	2
3	NBR_BODY	plus	-	TCCAAGGCATTAAG	3	3
3	OUTSIDE	minus	-	TCTTGAACGACTAA	4	4
3	OUTSIDE	minus	-	CTTGATAAGCCAGG	2	2
3	GAP	minus	-	ACGGCTCTTAGGCC	1	1
3	OUTSIDE	plus	Zm00001eb012750	ACTCAGGCACCTCC	39	39
3	PEAK	plus	-	CAGACATGATAGAG	75	75
3	GAP	plus	-	CCACGTTCCGGTAG	4	4
3	OUTSIDE	plus	Zm00001eb012750	CTTATATCGTCGGC	1	1
3	PEAK	plus	-	CACATCGACAGCAG	61	61
3	NBR_BODY	minus	Zm00001eb012760	TCCAGAAGGCAACA	1	1
3	OUTSIDE	minus	-	CTAAGGAAGGACCG	1	1
3	PEAK	minus	Zm00001eb012760	ATACGATGCTGCGC	12	12
3	GAP	plus	-	CTCGGTTCGAATGC	1	1
3	GAP	plus	-	AACAGGATAACTCC	6	6
3	PEAK	minus	Zm00001eb012760	TAACACCTCCAACG	6	6
3	PEAK	plus	-	ACAGACGATAGTCA	48	48
3	PEAK	minus	Zm00001eb012760	ACGGCTCTTAGGCC	2	2
3	GAP	plus	-	CTCCTAACACAGCC	2	2
3	GAP	minus	-	TATGAGAGCTATGA	3	3
3	GAP	minus	-	ATTATCGGATTCGG	1	1
3	GAP	plus	-	ACGAGCAGATGCAG	2	2
3	PEAK	plus	-	CTCAATTAGAGACC	44	44
3	PPL2_3P	plus	Zm00001eb012750	ACGGCCTTCAACCA	1	1
3	NBR_BODY	plus	-	ATAATATTGCCTCC	1	1
3	PEAK	minus	Zm00001eb012760	AACATGGCACGGAA	5	5
3	GAP	minus	-	ATGCTGCAACGGCA	1	1
3	NBR_BODY	plus	-	TTGCTACCATTGAA	1	1
3	GAP	minus	-	ACCGGATAACGGAA	2	2
3	GAP	plus	-	CAGACATGATAGAG	4	4
3	OUTSIDE	minus	-	TATGAGAGCTATGA	1	1
3	GAP	plus	-	CACATCGACAGCAG	6	6
3	PEAK	minus	Zm00001eb012760	TATGAGAGCTATGA	20	20
3	PEAK	minus	Zm00001eb012760	ATTATCGGATTCGG	7	7
3	NBR_BODY	minus	Zm00001eb012760	CAAGTATAAGGAAC	1	1
3	PEAK	minus	Zm00001eb012760	ACCAACTTAGACAA	12	12
3	PPL2_3P	minus	-	ACCAATCCGTATAA	1	1
3	GAP	minus	-	ACGCAGCGAGCAGA	1	1
3	OUTSIDE	plus	-	ACCAATCCGTATAA	2	2
3	PEAK	minus	Zm00001eb012760	ATGCTGCAACGGCA	9	9
3	OUTSIDE	plus	Zm00001eb012750	TACGTTATTCCGAA	51	51
3	PPL2_3P	plus	-	TCTTGAACGACTAA	3	3
3	GAP	plus	-	ACAGACGATAGTCA	1	1
3	PEAK	minus	Zm00001eb012760	ACCGGATAACGGAA	7	7
3	PEAK	plus	-	ACGGCCTTCAACCA	45	45
3	PPL2_3P	plus	Zm00001eb012750	CTGCTCATGAGAGA	1	1
3	PPL2_3P	plus	Zm00001eb012750	TACGTTATTCCGAA	92	92
3	OUTSIDE	plus	-	TCAGCGTGTCGTCA	13	13
3	GAP	minus	-	CTTGATAAGCCAGG	2	2
3	GAP	plus	-	CTCAATTAGAGACC	1	1
3	GAP	minus	-	TCTTGAACGACTAA	1	1
3	NBR_BODY	minus	Zm00001eb012760	CAGATCGCTCTGCG	1	1
3	PPL2_3P	minus	-	TCTGTCTATGCAGC	1	1
3	NBR_BODY	plus	-	TCAGCGTGTCGTCA	2	2
3	PEAK	plus	-	TCCATGTGTCCAGG	70	70
3	GAP	minus	-	CCACGTTCCGGTAG	1	1
3	PEAK	plus	-	CAAGGCGTGGTTAC	52	52
3	NBR_BODY	minus	Zm00001eb012760	ACCAATCCGTATAA	1	1
3	GAP	minus	-	CTAAGGAAGGACCG	3	3
3	PPL2_3P	plus	Zm00001eb012750	ATCGATGTCATAGC	75	75
3	PEAK	plus	-	CTGATATGCAGCGA	48	48
3	GAP	plus	-	TCCGAAGTTGTAGA	2	2
3	PPL2_3P	plus	Zm00001eb012750	CCATATTGAAGCAC	1	1
3	PPL2_3P	plus	Zm00001eb012750	ACTATCTGCAGTCG	1	1
3	PEAK	minus	Zm00001eb012760	TCTTGAACGACTAA	10	10
3	PEAK	minus	Zm00001eb012760	CTTGATAAGCCAGG	17	17
3	OUTSIDE	minus	-	CCACGTTCCGGTAG	1	1
3	PEAK	plus	-	CTGCTCATGAGAGA	71	71
3	PPL2_3P	plus	Zm00001eb012750	ACTCAGGCACCTCC	62	62
3	GAP	minus	-	AACAACCGAAGTAA	3	3
3	PEAK	plus	-	TACGTTATTCCGAA	275	275
3	GAP	minus	-	CATGGAACTCCGGC	2	2
3	PPL2_3P	plus	Zm00001eb012750	CTTATATCGTCGGC	1	1
3	NBR_BODY	minus	Zm00001eb012760	TCCAAGGCATTAAG	1	1
3	GAP	plus	-	-	2	0
3	NBR_BODY	minus	Zm00001eb012760	ATGTAGGTAATCGG	2	2
3	PEAK	minus	Zm00001eb012760	AAGCGCACCGGAAC	5	5
3	GAP	minus	-	ACGAGCAGATGCAG	2	2
3	NBR_BODY	minus	Zm00001eb012760	TCTGTCTATGCAGC	2	2
3	GAP	plus	-	ACGGCCTTCAACCA	1	1
3	PEAK	minus	Zm00001eb012760	AAGTACTGATCCAA	5	5
3	PEAK	minus	Zm00001eb012760	TCGATGCTATATGA	11	11
3	PEAK	minus	Zm00001eb012760	CTAAGGAAGGACCG	8	8
3	PEAK	plus	-	AAGCCTTAGGCCGC	59	59
3	PPL2_3P	minus	-	ATAATATTGCCTCC	1	1
3	NBR_BODY	minus	Zm00001eb012760	TAAGCAACAGCCGA	1	1
3	GAP	minus	-	AACTAGTATCCGGA	1	1
3	OUTSIDE	minus	-	CTCTGGCTTGCAGG	2	2
3	GAP	plus	-	TCCATGTGTCCAGG	2	2
3	PEAK	plus	-	ATCGATGTCATAGC	213	213
3	PEAK	minus	Zm00001eb012760	AACAACCGAAGTAA	12	12
3	GAP	plus	-	CAAGGCGTGGTTAC	1	1
3	PEAK	plus	-	CCATATTGAAGCAC	69	69
3	PEAK	minus	Zm00001eb012760	AATGTGTGGATACC	3	3
3	GAP	minus	-	CACATCGACAGCAG	2	2
3	PEAK	minus	Zm00001eb012760	CATGGAACTCCGGC	11	11
3	NBR_BODY	plus	-	ACATCTTCTTGAAC	1	1
3	PEAK	plus	-	ACTATCTGCAGTCG	31	31
3	NBR_BODY	minus	Zm00001eb012760	CCGCAAGAGGTTGG	2	2
3	PEAK	plus	-	ACTCAGGCACCTCC	223	223
3	GAP	plus	-	CTGATATGCAGCGA	2	2
3	PEAK	plus	-	CTTATATCGTCGGC	69	69
3	GAP	minus	-	TAAGGACCTCATAA	1	1
3	PEAK	minus	Zm00001eb012760	AACTAGTATCCGGA	11	11
3	GAP	plus	-	CTGCTCATGAGAGA	2	2
3	PEAK	plus	-	TCCGAAGTTGTAGA	58	58
3	PEAK	plus	-	TACACTATAGCTAG	60	60
3	NBR_BODY	minus	Zm00001eb012760	ATAATATTGCCTCC	2	2
3	PEAK	plus	-	TCCAGAAGGCAACA	31	31
3	GAP	minus	-	TTAACTTACGGTCA	3	3
3	NBR_BODY	plus	-	CTCGTGCCTCAGGA	1	1
3	NBR_BODY	minus	Zm00001eb012760	TTGCTACCATTGAA	3	3
3	PEAK	plus	-	AACCTGCTATCCGG	60	60
3	OUTSIDE	plus	Zm00001eb012750	TTCAATCTCCTTAG	1	1
3	NBR_BODY	minus	-	TCAGCGTGTCGTCA	1	1
3	NBR_BODY	minus	Zm00001eb012760	TCCAACTACCGAAC	1	1
3	NBR_BODY	plus	-	ATGCTATCTAGACA	1	1
3	PEAK	plus	-	CATGTGTACTAGCA	90	90
3	OUTSIDE	plus	Zm00001eb012750	CAGCAGCGCTGACA	1	1
3	GAP	plus	-	AAGCCTTAGGCCGC	2	2
3	PEAK	minus	Zm00001eb012760	ATCCGGCGATGACC	3	3
3	PEAK	minus	Zm00001eb012760	TAAGGACCTCATAA	8	8
3	OUTSIDE	minus	-	ACAGACGATAGTCA	1	1
3	PPL2_3P	minus	-	TCAGCGTGTCGTCA	7	7
3	OUTSIDE	plus	Zm00001eb012750	TTGCTACCATTGAA	1	1
3	NBR_BODY	minus	Zm00001eb012760	ATTGCGTCCATTAG	2	2
3	PPL2_3P	minus	-	TAACCTAACTTCAC	1	1
3	PEAK	minus	Zm00001eb012760	TCGATTGGTAATGG	15	15
3	GAP	plus	-	CCTCCATCCATGGA	1	1
3	GAP	plus	-	ACTATCTGCAGTCG	3	3
3	PEAK	minus	Zm00001eb012760	TTAACTTACGGTCA	13	13
3	GAP	plus	-	ACTCAGGCACCTCC	1	1
3	PEAK	minus	Zm00001eb012760	ACGCAGCGAGCAGA	18	18
3	GAP	plus	-	CTTATATCGTCGGC	4	4
3	PPL2_3P	plus	-	CTCGGTTCGAATGC	1	1
3	PPL2_3P	plus	Zm00001eb012750	CAGATCGCTCTGCG	1	1
3	PPL2_3P	plus	-	CTCTGGCTTGCAGG	3	3
3	GAP	plus	-	TACACTATAGCTAG	2	2
3	GAP	minus	-	CTCGGTTCGAATGC	3	3
3	NBR_BODY	minus	Zm00001eb012760	TCAGCGTGTCGTCA	4	4
3	PEAK	plus	-	CAAGTATAAGGAAC	122	122
3	PPL2_3P	plus	Zm00001eb012750	ATACCGTTGGAGGA	1	1
3	GAP	minus	-	CTCTGGCTTGCAGG	1	1
3	OUTSIDE	plus	-	TTCTGAGGCGATGG	4	4
3	PPL2_3P	minus	-	CAGTCTAGTGCGCA	1	1
3	PEAK	minus	Zm00001eb012760	CCACGTTCCGGTAG	6	6
3	GAP	plus	-	AACCTGCTATCCGG	2	2
3	GAP	minus	-	TCCATGTGTCCAGG	1	1
3	GAP	plus	-	CATGTGTACTAGCA	3	3
3	PPL2_3P	plus	-	-	1	0
3	PEAK	plus	-	ATGAATGTTGCCAC	72	72
3	GAP	minus	-	CTGATATGCAGCGA	1	1
3	OUTSIDE	plus	-	ACATCTTCTTGAAC	1	1
3	PEAK	minus	Zm00001eb012760	AACAGGATAACTCC	7	7
3	PEAK	minus	Zm00001eb012760	CTCGGTTCGAATGC	13	13
3	PEAK	plus	-	CAGATCGCTCTGCG	81	81
3	GAP	minus	-	CAGACATGATAGAG	1	1
3	PEAK	plus	-	CCTCCATCCATGGA	61	61
3	PEAK	minus	Zm00001eb012760	CTCTGGCTTGCAGG	7	7
3	PEAK	minus	Zm00001eb012760	CTCCTAACACAGCC	9	9
3	PEAK	minus	Zm00001eb012760	TCCATGTGTCCAGG	7	7
3	PEAK	plus	-	ATACCGTTGGAGGA	52	52
3	PEAK	minus	Zm00001eb012760	ACGAGCAGATGCAG	5	5
3	NBR_BODY	minus	Zm00001eb012760	CAGTCTAGTGCGCA	2	2
3	PEAK	plus	-	AACCATCGCATCCA	106	106
3	PPL2_3P	plus	Zm00001eb012750	-	19	0
3	OUTSIDE	plus	Zm00001eb012750	CCGCAAGAGGTTGG	1	1
3	GAP	plus	-	CAAGTATAAGGAAC	4	4
3	PPL2_3P	minus	-	ATGCAATTACACCG	1	1
3	GAP	minus	-	ACAGACGATAGTCA	1	1
3	OUTSIDE	plus	-	CTCGTGCCTCAGGA	1	1
4	PEAK	minus	Zm00001eb012760	AACAGGATAACTCC	5	5
4	PPL2_3P	plus	-	AAGTACTGATCCAA	1	1
4	PEAK	minus	Zm00001eb012760	CTCGGTTCGAATGC	6	6
4	NBR_BODY	plus	-	TTGCTACCATTGAA	2	2
4	PPL2_3P	plus	-	CTAAGGAAGGACCG	9	9
4	PEAK	plus	-	ACCAATCCGTATAA	18	18
4	OUTSIDE	minus	-	AACTAGTATCCGGA	2	2
4	OUTSIDE	plus	Zm00001eb012750	TTAACTTACGGTCA	29	29
4	PEAK	minus	Zm00001eb012760	AACAACCGAAGTAA	11	11
4	PPL2_3P	minus	-	CAGATCGCTCTGCG	1	1
4	NBR_BODY	minus	Zm00001eb012760	TTCTGAGGCGATGG	2	2
4	PEAK	minus	Zm00001eb012760	CTCTGGCTTGCAGG	2	2
4	PEAK	minus	Zm00001eb012760	CTCCTAACACAGCC	12	12
4	PPL2_3P	plus	-	CTCGGTTCGAATGC	1	1
4	GAP	minus	-	AAGCCTTAGGCCGC	2	2
4	PEAK	minus	Zm00001eb012760	ACGAGCAGATGCAG	1	1
4	PEAK	plus	-	TCAGCGTGTCGTCA	36	36
4	GAP	minus	-	ATCGATGTCATAGC	2	2
4	GAP	minus	-	CCTCCATCCATGGA	1	1
4	PEAK	plus	-	CACGTAGCTAGACG	21	21
4	PEAK	plus	-	TCCAAGGCATTAAG	59	59
4	PPL2_3P	minus	-	ACCAATCCGTATAA	1	1
4	OUTSIDE	minus	-	TAAGGACCTCATAA	2	2
4	PEAK	plus	-	TCTGTCTATGCAGC	12	12
4	PEAK	minus	Zm00001eb012760	CAGACATGATAGAG	2	2
4	GAP	minus	-	ACTCAGGCACCTCC	3	3
4	PPL2_3P	plus	Zm00001eb012750	TCTTGAACGACTAA	3	3
4	PPL2_3P	plus	Zm00001eb012750	CTTGATAAGCCAGG	2	2
4	GAP	plus	-	ACATCTTCTTGAAC	3	3
4	GAP	plus	-	ACGCTCCTAACGGC	3	3
4	PEAK	minus	Zm00001eb012760	CACATCGACAGCAG	2	2
4	NBR_BODY	minus	Zm00001eb012760	TATGACTGCATGCG	5	5
4	PEAK	plus	-	TAAGCAACAGCCGA	49	49
4	PPL2_3P	minus	-	CACGTAGCTAGACG	2	2
4	OUTSIDE	minus	-	TTAACTTACGGTCA	5	5
4	OUTSIDE	plus	Zm00001eb012750	AAGTACTGATCCAA	2	2
4	PPL2_3P	plus	Zm00001eb012750	AAGCGCACCGGAAC	2	2
4	NBR_BODY	plus	-	TAACCTAACTTCAC	1	1
4	PPL2_3P	plus	Zm00001eb012750	AAGTACTGATCCAA	3	3
4	PEAK	minus	Zm00001eb012760	TAAGGACCTCATAA	2	2
4	PPL2_3P	plus	Zm00001eb012750	CTAAGGAAGGACCG	53	53
4	GAP	minus	-	TCCAGAAGGCAACA	2	2
4	PEAK	plus	-	CCGCAAGAGGTTGG	43	43
4	GAP	plus	-	ATTCCAGTTCTTGC	1	1
4	PPL2_3P	minus	-	TAAGCAACAGCCGA	1	1
4	OUTSIDE	plus	Zm00001eb012750	CTCCTAACACAGCC	73	73
4	GAP	minus	-	AACCTGCTATCCGG	2	2
4	NBR_BODY	minus	Zm00001eb012760	ACAAGGTTCCGCCG	3	3
4	PEAK	plus	-	ACAATAGGTGGTCC	25	25
4	PEAK	minus	Zm00001eb012760	CTCAATTAGAGACC	2	2
4	GAP	plus	-	CATGCTAGCGATCG	6	6
4	GAP	plus	-	ATTCCGCTCTGAGG	3	3
4	GAP	plus	-	TCGATCTTCGGCAG	2	2
4	PEAK	plus	-	ATAATATTGCCTCC	53	53
4	NBR_BODY	minus	Zm00001eb012760	ACCGATGTGCCGGA	1	1
4	NBR_BODY	minus	Zm00001eb012760	TATGTACGTAGAGA	2	2
4	OUTSIDE	plus	-	ATGCTATCTAGACA	2	2
4	PEAK	plus	-	TCCAACTACCGAAC	24	24
4	OUTSIDE	minus	-	AACAGGATAACTCC	1	1
4	OUTSIDE	minus	-	CTCGGTTCGAATGC	1	1
4	OUTSIDE	minus	-	CTCCTAACACAGCC	14	14
4	OUTSIDE	minus	-	CTCTGGCTTGCAGG	3	3
4	GAP	plus	-	CAACCAACCTATAG	2	2
4	PPL2_3P	minus	-	TCCAACTACCGAAC	1	1
4	NBR_BODY	plus	-	ACGCTCCTAACGGC	2	2
4	NBR_BODY	minus	Zm00001eb012760	ATCCTAAGTGGAGG	1	1
4	PEAK	minus	Zm00001eb012760	ACGGCCTTCAACCA	1	1
4	PPL2_3P	plus	Zm00001eb012750	ATCCGGCGATGACC	1	1
4	NBR_BODY	minus	Zm00001eb012760	CTCTCAAGTCCTCC	3	3
4	GAP	minus	-	ATGAATGTTGCCAC	2	2
4	PPL2_3P	plus	-	ACGGCCTTCAACCA	4	4
4	OUTSIDE	plus	Zm00001eb012750	CTCAATTAGAGACC	2	2
4	OUTSIDE	minus	-	CAGACATGATAGAG	2	2
4	GAP	plus	-	TTCTGAGGCGATGG	3	3
4	PEAK	minus	Zm00001eb012760	-	19	0
4	PPL2_3P	plus	Zm00001eb012750	TTAACTTACGGTCA	35	35
4	PEAK	minus	Zm00001eb012760	TCCATGTGTCCAGG	4	4
4	PEAK	minus	Zm00001eb012760	CAAGGCGTGGTTAC	2	2
4	NBR_BODY	plus	-	ATTCCAGTTCTTGC	1	1
4	PPL2_3P	plus	-	CTCCTAACACAGCC	10	10
4	GAP	plus	-	CAGTCTAGTGCGCA	9	9
4	PPL2_3P	plus	Zm00001eb012750	ACGCAGCGAGCAGA	2	2
4	PEAK	plus	-	TAACCTAACTTCAC	39	39
4	NBR_BODY	plus	-	CATGCTAGCGATCG	1	1
4	PEAK	minus	Zm00001eb012760	CTGATATGCAGCGA	4	4
4	GAP	minus	-	ATACCGTTGGAGGA	1	1
4	GAP	minus	-	AACCATCGCATCCA	1	1
4	NBR_BODY	plus	-	ATTCCGCTCTGAGG	3	3
4	OUTSIDE	minus	-	ACAGACGATAGTCA	1	1
4	PEAK	minus	Zm00001eb012760	CTGCTCATGAGAGA	5	5
4	PEAK	minus	Zm00001eb012760	TACGTTATTCCGAA	3	3
4	GAP	plus	-	TATGACTGCATGCG	1	1
4	NBR_BODY	minus	Zm00001eb012760	CCGGTAGAATGGCC	1	1
4	NBR_BODY	minus	Zm00001eb012760	ACTTAAGGTCCAAC	1	1
4	OUTSIDE	plus	Zm00001eb012750	ACGGCCTTCAACCA	21	21
4	PEAK	plus	-	CAGTCTAGTGCGCA	44	44
4	PEAK	minus	Zm00001eb012760	AAGCCTTAGGCCGC	1	1
4	PEAK	minus	Zm00001eb012760	ACAGACGATAGTCA	2	2
4	GAP	minus	-	ATGTAGGTAATCGG	1	1
4	GAP	minus	-	TCTGTCTATGCAGC	2	2
4	PEAK	minus	Zm00001eb012760	ATCGATGTCATAGC	1	1
4	PPL2_3P	plus	Zm00001eb012750	CTCCTAACACAGCC	97	97
4	OUTSIDE	plus	Zm00001eb012750	TCCATGTGTCCAGG	2	2
4	GAP	plus	-	ACAAGGTTCCGCCG	3	3
4	PEAK	minus	Zm00001eb012760	CCATATTGAAGCAC	5	5
4	PEAK	minus	Zm00001eb012760	ACTATCTGCAGTCG	4	4
4	PEAK	plus	-	ACATCTTCTTGAAC	37	37
4	PPL2_3P	plus	Zm00001eb012750	ACGAGCAGATGCAG	2	2
4	NBR_BODY	plus	-	ATCCTAAGTGGAGG	1	1
4	PEAK	minus	Zm00001eb012760	ACTCAGGCACCTCC	4	4
4	PEAK	plus	-	ACGCTCCTAACGGC	36	36
4	PPL2_3P	plus	-	CCATATTGAAGCAC	1	1
4	NBR_BODY	minus	-	CTCGGTTCGAATGC	1	1
4	NBR_BODY	minus	Zm00001eb012760	ACCAACTTAGACAA	3	3
4	PEAK	plus	-	-	60	0
4	NBR_BODY	minus	Zm00001eb012760	TTCATGGTAGAGAG	1	1
4	PEAK	minus	Zm00001eb012760	CTTATATCGTCGGC	4	4
4	PEAK	plus	-	TATGACTGCATGCG	28	28
4	GAP	plus	-	ACCGATGTGCCGGA	2	2
4	GAP	minus	-	CCGCAAGAGGTTGG	1	1
4	OUTSIDE	minus	-	ACGGCCTTCAACCA	7	7
4	GAP	plus	-	TATGTACGTAGAGA	4	4
4	PEAK	plus	-	TACTGACTATCGAG	23	23
4	PEAK	minus	Zm00001eb012760	TCCGAAGTTGTAGA	5	5
4	PPL2_3P	plus	-	CTTATATCGTCGGC	8	8
4	PEAK	minus	Zm00001eb012760	TACACTATAGCTAG	6	6
4	PEAK	plus	-	ATTCCAGTTCTTGC	42	42
4	PPL2_3P	minus	-	ACGCTCCTAACGGC	2	2
4	NBR_BODY	minus	Zm00001eb012760	CTCCGCATGCTTCC	1	1
4	PEAK	minus	Zm00001eb012760	TCCAGAAGGCAACA	3	3
4	PEAK	plus	-	CTCGTGCCTCAGGA	15	15
4	OUTSIDE	minus	-	TCCATGTGTCCAGG	1	1
4	PEAK	plus	-	ATGCAATTACACCG	17	17
4	PEAK	plus	-	ACAAGGTTCCGCCG	39	39
4	PEAK	minus	Zm00001eb012760	CATGTGTACTAGCA	2	2
4	PEAK	plus	-	CATGCTAGCGATCG	20	20
4	PEAK	plus	-	ATGCTATCTAGACA	59	59
4	PEAK	plus	-	ATTCCGCTCTGAGG	38	38
4	PPL2_3P	plus	Zm00001eb012750	-	11	0
4	PPL2_3P	minus	-	ATTCCAGTTCTTGC	1	1
4	GAP	minus	-	TTGCTACCATTGAA	1	1
4	PEAK	plus	-	TCGATCTTCGGCAG	38	38
4	OUTSIDE	minus	-	-	4	0
4	NBR_BODY	minus	Zm00001eb012760	-	3	0
4	OUTSIDE	minus	-	TACGTTATTCCGAA	1	1
4	PPL2_3P	minus	-	TCGATCTTCGGCAG	1	1
4	OUTSIDE	plus	Zm00001eb012750	CTTATATCGTCGGC	40	40
4	PEAK	plus	-	CAACCAACCTATAG	31	31
4	OUTSIDE	minus	-	AAGCCTTAGGCCGC	1	1
4	PEAK	plus	-	ATCCTAAGTGGAGG	6	6
4	NBR_BODY	minus	Zm00001eb012760	ACGGCTCTTAGGCC	1	1
4	GAP	plus	-	TAACACCTCCAACG	4	4
4	PPL2_3P	minus	-	CAACCAACCTATAG	1	1
4	OUTSIDE	minus	-	ACTATCTGCAGTCG	1	1
4	PEAK	minus	Zm00001eb012760	ATGAATGTTGCCAC	3	3
4	GAP	minus	-	TAACCTAACTTCAC	1	1
4	PEAK	plus	-	TTCTGAGGCGATGG	46	46
4	GAP	plus	-	ACTTAAGGTCCAAC	5	5
4	OUTSIDE	minus	-	ACTCAGGCACCTCC	1	1
4	PPL2_3P	plus	Zm00001eb012750	ACGGCCTTCAACCA	27	27
4	NBR_BODY	minus	Zm00001eb012760	AACATGGCACGGAA	1	1
4	OUTSIDE	minus	-	CTTATATCGTCGGC	3	3
4	PPL2_3P	minus	-	ATCCTAAGTGGAGG	2	2
4	PEAK	minus	Zm00001eb012760	CCTCCATCCATGGA	2	2
4	OUTSIDE	minus	-	TACACTATAGCTAG	1	1
4	PPL2_3P	plus	Zm00001eb012750	TCCATGTGTCCAGG	9	9
4	NBR_BODY	minus	Zm00001eb012760	ATTATCGGATTCGG	2	2
4	PEAK	minus	Zm00001eb012760	ATACCGTTGGAGGA	2	2
4	PEAK	minus	Zm00001eb012760	AACCATCGCATCCA	3	3
4	GAP	plus	-	ACCAACTTAGACAA	2	2
4	PPL2_3P	plus	-	ATACCGTTGGAGGA	1	1
4	GAP	plus	-	TTCATGGTAGAGAG	5	5
4	NBR_BODY	minus	Zm00001eb012760	ATGCTGCAACGGCA	2	2
4	PEAK	plus	-	CCGGTAGAATGGCC	12	12
4	PEAK	plus	-	ACTTAAGGTCCAAC	24	24
4	NBR_BODY	minus	Zm00001eb012760	ACCGGATAACGGAA	3	3
4	PPL2_3P	plus	Zm00001eb012750	TACGTTATTCCGAA	1	1
4	NBR_BODY	minus	Zm00001eb012760	TCGATTGGTAATGG	2	2
4	GAP	plus	-	CTCCGCATGCTTCC	1	1
4	NBR_BODY	minus	Zm00001eb012760	TTAACTTACGGTCA	4	4
4	NBR_BODY	plus	-	ATACGATGCTGCGC	1	1
4	GAP	minus	-	TACTGACTATCGAG	1	1
4	PPL2_3P	plus	Zm00001eb012750	CCTCCATCCATGGA	1	1
4	PEAK	plus	-	ACCGATGTGCCGGA	76	76
4	PEAK	plus	-	TTCATGGTAGAGAG	42	42
4	PEAK	plus	-	TATGTACGTAGAGA	24	24
4	OUTSIDE	plus	Zm00001eb012750	ATACCGTTGGAGGA	2	2
4	NBR_BODY	minus	Zm00001eb012760	CTTGATAAGCCAGG	1	1
4	NBR_BODY	minus	Zm00001eb012760	TCTTGAACGACTAA	1	1
4	NBR_BODY	minus	Zm00001eb012760	CCACGTTCCGGTAG	3	3
4	GAP	minus	-	CATGCTAGCGATCG	1	1
4	PPL2_3P	plus	Zm00001eb012750	CTTATATCGTCGGC	58	58
4	PEAK	plus	-	CTCCGCATGCTTCC	26	26
4	NBR_BODY	minus	Zm00001eb012760	AAGCGCACCGGAAC	1	1
4	PEAK	minus	Zm00001eb012760	TTCAATCTCCTTAG	2	2
4	NBR_BODY	minus	Zm00001eb012760	CTAAGGAAGGACCG	1	1
4	PEAK	minus	Zm00001eb012760	CAGCAGCGCTGACA	6	6
4	OUTSIDE	plus	Zm00001eb012750	ATGTAGGTAATCGG	1	1
4	GAP	plus	-	TCGATGCTATATGA	1	1
4	PEAK	plus	-	CTCTCAAGTCCTCC	60	60
4	NBR_BODY	plus	-	ACCAACTTAGACAA	2	2
4	PEAK	minus	Zm00001eb012760	TTGCTACCATTGAA	7	7
4	NBR_BODY	minus	Zm00001eb012760	CTCGGTTCGAATGC	3	3
4	GAP	plus	-	ACGGCTCTTAGGCC	1	1
4	NBR_BODY	minus	Zm00001eb012760	AATGTGTGGATACC	1	1
4	NBR_BODY	minus	Zm00001eb012760	CATGGAACTCCGGC	2	2
4	PEAK	minus	Zm00001eb012760	ATTGCGTCCATTAG	3	3
4	OUTSIDE	plus	-	CTAAGGAAGGACCG	2	2
4	NBR_BODY	minus	Zm00001eb012760	ACGAGCAGATGCAG	3	3
4	GAP	minus	-	CAACCAACCTATAG	1	1
4	GAP	plus	-	CATGGAACTCCGGC	1	1
4	PPL2_3P	minus	-	CTCTCAAGTCCTCC	1	1
4	PEAK	minus	Zm00001eb012760	CAGATCGCTCTGCG	2	2
4	NBR_BODY	minus	Zm00001eb012760	CAGACATGATAGAG	2	2
4	PEAK	plus	-	ATACGATGCTGCGC	21	21
4	GAP	plus	-	TATGAGAGCTATGA	1	1
4	PEAK	minus	Zm00001eb012760	ACCAATCCGTATAA	1	1
4	GAP	plus	-	ATTATCGGATTCGG	3	3
4	NBR_BODY	minus	Zm00001eb012760	CACATCGACAGCAG	1	1
4	PEAK	plus	-	TAACACCTCCAACG	30	30
4	PEAK	plus	-	ACGGCTCTTAGGCC	19	19
4	PEAK	minus	Zm00001eb012760	TCAGCGTGTCGTCA	7	7
4	OUTSIDE	plus	Zm00001eb012750	CAGCAGCGCTGACA	1	1
4	PPL2_3P	plus	Zm00001eb012750	CAAGTATAAGGAAC	1	1
4	NBR_BODY	minus	Zm00001eb012760	ATCCGGCGATGACC	1	1
4	NBR_BODY	minus	Zm00001eb012760	TAAGGACCTCATAA	1	1
4	OUTSIDE	plus	Zm00001eb012750	TTGCTACCATTGAA	72	72
4	PEAK	minus	Zm00001eb012760	CACGTAGCTAGACG	3	3
4	PEAK	minus	Zm00001eb012760	TCCAAGGCATTAAG	6	6
4	GAP	plus	-	ACCGGATAACGGAA	5	5
4	PEAK	minus	Zm00001eb012760	ATGTAGGTAATCGG	7	7
4	PEAK	plus	-	AACATGGCACGGAA	6	6
4	PEAK	minus	Zm00001eb012760	TCTGTCTATGCAGC	4	4
4	GAP	plus	-	TCGATTGGTAATGG	2	2
4	PPL2_3P	minus	-	ACGGCTCTTAGGCC	1	1
4	PEAK	minus	Zm00001eb012760	TAAGCAACAGCCGA	1	1
4	GAP	plus	-	TTAACTTACGGTCA	1	1
4	PEAK	plus	-	ATTATCGGATTCGG	38	38
4	PPL2_3P	plus	Zm00001eb012750	CAGATCGCTCTGCG	1	1
4	PPL2_3P	plus	-	TAAGCAACAGCCGA	2	2
4	PEAK	plus	-	ACCAACTTAGACAA	41	41
4	PEAK	minus	Zm00001eb012760	CCGCAAGAGGTTGG	1	1
4	OUTSIDE	plus	-	TTAACTTACGGTCA	1	1
4	PPL2_3P	plus	Zm00001eb012750	ATACCGTTGGAGGA	5	5
4	PEAK	plus	-	ATGCTGCAACGGCA	31	31
4	OUTSIDE	minus	-	TTGCTACCATTGAA	9	9
4	GAP	minus	-	CTCGTGCCTCAGGA	1	1
4	PPL2_3P	plus	Zm00001eb012750	AACCATCGCATCCA	1	1
4	GAP	plus	-	TCTTGAACGACTAA	14	14
4	PEAK	minus	Zm00001eb012760	ACAATAGGTGGTCC	3	3
4	GAP	plus	-	CTTGATAAGCCAGG	3	3
4	GAP	plus	-	CCACGTTCCGGTAG	1	1
4	OUTSIDE	minus	-	ATTGCGTCCATTAG	2	2
4	PEAK	minus	Zm00001eb012760	ATAATATTGCCTCC	6	6
4	OUTSIDE	plus	Zm00001eb012750	CACGTAGCTAGACG	2	2
4	OUTSIDE	plus	Zm00001eb012750	TCCAAGGCATTAAG	1	1
4	NBR_BODY	plus	-	TATGAGAGCTATGA	1	1
4	OUTSIDE	minus	-	CAGATCGCTCTGCG	1	1
4	PPL2_3P	minus	-	ATGCTGCAACGGCA	1	1
4	GAP	plus	-	AAGTACTGATCCAA	3	3
4	GAP	minus	-	ACCGATGTGCCGGA	1	1
4	GAP	plus	-	CTAAGGAAGGACCG	2	2
4	PPL2_3P	plus	Zm00001eb012750	TCCAAGGCATTAAG	1	1
4	PPL2_3P	minus	-	CTCCGCATGCTTCC	1	1
4	PEAK	minus	Zm00001eb012760	TCCAACTACCGAAC	5	5
4	NBR_BODY	minus	Zm00001eb012760	CTCTGGCTTGCAGG	2	2
4	NBR_BODY	minus	Zm00001eb012760	CTCCTAACACAGCC	1	1
4	GAP	plus	-	CTCGGTTCGAATGC	5	5
4	PPL2_3P	plus	-	TTGCTACCATTGAA	7	7
4	OUTSIDE	plus	Zm00001eb012750	TAAGCAACAGCCGA	17	17
4	GAP	plus	-	AACAACCGAAGTAA	5	5
4	GAP	plus	-	CTCTGGCTTGCAGG	1	1
4	NBR_BODY	minus	Zm00001eb012760	TCCATGTGTCCAGG	1	1
4	GAP	plus	-	AATGTGTGGATACC	1	1
4	PEAK	plus	-	CTTGATAAGCCAGG	24	24
4	PEAK	plus	-	TCTTGAACGACTAA	89	89
4	GAP	plus	-	ACGAGCAGATGCAG	3	3
4	PPL2_3P	plus	-	ATTGCGTCCATTAG	1	1
4	NBR_BODY	minus	Zm00001eb012760	CTGATATGCAGCGA	2	2
4	OUTSIDE	plus	-	CTCCTAACACAGCC	5	5
4	PEAK	plus	-	AAGCGCACCGGAAC	37	37
4	GAP	plus	-	AACTAGTATCCGGA	2	2
4	PEAK	plus	-	TCGATGCTATATGA	12	12
4	GAP	plus	-	CAGACATGATAGAG	1	1
4	PEAK	plus	-	CTAAGGAAGGACCG	133	133
4	GAP	plus	-	CACATCGACAGCAG	1	1
4	OUTSIDE	plus	Zm00001eb012750	ATAATATTGCCTCC	4	4
4	OUTSIDE	minus	-	TAAGCAACAGCCGA	6	6
4	PEAK	minus	Zm00001eb012760	TAACCTAACTTCAC	3	3
4	PPL2_3P	plus	Zm00001eb012750	TTCAATCTCCTTAG	3	3
4	PEAK	plus	-	AATGTGTGGATACC	22	22
4	PPL2_3P	plus	Zm00001eb012750	CAGCAGCGCTGACA	1	1
4	PEAK	plus	-	CATGGAACTCCGGC	12	12
4	NBR_BODY	minus	Zm00001eb012760	AAGCCTTAGGCCGC	2	2
4	GAP	plus	-	TAAGGACCTCATAA	5	5
4	GAP	plus	-	ATCCGGCGATGACC	1	1
4	NBR_BODY	minus	Zm00001eb012760	ACAGACGATAGTCA	2	2
4	PPL2_3P	minus	-	CTAAGGAAGGACCG	3	3
4	PPL2_3P	plus	Zm00001eb012750	TTGCTACCATTGAA	94	94
4	NBR_BODY	minus	Zm00001eb012760	ATCGATGTCATAGC	2	2
4	NBR_BODY	minus	Zm00001eb012760	ACTATCTGCAGTCG	1	1
4	NBR_BODY	plus	-	CTAAGGAAGGACCG	1	1
4	PEAK	plus	-	AACTAGTATCCGGA	39	39
4	PPL2_3P	minus	-	AATGTGTGGATACC	1	1
4	PEAK	plus	-	TATGAGAGCTATGA	13	13
4	NBR_BODY	plus	-	CTCGGTTCGAATGC	1	1
4	NBR_BODY	minus	Zm00001eb012760	CTTATATCGTCGGC	1	1
4	PEAK	minus	Zm00001eb012760	CAGTCTAGTGCGCA	4	4
4	NBR_BODY	minus	Zm00001eb012760	TCCGAAGTTGTAGA	2	2
4	NBR_BODY	plus	-	ACGAGCAGATGCAG	1	1
4	PEAK	plus	-	ACCGGATAACGGAA	43	43
4	PPL2_3P	plus	Zm00001eb012750	ACCAATCCGTATAA	1	1
4	PEAK	plus	-	TAAGGACCTCATAA	35	35
4	PEAK	plus	-	ATCCGGCGATGACC	18	18
4	OUTSIDE	plus	Zm00001eb012750	TAACCTAACTTCAC	5	5
4	PEAK	plus	-	TCGATTGGTAATGG	26	26
4	PEAK	minus	Zm00001eb012760	ACATCTTCTTGAAC	11	11
4	PEAK	minus	Zm00001eb012760	ACGCTCCTAACGGC	5	5
4	PPL2_3P	plus	Zm00001eb012750	TAACCTAACTTCAC	3	3
4	GAP	minus	-	ACCAACTTAGACAA	1	1
4	PEAK	plus	-	TTAACTTACGGTCA	68	68
4	GAP	minus	-	TTCATGGTAGAGAG	1	1
4	PPL2_3P	minus	-	ATCCGGCGATGACC	1	1
4	PEAK	minus	Zm00001eb012760	TATGACTGCATGCG	1	1
4	PEAK	plus	-	ACGCAGCGAGCAGA	23	23
4	PEAK	minus	Zm00001eb012760	TACTGACTATCGAG	4	4
4	GAP	plus	-	AACAGGATAACTCC	4	4
4	GAP	plus	-	CTCCTAACACAGCC	1	1
4	PEAK	minus	Zm00001eb012760	ATTCCAGTTCTTGC	5	5
4	NBR_BODY	minus	Zm00001eb012760	CAAGGCGTGGTTAC	1	1
4	PPL2_3P	plus	Zm00001eb012750	TAAGCAACAGCCGA	23	23
4	OUTSIDE	plus	-	ACGGCCTTCAACCA	3	3
4	PEAK	minus	Zm00001eb012760	CTCGTGCCTCAGGA	5	5
4	PEAK	minus	Zm00001eb012760	ATGCAATTACACCG	1	1
4	PEAK	minus	Zm00001eb012760	ACAAGGTTCCGCCG	2	2
4	PEAK	minus	Zm00001eb012760	CATGCTAGCGATCG	8	8
4	PEAK	plus	-	CCACGTTCCGGTAG	30	30
4	OUTSIDE	plus	Zm00001eb012750	CAGTCTAGTGCGCA	2	2
4	PEAK	minus	Zm00001eb012760	ATGCTATCTAGACA	4	4
4	GAP	minus	-	CTCTCAAGTCCTCC	2	2
4	PEAK	minus	Zm00001eb012760	ATTCCGCTCTGAGG	16	16
4	PEAK	minus	Zm00001eb012760	TCGATCTTCGGCAG	5	5
4	GAP	plus	-	CTGATATGCAGCGA	5	5
4	OUTSIDE	plus	-	TCCATGTGTCCAGG	1	1
4	NBR_BODY	minus	Zm00001eb012760	CTGCTCATGAGAGA	3	3
4	PPL2_3P	plus	-	ATGCTATCTAGACA	5	5
4	PEAK	plus	-	AAGTACTGATCCAA	22	22
4	NBR_BODY	minus	Zm00001eb012760	TACGTTATTCCGAA	1	1
4	OUTSIDE	plus	Zm00001eb012750	ACATCTTCTTGAAC	1	1
4	PEAK	plus	-	AACAGGATAACTCC	24	24
4	PEAK	plus	-	CTCGGTTCGAATGC	45	45
4	PEAK	plus	-	AACAACCGAAGTAA	60	60
4	PEAK	plus	-	CTCTGGCTTGCAGG	27	27
4	PPL2_3P	plus	Zm00001eb012750	ATAATATTGCCTCC	2	2
4	PEAK	plus	-	CTCCTAACACAGCC	146	146
4	OUTSIDE	plus	Zm00001eb012750	TATGACTGCATGCG	3	3
4	PEAK	minus	Zm00001eb012760	CAACCAACCTATAG	5	5
4	PEAK	plus	-	ACGAGCAGATGCAG	36	36
4	GAP	plus	-	ACAGACGATAGTCA	4	4
4	OUTSIDE	minus	-	CAGTCTAGTGCGCA	1	1
4	GAP	plus	-	ATCGATGTCATAGC	1	1
4	PPL2_3P	minus	-	CTCCTAACACAGCC	2	2
4	GAP	plus	-	CCATATTGAAGCAC	1	1
4	PEAK	minus	Zm00001eb012760	ATCCTAAGTGGAGG	3	3
4	GAP	plus	-	CTCAATTAGAGACC	1	1
4	PEAK	plus	-	CAGACATGATAGAG	30	30
4	OUTSIDE	plus	Zm00001eb012750	ATGCTATCTAGACA	17	17
4	GAP	plus	-	ACTCAGGCACCTCC	3	3
4	PEAK	plus	-	CACATCGACAGCAG	26	26
4	PEAK	minus	Zm00001eb012760	TTCTGAGGCGATGG	7	7
4	OUTSIDE	minus	-	ACGCTCCTAACGGC	3	3
4	NBR_BODY	plus	-	CTCCTAACACAGCC	1	1
4	GAP	plus	-	CTTATATCGTCGGC	22	22
4	PPL2_3P	plus	Zm00001eb012750	TCGATCTTCGGCAG	1	1
4	PPL2_3P	plus	-	TTCTGAGGCGATGG	1	1
4	NBR_BODY	minus	Zm00001eb012760	TCCAGAAGGCAACA	4	4
4	GAP	plus	-	TCCGAAGTTGTAGA	1	1
4	PPL2_3P	minus	-	CACATCGACAGCAG	1	1
4	PEAK	plus	-	ACAGACGATAGTCA	20	20
4	OUTSIDE	plus	Zm00001eb012750	-	11	0
4	OUTSIDE	plus	-	CTTATATCGTCGGC	6	6
4	NBR_BODY	minus	Zm00001eb012760	AACCTGCTATCCGG	1	1
4	GAP	minus	-	TATGAGAGCTATGA	2	2
4	OUTSIDE	plus	Zm00001eb012750	CAACCAACCTATAG	1	1
4	PEAK	plus	-	CTCAATTAGAGACC	22	22
4	GAP	plus	-	CATGTGTACTAGCA	1	1
4	NBR_BODY	plus	-	CTGCTCATGAGAGA	3	3
4	OUTSIDE	minus	-	ATGCTATCTAGACA	2	2
4	OUTSIDE	minus	-	ATTCCGCTCTGAGG	1	1
4	PEAK	minus	Zm00001eb012760	CCGGTAGAATGGCC	1	1
4	OUTSIDE	minus	-	TCGATCTTCGGCAG	2	2
4	PEAK	minus	Zm00001eb012760	ACTTAAGGTCCAAC	6	6
4	GAP	plus	-	CAAGGCGTGGTTAC	2	2
4	OUTSIDE	plus	Zm00001eb012750	TTCTGAGGCGATGG	2	2
4	PPL2_3P	plus	Zm00001eb012750	TTCTGAGGCGATGG	3	3
4	NBR_BODY	plus	-	CCATATTGAAGCAC	4	4
4	NBR_BODY	minus	Zm00001eb012760	TTCAATCTCCTTAG	1	1
4	NBR_BODY	minus	Zm00001eb012760	CAAGTATAAGGAAC	2	2
4	GAP	minus	-	ACGCAGCGAGCAGA	2	2
4	PEAK	plus	-	ACGGCCTTCAACCA	62	62
4	PEAK	minus	Zm00001eb012760	ACCGATGTGCCGGA	3	3
4	GAP	plus	-	CTGCTCATGAGAGA	2	2
4	GAP	plus	-	TACGTTATTCCGAA	5	5
4	PEAK	minus	Zm00001eb012760	TATGTACGTAGAGA	5	5
4	NBR_BODY	minus	Zm00001eb012760	ATGAATGTTGCCAC	2	2
4	PPL2_3P	plus	Zm00001eb012750	ACATCTTCTTGAAC	4	4
4	NBR_BODY	plus	-	-	1	0
4	PPL2_3P	plus	-	ACCGATGTGCCGGA	6	6
4	PEAK	plus	-	TCCATGTGTCCAGG	15	15
4	PEAK	plus	-	CAAGGCGTGGTTAC	22	22
4	GAP	plus	-	-	7	0
4	PPL2_3P	minus	-	ACGGCCTTCAACCA	6	6
4	PPL2_3P	plus	Zm00001eb012750	TATGACTGCATGCG	2	2
4	NBR_BODY	minus	Zm00001eb012760	CAGATCGCTCTGCG	1	1
4	PEAK	plus	-	CTGATATGCAGCGA	41	41
4	PEAK	minus	Zm00001eb012760	CTCTCAAGTCCTCC	10	10
4	NBR_BODY	minus	Zm00001eb012760	ATACCGTTGGAGGA	1	1
4	NBR_BODY	minus	Zm00001eb012760	AACCATCGCATCCA	1	1
4	NBR_BODY	minus	Zm00001eb012760	ACCAATCCGTATAA	1	1
4	PPL2_3P	plus	Zm00001eb012750	CTCGTGCCTCAGGA	2	2
4	PEAK	plus	-	CTGCTCATGAGAGA	28	28
4	PEAK	plus	-	TACGTTATTCCGAA	31	31
4	PPL2_3P	plus	Zm00001eb012750	ATGCTATCTAGACA	22	22
4	PPL2_3P	plus	Zm00001eb012750	ATTCCGCTCTGAGG	1	1
4	OUTSIDE	plus	Zm00001eb012750	ACCGATGTGCCGGA	28	28
4	OUTSIDE	plus	-	ATACCGTTGGAGGA	1	1
4	NBR_BODY	minus	Zm00001eb012760	TCCAAGGCATTAAG	3	3
4	GAP	plus	-	TACACTATAGCTAG	4	4
4	PEAK	plus	-	AAGCCTTAGGCCGC	4	4
4	PPL2_3P	minus	-	CTGCTCATGAGAGA	1	1
4	GAP	plus	-	TCCAGAAGGCAACA	1	1
4	PPL2_3P	plus	Zm00001eb012750	TATGTACGTAGAGA	1	1
4	GAP	plus	-	AACCTGCTATCCGG	3	3
4	PEAK	plus	-	ATCGATGTCATAGC	11	11
4	PEAK	minus	Zm00001eb012760	ATACGATGCTGCGC	6	6
4	PEAK	plus	-	CCATATTGAAGCAC	29	29
4	PEAK	plus	-	ACTATCTGCAGTCG	25	25
4	PEAK	minus	Zm00001eb012760	TAACACCTCCAACG	4	4
4	PPL2_3P	plus	Zm00001eb012750	CAACCAACCTATAG	3	3
4	PEAK	minus	Zm00001eb012760	ACGGCTCTTAGGCC	4	4
4	PEAK	plus	-	ACTCAGGCACCTCC	46	46
4	OUTSIDE	plus	-	ATGTAGGTAATCGG	1	1
4	PEAK	plus	-	CTTATATCGTCGGC	77	77
4	NBR_BODY	minus	Zm00001eb012760	CCGCAAGAGGTTGG	1	1
4	PPL2_3P	plus	-	CCGGTAGAATGGCC	1	1
4	OUTSIDE	minus	-	ACCGATGTGCCGGA	4	4
4	PEAK	minus	Zm00001eb012760	AACATGGCACGGAA	1	1
4	PEAK	plus	-	TCCGAAGTTGTAGA	22	22
4	NBR_BODY	minus	Zm00001eb012760	ACAATAGGTGGTCC	2	2
4	PEAK	plus	-	TACACTATAGCTAG	34	34
4	PPL2_3P	minus	-	ACTCAGGCACCTCC	1	1
4	PEAK	plus	-	TCCAGAAGGCAACA	35	35
4	PPL2_3P	minus	-	CTTATATCGTCGGC	2	2
4	PEAK	plus	-	AACCTGCTATCCGG	32	32
4	NBR_BODY	minus	Zm00001eb012760	ATAATATTGCCTCC	1	1
4	PEAK	minus	Zm00001eb012760	ATTATCGGATTCGG	7	7
4	PEAK	plus	-	CATGTGTACTAGCA	24	24
4	NBR_BODY	plus	-	ATACCGTTGGAGGA	2	2
4	GAP	plus	-	CAAGTATAAGGAAC	5	5
4	GAP	plus	-	TTCAATCTCCTTAG	2	2
4	NBR_BODY	plus	-	AACCATCGCATCCA	2	2
4	PEAK	minus	Zm00001eb012760	ACCAACTTAGACAA	2	2
4	PEAK	minus	Zm00001eb012760	TTCATGGTAGAGAG	5	5
4	NBR_BODY	minus	Zm00001eb012760	TTGCTACCATTGAA	2	2
4	PPL2_3P	minus	-	-	6	0
4	NBR_BODY	minus	Zm00001eb012760	TCCAACTACCGAAC	2	2
4	OUTSIDE	minus	-	CTCTCAAGTCCTCC	1	1
4	PEAK	minus	Zm00001eb012760	ATGCTGCAACGGCA	2	2
4	PPL2_3P	minus	-	AACCTGCTATCCGG	1	1
4	GAP	plus	-	ATGAATGTTGCCAC	1	1
4	NBR_BODY	minus	Zm00001eb012760	ATTGCGTCCATTAG	1	1
4	PPL2_3P	minus	-	CATGTGTACTAGCA	1	1
4	PEAK	minus	Zm00001eb012760	CTCCGCATGCTTCC	4	4
4	OUTSIDE	plus	-	CAGCAGCGCTGACA	1	1
4	OUTSIDE	plus	-	-	1	0
4	OUTSIDE	plus	-	TTGCTACCATTGAA	2	2
4	GAP	plus	-	CAGATCGCTCTGCG	8	8
4	GAP	minus	-	CTCGGTTCGAATGC	1	1
4	PEAK	plus	-	CAAGTATAAGGAAC	33	33
4	GAP	plus	-	ATACCGTTGGAGGA	4	4
4	GAP	plus	-	AACCATCGCATCCA	3	3
4	GAP	plus	-	ACCAATCCGTATAA	1	1
4	OUTSIDE	minus	-	ATACGATGCTGCGC	3	3
4	GAP	minus	-	TCCATGTGTCCAGG	1	1
4	NBR_BODY	minus	Zm00001eb012760	TCAGCGTGTCGTCA	1	1
4	GAP	minus	-	ACGAGCAGATGCAG	1	1
4	NBR_BODY	minus	Zm00001eb012760	TAACCTAACTTCAC	1	1
4	OUTSIDE	minus	-	TAACACCTCCAACG	1	1
4	PEAK	plus	-	ATGAATGTTGCCAC	34	34
4	PEAK	minus	Zm00001eb012760	CTTGATAAGCCAGG	6	6
4	PEAK	minus	Zm00001eb012760	TCTTGAACGACTAA	11	11
4	PPL2_3P	plus	Zm00001eb012750	ACCGATGTGCCGGA	45	45
4	GAP	minus	-	CTGATATGCAGCGA	2	2
4	GAP	plus	-	TCCAAGGCATTAAG	2	2
4	PEAK	minus	Zm00001eb012760	AAGCGCACCGGAAC	4	4
4	GAP	plus	-	ATGTAGGTAATCGG	3	3
4	GAP	plus	-	TCTGTCTATGCAGC	1	1
4	PEAK	plus	-	CCTCCATCCATGGA	8	8
4	PEAK	minus	Zm00001eb012760	TCGATGCTATATGA	5	5
4	PEAK	minus	Zm00001eb012760	CTAAGGAAGGACCG	3	3
4	NBR_BODY	plus	-	CAGCAGCGCTGACA	2	2
4	PPL2_3P	plus	Zm00001eb012750	CTCCGCATGCTTCC	1	1
4	OUTSIDE	plus	-	CACGTAGCTAGACG	1	1
4	PEAK	plus	-	ATACCGTTGGAGGA	39	39
4	GAP	plus	-	TAAGCAACAGCCGA	18	18
4	PEAK	plus	-	AACCATCGCATCCA	39	39
4	PEAK	minus	Zm00001eb012760	AATGTGTGGATACC	4	4
4	PPL2_3P	minus	-	CCTCCATCCATGGA	4	4
4	PEAK	minus	Zm00001eb012760	CATGGAACTCCGGC	1	1
4	OUTSIDE	plus	-	TAAGCAACAGCCGA	2	2
4	GAP	plus	-	CCGCAAGAGGTTGG	3	3
4	OUTSIDE	minus	-	ATGCTGCAACGGCA	2	2
4	GAP	minus	-	CTCAATTAGAGACC	1	1
4	PEAK	plus	-	ATGTAGGTAATCGG	35	35
4	NBR_BODY	minus	Zm00001eb012760	ACATCTTCTTGAAC	3	3
4	PEAK	minus	Zm00001eb012760	AACTAGTATCCGGA	2	2
4	PEAK	minus	Zm00001eb012760	TATGAGAGCTATGA	5	5
4	GAP	plus	-	ATAATATTGCCTCC	3	3
4	GAP	plus	-	CAGCAGCGCTGACA	1	1
4	NBR_BODY	plus	-	ACCAATCCGTATAA	2	2
4	GAP	plus	-	TTGCTACCATTGAA	1	1
4	NBR_BODY	minus	Zm00001eb012760	TACTGACTATCGAG	1	1
4	OUTSIDE	plus	Zm00001eb012750	CTAAGGAAGGACCG	55	55
4	PEAK	minus	Zm00001eb012760	ACCGGATAACGGAA	5	5
4	PEAK	minus	Zm00001eb012760	ATCCGGCGATGACC	4	4
4	GAP	plus	-	ATTGCGTCCATTAG	3	3
4	PPL2_3P	plus	Zm00001eb012750	TAACACCTCCAACG	2	2
4	NBR_BODY	plus	-	TCCAAGGCATTAAG	1	1
4	PEAK	minus	Zm00001eb012760	TCGATTGGTAATGG	2	2
4	NBR_BODY	minus	Zm00001eb012760	ATGCAATTACACCG	1	1
4	NBR_BODY	minus	Zm00001eb012760	CATGCTAGCGATCG	3	3
4	NBR_BODY	minus	Zm00001eb012760	ATGCTATCTAGACA	1	1
4	PEAK	minus	Zm00001eb012760	TTAACTTACGGTCA	1	1
4	NBR_BODY	minus	Zm00001eb012760	ATTCCGCTCTGAGG	2	2
4	NBR_BODY	minus	Zm00001eb012760	TCGATCTTCGGCAG	6	6
4	PEAK	minus	Zm00001eb012760	ACGCAGCGAGCAGA	4	4
4	PEAK	plus	-	TTCAATCTCCTTAG	28	28
4	PPL2_3P	plus	-	TTAACTTACGGTCA	1	1
4	PEAK	plus	-	CAGCAGCGCTGACA	13	13
4	OUTSIDE	minus	-	AAGCGCACCGGAAC	1	1
4	GAP	minus	-	-	2	0
4	OUTSIDE	plus	Zm00001eb012750	AACTAGTATCCGGA	1	1
4	PEAK	plus	-	TTGCTACCATTGAA	157	157
4	OUTSIDE	minus	-	CTAAGGAAGGACCG	4	4
4	GAP	plus	-	TCAGCGTGTCGTCA	5	5
4	PPL2_3P	plus	Zm00001eb012750	TATGAGAGCTATGA	1	1
4	GAP	plus	-	TAACCTAACTTCAC	2	2
4	PPL2_3P	minus	-	TTCAATCTCCTTAG	1	1
4	PEAK	plus	-	ATTGCGTCCATTAG	31	31
4	PEAK	minus	Zm00001eb012760	CCACGTTCCGGTAG	3	3
4	NBR_BODY	minus	Zm00001eb012760	CAACCAACCTATAG	1	1
4	PEAK	plus	-	CAGATCGCTCTGCG	41	41
4	OUTSIDE	minus	-	CATGGAACTCCGGC	2	2
4	PPL2_3P	minus	-	TTGCTACCATTGAA	5	5
4	PEAK	minus	Zm00001eb012760	AAGTACTGATCCAA	3	3
