pos	strand	class	group	depth
42033299	minus	nbr	B73	14
42033078	minus	nbr	B73	115
42032532	plus	ppl2	B73	179
42032980	minus	nbr	Teo	6
42031996	plus	unassigned	B73	3
42032119	plus	unassigned	B73	6
42032371	plus	unassigned	B73	7
42032855	minus	unassigned	B73	8
42032139	minus	unassigned	B73	23
42032599	plus	unassigned	Teo	11
42032638	plus	unassigned	B73	8
42032162	plus	unassigned	Teo	7
42032984	minus	nbr	B73	107
42032763	minus	nbr	B73	2872
42032122	minus	unassigned	B73	20
42032201	plus	unassigned	B73	3
42032890	plus	unassigned	B73	2199
42031948	minus	unassigned	B73	1
42033183	plus	unassigned	B73	13
42032681	plus	unassigned	Teo	1
42032948	plus	unassigned	Teo	3
42032720	plus	unassigned	B73	1299
42031931	minus	unassigned	B73	1
42033013	plus	unassigned	B73	27
42032511	plus	unassigned	Teo	11
42032153	minus	unassigned	Teo	17
42033323	plus	unassigned	Teo	1
42032099	plus	unassigned	B73	2
42031636	plus	unassigned	B73	2
42033010	minus	unassigned	B73	1
42032181	plus	unassigned	B73	3
42032836	minus	unassigned	B73	21
42032011	plus	unassigned	B73	2
42032103	minus	unassigned	B73	4
42031929	minus	unassigned	B73	1
42032484	minus	unassigned	B73	2
42032601	plus	ppl2	B73	194
42031912	minus	unassigned	B73	4
42032850	minus	unassigned	Teo	1
42032134	minus	unassigned	Teo	14
42032321	plus	unassigned	Teo	7
42032764	plus	unassigned	B73	4351
42033237	minus	nbr	Teo	2
42033016	minus	nbr	Teo	8
42032657	plus	ppl2	Teo	8
42032904	plus	unassigned	Teo	45
42032890	minus	nbr	B73	63
42032328	minus	unassigned	Teo	19
42032661	minus	unassigned	B73	9
42032888	minus	nbr	Teo	1
42031900	plus	ppl2	Teo	7
42032055	plus	unassigned	B73	1
42031866	plus	ppl2	Teo	3
42032574	plus	unassigned	B73	9
42032365	plus	unassigned	Teo	7
42032404	plus	unassigned	B73	7
42033386	plus	unassigned	B73	3
42032884	plus	unassigned	Teo	301
42032923	plus	unassigned	B73	195
42033216	plus	unassigned	B73	12
42032714	plus	unassigned	Teo	108
42033007	plus	unassigned	Teo	2
42032926	minus	nbr	B73	109
42031904	plus	ppl2	B73	15
42032659	minus	unassigned	B73	10
42032642	minus	unassigned	B73	23
42031649	plus	ppl2	B73	15
42032673	minus	unassigned	Teo	1
42033364	minus	nbr	Teo	1
42033143	minus	nbr	Teo	6
42031572	plus	unassigned	B73	1
42032563	plus	ppl2	Teo	217
42032121	plus	ppl2	Teo	11
42032342	plus	ppl2	Teo	52
42032384	plus	unassigned	B73	8
42032175	plus	unassigned	Teo	7
42032694	plus	unassigned	Teo	1
42032967	plus	unassigned	B73	54
42033368	minus	nbr	B73	4
42033147	minus	nbr	B73	85
42032758	plus	unassigned	Teo	447
42032530	plus	unassigned	B73	11
42032567	plus	ppl2	B73	208
42032346	plus	ppl2	B73	59
42032125	plus	ppl2	B73	30
42033342	plus	unassigned	B73	3
42032794	minus	nbr	Teo	70
42032840	plus	unassigned	Teo	1002
42032623	minus	unassigned	B73	27
42033133	plus	unassigned	Teo	2
42032832	minus	nbr	B73	515
42033008	minus	unassigned	B73	1
42032798	minus	nbr	B73	1576
42031810	plus	ppl2	B73	13
42032817	minus	unassigned	B73	38
42031965	plus	unassigned	B73	3
42032258	plus	unassigned	B73	1
42032800	minus	unassigned	B73	129
42032848	minus	unassigned	Teo	1
42032777	plus	unassigned	B73	6080
42032568	plus	unassigned	Teo	10
42032340	plus	unassigned	B73	7
42032831	minus	unassigned	Teo	1
42032115	minus	unassigned	Teo	12
42032607	plus	unassigned	B73	9
42032131	plus	unassigned	Teo	5
42033152	plus	unassigned	B73	24
42032650	plus	unassigned	Teo	3
42032917	plus	unassigned	Teo	11
42032632	plus	ppl2	Teo	155
42032985	minus	unassigned	B73	1
42033274	minus	nbr	B73	23
42033053	minus	nbr	B73	113
42033216	minus	nbr	B73	41
42032636	plus	ppl2	B73	168
42032829	minus	unassigned	Teo	1
42033306	minus	nbr	Teo	1
42032378	plus	unassigned	Teo	5
42032150	plus	unassigned	B73	9
42032812	minus	unassigned	Teo	5
42031905	minus	unassigned	Teo	8
42032094	minus	unassigned	B73	5
42032214	plus	unassigned	B73	3
42033196	plus	unassigned	B73	15
42032733	plus	unassigned	B73	1738
42033026	plus	unassigned	B73	27
42032901	minus	nbr	B73	83
42032524	plus	unassigned	Teo	11
42032867	minus	nbr	B73	135
42033336	plus	unassigned	Teo	1
42031682	plus	ppl2	B73	15
42031845	plus	ppl2	B73	12
42032957	minus	nbr	Teo	3
42032736	minus	nbr	Teo	120
42031649	plus	unassigned	B73	2
42032194	plus	unassigned	B73	3
42032791	minus	unassigned	B73	134
42032075	minus	unassigned	B73	2
42032024	plus	unassigned	B73	3
42031884	minus	unassigned	B73	22
42032543	plus	unassigned	B73	10
42032334	plus	unassigned	Teo	7
42033180	minus	nbr	B73	53
42033343	minus	nbr	B73	8
42033122	minus	nbr	B73	107
42033355	plus	unassigned	B73	3
42032853	plus	unassigned	Teo	1008
42033146	plus	unassigned	Teo	1
42033088	minus	nbr	B73	114
42032321	plus	ppl2	B73	49
42032542	plus	ppl2	B73	173
42033212	minus	nbr	Teo	2
42032604	minus	unassigned	B73	34
42033399	minus	nbr	Teo	2
42033178	minus	nbr	Teo	3
42032635	minus	unassigned	Teo	10
42032598	plus	ppl2	Teo	200
42032377	plus	ppl2	Teo	78
42032156	plus	ppl2	Teo	26
42032319	plus	ppl2	Teo	37
42032789	minus	unassigned	B73	160
42032994	minus	nbr	B73	112
42032773	minus	nbr	B73	2813
42032144	plus	unassigned	Teo	6
42031605	plus	unassigned	B73	1
42032863	minus	nbr	Teo	6
42032805	minus	nbr	Teo	63
42032587	plus	unassigned	B73	9
42033399	plus	unassigned	B73	3
42032897	plus	unassigned	Teo	62
42032936	plus	unassigned	B73	107
42033229	plus	unassigned	B73	9
42032727	plus	unassigned	Teo	185
42032966	minus	unassigned	B73	1
42032616	minus	unassigned	Teo	11
42033311	plus	unassigned	B73	3
42033102	plus	unassigned	Teo	2
42032809	minus	nbr	B73	1406
42031690	minus	unassigned	B73	11
42031585	plus	unassigned	B73	1
42032397	plus	unassigned	B73	7
42033084	minus	nbr	Teo	12
42033247	minus	nbr	Teo	1
42033026	minus	nbr	Teo	10
42032227	plus	unassigned	B73	3
42032410	minus	unassigned	B73	56
42032667	plus	ppl2	Teo	5
42032746	plus	unassigned	B73	2530
42033039	plus	unassigned	B73	28
42032537	plus	unassigned	Teo	11
42031503	minus	unassigned	B73	6
42033291	plus	unassigned	B73	3
42032947	minus	unassigned	B73	3
42033082	plus	unassigned	Teo	2
42033349	plus	unassigned	Teo	1
42033121	plus	unassigned	B73	17
42032930	minus	unassigned	B73	3
42032595	minus	unassigned	B73	39
42031688	minus	unassigned	B73	11
42032990	minus	nbr	Teo	7
42032711	minus	nbr	Teo	50
42031671	minus	unassigned	B73	8
42032898	minus	nbr	Teo	1
42031910	plus	ppl2	Teo	7
42031876	plus	ppl2	Teo	2
42032408	minus	unassigned	B73	58
42031978	plus	unassigned	B73	3
42032056	minus	unassigned	B73	1
42031541	plus	unassigned	B73	1
42032772	minus	unassigned	B73	310
42032936	minus	nbr	B73	131
42032715	minus	nbr	B73	1699
42031865	minus	unassigned	B73	19
42032353	plus	unassigned	B73	7
42031896	minus	unassigned	Teo	7
42032872	plus	unassigned	B73	9912
42033165	plus	unassigned	B73	14
42031659	plus	ppl2	B73	13
42032663	plus	unassigned	Teo	2
42032702	plus	unassigned	B73	159
42033374	minus	nbr	Teo	1
42033153	minus	nbr	Teo	4
42032573	plus	ppl2	Teo	219
42032352	plus	ppl2	Teo	58
42032131	plus	ppl2	Teo	13
42032753	minus	unassigned	B73	359
42032403	minus	unassigned	Teo	26
42031618	plus	unassigned	B73	1
42031846	minus	unassigned	B73	15
42033378	minus	nbr	B73	5
42033157	minus	nbr	B73	72
42032784	minus	unassigned	Teo	11
42032611	plus	ppl2	B73	186
42032163	plus	unassigned	B73	9
42032682	plus	unassigned	B73	2
42032577	plus	ppl2	B73	210
42032135	plus	ppl2	B73	37
42031877	minus	unassigned	Teo	6
42032356	plus	ppl2	B73	72
42032512	plus	unassigned	B73	11
42031860	minus	unassigned	Teo	7
42032992	plus	unassigned	Teo	2
42032822	plus	unassigned	Teo	953
42033115	plus	unassigned	Teo	2
42032609	plus	ppl2	Teo	183
42032842	minus	nbr	B73	487
42031820	plus	ppl2	B73	13
42032734	minus	unassigned	B73	390
42031827	minus	unassigned	B73	15
42032399	minus	unassigned	B73	49
42032765	minus	unassigned	Teo	13
42032382	minus	unassigned	B73	44
42031858	minus	unassigned	Teo	8
42032037	plus	unassigned	B73	2
42032556	plus	unassigned	B73	10
42032347	plus	unassigned	Teo	7
42032928	minus	unassigned	B73	3
42033368	plus	unassigned	B73	4
42032866	plus	unassigned	Teo	709
42032905	plus	unassigned	B73	710
42032911	minus	unassigned	B73	3
42032576	minus	unassigned	B73	37
42033284	minus	nbr	B73	18
42033063	minus	nbr	B73	98
42031669	minus	unassigned	B73	8
42031652	minus	unassigned	B73	8
42032590	minus	unassigned	Teo	21
42033316	minus	nbr	Teo	1
42031683	minus	unassigned	Teo	10
42032515	plus	ppl2	Teo	162
42031554	plus	unassigned	B73	1
42032366	plus	unassigned	B73	7
42032157	plus	unassigned	Teo	7
42032909	minus	unassigned	B73	3
42033178	plus	unassigned	B73	13
42032676	plus	unassigned	Teo	1
42031692	plus	ppl2	B73	13
42032557	minus	unassigned	B73	48
42033051	plus	unassigned	Teo	2
42032949	plus	unassigned	B73	93
42032519	plus	ppl2	B73	163
42032967	minus	nbr	Teo	5
42032746	minus	nbr	Teo	124
42032540	minus	unassigned	B73	50
42032588	minus	unassigned	Teo	21
42031503	plus	ppl2	Teo	1
42031633	minus	unassigned	B73	6
42033324	plus	unassigned	B73	3
42032571	minus	unassigned	Teo	24
42031664	minus	unassigned	Teo	9
42031598	plus	unassigned	B73	1
42033190	minus	nbr	B73	47
42032001	minus	unassigned	B73	1
42031680	plus	unassigned	B73	2
42031947	plus	unassigned	B73	1
42031810	minus	unassigned	B73	15
42032538	minus	unassigned	B73	50
42033222	minus	nbr	Teo	2
42033001	minus	nbr	Teo	7
42032759	plus	unassigned	B73	3986
42032322	plus	unassigned	B73	8
42031841	minus	unassigned	Teo	11
42032113	plus	unassigned	Teo	5
42033188	minus	nbr	Teo	2
42032642	plus	ppl2	Teo	145
42032569	minus	unassigned	Teo	24
42033095	plus	unassigned	Teo	2
42032841	plus	unassigned	B73	14289
42032186	minus	unassigned	B73	1
42033134	plus	unassigned	B73	16
42032632	plus	unassigned	Teo	10
42032166	plus	ppl2	Teo	30
42032387	plus	ppl2	Teo	82
42031995	minus	unassigned	B73	1
42033226	minus	nbr	B73	34
42033005	minus	nbr	B73	120
42032715	minus	unassigned	B73	478
42032646	plus	ppl2	B73	162
42032873	minus	nbr	Teo	3
42031808	minus	unassigned	B73	15
42032746	minus	unassigned	Teo	13
42031851	plus	ppl2	Teo	3
42032363	minus	unassigned	B73	48
42031630	plus	ppl2	Teo	1
42031839	minus	unassigned	Teo	11
42032394	minus	unassigned	Teo	18
42032132	plus	unassigned	B73	9
42031630	plus	unassigned	Teo	1
42031822	minus	unassigned	Teo	12
42032911	minus	nbr	B73	107
42031903	plus	unassigned	B73	1
42032885	plus	unassigned	B73	3262
42032877	minus	nbr	B73	92
42032819	minus	nbr	B73	598
42032715	plus	unassigned	B73	1158
42033008	plus	unassigned	B73	27
42031634	plus	ppl2	B73	15
42031855	plus	ppl2	B73	13
42033260	plus	unassigned	B73	9
42033318	plus	unassigned	Teo	1
42032909	minus	nbr	Teo	1
42033094	minus	nbr	Teo	10
42032727	minus	unassigned	Teo	15
42032344	minus	unassigned	B73	43
42032710	minus	unassigned	Teo	15
42032375	minus	unassigned	Teo	16
42031803	minus	unassigned	Teo	11
42032176	plus	unassigned	B73	9
42032006	plus	unassigned	B73	2
42033353	minus	nbr	B73	8
42033132	minus	nbr	B73	111
42032695	plus	unassigned	B73	5
42032525	plus	unassigned	B73	12
42033098	minus	nbr	B73	112
42032552	plus	ppl2	B73	189
42032331	plus	ppl2	B73	51
42032316	plus	unassigned	Teo	7
42032110	plus	ppl2	B73	29
42033070	plus	unassigned	B73	29
42033337	plus	unassigned	B73	3
42032835	plus	unassigned	Teo	1007
42033128	plus	unassigned	Teo	2
42032521	minus	unassigned	B73	62
42032552	minus	unassigned	Teo	26
42032108	plus	ppl2	Teo	9
42032329	plus	ppl2	Teo	40
42031645	minus	unassigned	Teo	7
42032783	minus	nbr	B73	2791
42032946	minus	nbr	B73	127
42031799	minus	unassigned	B73	15
42031523	plus	unassigned	B73	1
42032815	minus	nbr	Teo	55
42032126	plus	unassigned	Teo	5
42032519	minus	unassigned	B73	61
42032569	plus	unassigned	B73	8
42032502	minus	unassigned	B73	2
42032883	minus	unassigned	B73	1
42032879	plus	unassigned	Teo	329
42032651	plus	unassigned	B73	8
42032167	minus	unassigned	B73	32
42032918	plus	unassigned	B73	204
42032533	minus	unassigned	Teo	27
42032709	plus	unassigned	Teo	84
42032150	minus	unassigned	B73	27
42031976	minus	unassigned	B73	1
42032961	plus	unassigned	Teo	4
42033201	minus	nbr	B73	39
42033388	minus	nbr	B73	4
42032621	plus	ppl2	B73	175
42032400	plus	ppl2	B73	85
42032587	plus	ppl2	B73	197
42032366	plus	ppl2	B73	80
42031567	plus	unassigned	B73	1
42033036	minus	nbr	Teo	12
42032677	plus	ppl2	Teo	2
42032379	plus	unassigned	B73	8
42032619	plus	ppl2	Teo	170
42032209	plus	unassigned	B73	3
42032898	plus	unassigned	B73	1097
42032864	minus	unassigned	B73	2
42032689	plus	unassigned	Teo	1
42032148	minus	unassigned	B73	23
42032514	minus	unassigned	Teo	27
42032728	plus	unassigned	B73	1570
42032519	plus	unassigned	Teo	11
42032131	minus	unassigned	B73	19
42032980	plus	unassigned	B73	46
42032852	minus	nbr	B73	316
42031957	minus	unassigned	B73	1
42033273	plus	unassigned	B73	3
42032771	plus	unassigned	Teo	553
42033064	plus	unassigned	Teo	2
42032810	plus	unassigned	B73	11781
42031940	minus	unassigned	B73	1
42033103	plus	unassigned	B73	24
42032601	plus	unassigned	Teo	10
42032162	minus	unassigned	Teo	13
42031830	plus	ppl2	B73	12
42032721	minus	nbr	Teo	119
42031886	plus	ppl2	Teo	3
42032708	minus	unassigned	Teo	15
42032325	minus	unassigned	B73	40
42032189	plus	unassigned	B73	3
42032356	minus	unassigned	Teo	19
42032725	minus	nbr	B73	2926
42032271	plus	unassigned	B73	1
42032581	plus	unassigned	Teo	11
42032493	minus	unassigned	B73	2
42031669	plus	ppl2	B73	14
42032335	plus	unassigned	B73	7
42032854	plus	unassigned	B73	14236
42033147	plus	unassigned	B73	25
42032645	plus	unassigned	Teo	10
42033384	minus	nbr	Teo	2
42033163	minus	nbr	Teo	3
42033326	minus	nbr	Teo	1
42033105	minus	nbr	Teo	11
42032583	plus	ppl2	Teo	208
42032362	plus	ppl2	Teo	75
42032141	plus	ppl2	Teo	14
42033020	plus	unassigned	Teo	2
42032525	plus	ppl2	Teo	215
42032306	minus	unassigned	B73	1
42032687	minus	unassigned	B73	4
42032337	minus	unassigned	Teo	19
42032670	minus	unassigned	B73	6
42032320	minus	unassigned	Teo	15
42033167	minus	nbr	B73	70
42033109	minus	nbr	B73	111
42032145	plus	ppl2	B73	48
42031794	minus	unassigned	Teo	11
42032529	plus	ppl2	B73	182
42032977	minus	nbr	Teo	6
42032756	minus	nbr	Teo	116
42031643	plus	unassigned	Teo	1
42032145	plus	unassigned	B73	9
42032664	plus	unassigned	B73	3
42032974	plus	unassigned	Teo	4
42032804	plus	unassigned	Teo	894
42032668	minus	unassigned	B73	7
42032318	minus	unassigned	Teo	15
42032651	minus	unassigned	B73	15
42031796	plus	ppl2	B73	11
42032699	minus	unassigned	Teo	1
42032682	minus	unassigned	Teo	1
42033232	minus	nbr	Teo	2
42033011	minus	nbr	Teo	8
42032652	plus	ppl2	Teo	8
42031896	plus	unassigned	B73	1
42032397	plus	ppl2	Teo	81
42032019	plus	unassigned	B73	3
42032129	minus	unassigned	B73	19
42032845	minus	unassigned	B73	23
42032538	plus	unassigned	B73	10
42032112	minus	unassigned	B73	19
42032329	plus	unassigned	Teo	7
42032101	plus	unassigned	B73	2
42032790	plus	unassigned	B73	9608
42031938	minus	unassigned	B73	1
42033083	plus	unassigned	B73	32
42033294	minus	nbr	B73	14
42033073	minus	nbr	B73	116
42032848	plus	unassigned	Teo	971
42032620	plus	unassigned	B73	9
42031921	minus	unassigned	B73	1
42033236	minus	nbr	B73	28
42033015	minus	nbr	B73	110
42032411	plus	unassigned	Teo	2
42032143	minus	unassigned	Teo	15
42032930	plus	unassigned	Teo	5
42032656	plus	ppl2	B73	119
42032883	minus	nbr	Teo	1
42031861	plus	ppl2	Teo	3
42032921	minus	nbr	B73	109
42033017	minus	unassigned	B73	1
42031536	plus	unassigned	B73	1
42033000	minus	unassigned	B73	1
42032887	minus	nbr	B73	64
42032826	minus	unassigned	B73	34
42032348	plus	unassigned	B73	8
42032139	plus	unassigned	Teo	6
42031865	plus	ppl2	B73	16
42031919	minus	unassigned	B73	1
42031644	plus	ppl2	B73	15
42032867	plus	unassigned	B73	10546
42032391	plus	unassigned	Teo	2
42032430	plus	unassigned	B73	1
42031902	minus	unassigned	B73	21
42032658	plus	unassigned	Teo	3
42032840	minus	unassigned	Teo	1
42032124	minus	unassigned	Teo	14
42033242	plus	unassigned	B73	9
42032740	plus	unassigned	Teo	215
42033033	plus	unassigned	Teo	2
42033306	plus	unassigned	B73	3
42033363	minus	nbr	B73	4
42033142	minus	nbr	B73	104
42032807	minus	unassigned	B73	118
42032562	plus	ppl2	B73	208
42032120	plus	ppl2	B73	30
42032341	plus	ppl2	B73	57
42032838	minus	unassigned	Teo	1
42031662	plus	unassigned	B73	2
42033198	minus	nbr	Teo	2
42032176	plus	ppl2	Teo	34
42032993	plus	unassigned	B73	24
42032339	plus	ppl2	Teo	52
42032118	plus	ppl2	Teo	10
42033286	plus	unassigned	B73	3
42032784	plus	unassigned	Teo	826
42033077	plus	unassigned	Teo	2
42032823	plus	unassigned	B73	12657
42033116	plus	unassigned	B73	17
42032614	plus	unassigned	Teo	10
42032793	minus	nbr	B73	1583
42032649	minus	unassigned	B73	22
42032632	minus	unassigned	B73	25
42032825	minus	nbr	Teo	26
42032663	minus	unassigned	Teo	1
42031991	plus	unassigned	B73	3
42032084	minus	unassigned	B73	4
42032114	plus	unassigned	B73	6
42033096	plus	unassigned	B73	28
42031893	minus	unassigned	B73	23
42032594	plus	unassigned	Teo	11
42032633	plus	unassigned	B73	8
42032829	minus	nbr	B73	542
42032943	plus	unassigned	Teo	4
42031807	plus	ppl2	B73	14
42032613	minus	unassigned	B73	29
42033301	minus	nbr	Teo	1
42032994	minus	unassigned	B73	1
42033046	minus	nbr	Teo	13
42032644	minus	unassigned	Teo	10
42033305	minus	nbr	B73	13
42032158	plus	unassigned	B73	9
42032952	minus	nbr	Teo	3
42032731	minus	nbr	Teo	124
42032677	plus	unassigned	B73	2
42032240	plus	unassigned	B73	2
42032821	minus	unassigned	Teo	1
42032105	minus	unassigned	Teo	10
42032987	plus	unassigned	Teo	1
42033052	plus	unassigned	B73	31
42032550	plus	unassigned	Teo	10
42033319	plus	unassigned	B73	3
42032817	plus	unassigned	Teo	924
42031896	plus	ppl2	Teo	5
42032975	minus	unassigned	B73	1
42033362	plus	unassigned	Teo	1
42032956	minus	nbr	B73	126
42032735	minus	nbr	B73	2979
42031675	plus	unassigned	B73	2
42031679	plus	ppl2	B73	14
42032819	minus	unassigned	Teo	1
42032050	plus	unassigned	B73	2
42033394	minus	nbr	Teo	2
42033173	minus	nbr	Teo	3
42032802	minus	unassigned	Teo	5
42032317	plus	unassigned	B73	8
42032108	plus	unassigned	Teo	5
42033299	plus	unassigned	B73	3
42032797	plus	unassigned	Teo	881
42032593	plus	ppl2	Teo	206
42032151	plus	ppl2	Teo	26
42032360	plus	unassigned	Teo	7
42032372	plus	ppl2	Teo	76
42032627	plus	unassigned	Teo	10
42033002	plus	unassigned	Teo	2
42033211	minus	nbr	B73	42
42031697	minus	unassigned	B73	13
42033398	minus	nbr	B73	4
42033177	minus	nbr	B73	51
42032631	plus	ppl2	B73	171
42032410	plus	ppl2	B73	86
42031680	minus	unassigned	B73	10
42032597	plus	ppl2	B73	198
42032376	plus	ppl2	B73	86
42032155	plus	ppl2	B73	48
42033209	minus	nbr	Teo	2
42032629	plus	ppl2	Teo	158
42031549	plus	unassigned	B73	1
42032408	plus	ppl2	Teo	91
42032400	minus	unassigned	B73	49
42032798	minus	unassigned	B73	131
42031631	plus	unassigned	B73	2
42032781	minus	unassigned	B73	305
42032065	minus	unassigned	B73	1
42032862	minus	nbr	B73	149
42031874	minus	unassigned	B73	19
42032443	plus	unassigned	B73	1
42031840	plus	ppl2	B73	11
42032962	plus	unassigned	B73	55
42033255	plus	unassigned	B73	10
42032753	plus	unassigned	Teo	289
42033046	plus	unassigned	Teo	2
42032625	minus	unassigned	Teo	12
42032779	minus	unassigned	B73	307
42032762	minus	unassigned	B73	333
42031960	plus	unassigned	B73	1
42031855	minus	unassigned	B73	15
42033083	minus	nbr	B73	117
42032793	minus	unassigned	Teo	6
42032253	plus	unassigned	B73	1
42031886	minus	unassigned	Teo	8
42032563	plus	unassigned	Teo	10
42033336	minus	nbr	Teo	1
42033115	minus	nbr	Teo	8
42032836	plus	unassigned	B73	13580
42033129	plus	unassigned	B73	12
42032314	plus	ppl2	Teo	33
42032535	plus	ppl2	Teo	224
42033381	plus	unassigned	B73	3
42032956	minus	unassigned	B73	1
42032606	minus	unassigned	Teo	16
42033211	plus	unassigned	B73	14
42033119	minus	nbr	B73	108
42032800	minus	nbr	Teo	68
42032539	plus	ppl2	B73	173
42032318	plus	ppl2	B73	49
42032987	minus	nbr	Teo	6
42032766	minus	nbr	Teo	114
42032391	minus	unassigned	B73	45
42032127	plus	unassigned	B73	6
42032646	plus	unassigned	B73	10
42032170	plus	unassigned	Teo	7
42033191	plus	unassigned	B73	15
42032937	minus	unassigned	B73	3
42032956	plus	unassigned	Teo	4
42032804	minus	nbr	B73	1423
42033021	plus	unassigned	B73	25
42032920	minus	unassigned	B73	3
42032585	minus	unassigned	B73	38
42033331	plus	unassigned	Teo	1
42031678	minus	unassigned	B73	10
42031661	minus	unassigned	B73	7
42033242	minus	nbr	Teo	1
42033021	minus	nbr	Teo	8
42031692	minus	unassigned	Teo	10
42032662	plus	ppl2	Teo	7
42032604	plus	ppl2	Teo	194
42031644	plus	unassigned	B73	2
42032412	minus	unassigned	Teo	1
42032918	minus	unassigned	B73	3
42033059	plus	unassigned	Teo	2
42033246	minus	nbr	B73	27
42033025	minus	nbr	B73	114
42032566	minus	unassigned	B73	43
42032772	plus	unassigned	B73	5202
42033065	plus	unassigned	B73	28
42032666	plus	ppl2	B73	76
42032893	minus	nbr	Teo	1
42032608	plus	ppl2	B73	187
42032602	plus	unassigned	B73	10
42031659	minus	unassigned	B73	8
42032597	minus	unassigned	Teo	20
42031871	plus	ppl2	Teo	3
42031642	minus	unassigned	B73	7
42032912	plus	unassigned	Teo	27
42032580	minus	unassigned	Teo	21
42031673	minus	unassigned	Teo	10
42032931	minus	nbr	B73	126
42032710	minus	nbr	B73	756
42032897	minus	nbr	B73	74
42032839	minus	nbr	B73	502
42032743	minus	unassigned	B73	373
42031875	plus	ppl2	B73	16
42031654	plus	ppl2	B73	14
42031817	plus	ppl2	B73	13
42031836	minus	unassigned	B73	16
42032774	minus	unassigned	Teo	12
42031600	plus	unassigned	B73	1
42032708	minus	nbr	Teo	2
42031867	minus	unassigned	Teo	5
42032582	plus	unassigned	B73	9
42032849	plus	unassigned	B73	14500
42032373	plus	unassigned	Teo	5
42031850	minus	unassigned	Teo	9
42031907	plus	ppl2	Teo	7
42032412	plus	unassigned	B73	4
42033394	plus	unassigned	B73	3
42032892	plus	unassigned	Teo	125
42032931	plus	unassigned	B73	126
42032195	minus	unassigned	B73	1
42033224	plus	unassigned	B73	8
42032722	plus	unassigned	Teo	159
42033015	plus	unassigned	Teo	2
42033373	minus	nbr	B73	3
42033152	minus	nbr	B73	85
42033315	minus	nbr	B73	9
42032008	minus	unassigned	B73	1
42032724	minus	unassigned	B73	456
42032572	plus	ppl2	B73	210
42032351	plus	ppl2	B73	62
42032130	plus	ppl2	B73	35
42032514	plus	ppl2	B73	89
42032389	minus	unassigned	B73	44
42031580	plus	unassigned	B73	1
42031817	minus	unassigned	B73	15
42032755	minus	unassigned	Teo	13
42032372	minus	unassigned	B73	42
42031638	plus	unassigned	Teo	1
42031800	minus	unassigned	B73	15
42032392	plus	unassigned	B73	7
42031848	minus	unassigned	Teo	10
42031831	minus	unassigned	Teo	11
42032349	plus	ppl2	Teo	58
42032128	plus	ppl2	Teo	13
42032975	plus	unassigned	B73	55
42033268	plus	unassigned	B73	9
42032766	plus	unassigned	Teo	490
42032966	minus	nbr	B73	116
42032745	minus	nbr	B73	3028
42032901	minus	unassigned	B73	2
42032805	plus	unassigned	B73	11381
42033350	plus	unassigned	B73	3
42031502	plus	ppl2	B73	14
42033141	plus	unassigned	Teo	1
42032835	minus	nbr	Teo	24
42031689	plus	ppl2	B73	15
42032353	minus	unassigned	B73	46
42032384	minus	unassigned	Teo	17
42031973	plus	unassigned	B73	3
42032266	plus	unassigned	B73	1
42032785	plus	unassigned	B73	9486
42033221	minus	nbr	B73	34
42033078	plus	unassigned	B73	32
42033000	minus	nbr	B73	114
42032576	plus	unassigned	Teo	10
42032615	plus	unassigned	B73	9
42032406	plus	unassigned	Teo	2
42033187	minus	nbr	B73	48
42032641	plus	ppl2	B73	165
42033160	plus	unassigned	B73	14
42032547	minus	unassigned	B73	48
42032925	plus	unassigned	Teo	5
42033311	minus	nbr	Teo	1
42032386	plus	ppl2	B73	82
42032530	minus	unassigned	B73	54
42032165	plus	ppl2	B73	46
42032578	minus	unassigned	Teo	19
42033056	minus	nbr	Teo	13
42033219	minus	nbr	Teo	2
42032561	minus	unassigned	Teo	25
42032639	plus	ppl2	Teo	146
42031654	minus	unassigned	Teo	9
42032872	minus	nbr	B73	99
42031850	plus	ppl2	B73	13
42032962	minus	nbr	Teo	3
42032741	minus	nbr	Teo	124
42032386	plus	unassigned	Teo	3
42032904	minus	nbr	Teo	1
42032528	minus	unassigned	B73	54
42032659	plus	unassigned	B73	5
42032511	minus	unassigned	B73	59
42032222	plus	unassigned	B73	3
42031627	plus	ppl2	Teo	1
42031848	plus	ppl2	Teo	3
42032559	minus	unassigned	Teo	25
42032892	minus	unassigned	B73	1
42032969	plus	unassigned	Teo	4
42032741	plus	unassigned	B73	1898
42032176	minus	unassigned	B73	34
42033034	plus	unassigned	B73	28
42032532	plus	unassigned	Teo	11
42032542	minus	unassigned	Teo	25
42031985	minus	unassigned	B73	1
42031635	minus	unassigned	Teo	3
42033344	plus	unassigned	Teo	1
42032908	minus	nbr	B73	97
42033093	minus	nbr	B73	109
42032705	minus	unassigned	B73	403
42032736	minus	unassigned	Teo	13
42031657	plus	unassigned	B73	2
42033183	minus	nbr	Teo	3
42033346	minus	nbr	Teo	1
42033125	minus	nbr	Teo	8
42031829	minus	unassigned	Teo	11
42032382	plus	ppl2	Teo	78
42032161	plus	ppl2	Teo	26
42032032	plus	unassigned	B73	2
42032545	plus	ppl2	Teo	224
42031812	minus	unassigned	Teo	13
42032324	plus	ppl2	Teo	38
42032988	plus	unassigned	B73	26
42032873	minus	unassigned	B73	1
42032779	plus	unassigned	Teo	683
42032551	plus	unassigned	B73	10
42032157	minus	unassigned	B73	28
42032342	plus	unassigned	Teo	7
42032140	minus	unassigned	B73	23
42032609	plus	unassigned	Teo	10
42031966	minus	unassigned	B73	1
42033363	plus	unassigned	B73	4
42032861	plus	unassigned	Teo	936
42033154	plus	unassigned	Teo	1
42032171	minus	unassigned	Teo	13
42033129	minus	nbr	B73	109
42032810	minus	nbr	Teo	62
42032107	plus	ppl2	B73	23
42032549	plus	ppl2	B73	183
42032328	plus	ppl2	B73	49
42032997	minus	nbr	Teo	7
42032776	minus	nbr	Teo	110
42032717	minus	unassigned	Teo	15
42032334	minus	unassigned	B73	44
42032700	minus	unassigned	Teo	3
42032365	minus	unassigned	Teo	15
42032814	minus	nbr	B73	1325
42031791	minus	unassigned	B73	13
42032152	plus	unassigned	Teo	7
42031613	plus	unassigned	B73	1
42032595	plus	unassigned	B73	9
42032425	plus	unassigned	B73	1
42032944	plus	unassigned	B73	103
42033237	plus	unassigned	B73	9
42032735	plus	unassigned	Teo	205
42033028	plus	unassigned	Teo	2
42033031	minus	nbr	Teo	10
42033110	plus	unassigned	Teo	2
42032672	plus	ppl2	Teo	2
42032315	minus	unassigned	B73	36
42032696	minus	unassigned	B73	78
42032346	minus	unassigned	Teo	20
42031789	minus	unassigned	B73	13
42031593	plus	unassigned	B73	1
42033256	minus	nbr	B73	26
42033035	minus	nbr	B73	123
42032676	plus	ppl2	B73	3
42031942	plus	unassigned	B73	1
42032235	plus	unassigned	B73	3
42032509	minus	unassigned	B73	2
42031881	plus	ppl2	Teo	2
42032754	plus	unassigned	B73	3379
42033047	plus	unassigned	B73	28
42032545	plus	unassigned	Teo	10
42033090	plus	unassigned	Teo	2
42033357	plus	unassigned	Teo	1
42032523	minus	unassigned	Teo	29
42032818	plus	unassigned	B73	12370
42032941	minus	nbr	B73	130
42032720	minus	nbr	B73	2845
42032900	plus	unassigned	B73	1027
42032677	minus	unassigned	B73	6
42032660	minus	unassigned	B73	9
42031664	plus	ppl2	B73	13
42031885	plus	ppl2	B73	11
42032718	minus	nbr	Teo	113
42031986	plus	unassigned	B73	3
42032109	plus	unassigned	B73	6
42032798	plus	unassigned	B73	10293
42032361	plus	unassigned	B73	7
42032854	minus	unassigned	B73	9
42032138	minus	unassigned	B73	23
42032589	plus	unassigned	Teo	11
42032628	plus	unassigned	B73	8
42032121	minus	unassigned	B73	20
42032880	plus	unassigned	B73	5171
42031947	minus	unassigned	B73	1
42033173	plus	unassigned	B73	13
42032671	plus	unassigned	Teo	1
42032169	minus	unassigned	Teo	13
42032938	plus	unassigned	Teo	4
42032710	plus	unassigned	B73	895
42031930	minus	unassigned	B73	1
42033383	minus	nbr	B73	5
42033162	minus	nbr	B73	71
42033003	plus	unassigned	B73	26
42032152	minus	unassigned	Teo	17
42032582	plus	ppl2	B73	207
42032361	plus	ppl2	B73	73
42032140	plus	ppl2	B73	38
42033313	plus	unassigned	Teo	1
42032614	plus	ppl2	Teo	177
42032138	plus	ppl2	Teo	14
42032359	plus	ppl2	Teo	71
42031626	plus	unassigned	B73	1
42032399	plus	unassigned	Teo	2
42032171	plus	unassigned	B73	9
42032835	minus	unassigned	B73	22
42032119	minus	unassigned	B73	19
42032438	plus	unassigned	B73	1
42032001	plus	unassigned	B73	2
42032102	minus	unassigned	B73	3
42032690	plus	unassigned	B73	2
42031791	plus	ppl2	B73	13
42031928	minus	unassigned	B73	1
42032748	plus	unassigned	Teo	285
42032483	minus	unassigned	B73	2
42031911	minus	unassigned	B73	18
42032618	plus	ppl2	B73	177
42032133	minus	unassigned	Teo	14
42032845	minus	nbr	Teo	20
42033123	plus	unassigned	Teo	2
42032849	minus	nbr	B73	362
42032327	minus	unassigned	Teo	19
42031827	plus	ppl2	B73	13
42033321	minus	nbr	Teo	1
42033100	minus	nbr	Teo	11
42032045	plus	unassigned	B73	2
42033066	minus	nbr	Teo	13
42032564	plus	unassigned	B73	8
42032520	plus	ppl2	Teo	192
42032355	plus	unassigned	Teo	7
42033376	plus	unassigned	B73	3
42032874	plus	unassigned	Teo	561
42032913	plus	unassigned	B73	533
42033206	plus	unassigned	B73	14
42032704	plus	unassigned	Teo	57
42033325	minus	nbr	B73	9
42033104	minus	nbr	B73	114
42032658	minus	unassigned	B73	10
42032641	minus	unassigned	B73	24
42032524	plus	ppl2	B73	167
42032972	minus	nbr	Teo	6
42032751	minus	nbr	Teo	124
42032672	minus	unassigned	Teo	1
42031999	plus	unassigned	B73	2
42031562	plus	unassigned	B73	1
42032374	plus	unassigned	B73	7
42032165	plus	unassigned	Teo	7
42032204	plus	unassigned	B73	3
42032684	plus	unassigned	Teo	1
42032976	minus	nbr	B73	118
42032755	minus	nbr	B73	2878
42032514	plus	unassigned	Teo	11
42032918	minus	nbr	B73	109
42032957	plus	unassigned	B73	55
42032520	plus	unassigned	B73	12
42032639	minus	unassigned	B73	25
42031699	plus	ppl2	B73	14
42033332	plus	unassigned	B73	3
42032830	plus	unassigned	Teo	979
42032622	minus	unassigned	B73	27
42033193	minus	nbr	Teo	2
42032392	plus	ppl2	Teo	82
42032171	plus	ppl2	Teo	33
42033007	minus	unassigned	B73	1
42033231	minus	nbr	B73	32
42033010	minus	nbr	B73	115
42032816	minus	unassigned	B73	89
42031955	plus	unassigned	B73	1
42032248	plus	unassigned	B73	1
42033197	minus	nbr	B73	39
42032651	plus	ppl2	B73	118
42031909	minus	unassigned	B73	21
42032847	minus	unassigned	Teo	1
42032767	plus	unassigned	B73	4577
42032558	plus	unassigned	Teo	10
42032330	plus	unassigned	B73	7
42032830	minus	unassigned	Teo	1
42032121	plus	unassigned	Teo	5
42032175	plus	ppl2	B73	50
42032114	minus	unassigned	Teo	12
42032396	plus	ppl2	B73	84
42032559	plus	ppl2	B73	197
42033142	plus	unassigned	B73	22
42032640	plus	unassigned	Teo	9
42033229	minus	nbr	Teo	2
42033008	minus	nbr	Teo	8
42032907	plus	unassigned	Teo	35
42032984	minus	unassigned	B73	1
42032649	plus	ppl2	Teo	139
42032882	minus	nbr	B73	77
42031860	plus	ppl2	B73	15
42031802	plus	ppl2	B73	11
42032828	minus	unassigned	Teo	1
42032368	plus	unassigned	Teo	6
42032140	plus	unassigned	B73	10
42032811	minus	unassigned	Teo	5
42031858	plus	ppl2	Teo	3
42031904	minus	unassigned	Teo	8
42032093	minus	unassigned	B73	5
42031911	plus	unassigned	B73	1
42032893	plus	unassigned	B73	2007
42033186	plus	unassigned	B73	15
42032723	plus	unassigned	B73	1500
42033016	plus	unassigned	B73	27
42033326	plus	unassigned	Teo	1
42033300	minus	nbr	B73	14
42033356	minus	nbr	Teo	1
42033135	minus	nbr	Teo	8
42031639	plus	unassigned	B73	2
42032113	plus	ppl2	Teo	9
42032555	plus	ppl2	Teo	221
42032334	plus	ppl2	Teo	51
42032184	plus	unassigned	B73	3
42032074	minus	unassigned	B73	2
42031502	minus	unassigned	B73	6
42032790	minus	unassigned	B73	134
42032014	plus	unassigned	B73	3
42032951	minus	nbr	B73	125
42031883	minus	unassigned	B73	22
42032533	plus	unassigned	B73	11
42032324	plus	unassigned	Teo	7
42033345	plus	unassigned	B73	3
42033139	minus	nbr	B73	103
42032843	plus	unassigned	Teo	1018
42033136	plus	unassigned	Teo	1
42032820	minus	nbr	Teo	26
42032338	plus	ppl2	B73	57
42032117	plus	ppl2	B73	31
42032786	minus	nbr	Teo	109
42032949	minus	nbr	Teo	3
42032603	minus	unassigned	B73	34
42032634	minus	unassigned	Teo	10
42032788	minus	unassigned	B73	162
42032824	minus	nbr	B73	626
42031531	plus	unassigned	B73	1
42032134	plus	unassigned	Teo	6
42032592	plus	ppl2	B73	200
42032577	plus	unassigned	B73	9
42032407	plus	unassigned	B73	7
42033041	minus	nbr	Teo	13
42033389	plus	unassigned	B73	3
42033204	minus	nbr	Teo	2
42032887	plus	unassigned	Teo	190
42032926	plus	unassigned	B73	162
42033219	plus	unassigned	B73	10
42032717	plus	unassigned	Teo	116
42032682	plus	ppl2	Teo	2
42032624	plus	ppl2	Teo	168
42032403	plus	ppl2	Teo	91
42032965	minus	unassigned	B73	1
42032615	minus	unassigned	Teo	13
42033301	plus	unassigned	B73	3
42033266	minus	nbr	B73	24
42033045	minus	nbr	B73	126
42033208	minus	nbr	B73	39
42031575	plus	unassigned	B73	1
42032628	plus	ppl2	B73	172
42032407	plus	ppl2	B73	86
42032809	minus	unassigned	Teo	5
42032387	plus	unassigned	B73	8
42031891	plus	ppl2	Teo	3
42032217	plus	unassigned	B73	3
42033199	plus	unassigned	B73	15
42032736	plus	unassigned	B73	1755
42033029	plus	unassigned	B73	28
42032527	plus	unassigned	Teo	11
42033281	plus	unassigned	B73	2
42032946	minus	unassigned	B73	3
42033072	plus	unassigned	Teo	2
42032730	minus	nbr	B73	2970
42033339	plus	unassigned	Teo	1
42033111	plus	unassigned	B73	22
42032859	minus	nbr	B73	252
42032594	minus	unassigned	B73	39
42031674	plus	ppl2	B73	14
42031895	plus	ppl2	B73	14
42031687	minus	unassigned	B73	11
42031837	plus	ppl2	B73	12
42031670	minus	unassigned	B73	8
42032728	minus	nbr	Teo	124
42033331	minus	nbr	Teo	1
42033110	minus	nbr	Teo	9
42032530	plus	ppl2	Teo	232
42032197	plus	unassigned	B73	3
42032407	minus	unassigned	B73	59
42031968	plus	unassigned	B73	3
42032771	minus	unassigned	B73	312
42032055	minus	unassigned	B73	1
42031864	minus	unassigned	B73	19
42032343	plus	unassigned	B73	7
42033393	minus	nbr	B73	4
42033172	minus	nbr	B73	66
42033335	minus	nbr	B73	8
42033114	minus	nbr	B73	113
42032862	plus	unassigned	B73	13200
42031895	minus	unassigned	Teo	7
42033155	plus	unassigned	B73	19
42032150	plus	ppl2	B73	47
42032653	plus	unassigned	Teo	3
42032371	plus	ppl2	B73	84
42032534	plus	ppl2	B73	174
42032982	minus	nbr	Teo	6
42032369	plus	ppl2	Teo	77
42032148	plus	ppl2	Teo	25
42032769	minus	unassigned	B73	313
42032986	minus	nbr	B73	107
42032765	minus	nbr	B73	2834
42032752	minus	unassigned	B73	368
42032402	minus	unassigned	Teo	24
42031608	plus	unassigned	B73	1
42031845	minus	unassigned	B73	15
42032783	minus	unassigned	Teo	11
42032153	plus	unassigned	B73	9
42032855	minus	nbr	Teo	15
42032672	plus	unassigned	B73	2
42031876	minus	unassigned	Teo	6
42032982	plus	unassigned	Teo	1
42032812	plus	unassigned	Teo	901
42033105	plus	unassigned	Teo	2
42033241	minus	nbr	B73	27
42033020	minus	nbr	B73	108
42032733	minus	unassigned	B73	395
42032661	plus	ppl2	B73	118
42032398	minus	unassigned	B73	48
42031826	minus	unassigned	B73	15
42032764	minus	unassigned	Teo	13
42032381	minus	unassigned	B73	44
42031857	minus	unassigned	Teo	8
42033297	minus	nbr	Teo	1
42033076	minus	nbr	Teo	13
42033239	minus	nbr	Teo	2
42033018	minus	nbr	Teo	8
42032027	plus	unassigned	B73	3
42032659	plus	ppl2	Teo	9
42032546	plus	unassigned	B73	10
42032337	plus	unassigned	Teo	7
42033091	plus	unassigned	B73	29
42032927	minus	unassigned	B73	3
42033358	plus	unassigned	B73	4
42032856	plus	unassigned	Teo	976
42033149	plus	unassigned	Teo	1
42032892	minus	nbr	B73	66
42032910	minus	unassigned	B73	3
42032575	minus	unassigned	B73	37
42031870	plus	ppl2	B73	15
42032761	minus	nbr	Teo	117
42031668	minus	unassigned	B73	8
42031651	minus	unassigned	B73	8
42031902	plus	ppl2	Teo	7
42031699	minus	unassigned	Teo	10
42031682	minus	unassigned	Teo	10
42031868	plus	ppl2	Teo	3
42031544	plus	unassigned	B73	1
42032356	plus	unassigned	B73	7
42032147	plus	unassigned	Teo	7
42032928	minus	nbr	B73	125
42032908	minus	unassigned	B73	2
42032875	plus	unassigned	B73	6757
42033168	plus	unassigned	B73	14
42032666	plus	unassigned	Teo	2
42031906	plus	ppl2	B73	21
42033250	plus	unassigned	B73	8
42032556	minus	unassigned	B73	48
42033041	plus	unassigned	Teo	2
42032939	plus	unassigned	B73	104
42033400	minus	nbr	Teo	2
42031649	minus	unassigned	B73	8
42032587	minus	unassigned	Teo	21
42031632	minus	unassigned	B73	6
42033366	minus	nbr	Teo	1
42033314	plus	unassigned	B73	3
42033145	minus	nbr	Teo	4
42032570	minus	unassigned	Teo	24
42032565	plus	ppl2	Teo	214
42032344	plus	ppl2	Teo	54
42032123	plus	ppl2	Teo	11
42031663	minus	unassigned	Teo	9
42031588	plus	unassigned	B73	1
42032000	minus	unassigned	B73	1
42033149	minus	nbr	B73	85
42032603	plus	ppl2	B73	192
42031670	plus	unassigned	B73	2
42032830	minus	nbr	Teo	24
42031500	plus	unassigned	B73	2
42032569	plus	ppl2	B73	206
42032348	plus	ppl2	B73	62
42032127	plus	ppl2	B73	30
42032796	minus	nbr	Teo	69
42032537	minus	unassigned	B73	54
42032749	plus	unassigned	B73	2621
42032312	plus	unassigned	B73	1
42032520	minus	unassigned	B73	62
42031840	minus	unassigned	Teo	11
42032103	plus	unassigned	Teo	4
42033294	plus	unassigned	B73	3
42032792	plus	unassigned	Teo	892
42032568	minus	unassigned	Teo	24
42033085	plus	unassigned	Teo	2
42032185	minus	unassigned	B73	1
42032831	plus	unassigned	B73	13153
42033124	plus	unassigned	B73	13
42032622	plus	unassigned	Teo	10
42031994	minus	unassigned	B73	1
42032834	minus	nbr	B73	511
42031812	plus	ppl2	B73	12
42032714	minus	unassigned	B73	478
42032379	minus	unassigned	B73	43
42031807	minus	unassigned	B73	15
42032745	minus	unassigned	Teo	13
42032362	minus	unassigned	B73	49
42033051	minus	nbr	Teo	13
42031838	minus	unassigned	Teo	11
42032559	plus	unassigned	B73	9
42032393	minus	unassigned	Teo	18
42032122	plus	unassigned	B73	6
42031821	minus	unassigned	Teo	12
42032899	minus	unassigned	B73	2
42032869	plus	unassigned	Teo	660
42033310	minus	nbr	B73	13
42032705	plus	unassigned	B73	582
42033276	minus	nbr	B73	22
42033055	minus	nbr	B73	110
42033308	plus	unassigned	Teo	1
42033308	minus	nbr	Teo	1
42032726	minus	unassigned	Teo	15
42032343	minus	unassigned	B73	46
42031819	minus	unassigned	Teo	12
42031802	minus	unassigned	Teo	11
42032374	minus	unassigned	Teo	16
42032961	minus	nbr	B73	124
42032740	minus	nbr	B73	2995
42032166	plus	unassigned	B73	9
42032685	plus	unassigned	B73	2
42032515	plus	unassigned	B73	12
42031684	plus	ppl2	B73	15
42032995	plus	unassigned	Teo	2
42033060	plus	unassigned	B73	28
42033327	plus	unassigned	B73	3
42032959	minus	nbr	Teo	3
42032738	minus	nbr	Teo	120
42032825	plus	unassigned	Teo	968
42033118	plus	unassigned	Teo	2
42032551	minus	unassigned	Teo	26
42031644	minus	unassigned	Teo	7
42031798	minus	unassigned	B73	15
42031683	plus	unassigned	B73	2
42033182	minus	nbr	B73	52
42032381	plus	ppl2	B73	86
42032160	plus	ppl2	B73	47
42032325	plus	unassigned	B73	8
42032116	plus	unassigned	Teo	5
42033214	minus	nbr	Teo	2
42033098	plus	unassigned	Teo	2
42032518	minus	unassigned	B73	62
42032635	plus	unassigned	Teo	9
42032501	minus	unassigned	B73	2
42032634	plus	ppl2	Teo	148
42032549	minus	unassigned	Teo	26
42032882	minus	unassigned	B73	1
42032641	plus	unassigned	B73	8
42032166	minus	unassigned	B73	32
42033010	plus	unassigned	Teo	2
42032908	plus	unassigned	B73	569
42032379	plus	ppl2	Teo	77
42032158	plus	ppl2	Teo	26
42032532	minus	unassigned	Teo	27
42031975	minus	unassigned	B73	1
42032951	plus	unassigned	Teo	3
42033218	minus	nbr	B73	41
42032638	plus	ppl2	B73	167
42032865	minus	nbr	Teo	6
42031843	plus	ppl2	Teo	1
42031557	plus	unassigned	B73	1
42032369	plus	unassigned	B73	7
42031906	plus	unassigned	B73	1
42032888	plus	unassigned	B73	3015
42032863	minus	unassigned	B73	2
42032679	plus	unassigned	Teo	1
42032147	minus	unassigned	B73	23
42032903	minus	nbr	B73	89
42032718	plus	unassigned	B73	1278
42032513	minus	unassigned	Teo	27
42032130	minus	unassigned	B73	19
42032970	plus	unassigned	B73	50
42031956	minus	unassigned	B73	1
42033263	plus	unassigned	B73	9
42032869	minus	nbr	B73	134
42032761	plus	unassigned	Teo	464
42033054	plus	unassigned	Teo	2
42032800	plus	unassigned	B73	10473
42032161	minus	unassigned	Teo	13
42031847	plus	ppl2	B73	12
42033341	minus	nbr	Teo	1
42033120	minus	nbr	Teo	8
42033086	minus	nbr	Teo	9
42032540	plus	ppl2	Teo	225
42032707	minus	unassigned	Teo	15
42032324	minus	unassigned	B73	38
42032179	plus	unassigned	B73	3
42032355	minus	unassigned	Teo	20
42032009	plus	unassigned	B73	2
42032261	plus	unassigned	B73	1
42032844	minus	unassigned	B73	23
42032319	plus	unassigned	Teo	7
42033345	minus	nbr	B73	8
42033124	minus	nbr	B73	106
42031937	minus	unassigned	B73	1
42032571	plus	unassigned	Teo	10
42032492	minus	unassigned	B73	2
42032544	plus	ppl2	B73	174
42032323	plus	ppl2	B73	49
42032992	minus	nbr	Teo	7
42032771	minus	nbr	Teo	112
42032844	plus	unassigned	B73	14333
42033137	plus	unassigned	B73	22
42032305	minus	unassigned	B73	1
42032686	minus	unassigned	B73	6
42032996	minus	nbr	B73	116
42032775	minus	nbr	B73	2795
42032336	minus	unassigned	Teo	19
42032938	minus	nbr	B73	130
42032717	minus	nbr	B73	2491
42032807	minus	nbr	Teo	63
42031793	minus	unassigned	Teo	11
42032135	plus	unassigned	B73	9
42031633	plus	unassigned	Teo	1
42032654	plus	unassigned	B73	7
42032964	plus	unassigned	Teo	4
42033251	minus	nbr	B73	27
42033030	minus	nbr	B73	121
42032667	minus	unassigned	B73	7
42032317	minus	unassigned	Teo	15
42032650	minus	unassigned	B73	15
42032671	plus	ppl2	B73	12
42033159	minus	nbr	B73	72
42032698	minus	unassigned	Teo	1
42032613	plus	ppl2	B73	185
42032681	minus	unassigned	Teo	1
42032579	plus	ppl2	B73	208
42032137	plus	ppl2	B73	37
42032358	plus	ppl2	B73	72
42031652	plus	unassigned	B73	2
42033249	minus	nbr	Teo	1
42033028	minus	nbr	Teo	10
42032669	plus	ppl2	Teo	2
42032698	plus	unassigned	B73	26
42032128	minus	unassigned	B73	19
42032528	plus	unassigned	B73	12
42032844	minus	nbr	B73	459
42032111	minus	unassigned	B73	19
42032780	plus	unassigned	B73	6785
42033073	plus	unassigned	B73	29
42031880	plus	ppl2	B73	12
42032159	minus	unassigned	Teo	13
42032838	plus	unassigned	Teo	997
42032610	plus	unassigned	B73	9
42031920	minus	unassigned	B73	1
42031822	plus	ppl2	B73	13
42032401	plus	unassigned	Teo	2
42032142	minus	unassigned	Teo	15
42032648	minus	unassigned	B73	22
42032713	minus	nbr	Teo	60
42032920	plus	unassigned	Teo	10
42032679	minus	unassigned	Teo	1
42031878	plus	ppl2	Teo	2
42031526	plus	unassigned	B73	1
42033016	minus	unassigned	B73	1
42032825	minus	unassigned	B73	34
42032109	minus	unassigned	B73	19
42033320	minus	nbr	B73	9
42032338	plus	unassigned	B73	7
42032129	plus	unassigned	Teo	5
42032590	plus	unassigned	B73	9
42031918	minus	unassigned	B73	1
42033286	minus	nbr	B73	18
42033065	minus	nbr	B73	98
42032857	plus	unassigned	B73	13880
42032381	plus	unassigned	Teo	5
42032420	plus	unassigned	B73	1
42031901	minus	unassigned	B73	21
42032648	plus	unassigned	Teo	10
42032123	minus	unassigned	Teo	14
42033232	plus	unassigned	B73	9
42032730	plus	unassigned	Teo	196
42033376	minus	nbr	Teo	2
42033155	minus	nbr	Teo	3
42033023	plus	unassigned	Teo	2
42033318	minus	nbr	Teo	1
42032575	plus	ppl2	Teo	217
42032354	plus	ppl2	Teo	67
42032133	plus	ppl2	Teo	13
42032517	plus	ppl2	Teo	178
42032971	minus	nbr	B73	121
42032750	minus	nbr	B73	3041
42032806	minus	unassigned	B73	118
42032840	minus	nbr	Teo	21
42032837	minus	unassigned	Teo	1
42032969	minus	nbr	Teo	6
42032748	minus	nbr	Teo	124
42032820	minus	unassigned	Teo	1
42032983	plus	unassigned	B73	41
42033276	plus	unassigned	B73	2
42032774	plus	unassigned	Teo	552
42033067	plus	unassigned	Teo	2
42032813	plus	unassigned	B73	11799
42033106	plus	unassigned	B73	24
42032604	plus	unassigned	Teo	10
42033192	minus	nbr	B73	47
42032631	minus	unassigned	B73	25
42032391	plus	ppl2	B73	83
42032170	plus	ppl2	B73	51
42032662	minus	unassigned	Teo	1
42033061	minus	nbr	Teo	13
42033224	minus	nbr	Teo	2
42033003	minus	nbr	Teo	8
42031899	plus	unassigned	B73	1
42032644	plus	ppl2	Teo	144
42031981	plus	unassigned	B73	3
42032168	plus	ppl2	Teo	32
42032389	plus	ppl2	Teo	82
42032083	minus	unassigned	B73	4
42032104	plus	unassigned	B73	4
42032793	plus	unassigned	B73	10117
42033086	plus	unassigned	B73	31
42032584	plus	unassigned	Teo	11
42031892	minus	unassigned	B73	23
42032623	plus	unassigned	B73	9
42032933	plus	unassigned	Teo	4
42033228	minus	nbr	B73	33
42033007	minus	nbr	B73	122
42032629	minus	unassigned	B73	25
42032648	plus	ppl2	B73	158
42032875	minus	nbr	Teo	3
42032612	minus	unassigned	B73	29
42031853	plus	ppl2	Teo	3
42032993	minus	unassigned	B73	1
42031632	plus	ppl2	Teo	1
42032643	minus	unassigned	Teo	10
42032913	minus	nbr	B73	107
42032879	minus	nbr	B73	87
42032148	plus	unassigned	B73	9
42031694	plus	ppl2	B73	13
42031636	plus	ppl2	B73	14
42031857	plus	ppl2	B73	13
42032667	plus	unassigned	B73	3
42032230	plus	unassigned	B73	3
42032104	minus	unassigned	Teo	1
42033351	minus	nbr	Teo	1
42033130	minus	nbr	Teo	8
42032977	plus	unassigned	Teo	3
42033042	plus	unassigned	B73	28
42032540	plus	unassigned	Teo	11
42033309	plus	unassigned	B73	3
42032807	plus	unassigned	Teo	903
42033096	minus	nbr	Teo	10
42032550	plus	ppl2	Teo	226
42032974	minus	unassigned	B73	1
42033352	plus	unassigned	Teo	1
42032624	minus	unassigned	Teo	12
42033355	minus	nbr	B73	8
42033134	minus	nbr	B73	106
42031665	plus	unassigned	B73	2
42032112	plus	ppl2	B73	29
42032554	plus	ppl2	B73	191
42032333	plus	ppl2	B73	51
42032781	minus	nbr	Teo	110
42032818	minus	unassigned	Teo	2
42032040	plus	unassigned	B73	2
42032801	minus	unassigned	Teo	5
42032996	plus	unassigned	B73	22
42033289	plus	unassigned	B73	3
42032787	plus	unassigned	Teo	834
42032350	plus	unassigned	Teo	7
42032617	plus	unassigned	Teo	10
42033371	plus	unassigned	B73	4
42032785	minus	nbr	B73	2757
42031696	minus	unassigned	B73	13
42032817	minus	nbr	Teo	27
42031539	plus	unassigned	B73	1
42032797	minus	unassigned	B73	131
42031621	plus	unassigned	B73	1
42032780	minus	unassigned	B73	307
42032064	minus	unassigned	B73	1
42032394	plus	unassigned	Teo	2
42031873	minus	unassigned	B73	19
42032433	plus	unassigned	B73	1
42033261	minus	nbr	B73	26
42033040	minus	nbr	B73	122
42032952	plus	unassigned	B73	79
42033245	plus	unassigned	B73	9
42032743	plus	unassigned	Teo	217
42033036	plus	unassigned	Teo	2
42032681	plus	ppl2	B73	2
42033038	minus	nbr	Teo	12
42032679	plus	ppl2	Teo	2
42031700	minus	unassigned	Teo	10
42032778	minus	unassigned	B73	308
42032761	minus	unassigned	B73	333
42031890	plus	ppl2	B73	12
42031950	plus	unassigned	B73	1
42031854	minus	unassigned	B73	15
42032792	minus	unassigned	Teo	6
42032243	plus	unassigned	B73	2
42032944	minus	nbr	Teo	3
42032723	minus	nbr	Teo	122
42031885	minus	unassigned	Teo	8
42033055	plus	unassigned	B73	31
42032553	plus	unassigned	Teo	9
42033365	plus	unassigned	Teo	1
42031888	plus	ppl2	Teo	3
42032826	plus	unassigned	B73	12894
42033119	plus	unassigned	B73	17
42032955	minus	unassigned	B73	1
42032605	minus	unassigned	Teo	16
42033201	plus	unassigned	B73	14
42032948	minus	nbr	B73	126
42032727	minus	nbr	B73	2942
42032390	minus	unassigned	B73	45
42031994	plus	unassigned	B73	3
42033386	minus	nbr	Teo	2
42033165	minus	nbr	Teo	3
42032117	plus	unassigned	B73	6
42033099	plus	unassigned	B73	27
42032585	plus	ppl2	Teo	204
42032143	plus	ppl2	Teo	14
42032597	plus	unassigned	Teo	11
42032364	plus	ppl2	Teo	76
42032636	plus	unassigned	B73	8
42032160	plus	unassigned	Teo	7
42033181	plus	unassigned	B73	13
42032936	minus	unassigned	B73	3
42032946	plus	unassigned	Teo	3
42033011	plus	unassigned	B73	27
42033203	minus	nbr	B73	39
42032584	minus	unassigned	B73	38
42033321	plus	unassigned	Teo	1
42033169	minus	nbr	B73	69
42032623	plus	ppl2	B73	174
42032402	plus	ppl2	B73	88
42031677	minus	unassigned	B73	9
42032850	minus	nbr	Teo	15
42031660	minus	unassigned	B73	7
42032589	plus	ppl2	B73	197
42032368	plus	ppl2	B73	85
42032147	plus	ppl2	B73	48
42031691	minus	unassigned	Teo	10
42031634	plus	unassigned	B73	2
42032446	plus	unassigned	B73	1
42032854	minus	nbr	B73	316
42032411	minus	unassigned	Teo	1
42032917	minus	unassigned	B73	3
42032756	plus	unassigned	Teo	437
42033049	plus	unassigned	Teo	1
42031832	plus	ppl2	B73	12
42032565	minus	unassigned	B73	43
42031798	plus	ppl2	B73	11
42032762	plus	unassigned	B73	4216
42033131	plus	unassigned	Teo	2
42031658	minus	unassigned	B73	8
42032596	minus	unassigned	Teo	20
42031641	minus	unassigned	B73	6
42033071	minus	nbr	Teo	13
42032902	plus	unassigned	Teo	53
42031689	minus	unassigned	Teo	10
42031672	minus	unassigned	Teo	10
42032759	minus	unassigned	B73	333
42032409	minus	unassigned	Teo	26
42031678	plus	unassigned	B73	2
42033330	minus	nbr	B73	8
42032742	minus	unassigned	B73	373
42033296	minus	nbr	B73	14
42033075	minus	nbr	B73	116
42031835	minus	unassigned	B73	14
42032773	minus	unassigned	Teo	12
42032053	plus	unassigned	B73	1
42032658	plus	ppl2	B73	119
42032572	plus	unassigned	B73	9
42031866	minus	unassigned	Teo	5
42032839	plus	unassigned	B73	13872
42032363	plus	unassigned	Teo	7
42032402	plus	unassigned	B73	7
42033328	minus	nbr	Teo	1
42033107	minus	nbr	Teo	9
42033384	plus	unassigned	B73	3
42032882	plus	unassigned	Teo	310
42032921	plus	unassigned	B73	200
42032194	minus	unassigned	B73	1
42033214	plus	unassigned	B73	14
42032712	plus	unassigned	Teo	101
42032527	plus	ppl2	Teo	228
42033005	plus	unassigned	Teo	2
42032981	minus	nbr	B73	105
42032760	minus	nbr	B73	2865
42032723	minus	unassigned	B73	458
42032007	minus	unassigned	B73	1
42031570	plus	unassigned	B73	1
42031816	minus	unassigned	B73	15
42032388	minus	unassigned	B73	44
42032979	minus	nbr	Teo	6
42032758	minus	nbr	Teo	116
42032754	minus	unassigned	Teo	13
42032371	minus	unassigned	B73	42
42031628	plus	unassigned	Teo	1
42032382	plus	unassigned	B73	8
42031847	minus	unassigned	Teo	11
42032173	plus	unassigned	Teo	7
42031830	minus	unassigned	Teo	11
42032692	plus	unassigned	Teo	1
42032965	plus	unassigned	B73	55
42033258	plus	unassigned	B73	9
42032900	minus	unassigned	B73	2
42033340	plus	unassigned	B73	3
42032564	plus	ppl2	B73	209
42033234	minus	nbr	Teo	2
42033013	minus	nbr	Teo	8
42032369	minus	unassigned	B73	42
42032352	minus	unassigned	B73	46
42032654	plus	ppl2	Teo	8
42032399	plus	ppl2	Teo	87
42032383	minus	unassigned	Teo	17
42031963	plus	unassigned	B73	2
42032256	plus	unassigned	B73	1
42032775	plus	unassigned	B73	5562
42033068	plus	unassigned	B73	29
42032566	plus	unassigned	Teo	10
42033238	minus	nbr	B73	28
42033017	minus	nbr	B73	108
42032605	plus	unassigned	B73	9
42033150	plus	unassigned	B73	25
42032546	minus	unassigned	B73	48
42032885	minus	nbr	Teo	1
42032915	plus	unassigned	Teo	17
42031639	minus	unassigned	B73	6
42032577	minus	unassigned	Teo	19
42031863	plus	ppl2	Teo	3
42032560	minus	unassigned	Teo	25
42031653	minus	unassigned	Teo	9
42032923	minus	nbr	B73	109
42032889	minus	nbr	B73	66
42031901	plus	ppl2	B73	15
42031790	minus	unassigned	B73	13
42031867	plus	ppl2	B73	16
42031646	plus	ppl2	B73	15
42031809	plus	ppl2	B73	14
42032376	plus	unassigned	Teo	5
42033361	minus	nbr	Teo	1
42033140	minus	nbr	Teo	7
42032527	minus	unassigned	B73	54
42033303	minus	nbr	Teo	1
42032649	plus	unassigned	B73	11
42032510	minus	unassigned	B73	3
42032212	plus	unassigned	B73	3
42032560	plus	ppl2	Teo	217
42033194	plus	unassigned	B73	15
42032558	minus	unassigned	Teo	25
42032891	minus	unassigned	B73	1
42032959	plus	unassigned	Teo	4
42032731	plus	unassigned	B73	1664
42032175	minus	unassigned	B73	34
42033024	plus	unassigned	B73	26
42032522	plus	unassigned	Teo	11
42032541	minus	unassigned	Teo	25
42031984	minus	unassigned	B73	1
42031634	minus	unassigned	Teo	3
42033334	plus	unassigned	Teo	1
42033365	minus	nbr	B73	4
42033144	minus	nbr	B73	106
42033307	minus	nbr	B73	13
42032704	minus	unassigned	B73	380
42032343	plus	ppl2	B73	57
42032122	plus	ppl2	B73	30
42032791	minus	nbr	Teo	70
42032735	minus	unassigned	Teo	13
42031647	plus	unassigned	B73	2
42032192	plus	unassigned	B73	3
42031828	minus	unassigned	Teo	11
42032022	plus	unassigned	B73	3
42031811	minus	unassigned	Teo	13
42032889	minus	unassigned	B73	1
42032978	plus	unassigned	B73	49
42032872	minus	unassigned	B73	1
42032769	plus	unassigned	Teo	492
42032541	plus	unassigned	B73	10
42032156	minus	unassigned	B73	27
42032808	plus	unassigned	B73	11650
42032332	plus	unassigned	Teo	7
42031965	minus	unassigned	B73	1
42033353	plus	unassigned	B73	3
42032795	minus	nbr	B73	1570
42032851	plus	unassigned	Teo	1003
42033144	plus	unassigned	Teo	1
42032958	minus	nbr	B73	126
42032737	minus	nbr	B73	2987
42032170	minus	unassigned	Teo	13
42032827	minus	nbr	Teo	25
42032716	minus	unassigned	Teo	15
42032333	minus	unassigned	B73	44
42032595	plus	ppl2	Teo	203
42031809	minus	unassigned	Teo	11
42032364	minus	unassigned	Teo	15
42032142	plus	unassigned	Teo	6
42031603	plus	unassigned	B73	1
42033271	minus	nbr	B73	25
42033050	minus	nbr	B73	116
42033213	minus	nbr	B73	42
42032585	plus	unassigned	B73	9
42033179	minus	nbr	B73	52
42032633	plus	ppl2	B73	170
42033397	plus	unassigned	B73	3
42032895	plus	unassigned	Teo	97
42032934	plus	unassigned	B73	110
42033227	plus	unassigned	B73	9
42032725	plus	unassigned	Teo	184
42032599	plus	ppl2	B73	193
42032378	plus	ppl2	B73	87
42032157	plus	ppl2	B73	48
42033018	plus	unassigned	Teo	2
42033048	minus	nbr	Teo	13
42033100	plus	unassigned	Teo	2
42032314	minus	unassigned	B73	36
42032695	minus	unassigned	B73	55
42032345	minus	unassigned	Teo	20
42032864	minus	nbr	B73	135
42031788	minus	unassigned	B73	1
42031583	plus	unassigned	B73	1
42031842	plus	ppl2	B73	11
42032954	minus	nbr	Teo	3
42032733	minus	nbr	Teo	125
42032395	plus	unassigned	B73	7
42032225	plus	unassigned	B73	3
42032508	minus	unassigned	B73	2
42032744	plus	unassigned	B73	2209
42033037	plus	unassigned	B73	28
42032535	plus	unassigned	Teo	11
42031898	plus	ppl2	Teo	7
42033080	plus	unassigned	Teo	2
42032539	minus	unassigned	Teo	25
42033347	plus	unassigned	Teo	1
42032522	minus	unassigned	Teo	29
42032676	minus	unassigned	B73	6
42033340	minus	nbr	B73	8
42033085	minus	nbr	B73	117
42033396	minus	nbr	Teo	2
42033175	minus	nbr	Teo	3
42033338	minus	nbr	Teo	1
42033117	minus	nbr	Teo	8
42032374	plus	ppl2	Teo	75
42032153	plus	ppl2	Teo	26
42031976	plus	unassigned	B73	3
42032269	plus	unassigned	B73	1
42032316	plus	ppl2	Teo	34
42032537	plus	ppl2	Teo	225
42032788	plus	unassigned	B73	9530
42032137	minus	unassigned	B73	21
42032579	plus	unassigned	Teo	11
42032351	plus	unassigned	B73	7
42032853	minus	unassigned	B73	9
42032618	plus	unassigned	B73	9
42032991	minus	nbr	B73	107
42032770	minus	nbr	B73	2818
42032409	plus	unassigned	Teo	2
42032120	minus	unassigned	B73	20
42032870	plus	unassigned	B73	9954
42031946	minus	unassigned	B73	1
42033163	plus	unassigned	B73	14
42032661	plus	unassigned	Teo	2
42032168	minus	unassigned	Teo	13
42032928	plus	unassigned	Teo	5
42032700	plus	unassigned	B73	85
42032151	minus	unassigned	Teo	17
42032860	minus	nbr	Teo	10
42032802	minus	nbr	Teo	65
42032989	minus	nbr	Teo	6
42032768	minus	nbr	Teo	114
42031616	plus	unassigned	B73	1
42032806	minus	nbr	B73	1420
42032598	plus	unassigned	B73	9
42032118	minus	unassigned	B73	19
42032389	plus	unassigned	Teo	3
42032161	plus	unassigned	B73	9
42032834	minus	unassigned	B73	23
42032428	plus	unassigned	B73	1
42032101	minus	unassigned	B73	5
42032680	plus	unassigned	B73	2
42032499	minus	unassigned	B73	2
42031927	minus	unassigned	B73	1
42032149	minus	unassigned	Teo	16
42032738	plus	unassigned	Teo	208
42032510	plus	unassigned	B73	8
42032482	minus	unassigned	B73	2
42031910	minus	unassigned	B73	19
42032132	minus	unassigned	Teo	14
42032990	plus	unassigned	Teo	1
42032820	plus	unassigned	Teo	943
42033113	plus	unassigned	Teo	2
42033081	minus	nbr	Teo	13
42033244	minus	nbr	Teo	1
42033023	minus	nbr	Teo	10
42032664	plus	ppl2	Teo	7
42032326	minus	unassigned	Teo	19
42033248	minus	nbr	B73	27
42033027	minus	nbr	B73	122
42032668	plus	ppl2	B73	65
42032895	minus	nbr	Teo	1
42032035	plus	unassigned	B73	2
42031873	plus	ppl2	Teo	3
42032554	plus	unassigned	B73	10
42032345	plus	unassigned	Teo	7
42033366	plus	unassigned	B73	4
42032864	plus	unassigned	Teo	877
42033157	plus	unassigned	Teo	1
42032903	plus	unassigned	B73	768
42032933	minus	nbr	B73	130
42032712	minus	nbr	B73	1305
42032899	minus	nbr	B73	80
42031911	plus	ppl2	B73	21
42032657	minus	unassigned	B73	10
42032640	minus	unassigned	B73	25
42031877	plus	ppl2	B73	13
42031656	plus	ppl2	B73	14
42032671	minus	unassigned	Teo	1
42033371	minus	nbr	Teo	1
42033150	minus	nbr	Teo	4
42031989	plus	unassigned	B73	3
42031909	plus	ppl2	Teo	7
42031552	plus	unassigned	B73	1
42032570	plus	ppl2	Teo	214
42032364	plus	unassigned	B73	7
42031901	plus	unassigned	B73	1
42032155	plus	unassigned	Teo	7
42033176	plus	unassigned	B73	13
42032674	plus	unassigned	Teo	1
42032947	plus	unassigned	B73	93
42033375	minus	nbr	B73	3
42033154	minus	nbr	B73	84
42032638	minus	unassigned	B73	24
42032574	plus	ppl2	B73	210
42032353	plus	ppl2	B73	67
42032132	plus	ppl2	B73	35
42033322	plus	unassigned	B73	3
42032621	minus	unassigned	B73	27
42032669	minus	unassigned	Teo	1
42032606	plus	ppl2	Teo	186
42031596	plus	unassigned	B73	1
42033006	minus	unassigned	B73	1
42031945	plus	unassigned	B73	1
42032815	minus	unassigned	B73	96
42032238	plus	unassigned	B73	3
42031908	minus	unassigned	B73	21
42032846	minus	unassigned	Teo	1
42032757	plus	unassigned	B73	3848
42032548	plus	unassigned	Teo	10
42032320	plus	unassigned	B73	8
42032837	minus	nbr	Teo	23
42032111	plus	unassigned	Teo	5
42032113	minus	unassigned	Teo	12
42033093	plus	unassigned	Teo	2
42033132	plus	unassigned	B73	15
42032630	plus	unassigned	Teo	10
42032983	minus	unassigned	B73	1
42033281	minus	nbr	B73	20
42033060	minus	nbr	B73	96
42031819	plus	ppl2	B73	13
42032048	plus	unassigned	B73	2
42032827	minus	unassigned	Teo	1
42032567	plus	unassigned	B73	8
42033313	minus	nbr	Teo	1
42032130	plus	unassigned	B73	9
42032358	plus	unassigned	Teo	7
42032810	minus	unassigned	Teo	5
42033058	minus	nbr	Teo	13
42032877	plus	unassigned	Teo	378
42032512	plus	ppl2	Teo	93
42031903	minus	unassigned	Teo	8
42032092	minus	unassigned	B73	5
42032883	plus	unassigned	B73	5088
42032713	plus	unassigned	B73	1055
42033006	plus	unassigned	B73	26
42033316	plus	unassigned	Teo	1
42033317	minus	nbr	B73	9
42032516	plus	ppl2	B73	149
42032964	minus	nbr	Teo	5
42032743	minus	nbr	Teo	125
42031500	plus	ppl2	Teo	1
42032808	minus	unassigned	Teo	5
42031629	plus	unassigned	B73	2
42032174	plus	unassigned	B73	9
42032073	minus	unassigned	B73	2
42031501	minus	unassigned	B73	6
42032004	plus	unassigned	B73	2
42031899	minus	unassigned	B73	23
42031502	plus	unassigned	Teo	1
42032693	plus	unassigned	B73	2
42031882	minus	unassigned	B73	20
42032968	minus	nbr	B73	118
42032747	minus	nbr	B73	3032
42032523	plus	unassigned	B73	12
42032314	plus	unassigned	Teo	7
42033335	plus	unassigned	B73	3
42032833	plus	unassigned	Teo	972
42033126	plus	unassigned	Teo	2
42032619	minus	unassigned	B73	27
42032602	minus	unassigned	B73	36
42033185	minus	nbr	Teo	3
42032633	minus	unassigned	Teo	11
42032384	plus	ppl2	Teo	79
42032163	plus	ppl2	Teo	26
42032787	minus	unassigned	B73	300
42031521	plus	unassigned	B73	1
42032770	minus	unassigned	B73	312
42032054	minus	unassigned	B73	1
42033223	minus	nbr	B73	34
42033002	minus	nbr	B73	114
42031863	minus	unassigned	B73	16
42032124	plus	unassigned	Teo	5
42033189	minus	nbr	B73	48
42032643	plus	ppl2	B73	166
42032870	minus	nbr	Teo	3
42031894	minus	unassigned	Teo	7
42032167	plus	ppl2	B73	47
42032388	plus	ppl2	B73	82
42032109	plus	ppl2	B73	26
42033379	plus	unassigned	B73	3
42032916	plus	unassigned	B73	390
42033209	plus	unassigned	B73	14
42032707	plus	unassigned	Teo	62
42032964	minus	unassigned	B73	1
42032614	minus	unassigned	Teo	13
42032874	minus	nbr	B73	92
42032816	minus	nbr	B73	1221
42031852	plus	ppl2	B73	13
42031631	plus	ppl2	B73	15
42032906	minus	nbr	Teo	1
42031565	plus	unassigned	B73	1
42032377	plus	unassigned	B73	8
42033091	minus	nbr	Teo	10
42032168	plus	unassigned	Teo	7
42031629	plus	ppl2	Teo	1
42032207	plus	unassigned	B73	3
42032896	plus	unassigned	B73	1695
42033189	plus	unassigned	B73	15
42032687	plus	unassigned	Teo	1
42032726	plus	unassigned	B73	1549
42033019	plus	unassigned	B73	26
42032517	plus	unassigned	Teo	11
42033271	plus	unassigned	B73	4
42032945	minus	unassigned	B73	3
42033062	plus	unassigned	Teo	2
42033329	plus	unassigned	Teo	1
42033101	plus	unassigned	B73	27
42033350	minus	nbr	B73	8
42032593	minus	unassigned	B73	39
42033095	minus	nbr	B73	110
42031686	minus	unassigned	B73	11
42033258	minus	nbr	B73	26
42032678	plus	ppl2	B73	3
42033348	minus	nbr	Teo	1
42033127	minus	nbr	Teo	8
42031894	plus	unassigned	B73	1
42032187	plus	unassigned	B73	3
42032105	plus	ppl2	Teo	8
42032406	minus	unassigned	B73	59
42032547	plus	ppl2	Teo	225
42032326	plus	ppl2	Teo	39
42032017	plus	unassigned	B73	3
42031958	plus	unassigned	B73	1
42032327	plus	unassigned	Teo	7
42032780	minus	nbr	B73	2781
42032943	minus	nbr	B73	130
42032722	minus	nbr	B73	2877
42032333	plus	unassigned	B73	7
42031700	plus	ppl2	B73	13
42032574	minus	unassigned	B73	39
42032852	plus	unassigned	B73	14499
42033145	plus	unassigned	B73	22
42032812	minus	nbr	Teo	58
42031887	plus	ppl2	B73	11
42032643	plus	unassigned	Teo	10
42031667	minus	unassigned	B73	8
42032999	minus	nbr	Teo	7
42032778	minus	nbr	Teo	111
42031698	minus	unassigned	Teo	10
42032768	minus	unassigned	B73	318
42032751	minus	unassigned	B73	369
42032401	minus	unassigned	Teo	24
42032799	minus	unassigned	Teo	5
42031844	minus	unassigned	B73	15
42033385	minus	nbr	B73	4
42033164	minus	nbr	B73	71
42032782	minus	unassigned	Teo	11
42032143	plus	unassigned	B73	9
42031641	plus	unassigned	Teo	1
42032662	plus	unassigned	B73	3
42032584	plus	ppl2	B73	204
42031875	minus	unassigned	Teo	6
42032142	plus	ppl2	B73	38
42032363	plus	ppl2	B73	80
42032929	plus	unassigned	B73	138
42033033	minus	nbr	Teo	10
42032972	plus	unassigned	Teo	4
42033304	plus	unassigned	B73	3
42032802	plus	unassigned	Teo	870
42032674	plus	ppl2	Teo	2
42032616	plus	ppl2	Teo	175
42032749	minus	unassigned	B73	370
42031578	plus	unassigned	B73	1
42033037	minus	nbr	B73	123
42032732	minus	unassigned	B73	421
42032397	minus	unassigned	B73	47
42031660	plus	unassigned	B73	2
42031825	minus	unassigned	B73	15
42032763	minus	unassigned	Teo	13
42032847	minus	nbr	Teo	16
42032380	minus	unassigned	B73	44
42031856	minus	unassigned	Teo	8
42031883	plus	ppl2	Teo	2
42032536	plus	unassigned	B73	10
42033081	plus	unassigned	B73	31
42032926	minus	unassigned	B73	3
42033348	plus	unassigned	B73	3
42032846	plus	unassigned	Teo	984
42033139	plus	unassigned	Teo	1
42033291	minus	nbr	B73	18
42031666	plus	ppl2	B73	13
42031829	plus	ppl2	B73	12
42031650	minus	unassigned	B73	8
42033381	minus	nbr	Teo	2
42033160	minus	nbr	Teo	3
42032378	minus	unassigned	B73	43
42033323	minus	nbr	Teo	1
42033102	minus	nbr	Teo	11
42031681	minus	unassigned	Teo	10
42032580	plus	ppl2	Teo	215
42033068	minus	nbr	Teo	13
42032522	plus	ppl2	Teo	199
42031534	plus	unassigned	B73	1
42032346	plus	unassigned	B73	8
42032137	plus	unassigned	Teo	6
42032865	plus	unassigned	B73	12460
42032907	minus	unassigned	B73	2
42033158	plus	unassigned	B73	15
42032656	plus	unassigned	Teo	3
42033327	minus	nbr	B73	9
42033106	minus	nbr	B73	114
42033240	plus	unassigned	B73	9
42032555	minus	unassigned	B73	48
42033031	plus	unassigned	Teo	2
42032526	plus	ppl2	B73	168
42032974	minus	nbr	Teo	6
42032753	minus	nbr	Teo	122
42031648	minus	unassigned	B73	8
42032586	minus	unassigned	Teo	21
42031631	minus	unassigned	B73	6
42031679	minus	unassigned	Teo	10
42031662	minus	unassigned	Teo	9
42032978	minus	nbr	B73	118
42032757	minus	nbr	B73	2851
42031793	plus	ppl2	B73	13
42032536	minus	unassigned	B73	54
42032739	plus	unassigned	B73	1830
42032991	plus	unassigned	B73	25
42031629	minus	unassigned	B73	6
42033284	plus	unassigned	B73	3
42033195	minus	nbr	Teo	2
42032782	plus	unassigned	Teo	792
42032567	minus	unassigned	Teo	24
42033075	plus	unassigned	Teo	2
42032184	minus	unassigned	B73	1
42032821	plus	unassigned	B73	12470
42033114	plus	unassigned	B73	18
42032550	minus	unassigned	Teo	26
42032612	plus	unassigned	Teo	10
42032173	plus	ppl2	Teo	34
42032394	plus	ppl2	Teo	81
42031993	minus	unassigned	B73	1
42031643	minus	unassigned	Teo	7
42033070	minus	nbr	B73	116
42033233	minus	nbr	B73	27
42033012	minus	nbr	B73	112
42032713	minus	unassigned	B73	478
42033199	minus	nbr	B73	39
42032653	plus	ppl2	B73	119
42032880	minus	nbr	Teo	1
42031806	minus	unassigned	B73	15
42032744	minus	unassigned	Teo	13
42032398	plus	ppl2	B73	82
42032361	minus	unassigned	B73	50
42031837	minus	unassigned	Teo	11
42032549	plus	unassigned	B73	10
42031820	minus	unassigned	Teo	12
42032392	minus	unassigned	Teo	18
42032112	plus	unassigned	B73	6
42032898	minus	unassigned	B73	2
42033094	plus	unassigned	B73	28
42032592	plus	unassigned	Teo	11
42032881	minus	unassigned	B73	1
42032859	plus	unassigned	Teo	975
42032631	plus	unassigned	B73	8
42032941	plus	unassigned	Teo	4
42032884	minus	nbr	B73	76
42031641	plus	ppl2	B73	15
42031862	plus	ppl2	B73	15
42032359	minus	unassigned	B73	50
42032725	minus	unassigned	Teo	15
42032342	minus	unassigned	B73	46
42031818	minus	unassigned	Teo	12
42032373	minus	unassigned	Teo	16
42031801	minus	unassigned	Teo	11
42032156	plus	unassigned	B73	9
42033360	minus	nbr	B73	4
42032675	plus	unassigned	B73	2
42032985	plus	unassigned	Teo	1
42033050	plus	unassigned	B73	31
42033317	plus	unassigned	B73	3
42032815	plus	unassigned	Teo	921
42033108	plus	unassigned	Teo	2
42033360	plus	unassigned	Teo	1
42033358	minus	nbr	Teo	1
42033137	minus	nbr	Teo	8
42032115	plus	ppl2	Teo	9
42032557	plus	ppl2	Teo	219
42032336	plus	ppl2	Teo	52
42032323	minus	unassigned	B73	35
42032354	minus	unassigned	Teo	20
42032790	minus	nbr	B73	1607
42031797	minus	unassigned	B73	14
42031673	plus	unassigned	B73	2
42031503	plus	unassigned	B73	2
42032822	minus	nbr	Teo	27
42032315	plus	unassigned	B73	8
42032106	plus	unassigned	Teo	5
42032119	plus	ppl2	B73	30
42033297	plus	unassigned	B73	3
42032788	minus	nbr	Teo	75
42032795	plus	unassigned	Teo	879
42033088	plus	unassigned	Teo	2
42032517	minus	unassigned	B73	62
42032625	plus	unassigned	Teo	10
42032500	minus	unassigned	B73	2
42032548	minus	unassigned	Teo	26
42032165	minus	unassigned	B73	32
42033000	plus	unassigned	Teo	2
42032531	minus	unassigned	Teo	27
42031974	minus	unassigned	B73	1
42032826	minus	nbr	B73	616
42032685	minus	unassigned	B73	6
42031804	plus	ppl2	B73	13
42031547	plus	unassigned	B73	1
42033043	minus	nbr	Teo	13
42032359	plus	unassigned	B73	7
42032879	minus	unassigned	B73	1
42032529	minus	unassigned	Teo	26
42032878	plus	unassigned	B73	5837
42032862	minus	unassigned	B73	3
42032669	plus	unassigned	Teo	1
42032441	plus	unassigned	B73	1
42032146	minus	unassigned	B73	23
42032708	plus	unassigned	B73	776
42032512	minus	unassigned	Teo	27
42032960	plus	unassigned	B73	55
42031955	minus	unassigned	B73	1
42033253	plus	unassigned	B73	10
42032751	plus	unassigned	Teo	288
42033302	minus	nbr	B73	13
42033044	plus	unassigned	Teo	2
42032160	minus	unassigned	Teo	13
42033268	minus	nbr	B73	25
42033047	minus	nbr	B73	130
42031893	plus	ppl2	Teo	5
42032706	minus	unassigned	Teo	14
42032169	plus	unassigned	B73	9
42032953	minus	nbr	B73	125
42032732	minus	nbr	B73	2986
42032251	plus	unassigned	B73	1
42032843	minus	unassigned	B73	23
42032127	minus	unassigned	B73	19
42031936	minus	unassigned	B73	1
42033063	plus	unassigned	B73	28
42032158	minus	unassigned	Teo	13
42032561	plus	unassigned	Teo	10
42032491	minus	unassigned	B73	2
42031897	plus	ppl2	B73	14
42031676	plus	ppl2	B73	14
42032834	plus	unassigned	B73	13570
42033127	plus	unassigned	B73	12
42033391	minus	nbr	Teo	2
42033170	minus	nbr	Teo	3
42032590	plus	ppl2	Teo	204
42032335	minus	unassigned	Teo	19
42033395	minus	nbr	B73	4
42033174	minus	nbr	B73	62
42032489	minus	unassigned	B73	2
42032594	plus	ppl2	B73	199
42032152	plus	ppl2	B73	47
42032373	plus	ppl2	B73	83
42031792	minus	unassigned	Teo	11
42032125	plus	unassigned	B73	6
42033206	minus	nbr	Teo	2
42032644	plus	unassigned	B73	10
42032626	plus	ppl2	Teo	163
42032405	plus	ppl2	Teo	91
42032954	plus	unassigned	Teo	4
42032666	minus	unassigned	B73	7
42032316	minus	unassigned	Teo	15
42032697	minus	unassigned	Teo	1
42032409	plus	ppl2	B73	86
42032857	minus	nbr	Teo	14
42032680	minus	unassigned	Teo	1
42031642	plus	unassigned	B73	2
42032688	plus	unassigned	B73	2
42033057	plus	unassigned	Teo	2
42032518	plus	unassigned	B73	12
42032110	minus	unassigned	B73	19
42032998	plus	unassigned	Teo	2
42032770	plus	unassigned	B73	5164
42033080	minus	nbr	B73	115
42032828	plus	unassigned	Teo	970
42032600	plus	unassigned	B73	10
42032141	minus	unassigned	Teo	15
42031839	plus	ppl2	B73	11
42032647	minus	unassigned	B73	22
42032910	plus	unassigned	Teo	30
42032630	minus	unassigned	B73	25
42032678	minus	unassigned	Teo	1
42033333	minus	nbr	Teo	1
42033112	minus	nbr	Teo	9
42032661	minus	unassigned	Teo	1
42033299	minus	nbr	Teo	1
42033078	minus	nbr	Teo	13
42032532	plus	ppl2	Teo	231
42033015	minus	unassigned	B73	1
42032824	minus	unassigned	B73	34
42032108	minus	unassigned	B73	19
42032328	plus	unassigned	B73	8
42033337	minus	nbr	B73	8
42033116	minus	nbr	B73	113
42032119	plus	unassigned	Teo	5
42032580	plus	unassigned	B73	9
42031917	minus	unassigned	B73	1
42032855	minus	unassigned	Teo	1
42032139	minus	unassigned	Teo	15
42032847	plus	unassigned	B73	13978
42032371	plus	unassigned	Teo	6
42032315	plus	ppl2	B73	48
42032638	plus	unassigned	Teo	9
42032410	plus	unassigned	B73	7
42031900	minus	unassigned	B73	23
42032536	plus	ppl2	B73	173
42032984	minus	nbr	Teo	6
42032763	minus	nbr	Teo	117
42032122	minus	unassigned	Teo	14
42033392	plus	unassigned	B73	3
42032890	plus	unassigned	Teo	143
42033222	plus	unassigned	B73	8
42032720	plus	unassigned	Teo	122
42033013	plus	unassigned	Teo	2
42032801	minus	nbr	B73	1437
42032988	minus	nbr	B73	107
42032767	minus	nbr	B73	2825
42032709	minus	nbr	B73	512
42032805	minus	unassigned	B73	118
42031908	plus	ppl2	B73	21
42031636	plus	unassigned	Teo	1
42032138	plus	unassigned	B73	10
42032390	plus	unassigned	B73	8
42032836	minus	unassigned	Teo	1
42032103	minus	unassigned	Teo	1
42031909	plus	unassigned	B73	1
42032601	plus	ppl2	Teo	197
42032973	plus	unassigned	B73	55
42033266	plus	unassigned	B73	9
42032764	plus	unassigned	Teo	469
42032803	plus	unassigned	B73	11279
42033243	minus	nbr	B73	27
42033022	minus	nbr	B73	114
42032663	plus	ppl2	B73	118
42032890	minus	nbr	Teo	1
42032605	plus	ppl2	B73	186
42032129	plus	ppl2	B73	35
42032099	minus	unassigned	B73	5
42031971	plus	unassigned	B73	3
42032264	plus	unassigned	B73	1
42032082	minus	unassigned	B73	3
42032783	plus	unassigned	B73	9091
42033076	plus	unassigned	B73	31
42032574	plus	unassigned	Teo	10
42031891	minus	unassigned	B73	23
42032894	minus	nbr	B73	68
42032613	plus	unassigned	B73	9
42032836	minus	nbr	B73	507
42032404	plus	unassigned	Teo	2
42031872	plus	ppl2	B73	15
42031651	plus	ppl2	B73	14
42032923	plus	unassigned	Teo	7
42031814	plus	ppl2	B73	12
42032628	minus	unassigned	B73	26
42032611	minus	unassigned	B73	29
42031904	plus	ppl2	Teo	7
42032659	minus	unassigned	Teo	1
42032992	minus	unassigned	B73	1
42032642	minus	unassigned	Teo	10
42033370	minus	nbr	B73	4
42032384	plus	unassigned	Teo	4
42033312	minus	nbr	B73	10
42033278	minus	nbr	B73	22
42033057	minus	nbr	B73	110
42032511	plus	ppl2	B73	88
42032657	plus	unassigned	B73	7
42032220	plus	unassigned	B73	3
42032609	minus	unassigned	B73	34
42032967	plus	unassigned	Teo	4
42033368	minus	nbr	Teo	1
42033147	minus	nbr	Teo	4
42033032	plus	unassigned	B73	28
42032530	plus	unassigned	Teo	11
42032567	plus	ppl2	Teo	217
42032973	minus	unassigned	B73	1
42032346	plus	ppl2	Teo	55
42032125	plus	ppl2	Teo	11
42033342	plus	unassigned	Teo	1
42032623	minus	unassigned	Teo	12
42032963	minus	nbr	B73	122
42032742	minus	nbr	B73	3000
42032832	minus	nbr	Teo	24
42031655	plus	unassigned	B73	2
42031686	plus	ppl2	B73	15
42032798	minus	nbr	Teo	69
42032817	minus	unassigned	Teo	2
42032030	plus	unassigned	B73	2
42032800	minus	unassigned	Teo	5
42032986	plus	unassigned	B73	38
42033279	plus	unassigned	B73	2
42032777	plus	unassigned	Teo	622
42032340	plus	unassigned	Teo	7
42033109	plus	unassigned	B73	23
42032607	plus	unassigned	Teo	10
42033361	plus	unassigned	B73	4
42032954	minus	unassigned	B73	3
42033152	plus	unassigned	Teo	1
42031695	minus	unassigned	B73	14
42033184	minus	nbr	B73	52
42032383	plus	ppl2	B73	86
42032162	plus	ppl2	B73	46
42033053	minus	nbr	Teo	13
42033216	minus	nbr	Teo	2
42032636	plus	ppl2	Teo	147
42031529	plus	unassigned	B73	1
42032796	minus	unassigned	B73	131
42032150	plus	unassigned	Teo	7
42032063	minus	unassigned	B73	1
42031611	plus	unassigned	B73	1
42031889	minus	unassigned	B73	23
42032593	plus	unassigned	B73	9
42031872	minus	unassigned	B73	19
42032423	plus	unassigned	B73	1
42032942	plus	unassigned	B73	103
42033235	plus	unassigned	B73	9
42032733	plus	unassigned	Teo	202
42033026	plus	unassigned	Teo	2
42032901	minus	nbr	Teo	1
42032867	minus	nbr	Teo	6
42031845	plus	ppl2	Teo	3
42031591	plus	unassigned	B73	1
42032777	minus	unassigned	B73	308
42032905	minus	nbr	B73	89
42032760	minus	unassigned	B73	333
42032410	minus	unassigned	Teo	26
42031853	minus	unassigned	B73	15
42033090	minus	nbr	B73	114
42032791	minus	unassigned	Teo	6
42032233	plus	unassigned	B73	3
42031503	minus	unassigned	Teo	3
42031628	plus	ppl2	B73	14
42031849	plus	ppl2	B73	12
42032752	plus	unassigned	B73	2781
42031884	minus	unassigned	Teo	9
42033045	plus	unassigned	B73	28
42032543	plus	unassigned	Teo	10
42033180	minus	nbr	Teo	3
42033343	minus	nbr	Teo	1
42033122	minus	nbr	Teo	8
42033355	plus	unassigned	Teo	1
42032816	plus	unassigned	B73	12138
42033088	minus	nbr	Teo	9
42032321	plus	ppl2	Teo	37
42032542	plus	ppl2	Teo	225
42032604	minus	unassigned	Teo	16
42032758	minus	unassigned	B73	334
42033347	minus	nbr	B73	8
42033126	minus	nbr	B73	107
42032789	minus	unassigned	Teo	7
42032546	plus	ppl2	B73	176
42032325	plus	ppl2	B73	49
42032994	minus	nbr	Teo	7
42032773	minus	nbr	Teo	113
42031984	plus	unassigned	B73	3
42032107	plus	unassigned	B73	6
42032796	plus	unassigned	B73	10208
42033089	plus	unassigned	B73	29
42032587	plus	unassigned	Teo	11
42032626	plus	unassigned	B73	8
42033171	plus	unassigned	B73	14
42032935	minus	unassigned	B73	3
42032936	plus	unassigned	Teo	4
42032811	minus	nbr	B73	1378
42033001	plus	unassigned	B73	26
42032202	minus	unassigned	B73	1
42032998	minus	nbr	B73	115
42032777	minus	nbr	B73	2797
42032583	minus	unassigned	B73	38
42033311	plus	unassigned	Teo	1
42031676	minus	unassigned	B73	9
42032809	minus	nbr	Teo	63
42031690	minus	unassigned	Teo	10
42031624	plus	unassigned	B73	1
42032397	plus	unassigned	Teo	2
42032436	plus	unassigned	B73	1
42032916	minus	unassigned	B73	3
42032746	plus	unassigned	Teo	272
42033039	plus	unassigned	Teo	2
42033253	minus	nbr	B73	26
42033032	minus	nbr	B73	124
42032564	minus	unassigned	B73	42
42033121	plus	unassigned	Teo	2
42032673	plus	ppl2	B73	7
42031657	minus	unassigned	B73	8
42032595	minus	unassigned	Teo	20
42031640	minus	unassigned	B73	6
42031688	minus	unassigned	Teo	10
42031671	minus	unassigned	Teo	10
42032408	minus	unassigned	Teo	26
42031668	plus	unassigned	B73	2
42032741	minus	unassigned	B73	373
42031882	plus	ppl2	B73	11
42031661	plus	ppl2	B73	13
42031834	minus	unassigned	B73	15
42032772	minus	unassigned	Teo	13
42032043	plus	unassigned	B73	2
42032999	plus	unassigned	B73	23
42032715	minus	nbr	Teo	83
42032562	plus	unassigned	B73	9
42031865	minus	unassigned	Teo	5
42032829	plus	unassigned	B73	13168
42032353	plus	unassigned	Teo	7
42033374	plus	unassigned	B73	4
42032872	plus	unassigned	Teo	651
42032911	plus	unassigned	B73	538
42032193	minus	unassigned	B73	1
42033204	plus	unassigned	B73	14
42032702	plus	unassigned	Teo	52
42032719	minus	nbr	B73	2763
42033380	minus	nbr	B73	5
42032739	minus	unassigned	B73	373
42032722	minus	unassigned	B73	458
42032006	minus	unassigned	B73	1
42031997	plus	unassigned	B73	2
42032387	minus	unassigned	B73	44
42031560	plus	unassigned	B73	1
42031815	minus	unassigned	B73	14
42032753	minus	unassigned	Teo	13
42032370	minus	unassigned	B73	41
42032372	plus	unassigned	B73	7
42031846	minus	unassigned	Teo	11
42033378	minus	nbr	Teo	2
42033157	minus	nbr	Teo	3
42032611	plus	ppl2	Teo	182
42032163	plus	unassigned	Teo	7
42032202	plus	unassigned	B73	3
42033184	plus	unassigned	B73	15
42032682	plus	unassigned	Teo	1
42032577	plus	ppl2	Teo	215
42032356	plus	ppl2	Teo	71
42032135	plus	ppl2	Teo	14
42032512	plus	unassigned	Teo	11
42032955	plus	unassigned	B73	61
42033248	plus	unassigned	B73	8
42033330	plus	unassigned	B73	3
42032615	plus	ppl2	B73	180
42032842	minus	nbr	Teo	22
42032703	minus	unassigned	B73	352
42032139	plus	ppl2	B73	38
42032368	minus	unassigned	B73	42
42032734	minus	unassigned	Teo	15
42032351	minus	unassigned	B73	46
42031827	minus	unassigned	Teo	12
42032399	minus	unassigned	Teo	22
42032382	minus	unassigned	Teo	17
42031953	plus	unassigned	B73	1
42032246	plus	unassigned	B73	2
42032846	minus	nbr	B73	449
42032765	plus	unassigned	B73	4559
42033058	plus	unassigned	B73	30
42032556	plus	unassigned	Teo	9
42031824	plus	ppl2	B73	13
42033368	plus	unassigned	Teo	1
42033140	plus	unassigned	B73	22
42032545	minus	unassigned	B73	48
42032905	plus	unassigned	Teo	41
42031638	minus	unassigned	B73	6
42032576	minus	unassigned	Teo	19
42033063	minus	nbr	Teo	13
42031669	minus	unassigned	Teo	10
42031652	minus	unassigned	Teo	9
42033322	minus	nbr	B73	9
42033101	minus	nbr	B73	114
42033288	minus	nbr	B73	18
42033067	minus	nbr	B73	100
42032521	plus	ppl2	B73	165
42032366	plus	unassigned	Teo	7
42032526	minus	unassigned	B73	54
42032639	plus	unassigned	B73	8
42032891	plus	unassigned	B73	2097
42032557	minus	unassigned	Teo	26
42032890	minus	unassigned	B73	1
42032949	plus	unassigned	Teo	3
42032721	plus	unassigned	B73	1327
42032174	minus	unassigned	B73	34
42032519	plus	ppl2	Teo	187
42033014	plus	unassigned	B73	27
42032540	minus	unassigned	Teo	25
42031983	minus	unassigned	B73	1
42031633	minus	unassigned	Teo	3
42033324	plus	unassigned	Teo	1
42032973	minus	nbr	B73	120
42032752	minus	nbr	B73	3037
42032915	minus	nbr	B73	109
42031696	plus	ppl2	B73	13
42031637	plus	unassigned	B73	2
42033190	minus	nbr	Teo	2
42032507	minus	unassigned	B73	2
42032182	plus	unassigned	B73	3
42032012	plus	unassigned	B73	2
42031810	minus	unassigned	Teo	13
42032888	minus	unassigned	B73	1
42032968	plus	unassigned	B73	53
42032538	minus	unassigned	Teo	24
42032871	minus	unassigned	B73	1
42032759	plus	unassigned	Teo	447
42032531	plus	unassigned	B73	11
42032155	minus	unassigned	B73	26
42032322	plus	unassigned	Teo	7
42031964	minus	unassigned	B73	1
42033343	plus	unassigned	B73	3
42032841	plus	unassigned	Teo	1023
42033134	plus	unassigned	Teo	1
42033194	minus	nbr	B73	46
42033357	minus	nbr	B73	8
42032172	plus	ppl2	B73	48
42032393	plus	ppl2	B73	82
42032556	plus	ppl2	B73	194
42032335	plus	ppl2	B73	58
42033226	minus	nbr	Teo	2
42033005	minus	nbr	Teo	8
42032349	minus	unassigned	B73	43
42032715	minus	unassigned	Teo	15
42032646	plus	ppl2	Teo	143
42032332	minus	unassigned	B73	44
42031808	minus	unassigned	Teo	11
42032363	minus	unassigned	Teo	22
42032821	minus	nbr	B73	620
42032132	plus	unassigned	Teo	5
42032575	plus	unassigned	B73	9
42033009	minus	nbr	B73	120
42032911	minus	nbr	Teo	1
42032405	plus	unassigned	B73	7
42033387	plus	unassigned	B73	3
42032885	plus	unassigned	Teo	203
42032924	plus	unassigned	B73	191
42032877	minus	nbr	Teo	3
42033217	plus	unassigned	B73	11
42032819	minus	nbr	Teo	25
42032715	plus	unassigned	Teo	115
42033008	plus	unassigned	Teo	2
42031634	plus	ppl2	Teo	1
42031855	plus	ppl2	Teo	3
42032313	minus	unassigned	B73	3
42032694	minus	unassigned	B73	38
42032344	minus	unassigned	Teo	20
42031573	plus	unassigned	B73	1
42033263	minus	nbr	B73	26
42031638	plus	ppl2	B73	15
42031859	plus	ppl2	B73	14
42032385	plus	unassigned	B73	8
42032176	plus	unassigned	Teo	7
42032215	plus	unassigned	B73	3
42033353	minus	nbr	Teo	1
42033197	plus	unassigned	B73	15
42033132	minus	nbr	Teo	8
42032734	plus	unassigned	B73	1743
42033027	plus	unassigned	B73	27
42032525	plus	unassigned	Teo	11
42033098	minus	nbr	Teo	10
42032552	plus	ppl2	Teo	227
42032331	plus	ppl2	Teo	46
42032110	plus	ppl2	Teo	9
42033070	plus	unassigned	Teo	2
42033337	plus	unassigned	Teo	1
42032521	minus	unassigned	Teo	28
42032675	minus	unassigned	B73	6
42033136	minus	nbr	B73	106
42032114	plus	ppl2	B73	28
42032783	minus	nbr	Teo	110
42032946	minus	nbr	Teo	3
42032725	minus	nbr	Teo	123
42031799	minus	unassigned	Teo	11
42032195	plus	unassigned	B73	3
42031966	plus	unassigned	B73	3
42032259	plus	unassigned	B73	1
42032869	minus	unassigned	B73	2
42032519	minus	unassigned	Teo	27
42032778	plus	unassigned	B73	6563
42032852	minus	unassigned	B73	9
42032136	minus	unassigned	B73	21
42032569	plus	unassigned	Teo	10
42032341	plus	unassigned	B73	7
42032608	plus	unassigned	B73	9
42032787	minus	nbr	B73	2753
42032860	plus	unassigned	B73	13524
42031945	minus	unassigned	B73	1
42033153	plus	unassigned	B73	23
42032729	minus	nbr	B73	2963
42032651	plus	unassigned	Teo	3
42032167	minus	unassigned	Teo	13
42032918	plus	unassigned	Teo	11
42033390	minus	nbr	B73	4
42032150	minus	unassigned	Teo	17
42033201	minus	nbr	Teo	2
42033388	minus	nbr	Teo	2
42032621	plus	ppl2	Teo	170
42032400	plus	ppl2	Teo	87
42032587	plus	ppl2	Teo	203
42032145	plus	ppl2	Teo	21
42032366	plus	ppl2	Teo	75
42031606	plus	unassigned	B73	1
42032588	plus	unassigned	B73	9
42032151	plus	unassigned	B73	9
42032833	minus	unassigned	B73	23
42032117	minus	unassigned	B73	19
42032379	plus	unassigned	Teo	5
42033042	minus	nbr	B73	118
42032100	minus	unassigned	B73	5
42033205	minus	nbr	B73	39
42032898	plus	unassigned	Teo	60
42032670	plus	unassigned	B73	3
42032498	minus	unassigned	B73	2
42031926	minus	unassigned	B73	1
42032148	minus	unassigned	Teo	16
42032728	plus	unassigned	Teo	188
42032625	plus	ppl2	B73	174
42032404	plus	ppl2	B73	88
42032131	minus	unassigned	Teo	14
42032980	plus	unassigned	Teo	3
42032852	minus	nbr	Teo	15
42033312	plus	unassigned	B73	3
42032810	plus	unassigned	Teo	901
42032149	plus	ppl2	B73	47
42033103	plus	unassigned	Teo	2
42031586	plus	unassigned	B73	1
42032856	minus	nbr	B73	273
42032325	minus	unassigned	Teo	19
42031671	plus	ppl2	B73	14
42031892	plus	ppl2	B73	14
42031834	plus	ppl2	B73	12
42032025	plus	unassigned	B73	3
42033294	minus	nbr	Teo	1
42032544	plus	unassigned	B73	10
42032335	plus	unassigned	Teo	7
42033356	plus	unassigned	B73	3
42032854	plus	unassigned	Teo	998
42033147	plus	unassigned	Teo	1
42033332	minus	nbr	B73	8
42033111	minus	nbr	B73	110
42032656	minus	unassigned	B73	11
42033298	minus	nbr	B73	14
42033077	minus	nbr	B73	117
42032531	plus	ppl2	B73	179
42032670	minus	unassigned	Teo	1
42031979	plus	unassigned	B73	3
42033167	minus	nbr	Teo	3
42031542	plus	unassigned	B73	1
42033109	minus	nbr	Teo	9
42032354	plus	unassigned	B73	7
42032529	plus	ppl2	Teo	232
42032091	minus	unassigned	B73	5
42032145	plus	unassigned	Teo	7
42032873	plus	unassigned	B73	9782
42033166	plus	unassigned	B73	14
42032664	plus	unassigned	Teo	2
42032983	minus	nbr	B73	107
42032762	minus	nbr	B73	2879
42032937	plus	unassigned	B73	105
42033306	plus	unassigned	Teo	1
42032637	minus	unassigned	B73	24
42032620	minus	unassigned	B73	27
42032668	minus	unassigned	Teo	1
42033005	minus	unassigned	B73	1
42032398	plus	unassigned	B73	7
42032814	minus	unassigned	B73	100
42032228	plus	unassigned	B73	3
42031907	minus	unassigned	B73	21
42032845	minus	unassigned	Teo	1
42032129	minus	unassigned	Teo	14
42032747	plus	unassigned	B73	2570
42032538	plus	unassigned	Teo	11
42032112	minus	unassigned	Teo	11
42033292	plus	unassigned	B73	3
42032790	plus	unassigned	Teo	835
42033083	plus	unassigned	Teo	2
42033122	plus	unassigned	B73	17
42033073	minus	nbr	Teo	13
42032620	plus	unassigned	Teo	10
42033236	minus	nbr	Teo	2
42033015	minus	nbr	Teo	8
42032999	minus	unassigned	B73	1
42032982	minus	unassigned	B73	1
42032656	plus	ppl2	Teo	8
42033019	minus	nbr	B73	108
42032038	plus	unassigned	B73	2
42032887	minus	nbr	Teo	1
42032826	minus	unassigned	Teo	1
42032557	plus	unassigned	B73	10
42032348	plus	unassigned	Teo	7
42032120	plus	unassigned	B73	6
42031865	plus	ppl2	Teo	3
42032867	plus	unassigned	Teo	707
42031902	minus	unassigned	Teo	8
42032703	plus	unassigned	B73	221
42032925	minus	nbr	B73	109
42031903	plus	ppl2	B73	15
42031869	plus	ppl2	B73	15
42031648	plus	ppl2	B73	15
42033363	minus	nbr	Teo	1
42033142	minus	nbr	Teo	6
42032807	minus	unassigned	Teo	5
42032562	plus	ppl2	Teo	217
42032120	plus	ppl2	Teo	11
42031619	plus	unassigned	B73	1
42032341	plus	ppl2	Teo	52
42032089	minus	unassigned	B73	4
42032164	plus	unassigned	B73	9
42031500	minus	unassigned	B73	6
42032072	minus	unassigned	B73	2
42031898	minus	unassigned	B73	23
42032683	plus	unassigned	B73	2
42031881	minus	unassigned	B73	20
42032513	plus	unassigned	B73	11
42032993	plus	unassigned	Teo	2
42033325	plus	unassigned	B73	3
42033367	minus	nbr	B73	4
42033146	minus	nbr	B73	84
42032823	plus	unassigned	Teo	954
42032600	plus	ppl2	B73	193
42033116	plus	unassigned	Teo	2
42032618	minus	unassigned	B73	27
42032566	plus	ppl2	B73	208
42032345	plus	ppl2	B73	60
42032124	plus	ppl2	B73	30
42032793	minus	nbr	Teo	70
42032601	minus	unassigned	B73	36
42032649	minus	unassigned	Teo	9
42032632	minus	unassigned	Teo	11
42031599	plus	unassigned	B73	1
42031681	plus	unassigned	B73	2
42032786	minus	unassigned	B73	300
42032831	minus	nbr	B73	507
42031948	plus	unassigned	B73	1
42032053	minus	unassigned	B73	1
42031879	minus	unassigned	B73	19
42032797	minus	nbr	B73	1576
42031862	minus	unassigned	B73	15
42032323	plus	unassigned	B73	8
42032114	plus	unassigned	Teo	5
42033096	plus	unassigned	Teo	2
42031893	minus	unassigned	Teo	7
42032633	plus	unassigned	Teo	10
42032829	minus	nbr	Teo	24
42033369	plus	unassigned	B73	4
42032906	plus	unassigned	B73	706
42032963	minus	unassigned	B73	1
42032613	minus	unassigned	Teo	15
42033273	minus	nbr	B73	23
42033052	minus	nbr	B73	115
42031555	plus	unassigned	B73	1
42033305	minus	nbr	Teo	1
42032367	plus	unassigned	B73	7
42032158	plus	unassigned	Teo	7
42031904	plus	unassigned	B73	1
42032886	plus	unassigned	B73	3236
42033179	plus	unassigned	B73	13
42032677	plus	unassigned	Teo	1
42032716	plus	unassigned	B73	1199
42033009	plus	unassigned	B73	27
42033261	plus	unassigned	B73	9
42032944	minus	unassigned	B73	3
42033052	plus	unassigned	Teo	2
42033319	plus	unassigned	Teo	1
42032592	minus	unassigned	B73	39
42033309	minus	nbr	B73	13
42031681	plus	ppl2	B73	15
42031685	minus	unassigned	B73	10
42032956	minus	nbr	Teo	3
42032735	minus	nbr	Teo	120
42032177	plus	unassigned	B73	3
42032405	minus	unassigned	B73	59
42032007	plus	unassigned	B73	2
42032317	plus	unassigned	Teo	7
42032739	minus	nbr	B73	2989
42032573	minus	unassigned	B73	40
42032842	plus	unassigned	B73	14240
42033135	plus	unassigned	B73	16
42031666	minus	unassigned	B73	8
42033211	minus	nbr	Teo	2
42031697	minus	unassigned	Teo	10
42033398	minus	nbr	Teo	2
42033177	minus	nbr	Teo	3
42032631	plus	ppl2	Teo	156
42032410	plus	ppl2	Teo	91
42031680	minus	unassigned	Teo	10
42032597	plus	ppl2	Teo	201
42032376	plus	ppl2	Teo	77
42032155	plus	ppl2	Teo	26
42032767	minus	unassigned	B73	320
42032750	minus	unassigned	B73	369
42032400	minus	unassigned	Teo	24
42033215	minus	nbr	B73	42
42032798	minus	unassigned	Teo	5
42031843	minus	unassigned	B73	15
42032781	minus	unassigned	Teo	11
42031631	plus	unassigned	Teo	1
42032133	plus	unassigned	B73	9
42032635	plus	ppl2	B73	168
42032862	minus	nbr	Teo	6
42032652	plus	unassigned	B73	8
42031874	minus	unassigned	Teo	5
42032919	plus	unassigned	B73	205
42032159	plus	ppl2	B73	47
42032962	plus	unassigned	Teo	4
42032900	minus	nbr	B73	80
42032866	minus	nbr	B73	134
42032808	minus	nbr	B73	1415
42032748	minus	unassigned	B73	370
42031568	plus	unassigned	B73	1
42031844	plus	ppl2	B73	11
42032731	minus	unassigned	B73	423
42032779	minus	unassigned	Teo	11
42031650	plus	unassigned	B73	2
42031824	minus	unassigned	B73	15
42032396	minus	unassigned	B73	47
42032762	minus	unassigned	Teo	13
42031855	minus	unassigned	Teo	8
42033083	minus	nbr	Teo	12
42032696	plus	unassigned	B73	11
42033065	plus	unassigned	Teo	2
42032526	plus	unassigned	B73	12
42033071	plus	unassigned	B73	29
42032925	minus	unassigned	B73	3
42033338	plus	unassigned	B73	3
42032836	plus	unassigned	Teo	1002
42033129	plus	unassigned	Teo	2
42033342	minus	nbr	B73	8
42033121	minus	nbr	B73	107
42033087	minus	nbr	B73	114
42032320	plus	ppl2	B73	49
42032541	plus	ppl2	B73	173
42033029	minus	nbr	B73	121
42032377	minus	unassigned	B73	42
42033119	minus	nbr	Teo	8
42032360	minus	unassigned	B73	50
42032539	plus	ppl2	Teo	224
42032318	plus	ppl2	Teo	37
42031524	plus	unassigned	B73	1
42032391	minus	unassigned	Teo	18
42032336	plus	unassigned	B73	7
42032993	minus	nbr	B73	106
42032772	minus	nbr	B73	2816
42032127	plus	unassigned	Teo	5
42032935	minus	nbr	B73	132
42032714	minus	nbr	B73	1644
42032906	minus	unassigned	B73	2
42032855	plus	unassigned	B73	14205
42033148	plus	unassigned	B73	25
42032646	plus	unassigned	Teo	10
42033230	plus	unassigned	B73	9
42032804	minus	nbr	Teo	64
42032554	minus	unassigned	B73	48
42031658	plus	ppl2	B73	14
42031879	plus	ppl2	B73	13
42033021	plus	unassigned	Teo	2
42031647	minus	unassigned	B73	8
42032585	minus	unassigned	Teo	21
42031630	minus	unassigned	B73	6
42031678	minus	unassigned	Teo	10
42031661	minus	unassigned	Teo	9
42033377	minus	nbr	B73	5
42033156	minus	nbr	B73	72
42032610	plus	ppl2	B73	187
42032899	plus	unassigned	B73	1086
42032576	plus	ppl2	B73	210
42032355	plus	ppl2	B73	72
42032134	plus	ppl2	B73	37
42032535	minus	unassigned	B73	55
42032729	plus	unassigned	B73	1592
42033246	minus	nbr	Teo	1
42033025	minus	nbr	Teo	10
42032981	plus	unassigned	B73	41
42031628	minus	unassigned	B73	6
42033274	plus	unassigned	B73	2
42032772	plus	unassigned	Teo	555
42032566	minus	unassigned	Teo	24
42032666	plus	ppl2	Teo	6
42032811	plus	unassigned	B73	11803
42032183	minus	unassigned	B73	1
42033104	plus	unassigned	B73	24
42032608	plus	ppl2	Teo	184
42032602	plus	unassigned	Teo	10
42031659	minus	unassigned	Teo	9
42031992	minus	unassigned	B73	1
42031642	minus	unassigned	Teo	7
42032841	minus	nbr	B73	502
42032729	minus	unassigned	B73	443
42032710	minus	nbr	Teo	39
42032712	minus	unassigned	B73	478
42031897	plus	unassigned	B73	1
42032897	minus	nbr	Teo	1
42031805	minus	unassigned	B73	15
42032839	minus	nbr	Teo	21
42032743	minus	unassigned	Teo	13
42031875	plus	ppl2	Teo	3
42031836	minus	unassigned	Teo	11
42032539	plus	unassigned	B73	10
42032102	plus	unassigned	B73	3
42032791	plus	unassigned	B73	10072
42032897	minus	unassigned	B73	2
42033084	plus	unassigned	B73	31
42032582	plus	unassigned	Teo	11
42032880	minus	unassigned	B73	1
42032849	plus	unassigned	Teo	1012
42032621	plus	unassigned	B73	9
42032164	minus	unassigned	B73	32
42032412	plus	unassigned	Teo	2
42031973	minus	unassigned	B73	1
42032931	plus	unassigned	Teo	5
42033283	minus	nbr	B73	18
42033062	minus	nbr	B73	98
42033373	minus	nbr	Teo	1
42033152	minus	nbr	Teo	4
42033315	minus	nbr	Teo	1
42032358	minus	unassigned	B73	46
42032724	minus	unassigned	Teo	15
42032572	plus	ppl2	Teo	218
42032351	plus	ppl2	Teo	58
42032130	plus	ppl2	Teo	13
42032341	minus	unassigned	B73	46
42032514	plus	ppl2	Teo	93
42032389	minus	unassigned	Teo	18
42031817	minus	unassigned	Teo	12
42032372	minus	unassigned	Teo	16
42031800	minus	unassigned	Teo	11
42032392	plus	unassigned	Teo	2
42032146	plus	unassigned	B73	9
42032665	plus	unassigned	B73	3
42033319	minus	nbr	B73	9
42031691	plus	ppl2	B73	13
42032975	plus	unassigned	Teo	4
42033040	plus	unassigned	B73	29
42032518	plus	ppl2	B73	162
42033307	plus	unassigned	B73	3
42032966	minus	nbr	Teo	5
42032745	minus	nbr	Teo	126
42032805	plus	unassigned	Teo	897
42033350	plus	unassigned	Teo	1
42031502	plus	ppl2	Teo	1
42032339	minus	unassigned	B73	48
42032322	minus	unassigned	B73	34
42032353	minus	unassigned	Teo	20
42031796	minus	unassigned	B73	13
42032749	minus	nbr	B73	3041
42031663	plus	unassigned	B73	2
42032994	plus	unassigned	B73	23
42033287	plus	unassigned	B73	3
42032785	plus	unassigned	Teo	827
42033221	minus	nbr	Teo	2
42033078	plus	unassigned	Teo	2
42033000	minus	nbr	Teo	7
42032516	minus	unassigned	B73	62
42033117	plus	unassigned	B73	16
42032615	plus	unassigned	Teo	10
42033187	minus	nbr	Teo	2
42032641	plus	ppl2	Teo	145
42032547	minus	unassigned	Teo	26
42032386	plus	ppl2	Teo	81
42032530	minus	unassigned	Teo	27
42032165	plus	ppl2	Teo	27
42032684	minus	unassigned	B73	6
42033225	minus	nbr	B73	34
42033004	minus	nbr	B73	119
42032645	plus	ppl2	B73	163
42032872	minus	nbr	Teo	3
42032169	plus	ppl2	B73	50
42031850	plus	ppl2	Teo	3
42031537	plus	unassigned	B73	1
42032349	plus	unassigned	B73	8
42032878	minus	unassigned	B73	1
42032528	minus	unassigned	Teo	26
42032868	plus	unassigned	B73	10518
42032861	minus	unassigned	B73	3
42032431	plus	unassigned	B73	1
42032659	plus	unassigned	Teo	2
42032145	minus	unassigned	B73	23
42032910	minus	nbr	B73	108
42032511	minus	unassigned	Teo	26
42032950	plus	unassigned	B73	91
42031954	minus	unassigned	B73	1
42033243	plus	unassigned	B73	9
42032876	minus	nbr	B73	92
42032741	plus	unassigned	Teo	216
42032176	minus	unassigned	Teo	14
42033034	plus	unassigned	Teo	2
42031633	plus	ppl2	B73	15
42031854	plus	ppl2	B73	13
42032908	minus	nbr	Teo	1
42033093	minus	nbr	Teo	10
42032705	minus	unassigned	Teo	13
42032159	plus	unassigned	B73	9
42032859	minus	unassigned	B73	3
42032678	plus	unassigned	B73	2
42032126	minus	unassigned	B73	19
42032241	plus	unassigned	B73	2
42032842	minus	unassigned	B73	23
42033352	minus	nbr	B73	8
42033131	minus	nbr	B73	110
42032988	plus	unassigned	Teo	1
42032760	plus	unassigned	B73	4193
42031935	minus	unassigned	B73	1
42033053	plus	unassigned	B73	31
42032551	plus	unassigned	Teo	10
42032157	minus	unassigned	Teo	13
42032490	minus	unassigned	B73	2
42033097	minus	nbr	B73	111
42032551	plus	ppl2	B73	189
42032330	plus	ppl2	B73	49
42032140	minus	unassigned	Teo	15
42033363	plus	unassigned	Teo	1
42032824	plus	unassigned	B73	12805
42033129	minus	nbr	Teo	8
42032107	plus	ppl2	Teo	8
42032549	plus	ppl2	Teo	227
42032328	plus	ppl2	Teo	39
42032782	minus	nbr	B73	2785
42032334	minus	unassigned	Teo	19
42032488	minus	unassigned	B73	2
42031992	plus	unassigned	B73	3
42032814	minus	nbr	Teo	57
42031791	minus	unassigned	Teo	11
42032115	plus	unassigned	B73	6
42033097	plus	unassigned	B73	28
42032595	plus	unassigned	Teo	11
42032634	plus	unassigned	B73	8
42032944	plus	unassigned	Teo	4
42032818	minus	nbr	B73	658
42032665	minus	unassigned	B73	7
42032315	minus	unassigned	Teo	15
42032696	minus	unassigned	Teo	1
42031789	minus	unassigned	Teo	11
42031632	plus	unassigned	B73	2
42033035	minus	nbr	Teo	12
42032676	plus	ppl2	Teo	2
42032444	plus	unassigned	B73	1
42032754	plus	unassigned	Teo	371
42032509	minus	unassigned	Teo	1
42033047	plus	unassigned	Teo	2
42032818	plus	unassigned	Teo	944
42033039	minus	nbr	B73	122
42032646	minus	unassigned	B73	23
42032720	minus	nbr	Teo	118
42032900	plus	unassigned	Teo	56
42032677	minus	unassigned	Teo	1
42032660	minus	unassigned	Teo	1
42031885	plus	ppl2	Teo	2
42031676	plus	unassigned	B73	2
42033014	minus	unassigned	B73	1
42032945	minus	nbr	B73	127
42032724	minus	nbr	B73	2920
42032107	minus	unassigned	B73	19
42032051	plus	unassigned	B73	1
42032823	minus	unassigned	B73	34
42032318	plus	unassigned	B73	8
42032109	plus	unassigned	Teo	5
42032798	plus	unassigned	Teo	887
42032570	plus	unassigned	B73	9
42031916	minus	unassigned	B73	1
42032854	minus	unassigned	Teo	1
42032837	plus	unassigned	B73	13813
42032361	plus	unassigned	Teo	7
42031668	plus	ppl2	B73	14
42032138	minus	unassigned	Teo	14
42031889	plus	ppl2	B73	11
42032628	plus	unassigned	Teo	10
42032400	plus	unassigned	B73	7
42032121	minus	unassigned	Teo	14
42033382	plus	unassigned	B73	3
42032880	plus	unassigned	Teo	312
42033212	plus	unassigned	B73	14
42032710	plus	unassigned	Teo	96
42033383	minus	nbr	Teo	2
42033162	minus	nbr	Teo	3
42033003	plus	unassigned	Teo	2
42032991	minus	unassigned	B73	1
42032582	plus	ppl2	Teo	209
42032361	plus	ppl2	Teo	72
42032140	plus	ppl2	Teo	14
42033200	minus	nbr	B73	39
42033387	minus	nbr	B73	4
42033166	minus	nbr	B73	69
42032620	plus	ppl2	B73	175
42032804	minus	unassigned	B73	118
42032128	plus	unassigned	B73	9
42032586	plus	ppl2	B73	197
42032380	plus	unassigned	B73	8
42032144	plus	ppl2	B73	40
42032365	plus	ppl2	B73	80
42032835	minus	unassigned	Teo	1
42032171	plus	unassigned	Teo	7
42032528	plus	ppl2	B73	180
42032119	minus	unassigned	Teo	13
42032210	plus	unassigned	B73	3
42032690	plus	unassigned	Teo	1
42032520	plus	unassigned	Teo	11
42031911	minus	unassigned	Teo	8
42032618	plus	ppl2	Teo	171
42032963	plus	unassigned	B73	55
42033256	plus	unassigned	B73	10
42032851	minus	nbr	B73	320
42031795	plus	ppl2	B73	11
42032849	minus	nbr	Teo	16
42031961	plus	unassigned	B73	1
42032098	minus	unassigned	B73	5
42032254	plus	unassigned	B73	1
42032081	minus	unassigned	B73	3
42032773	plus	unassigned	B73	5210
42033066	plus	unassigned	B73	28
42031890	minus	unassigned	B73	23
42032564	plus	unassigned	Teo	10
42032603	plus	unassigned	B73	9
42033293	minus	nbr	B73	14
42033072	minus	nbr	B73	116
42032913	plus	unassigned	Teo	23
42032627	minus	unassigned	B73	26
42032655	plus	ppl2	B73	119
42032610	minus	unassigned	B73	29
42033325	minus	nbr	Teo	1
42033104	minus	nbr	Teo	11
42032658	minus	unassigned	Teo	1
42032641	minus	unassigned	Teo	10
42032524	plus	ppl2	Teo	212
42031519	plus	unassigned	B73	1
42032795	minus	unassigned	B73	131
42032920	minus	nbr	B73	109
42031888	minus	unassigned	B73	23
42032374	plus	unassigned	Teo	5
42033329	minus	nbr	B73	8
42033108	minus	nbr	B73	111
42032647	plus	unassigned	B73	11
42032976	minus	nbr	Teo	6
42032755	minus	nbr	Teo	116
42033192	plus	unassigned	B73	15
42032608	minus	unassigned	B73	34
42032957	plus	unassigned	Teo	4
42033022	plus	unassigned	B73	26
42032989	minus	unassigned	B73	1
42032639	minus	unassigned	Teo	10
42032972	minus	unassigned	B73	1
42033332	plus	unassigned	Teo	1
42032622	minus	unassigned	Teo	12
42032759	minus	nbr	B73	2861
42033362	minus	nbr	B73	4
42031645	plus	unassigned	B73	2
42032561	plus	ppl2	B73	209
42032340	plus	ppl2	B73	57
42032190	plus	unassigned	B73	3
42033231	minus	nbr	Teo	2
42033010	minus	nbr	Teo	8
42032816	minus	unassigned	Teo	5
42032020	plus	unassigned	B73	3
42033197	minus	nbr	Teo	2
42032976	plus	unassigned	B73	55
42032651	plus	ppl2	Teo	8
42031909	minus	unassigned	Teo	9
42033269	plus	unassigned	B73	8
42032767	plus	unassigned	Teo	492
42032806	plus	unassigned	B73	11402
42032330	plus	unassigned	Teo	7
42032175	plus	ppl2	Teo	34
42032396	plus	ppl2	Teo	81
42032338	plus	ppl2	Teo	52
42032559	plus	ppl2	Teo	218
42033351	plus	unassigned	B73	3
42032953	minus	unassigned	B73	3
42033142	plus	unassigned	Teo	1
42033235	minus	nbr	B73	28
42033014	minus	nbr	B73	109
42031694	minus	unassigned	B73	11
42032882	minus	nbr	Teo	1
42032824	minus	nbr	Teo	26
42031860	plus	ppl2	Teo	3
42032079	minus	unassigned	B73	3
42032140	plus	unassigned	Teo	6
42031601	plus	unassigned	B73	1
42032062	minus	unassigned	B73	1
42032583	plus	unassigned	B73	9
42032886	minus	nbr	B73	68
42031871	minus	unassigned	B73	19
42032828	minus	nbr	B73	576
42032599	minus	unassigned	B73	40
42033395	plus	unassigned	B73	3
42032893	plus	unassigned	Teo	122
42031643	plus	ppl2	B73	15
42031864	plus	ppl2	B73	15
42032932	plus	unassigned	B73	121
42031806	plus	ppl2	B73	14
42033225	plus	unassigned	B73	8
42032723	plus	unassigned	Teo	174
42033016	plus	unassigned	Teo	2
42033300	minus	nbr	Teo	1
42031581	plus	unassigned	B73	1
42032776	minus	unassigned	B73	308
42031639	plus	unassigned	Teo	1
42031869	minus	unassigned	B73	19
42033141	minus	nbr	B73	101
42032393	plus	unassigned	B73	7
42033304	minus	nbr	B73	13
42031852	minus	unassigned	B73	15
42032790	minus	unassigned	Teo	6
42032223	plus	unassigned	B73	3
42031502	minus	unassigned	Teo	3
42033049	minus	nbr	B73	116
42032951	minus	nbr	Teo	3
42032730	minus	nbr	Teo	124
42032742	plus	unassigned	B73	1911
42031883	minus	unassigned	Teo	9
42033035	plus	unassigned	B73	28
42032533	plus	unassigned	Teo	11
42033345	plus	unassigned	Teo	1
42033139	minus	nbr	Teo	7
42032117	plus	ppl2	Teo	10
42032603	minus	unassigned	Teo	16
42032792	minus	nbr	B73	1610
42032955	minus	nbr	B73	128
42032734	minus	nbr	B73	2989
42032757	minus	unassigned	B73	334
42032740	minus	unassigned	B73	373
42032788	minus	unassigned	Teo	7
42031899	plus	ppl2	B73	14
42031678	plus	ppl2	B73	14
42031833	minus	unassigned	B73	15
42032771	minus	unassigned	Teo	13
42031864	minus	unassigned	Teo	5
42031974	plus	unassigned	B73	3
42032267	plus	unassigned	B73	1
42033393	minus	nbr	Teo	2
42032786	plus	unassigned	B73	9530
42033079	plus	unassigned	B73	31
42032592	plus	ppl2	Teo	204
42032577	plus	unassigned	Teo	11
42032371	plus	ppl2	Teo	77
42032616	plus	unassigned	B73	9
42032407	plus	unassigned	Teo	2
42033161	plus	unassigned	B73	14
42032934	minus	unassigned	B73	3
42032926	plus	unassigned	Teo	5
42032201	minus	unassigned	B73	1
42033210	minus	nbr	B73	42
42032582	minus	unassigned	B73	38
42033397	minus	nbr	B73	4
42033176	minus	nbr	B73	61
42032630	plus	ppl2	B73	171
42031675	minus	unassigned	B73	9
42032596	plus	ppl2	B73	197
42032375	plus	ppl2	B73	86
42032154	plus	ppl2	B73	48
42033045	minus	nbr	Teo	13
42033208	minus	nbr	Teo	2
42032628	plus	ppl2	Teo	158
42032407	plus	ppl2	Teo	91
42031614	plus	unassigned	B73	1
42032596	plus	unassigned	B73	9
42032387	plus	unassigned	Teo	3
42032426	plus	unassigned	B73	1
42032861	minus	nbr	B73	152
42032915	minus	unassigned	B73	3
42033238	plus	unassigned	B73	9
42032736	plus	unassigned	Teo	205
42033029	plus	unassigned	Teo	2
42032563	minus	unassigned	B73	42
42033111	plus	unassigned	Teo	2
42031656	minus	unassigned	B73	8
42032859	minus	nbr	Teo	12
42032594	minus	unassigned	Teo	20
42031895	plus	ppl2	Teo	5
42031687	minus	unassigned	Teo	10
42031670	minus	unassigned	Teo	10
42032407	minus	unassigned	Teo	27
42031658	plus	unassigned	B73	2
42033082	minus	nbr	B73	121
42032033	plus	unassigned	B73	2
42032989	plus	unassigned	B73	26
42032552	plus	unassigned	B73	10
42032544	minus	unassigned	B73	48
42032819	plus	unassigned	B73	12367
42032343	plus	unassigned	Teo	7
42033172	minus	nbr	Teo	3
42033335	minus	nbr	Teo	1
42033114	minus	nbr	Teo	8
42031637	minus	unassigned	B73	6
42033364	plus	unassigned	B73	4
42032862	plus	unassigned	Teo	912
42032575	minus	unassigned	Teo	19
42033155	plus	unassigned	Teo	1
42032901	plus	unassigned	B73	974
42032150	plus	ppl2	Teo	25
42032192	minus	unassigned	B73	1
42032534	plus	ppl2	Teo	224
42031668	minus	unassigned	Teo	10
42032738	minus	unassigned	B73	374
42033339	minus	nbr	B73	8
42033118	minus	nbr	B73	110
42032005	minus	unassigned	B73	1
42032721	minus	unassigned	B73	466
42032769	minus	unassigned	Teo	13
42031987	plus	unassigned	B73	3
42032538	plus	ppl2	B73	173
42032386	minus	unassigned	B73	44
42032317	plus	ppl2	B73	49
42031550	plus	unassigned	B73	1
42031814	minus	unassigned	B73	14
42032986	minus	nbr	Teo	6
42032765	minus	nbr	Teo	114
42032752	minus	unassigned	Teo	13
42032799	plus	unassigned	B73	10237
42031845	minus	unassigned	Teo	11
42032362	plus	unassigned	B73	7
42032153	plus	unassigned	Teo	7
42032881	plus	unassigned	B73	5171
42033174	plus	unassigned	B73	13
42032672	plus	unassigned	Teo	1
42033004	plus	unassigned	B73	26
42032945	plus	unassigned	B73	99
42032803	minus	nbr	B73	1427
42032769	minus	nbr	B73	2816
42033320	plus	unassigned	B73	3
42032719	minus	unassigned	B73	478
42032702	minus	unassigned	B73	211
42033241	minus	nbr	Teo	1
42033020	minus	nbr	Teo	8
42032367	minus	unassigned	B73	42
42032733	minus	unassigned	Teo	15
42032350	minus	unassigned	B73	46
42032661	plus	ppl2	Teo	7
42032398	minus	unassigned	Teo	21
42031826	minus	unassigned	Teo	12
42031594	plus	unassigned	B73	1
42032381	minus	unassigned	Teo	17
42031943	plus	unassigned	B73	1
42032236	plus	unassigned	B73	3
42032755	plus	unassigned	B73	3404
42033048	plus	unassigned	B73	28
42032546	plus	unassigned	Teo	10
42033245	minus	nbr	B73	27
42033024	minus	nbr	B73	115
42033091	plus	unassigned	Teo	2
42033358	plus	unassigned	Teo	1
42033130	plus	unassigned	B73	14
42032665	plus	ppl2	B73	83
42032892	minus	nbr	Teo	1
42031870	plus	ppl2	Teo	3
42032348	minus	unassigned	B73	43
42031651	minus	unassigned	Teo	9
42032379	minus	unassigned	Teo	17
42032930	minus	nbr	B73	126
42032896	minus	nbr	B73	73
42032046	plus	unassigned	B73	2
42031874	plus	ppl2	B73	15
42031653	plus	ppl2	B73	14
42032565	plus	unassigned	B73	8
42032356	plus	unassigned	Teo	7
42032875	plus	unassigned	Teo	405
42032525	minus	unassigned	B73	57
42032629	plus	unassigned	B73	8
42031906	plus	ppl2	Teo	7
42032556	minus	unassigned	Teo	26
42032939	plus	unassigned	Teo	4
42032711	plus	unassigned	B73	907
42032173	minus	unassigned	B73	33
42031999	minus	unassigned	B73	1
42031649	minus	unassigned	Teo	9
42031982	minus	unassigned	B73	1
42031632	minus	unassigned	Teo	3
42033314	plus	unassigned	Teo	1
42033372	minus	nbr	B73	3
42033151	minus	nbr	B73	85
42032571	plus	ppl2	B73	210
42032350	plus	ppl2	B73	62
42031627	plus	unassigned	B73	2
42033149	minus	nbr	Teo	4
42032506	minus	unassigned	B73	2
42032603	plus	ppl2	Teo	198
42032172	plus	unassigned	B73	9
42032439	plus	unassigned	B73	1
42031500	plus	unassigned	Teo	1
42032002	plus	unassigned	B73	2
42032887	minus	unassigned	B73	1
42032691	plus	unassigned	B73	2
42032569	plus	ppl2	Teo	214
42032348	plus	ppl2	Teo	58
42032127	plus	ppl2	Teo	11
42032958	plus	unassigned	B73	55
42032537	minus	unassigned	Teo	24
42032870	minus	unassigned	B73	1
42032749	plus	unassigned	Teo	286
42032521	plus	unassigned	B73	12
42032154	minus	unassigned	B73	26
42032520	minus	unassigned	Teo	28
42031963	minus	unassigned	B73	1
42033333	plus	unassigned	B73	3
42032831	plus	unassigned	Teo	975
42033124	plus	unassigned	Teo	2
42032607	plus	ppl2	B73	187
42032834	minus	nbr	Teo	24
42032714	minus	unassigned	Teo	15
42032331	minus	unassigned	B73	44
42031807	minus	unassigned	Teo	11
42032249	plus	unassigned	B73	1
42032362	minus	unassigned	Teo	23
42032868	minus	unassigned	B73	2
42032559	plus	unassigned	Teo	10
42032331	plus	unassigned	B73	7
42032838	minus	nbr	B73	500
42032122	plus	unassigned	Teo	5
42031816	plus	ppl2	B73	12
42032641	plus	unassigned	Teo	9
42033377	plus	unassigned	B73	3
42032914	plus	unassigned	B73	524
42033310	minus	nbr	Teo	1
42033207	plus	unassigned	B73	14
42032705	plus	unassigned	Teo	62
42033055	minus	nbr	Teo	13
42032329	minus	unassigned	B73	44
42032312	minus	unassigned	B73	1
42032693	minus	unassigned	B73	30
42032343	minus	unassigned	Teo	20
42033314	minus	nbr	B73	10
42031563	plus	unassigned	B73	1
42033059	minus	nbr	B73	97
42032513	plus	ppl2	B73	89
42032961	minus	nbr	Teo	3
42032740	minus	nbr	Teo	123
42032375	plus	unassigned	B73	8
42032166	plus	unassigned	Teo	7
42032205	plus	unassigned	B73	3
42032894	plus	unassigned	B73	1965
42033187	plus	unassigned	B73	15
42032685	plus	unassigned	Teo	1
42032724	plus	unassigned	B73	1522
42033017	plus	unassigned	B73	26
42032515	plus	unassigned	Teo	11
42033060	plus	unassigned	Teo	2
42033327	plus	unassigned	Teo	1
42032965	minus	nbr	B73	118
42032744	minus	nbr	B73	3021
42032907	minus	nbr	B73	89
42032674	minus	unassigned	B73	6
42032324	minus	unassigned	Teo	19
42031501	plus	ppl2	B73	14
42031688	plus	ppl2	B73	15
42031892	plus	unassigned	B73	1
42031798	minus	unassigned	Teo	11
42032185	plus	unassigned	B73	3
42033182	minus	nbr	Teo	3
42032015	plus	unassigned	B73	3
42032381	plus	ppl2	Teo	78
42031956	plus	unassigned	B73	1
42032160	plus	ppl2	Teo	26
42032325	plus	unassigned	Teo	7
42032518	minus	unassigned	Teo	27
42032768	plus	unassigned	B73	4586
42032851	minus	unassigned	B73	9
42032135	minus	unassigned	B73	19
42032850	plus	unassigned	B73	14384
42031944	minus	unassigned	B73	1
42033220	minus	nbr	B73	39
42033143	plus	unassigned	B73	22
42032166	minus	unassigned	Teo	13
42032908	plus	unassigned	Teo	30
42033186	minus	nbr	B73	51
42032640	plus	ppl2	B73	166
42033349	minus	nbr	B73	8
42033128	minus	nbr	B73	109
42032385	plus	ppl2	B73	85
42032164	plus	ppl2	B73	46
42032106	plus	ppl2	B73	23
42032548	plus	ppl2	B73	182
42032327	plus	ppl2	B73	49
42033218	minus	nbr	Teo	2
42032638	plus	ppl2	Teo	145
42032871	minus	nbr	B73	100
42032849	minus	unassigned	B73	11
42032813	minus	nbr	B73	1323
42032578	plus	unassigned	B73	9
42032369	plus	unassigned	Teo	6
42032141	plus	unassigned	B73	10
42032832	minus	unassigned	B73	26
42032116	minus	unassigned	B73	19
42032408	plus	unassigned	B73	7
42032779	minus	nbr	B73	2779
42032888	plus	unassigned	Teo	190
42032660	plus	unassigned	B73	4
42032497	minus	unassigned	B73	2
42031925	minus	unassigned	B73	1
42032927	plus	unassigned	B73	156
42032147	minus	unassigned	Teo	15
42032903	minus	nbr	Teo	1
42032718	plus	unassigned	Teo	122
42032130	minus	unassigned	Teo	14
42032970	plus	unassigned	Teo	4
42032869	minus	nbr	Teo	4
42033302	plus	unassigned	B73	3
42032800	plus	unassigned	Teo	893
42031847	plus	ppl2	Teo	3
42031576	plus	unassigned	B73	1
42033004	minus	unassigned	B73	1
42033092	minus	nbr	B73	109
42032813	minus	unassigned	B73	100
42033255	minus	nbr	B73	26
42033034	minus	nbr	B73	123
42031906	minus	unassigned	B73	21
42032844	minus	unassigned	Teo	1
42032675	plus	ppl2	B73	7
42032128	minus	unassigned	Teo	14
42033345	minus	nbr	Teo	1
42033124	minus	nbr	Teo	8
42032534	plus	unassigned	B73	11
42032544	plus	ppl2	Teo	225
42032323	plus	ppl2	Teo	38
42033346	plus	unassigned	B73	3
42032844	plus	unassigned	Teo	1011
42033137	plus	unassigned	Teo	1
42032940	minus	nbr	B73	132
42032655	minus	unassigned	B73	11
42031663	plus	ppl2	B73	13
42031884	plus	ppl2	B73	11
42032996	minus	nbr	Teo	7
42032775	minus	nbr	Teo	110
42032717	minus	nbr	Teo	101
42031969	plus	unassigned	B73	3
42031532	plus	unassigned	B73	1
42032344	plus	unassigned	B73	7
42032090	minus	unassigned	B73	4
42032135	plus	unassigned	Teo	6
42032863	plus	unassigned	B73	12921
42033156	plus	unassigned	B73	15
42032654	plus	unassigned	Teo	3
42033382	minus	nbr	B73	5
42033161	minus	nbr	B73	71
42032636	minus	unassigned	B73	24
42032581	plus	ppl2	B73	208
42032360	plus	ppl2	B73	72
42033030	minus	nbr	Teo	10
42032667	minus	unassigned	Teo	1
42032671	plus	ppl2	Teo	2
42033159	minus	nbr	Teo	3
42032613	plus	ppl2	Teo	179
42032579	plus	ppl2	Teo	215
42032137	plus	ppl2	Teo	14
42032358	plus	ppl2	Teo	71
42032388	plus	unassigned	B73	8
42032218	plus	unassigned	B73	3
42031790	plus	ppl2	B73	13
42032737	plus	unassigned	B73	1766
42032528	plus	unassigned	Teo	11
42032617	plus	ppl2	B73	179
42032844	minus	nbr	Teo	20
42032111	minus	unassigned	Teo	11
42033282	plus	unassigned	B73	2
42032780	plus	unassigned	Teo	691
42032617	minus	unassigned	B73	27
42033073	plus	unassigned	Teo	2
42031880	plus	ppl2	Teo	2
42033112	plus	unassigned	B73	22
42032610	plus	unassigned	Teo	10
42032998	minus	unassigned	B73	1
42032648	minus	unassigned	Teo	9
42032981	minus	unassigned	B73	1
42032848	minus	nbr	B73	368
42032198	plus	unassigned	B73	3
42031826	plus	ppl2	B73	13
42032028	plus	unassigned	B73	3
42032825	minus	unassigned	Teo	1
42032547	plus	unassigned	B73	10
42032109	minus	unassigned	Teo	10
42033320	minus	nbr	Teo	1
42032338	plus	unassigned	Teo	7
42032110	plus	unassigned	B73	6
42033092	plus	unassigned	B73	29
42032590	plus	unassigned	Teo	11
42033359	plus	unassigned	B73	4
42033065	minus	nbr	Teo	13
42032857	plus	unassigned	Teo	978
42031901	minus	unassigned	Teo	7
42032979	minus	unassigned	B73	1
42033324	minus	nbr	B73	9
42033103	minus	nbr	B73	114
42033069	minus	nbr	B73	111
42032523	plus	ppl2	B73	167
42032971	minus	nbr	Teo	6
42032750	minus	nbr	Teo	124
42032806	minus	unassigned	Teo	5
42031609	plus	unassigned	B73	1
42032088	minus	unassigned	B73	4
42032154	plus	unassigned	B73	9
42032071	minus	unassigned	B73	2
42031897	minus	unassigned	B73	23
42032673	plus	unassigned	B73	2
42031880	minus	unassigned	B73	19
42032975	minus	nbr	B73	117
42032754	minus	nbr	B73	2979
42032983	plus	unassigned	Teo	1
42033315	plus	unassigned	B73	3
42032813	plus	unassigned	Teo	899
42033106	plus	unassigned	Teo	2
42031698	plus	ppl2	B73	14
42032600	minus	unassigned	B73	39
42033192	minus	nbr	Teo	2
42032631	minus	unassigned	Teo	11
42031589	plus	unassigned	B73	1
42032391	plus	ppl2	Teo	82
42032170	plus	ppl2	Teo	33
42031671	plus	unassigned	B73	2
42032785	minus	unassigned	B73	301
42032069	minus	unassigned	B73	2
42032052	minus	unassigned	B73	1
42031501	plus	unassigned	B73	2
42031878	minus	unassigned	B73	19
42033230	minus	nbr	B73	33
42031861	minus	unassigned	B73	15
42032313	plus	unassigned	B73	2
42032104	plus	unassigned	Teo	5
42033295	plus	unassigned	B73	3
42033196	minus	nbr	B73	39
42032793	plus	unassigned	Teo	892
42032650	plus	ppl2	B73	118
42033086	plus	unassigned	Teo	2
42031892	minus	unassigned	Teo	7
42032623	plus	unassigned	Teo	10
42032174	plus	ppl2	B73	50
42032395	plus	ppl2	B73	85
42033228	minus	nbr	Teo	2
42033007	minus	nbr	Teo	8
42032629	minus	unassigned	Teo	11
42032648	plus	ppl2	Teo	142
42032962	minus	unassigned	B73	1
42032612	minus	unassigned	Teo	15
42032881	minus	nbr	B73	77
42032913	minus	nbr	Teo	1
42031545	plus	unassigned	B73	1
42032879	minus	nbr	Teo	2
42032357	plus	unassigned	B73	7
42032148	plus	unassigned	Teo	7
42031857	plus	ppl2	Teo	3
42032876	plus	unassigned	B73	6709
42033169	plus	unassigned	B73	14
42032667	plus	unassigned	Teo	2
42032706	plus	unassigned	B73	624
42033251	plus	unassigned	B73	8
42032943	minus	unassigned	B73	3
42033042	plus	unassigned	Teo	2
42033309	plus	unassigned	Teo	1
42032917	minus	nbr	B73	109
42032591	minus	unassigned	B73	39
42031684	minus	unassigned	B73	10
42033355	minus	nbr	Teo	1
42033134	minus	nbr	Teo	8
42032167	plus	unassigned	B73	9
42032112	plus	ppl2	Teo	9
42032554	plus	ppl2	Teo	222
42032404	minus	unassigned	B73	59
42032333	plus	ppl2	Teo	47
42032686	plus	unassigned	B73	2
42032996	plus	unassigned	Teo	2
42033061	plus	unassigned	B73	28
42032924	minus	unassigned	B73	3
42033119	plus	unassigned	Teo	2
42032589	minus	unassigned	B73	38
42033359	minus	nbr	B73	4
42033138	minus	nbr	B73	105
42032572	minus	unassigned	B73	40
42032832	plus	unassigned	B73	13156
42033125	plus	unassigned	B73	13
42032337	plus	ppl2	B73	57
42031665	minus	unassigned	B73	8
42032116	plus	ppl2	B73	30
42032558	plus	ppl2	B73	193
42032785	minus	nbr	Teo	109
42031696	minus	unassigned	Teo	10
42032823	minus	nbr	B73	633
42032766	minus	unassigned	B73	323
42032789	minus	nbr	B73	1784
42031859	minus	unassigned	B73	15
42031801	plus	ppl2	B73	11
42032797	minus	unassigned	Teo	5
42031842	minus	unassigned	B73	15
42032780	minus	unassigned	Teo	11
42032123	plus	unassigned	B73	6
42032642	plus	unassigned	B73	8
42031873	minus	unassigned	Teo	5
42032909	plus	unassigned	B73	545
42033040	minus	nbr	Teo	13
42032952	plus	unassigned	Teo	4
42032681	plus	ppl2	Teo	2
42032747	minus	unassigned	B73	372
42031558	plus	unassigned	B73	1
42033265	minus	nbr	B73	24
42033044	minus	nbr	B73	124
42032730	minus	unassigned	B73	440
42032778	minus	unassigned	Teo	12
42031640	plus	unassigned	B73	2
42031823	minus	unassigned	B73	15
42032395	minus	unassigned	B73	46
42032761	minus	unassigned	Teo	13
42032627	plus	ppl2	B73	171
42032406	plus	ppl2	B73	86
42031890	plus	ppl2	Teo	3
42031854	minus	unassigned	Teo	8
42032762	plus	unassigned	Teo	464
42033055	plus	unassigned	Teo	2
42032516	plus	unassigned	B73	12
42032950	minus	nbr	B73	127
42033328	plus	unassigned	B73	3
42032826	plus	unassigned	Teo	967
42031673	plus	ppl2	B73	14
42031894	plus	ppl2	B73	14
42032728	minus	unassigned	B73	443
42032948	minus	nbr	Teo	3
42032727	minus	nbr	Teo	123
42032759	minus	unassigned	Teo	13
42032376	minus	unassigned	B73	42
42031684	plus	unassigned	B73	2
42032390	minus	unassigned	Teo	18
42032326	plus	unassigned	B73	8
42032117	plus	unassigned	Teo	5
42033099	plus	unassigned	Teo	2
42032905	minus	unassigned	B73	2
42032845	plus	unassigned	B73	14041
42033138	plus	unassigned	B73	22
42032636	plus	unassigned	Teo	9
42033392	minus	nbr	B73	4
42033171	minus	nbr	B73	68
42033390	plus	unassigned	B73	3
42033220	plus	unassigned	B73	9
42032591	plus	ppl2	B73	197
42032553	minus	unassigned	B73	48
42032370	plus	ppl2	B73	85
42033011	plus	unassigned	Teo	2
42032533	plus	ppl2	B73	174
42031646	minus	unassigned	B73	8
42033203	minus	nbr	Teo	2
42032584	minus	unassigned	Teo	21
42033169	minus	nbr	Teo	3
42032623	plus	ppl2	Teo	168
42032402	plus	ppl2	Teo	91
42031677	minus	unassigned	Teo	10
42031660	minus	unassigned	Teo	9
42032589	plus	ppl2	Teo	203
42032368	plus	ppl2	Teo	78
42032147	plus	ppl2	Teo	23
42031634	plus	unassigned	Teo	1
42032136	plus	unassigned	B73	9
42033207	minus	nbr	B73	38
42031907	plus	unassigned	B73	1
42032854	minus	nbr	Teo	15
42032889	plus	unassigned	B73	2260
42032534	minus	unassigned	B73	55
42032719	plus	unassigned	B73	1294
42032971	plus	unassigned	B73	50
42032199	minus	unassigned	B73	1
42031627	minus	unassigned	B73	6
42033264	plus	unassigned	B73	9
42032565	minus	unassigned	Teo	24
42032801	plus	unassigned	B73	10427
42032182	minus	unassigned	B73	1
42031658	minus	unassigned	Teo	9
42031991	minus	unassigned	B73	1
42031641	minus	unassigned	Teo	3
42032858	minus	nbr	B73	250
42031836	plus	ppl2	B73	12
42032711	minus	unassigned	B73	478
42032660	plus	ppl2	B73	117
42031804	minus	unassigned	B73	15
42033330	minus	nbr	Teo	1
42032742	minus	unassigned	Teo	13
42032699	plus	unassigned	B73	42
42033296	minus	nbr	Teo	1
42033075	minus	nbr	Teo	13
42032262	plus	unassigned	B73	1
42031835	minus	unassigned	Teo	11
42032529	plus	unassigned	B73	11
42032781	plus	unassigned	B73	7755
42032896	minus	unassigned	B73	2
42033074	plus	unassigned	B73	30
42032658	plus	ppl2	Teo	9
42032572	plus	unassigned	Teo	10
42032839	plus	unassigned	Teo	994
42032163	minus	unassigned	B73	29
42032611	plus	unassigned	B73	9
42032402	plus	unassigned	Teo	2
42031989	minus	unassigned	B73	1
42031972	minus	unassigned	B73	1
42032921	plus	unassigned	Teo	10
42033334	minus	nbr	B73	8
42033113	minus	nbr	B73	112
42033079	minus	nbr	B73	115
42032981	minus	nbr	Teo	6
42032760	minus	nbr	Teo	116
42032709	minus	unassigned	B73	477
42031901	plus	ppl2	Teo	7
42032357	minus	unassigned	B73	46
42032723	minus	unassigned	Teo	15
42031527	plus	unassigned	B73	1
42032340	minus	unassigned	B73	46
42031816	minus	unassigned	Teo	12
42032388	minus	unassigned	Teo	18
42032371	minus	unassigned	Teo	16
42032382	plus	unassigned	Teo	5
42032985	minus	nbr	B73	107
42032764	minus	nbr	B73	2849
42032927	minus	nbr	B73	126
42032655	plus	unassigned	B73	7
42031905	plus	ppl2	B73	19
42032965	plus	unassigned	Teo	4
42033030	plus	unassigned	B73	28
42033340	plus	unassigned	Teo	1
42032338	minus	unassigned	B73	48
42032704	minus	unassigned	Teo	12
42032564	plus	ppl2	Teo	216
42032321	minus	unassigned	B73	33
42032369	minus	unassigned	Teo	15
42032352	minus	unassigned	Teo	20
42031795	minus	unassigned	B73	13
42033240	minus	nbr	B73	28
42031653	plus	unassigned	B73	2
42033369	minus	nbr	B73	4
42033148	minus	nbr	B73	85
42032602	plus	ppl2	B73	194
42032984	plus	unassigned	B73	41
42032568	plus	ppl2	B73	206
42032347	plus	ppl2	B73	60
42032126	plus	ppl2	B73	30
42033277	plus	unassigned	B73	2
42032775	plus	unassigned	Teo	581
42033068	plus	unassigned	Teo	2
42032814	plus	unassigned	B73	11841
42032515	minus	unassigned	B73	62
42033238	minus	nbr	Teo	2
42033107	plus	unassigned	B73	24
42033017	minus	nbr	Teo	8
42032605	plus	unassigned	Teo	10
42033150	plus	unassigned	Teo	1
42032546	minus	unassigned	Teo	25
42031639	minus	unassigned	Teo	3
42032891	minus	nbr	B73	66
42032833	minus	nbr	B73	511
42032683	minus	unassigned	B73	5
42032799	minus	nbr	B73	1547
42031811	plus	ppl2	B73	12
42032889	minus	nbr	Teo	1
42031790	minus	unassigned	Teo	11
42031867	plus	ppl2	Teo	3
42032339	plus	unassigned	B73	7
42032877	minus	unassigned	B73	1
42032591	plus	unassigned	B73	9
42032527	minus	unassigned	Teo	26
42032858	plus	unassigned	B73	13772
42032860	minus	unassigned	B73	3
42032421	plus	unassigned	B73	1
42032144	minus	unassigned	B73	23
42032649	plus	unassigned	Teo	10
42032510	minus	unassigned	Teo	1
42032940	plus	unassigned	B73	103
42031953	minus	unassigned	B73	1
42033233	plus	unassigned	B73	9
42032731	plus	unassigned	Teo	196
42032175	minus	unassigned	Teo	14
42033024	plus	unassigned	Teo	2
42033275	minus	nbr	B73	22
42033054	minus	nbr	B73	109
42033365	minus	nbr	Teo	1
42033144	minus	nbr	Teo	6
42033307	minus	nbr	Teo	1
42032343	plus	ppl2	Teo	52
42032122	plus	ppl2	Teo	11
42032149	plus	unassigned	B73	9
42032858	minus	unassigned	B73	3
42032960	minus	nbr	B73	125
42032668	plus	unassigned	B73	3
42032231	plus	unassigned	B73	3
42032841	minus	unassigned	B73	23
42032125	minus	unassigned	B73	20
42032978	plus	unassigned	Teo	3
42032750	plus	unassigned	B73	2762
42031934	minus	unassigned	B73	1
42033043	plus	unassigned	B73	28
42032541	plus	unassigned	Teo	11
42032156	minus	unassigned	Teo	13
42032808	plus	unassigned	Teo	905
42031683	plus	ppl2	B73	15
42033353	plus	unassigned	Teo	1
42032795	minus	nbr	Teo	69
42032958	minus	nbr	Teo	3
42032737	minus	nbr	Teo	120
42032319	minus	unassigned	B73	32
42032333	minus	unassigned	Teo	19
42033181	minus	nbr	B73	53
42032487	minus	unassigned	B73	2
42031982	plus	unassigned	B73	3
42032380	plus	ppl2	B73	86
42032105	plus	unassigned	B73	5
42033050	minus	nbr	Teo	13
42032794	plus	unassigned	B73	9908
42033213	minus	nbr	Teo	2
42033087	plus	unassigned	B73	31
42032585	plus	unassigned	Teo	11
42032624	plus	unassigned	B73	9
42033179	minus	nbr	Teo	3
42032633	plus	ppl2	Teo	152
42032934	plus	unassigned	Teo	4
42032599	plus	ppl2	Teo	199
42032378	plus	ppl2	Teo	78
42032157	plus	ppl2	Teo	26
42032664	minus	unassigned	B73	7
42032314	minus	unassigned	Teo	15
42033217	minus	nbr	B73	41
42032695	minus	unassigned	Teo	1
42032637	plus	ppl2	B73	168
42032864	minus	nbr	Teo	6
42031788	minus	unassigned	Teo	1
42031622	plus	unassigned	B73	1
42032395	plus	unassigned	Teo	2
42032434	plus	unassigned	B73	1
42032744	plus	unassigned	Teo	258
42033037	plus	unassigned	Teo	2
42032902	minus	nbr	B73	83
42032868	minus	nbr	B73	135
42031846	plus	ppl2	B73	12
42032645	minus	unassigned	B73	23
42032676	minus	unassigned	Teo	1
42033340	minus	nbr	Teo	1
42033085	minus	nbr	Teo	12
42031666	plus	unassigned	B73	2
42033013	minus	unassigned	B73	1
42032839	minus	unassigned	B73	21
42032041	plus	unassigned	B73	2
42032822	minus	unassigned	B73	34
42032106	minus	unassigned	B73	18
42033344	minus	nbr	B73	8
42033123	minus	nbr	B73	106
42032997	plus	unassigned	B73	22
42032788	plus	unassigned	Teo	834
42032560	plus	unassigned	B73	9
42031915	minus	unassigned	B73	1
42032853	minus	unassigned	Teo	1
42032137	minus	unassigned	Teo	14
42032827	plus	unassigned	B73	12969
42032351	plus	unassigned	Teo	7
42033089	minus	nbr	B73	114
42032322	plus	ppl2	B73	49
42032618	plus	unassigned	Teo	10
42032543	plus	ppl2	B73	172
42032991	minus	nbr	Teo	7
42032770	minus	nbr	Teo	112
42032120	minus	unassigned	Teo	14
42033372	plus	unassigned	B73	4
42032870	plus	unassigned	Teo	658
42033202	plus	unassigned	B73	14
42032700	plus	unassigned	Teo	13
42032990	minus	unassigned	B73	1
42032995	minus	nbr	B73	115
42032774	minus	nbr	B73	2794
42031995	plus	unassigned	B73	3
42032803	minus	unassigned	B73	118
42032118	plus	unassigned	B73	6
42032806	minus	nbr	Teo	63
42032598	plus	unassigned	Teo	11
42032370	plus	unassigned	B73	7
42032834	minus	unassigned	Teo	1
42032118	minus	unassigned	Teo	12
42032161	plus	unassigned	Teo	7
42032200	plus	unassigned	B73	3
42033182	plus	unassigned	B73	13
42032680	plus	unassigned	Teo	1
42032510	plus	unassigned	Teo	11
42031910	minus	unassigned	Teo	8
42032953	plus	unassigned	B73	64
42033246	plus	unassigned	B73	9
42033250	minus	nbr	B73	27
42032670	plus	ppl2	B73	12
42033248	minus	nbr	Teo	1
42033027	minus	nbr	Teo	10
42032668	plus	ppl2	Teo	5
42031951	plus	unassigned	B73	1
42032097	minus	unassigned	B73	5
42032244	plus	unassigned	B73	2
42032080	minus	unassigned	B73	3
42032763	plus	unassigned	B73	4291
42033056	plus	unassigned	B73	30
42032554	plus	unassigned	Teo	9
42033366	plus	unassigned	Teo	1
42032903	plus	unassigned	Teo	46
42032712	minus	nbr	Teo	58
42032626	minus	unassigned	B73	26
42032899	minus	nbr	Teo	1
42031911	plus	ppl2	Teo	7
42032657	minus	unassigned	Teo	1
42032640	minus	unassigned	Teo	10
42031877	plus	ppl2	Teo	2
42031679	plus	unassigned	B73	2
42032078	minus	unassigned	B73	2
42032794	minus	unassigned	B73	131
42032054	plus	unassigned	B73	1
42032937	minus	nbr	B73	130
42032716	minus	nbr	B73	2398
42031887	minus	unassigned	B73	24
42032573	plus	unassigned	B73	9
42032364	plus	unassigned	Teo	7
42032883	plus	unassigned	Teo	308
42032637	plus	unassigned	B73	8
42032607	minus	unassigned	B73	34
42032947	plus	unassigned	Teo	3
42033375	minus	nbr	Teo	1
42033154	minus	nbr	Teo	4
42033012	plus	unassigned	B73	27
42032988	minus	unassigned	B73	1
42032638	minus	unassigned	Teo	10
42032574	plus	ppl2	Teo	217
42032353	plus	ppl2	Teo	61
42032971	minus	unassigned	B73	1
42032132	plus	ppl2	Teo	13
42033322	plus	unassigned	Teo	1
42032621	minus	unassigned	Teo	12
42033379	minus	nbr	B73	5
42033158	minus	nbr	B73	72
42032612	plus	ppl2	B73	185
42031635	plus	unassigned	B73	2
42032578	plus	ppl2	B73	208
42032136	plus	ppl2	B73	37
42032357	plus	ppl2	B73	72
42032180	plus	unassigned	B73	3
42032815	minus	unassigned	Teo	5
42032010	plus	unassigned	B73	2
42032966	plus	unassigned	B73	55
42031908	minus	unassigned	Teo	9
42033259	plus	unassigned	B73	9
42032757	plus	unassigned	Teo	437
42032320	plus	unassigned	Teo	7
42032969	minus	unassigned	B73	1
42033341	plus	unassigned	B73	3
42032952	minus	unassigned	B73	3
42033132	plus	unassigned	Teo	2
42032843	minus	nbr	B73	465
42031821	plus	ppl2	B73	13
42031693	minus	unassigned	B73	11
42033060	minus	nbr	Teo	8
42032257	plus	unassigned	B73	1
42032567	plus	unassigned	Teo	10
42032130	plus	unassigned	Teo	5
42032061	minus	unassigned	B73	1
42031870	minus	unassigned	B73	19
42032403	plus	unassigned	B73	7
42032598	minus	unassigned	B73	40
42033385	plus	unassigned	B73	3
42033285	minus	nbr	B73	18
42033064	minus	nbr	B73	95
42032922	plus	unassigned	B73	198
42032581	minus	unassigned	B73	38
42033227	minus	nbr	B73	34
42033215	plus	unassigned	B73	12
42033006	minus	nbr	B73	122
42032713	plus	unassigned	Teo	105
42033006	plus	unassigned	Teo	2
42032647	plus	ppl2	B73	161
42033317	minus	nbr	Teo	1
42032516	plus	ppl2	Teo	163
42032970	minus	nbr	B73	121
42032059	minus	unassigned	B73	1
42031571	plus	unassigned	B73	1
42032775	minus	unassigned	B73	308
42032912	minus	nbr	B73	105
42031629	plus	unassigned	Teo	1
42031868	minus	unassigned	B73	19
42032878	minus	nbr	B73	89
42032383	plus	unassigned	B73	8
42032174	plus	unassigned	Teo	7
42031851	minus	unassigned	B73	15
42032213	plus	unassigned	B73	3
42031693	plus	ppl2	B73	13
42031501	minus	unassigned	Teo	3
42031899	minus	unassigned	Teo	7
42031856	plus	ppl2	B73	13
42033195	plus	unassigned	B73	15
42032693	plus	unassigned	Teo	1
42031882	minus	unassigned	Teo	7
42032732	plus	unassigned	B73	1668
42032968	minus	nbr	Teo	6
42033025	plus	unassigned	B73	26
42032747	minus	nbr	Teo	124
42032523	plus	unassigned	Teo	11
42033335	plus	unassigned	Teo	1
42032619	minus	unassigned	Teo	11
42032602	minus	unassigned	Teo	17
42032756	minus	unassigned	B73	338
42033191	minus	nbr	B73	47
42033354	minus	nbr	B73	8
42033133	minus	nbr	B73	110
42031849	minus	unassigned	B73	15
42032787	minus	unassigned	Teo	11
42032193	plus	unassigned	B73	3
42031832	minus	unassigned	B73	14
42032390	plus	ppl2	B73	83
42032770	minus	unassigned	Teo	13
42032023	plus	unassigned	B73	3
42032111	plus	ppl2	B73	29
42032553	plus	ppl2	B73	192
42032332	plus	ppl2	B73	51
42033223	minus	nbr	Teo	2
42033002	minus	nbr	Teo	8
42031863	minus	unassigned	Teo	5
42031964	plus	unassigned	B73	2
42032333	plus	unassigned	Teo	7
42033189	minus	nbr	Teo	2
42032643	plus	ppl2	Teo	145
42032776	plus	unassigned	B73	6062
42033069	plus	unassigned	B73	29
42032167	plus	ppl2	Teo	30
42032388	plus	ppl2	Teo	82
42032606	plus	unassigned	B73	9
42032109	plus	ppl2	Teo	9
42033151	plus	unassigned	B73	24
42032933	minus	unassigned	B73	3
42032916	plus	unassigned	Teo	14
42032200	minus	unassigned	B73	1
42031674	minus	unassigned	B73	8
42032874	minus	nbr	Teo	3
42032816	minus	nbr	Teo	54
42032385	minus	unassigned	B73	44
42031852	plus	ppl2	Teo	3
42031631	plus	ppl2	Teo	1
42031604	plus	unassigned	B73	1
42032586	plus	unassigned	B73	9
42032377	plus	unassigned	Teo	5
42033398	plus	unassigned	B73	3
42032896	plus	unassigned	Teo	70
42032935	plus	unassigned	B73	107
42032914	minus	unassigned	B73	3
42033228	plus	unassigned	B73	9
42032726	plus	unassigned	Teo	185
42033019	plus	unassigned	Teo	2
42033260	minus	nbr	B73	26
42032579	minus	unassigned	B73	37
42031635	plus	ppl2	B73	14
42033310	plus	unassigned	B73	3
42032562	minus	unassigned	B73	42
42033101	plus	unassigned	Teo	2
42032680	plus	ppl2	B73	2
42031655	minus	unassigned	B73	8
42033350	minus	nbr	Teo	1
42032593	minus	unassigned	Teo	20
42033095	minus	nbr	Teo	10
42031686	minus	unassigned	Teo	10
42033037	minus	nbr	Teo	12
42032678	plus	ppl2	Teo	2
42031584	plus	unassigned	B73	1
42032406	minus	unassigned	Teo	27
42031648	plus	unassigned	B73	2
42033099	minus	nbr	B73	112
42032780	minus	nbr	Teo	110
42032943	minus	nbr	Teo	3
42032979	plus	unassigned	B73	49
42032722	minus	nbr	Teo	120
42032542	plus	unassigned	B73	10
42032543	minus	unassigned	B73	51
42032809	plus	unassigned	B73	11776
42031636	minus	unassigned	B73	6
42033354	plus	unassigned	B73	3
42032852	plus	unassigned	Teo	1010
42032574	minus	unassigned	Teo	19
42033145	plus	unassigned	Teo	1
42032191	minus	unassigned	B73	1
42031887	plus	ppl2	Teo	3
42031667	minus	unassigned	Teo	10
42032784	minus	nbr	B73	2776
42032947	minus	nbr	B73	126
42032726	minus	nbr	B73	2931
42032737	minus	unassigned	B73	376
42032720	minus	unassigned	B73	467
42032004	minus	unassigned	B73	1
42032768	minus	unassigned	Teo	13
42031977	plus	unassigned	B73	3
42031540	plus	unassigned	B73	1
42031813	minus	unassigned	B73	14
42032751	minus	unassigned	Teo	13
42032789	plus	unassigned	B73	9587
42032352	plus	unassigned	B73	7
42031844	minus	unassigned	Teo	11
42033385	minus	nbr	Teo	2
42033164	minus	nbr	Teo	3
42032619	plus	unassigned	B73	9
42032143	plus	unassigned	Teo	6
42032871	plus	unassigned	B73	9940
42033164	plus	unassigned	B73	14
42032584	plus	ppl2	Teo	207
42032142	plus	ppl2	Teo	14
42032363	plus	ppl2	Teo	76
42032662	plus	unassigned	Teo	2
42032929	plus	unassigned	Teo	5
42032701	plus	unassigned	B73	107
42031998	minus	unassigned	B73	1
42033202	minus	nbr	B73	39
42033389	minus	nbr	B73	4
42033168	minus	nbr	B73	69
42032622	plus	ppl2	B73	174
42032401	plus	ppl2	B73	88
42032718	minus	unassigned	B73	479
42032701	minus	unassigned	B73	191
42032588	plus	ppl2	B73	197
42032367	plus	ppl2	B73	80
42032146	plus	ppl2	B73	48
42032749	minus	unassigned	Teo	13
42032366	minus	unassigned	B73	42
42032732	minus	unassigned	Teo	15
42032397	minus	unassigned	Teo	21
42031825	minus	unassigned	Teo	12
42032380	minus	unassigned	Teo	17
42032396	plus	unassigned	B73	7
42032226	plus	unassigned	B73	3
42032853	minus	nbr	B73	317
42032745	plus	unassigned	B73	2217
42033038	plus	unassigned	B73	28
42032536	plus	unassigned	Teo	11
42031831	plus	ppl2	B73	12
42033290	plus	unassigned	B73	3
42033081	plus	unassigned	Teo	2
42031797	plus	ppl2	B73	11
42033348	plus	unassigned	Teo	1
42033120	plus	unassigned	B73	17
42033070	minus	nbr	Teo	13
42032347	minus	unassigned	B73	43
42031650	minus	unassigned	Teo	9
42032330	minus	unassigned	B73	44
42032378	minus	unassigned	Teo	17
42032361	minus	unassigned	Teo	23
42032036	plus	unassigned	B73	2
42033295	minus	nbr	B73	14
42033074	minus	nbr	B73	116
42032555	plus	unassigned	B73	10
42032346	plus	unassigned	Teo	7
42032865	plus	unassigned	Teo	842
42033158	plus	unassigned	Teo	1
42032524	minus	unassigned	B73	57
42033327	minus	nbr	Teo	1
42033106	minus	nbr	Teo	9
42032189	minus	unassigned	B73	1
42032555	minus	unassigned	Teo	26
42032526	plus	ppl2	Teo	215
42032172	minus	unassigned	B73	33
42031648	minus	unassigned	Teo	8
42031981	minus	unassigned	B73	1
42031631	minus	unassigned	Teo	3
42032980	minus	nbr	B73	116
42032978	minus	nbr	Teo	6
42032757	minus	nbr	Teo	116
42031617	plus	unassigned	B73	1
42032599	plus	unassigned	B73	9
42032505	minus	unassigned	B73	2
42032162	plus	unassigned	B73	9
42032429	plus	unassigned	B73	1
42032886	minus	unassigned	B73	1
42032681	plus	unassigned	B73	2
42032948	plus	unassigned	B73	94
42032536	minus	unassigned	Teo	25
42032739	plus	unassigned	Teo	212
42032511	plus	unassigned	B73	11
42032153	minus	unassigned	B73	28
42031979	minus	unassigned	B73	1
42032991	plus	unassigned	Teo	2
42031629	minus	unassigned	Teo	3
42031962	minus	unassigned	B73	1
42033323	plus	unassigned	B73	3
42032821	plus	unassigned	Teo	942
42033114	plus	unassigned	Teo	2
42033233	minus	nbr	Teo	2
42033012	minus	nbr	Teo	8
42031597	plus	unassigned	B73	1
42032713	minus	unassigned	Teo	15
42033199	minus	nbr	Teo	2
42032653	plus	ppl2	Teo	8
42031946	plus	unassigned	B73	1
42031806	minus	unassigned	Teo	11
42032398	plus	ppl2	Teo	81
42032239	plus	unassigned	B73	2
42032867	minus	unassigned	B73	2
42032549	plus	unassigned	Teo	10
42032134	minus	unassigned	B73	19
42032321	plus	unassigned	B73	8
42032850	minus	unassigned	B73	9
42032112	plus	unassigned	Teo	5
42033094	plus	unassigned	Teo	2
42031943	minus	unassigned	B73	1
42032631	plus	unassigned	Teo	10
42032165	minus	unassigned	Teo	13
42033237	minus	nbr	B73	28
42033016	minus	nbr	B73	108
42033367	plus	unassigned	B73	4
42032657	plus	ppl2	B73	119
42032884	minus	nbr	Teo	1
42032904	plus	unassigned	B73	755
42031862	plus	ppl2	Teo	3
42032328	minus	unassigned	B73	44
42032311	minus	unassigned	B73	1
42032359	minus	unassigned	Teo	20
42032922	minus	nbr	B73	109
42032692	minus	unassigned	B73	18
42032342	minus	unassigned	Teo	20
42032888	minus	nbr	B73	65
42031900	plus	ppl2	B73	15
42031553	plus	unassigned	B73	1
42031866	plus	ppl2	B73	16
42031645	plus	ppl2	B73	15
42032365	plus	unassigned	B73	7
42032156	plus	unassigned	Teo	7
42031902	plus	unassigned	B73	1
42032884	plus	unassigned	B73	4958
42033360	minus	nbr	Teo	1
42033177	plus	unassigned	B73	13
42032675	plus	unassigned	Teo	1
42032714	plus	unassigned	B73	1100
42033007	plus	unassigned	B73	27
42033050	plus	unassigned	Teo	2
42033317	plus	unassigned	Teo	1
42032309	minus	unassigned	B73	1
42032673	minus	unassigned	B73	6
42032323	minus	unassigned	Teo	19
42033364	minus	nbr	B73	4
42033143	minus	nbr	B73	106
42032563	plus	ppl2	B73	209
42032121	plus	ppl2	B73	30
42032342	plus	ppl2	B73	57
42032790	minus	nbr	Teo	70
42031797	minus	unassigned	Teo	11
42032175	plus	unassigned	B73	9
42031503	plus	unassigned	Teo	1
42032005	plus	unassigned	B73	2
42032694	plus	unassigned	B73	2
42032315	plus	unassigned	Teo	7
42032119	plus	ppl2	Teo	10
42032517	minus	unassigned	Teo	27
42032758	plus	unassigned	B73	3979
42032794	minus	nbr	B73	1575
42032840	plus	unassigned	B73	13938
42033133	plus	unassigned	B73	15
42032654	minus	unassigned	B73	11
42032826	minus	nbr	Teo	26
42032049	plus	unassigned	B73	2
42033022	minus	unassigned	B73	1
42032848	minus	unassigned	B73	14
42032568	plus	unassigned	B73	8
42032115	minus	unassigned	B73	19
42032359	plus	unassigned	Teo	7
42032131	plus	unassigned	B73	9
42032831	minus	unassigned	B73	26
42033270	minus	nbr	B73	25
42032878	plus	unassigned	Teo	348
42032650	plus	unassigned	B73	8
42032496	minus	unassigned	B73	2
42031808	plus	ppl2	B73	14
42031924	minus	unassigned	B73	1
42032917	plus	unassigned	B73	274
42032146	minus	unassigned	Teo	15
42032708	plus	unassigned	Teo	63
42032632	plus	ppl2	B73	171
42032960	plus	unassigned	Teo	4
42033302	minus	nbr	Teo	1
42033047	minus	nbr	Teo	13
42031566	plus	unassigned	B73	1
42033003	minus	unassigned	B73	1
42032829	minus	unassigned	B73	27
42033306	minus	nbr	B73	13
42032378	plus	unassigned	B73	8
42032169	plus	unassigned	Teo	7
42032812	minus	unassigned	B73	101
42032953	minus	nbr	Teo	3
42032732	minus	nbr	Teo	125
42032688	plus	unassigned	Teo	1
42031905	minus	unassigned	B73	21
42032843	minus	unassigned	Teo	1
42032127	minus	unassigned	Teo	14
42032110	minus	unassigned	Teo	11
42033063	plus	unassigned	Teo	2
42032524	plus	unassigned	B73	12
42031897	plus	ppl2	Teo	5
42033336	plus	unassigned	B73	3
42032834	plus	unassigned	Teo	1004
42033127	plus	unassigned	Teo	2
42032957	minus	nbr	B73	126
42032736	minus	nbr	B73	2985
42031959	plus	unassigned	B73	1
42033395	minus	nbr	Teo	2
42033174	minus	nbr	Teo	3
42031522	plus	unassigned	B73	1
42032594	plus	ppl2	Teo	206
42032152	plus	ppl2	Teo	26
42032373	plus	ppl2	Teo	75
42032334	plus	unassigned	B73	7
42032536	plus	ppl2	Teo	226
42032125	plus	unassigned	Teo	5
42032853	plus	unassigned	B73	14467
42033146	plus	unassigned	B73	24
42032644	plus	unassigned	Teo	10
42033212	minus	nbr	B73	42
42033399	minus	nbr	B73	4
42033178	minus	nbr	B73	52
42032635	minus	unassigned	B73	24
42032598	plus	ppl2	B73	196
42032377	plus	ppl2	B73	86
42032156	plus	ppl2	B73	48
42032319	plus	ppl2	B73	49
42032666	minus	unassigned	Teo	1
42032409	plus	ppl2	Teo	91
42032144	plus	unassigned	B73	9
42031642	plus	unassigned	Teo	1
42032863	minus	nbr	B73	135
42032805	minus	nbr	B73	1424
42031841	plus	ppl2	B73	11
42032208	plus	unassigned	B73	3
42032897	plus	unassigned	B73	1230
42032727	plus	unassigned	B73	1551
42032518	plus	unassigned	Teo	11
42033272	plus	unassigned	B73	4
42032770	plus	unassigned	Teo	552
42032616	minus	unassigned	B73	27
42033102	plus	unassigned	B73	25
42033080	minus	nbr	Teo	13
42032600	plus	unassigned	Teo	10
42032997	minus	unassigned	B73	1
42032647	minus	unassigned	Teo	9
42032980	minus	unassigned	B73	1
42032663	plus	ppl2	Teo	7
42032630	minus	unassigned	Teo	11
42031895	plus	unassigned	B73	1
42033084	minus	nbr	B73	117
42032188	plus	unassigned	B73	3
42033247	minus	nbr	B73	27
42033026	minus	nbr	B73	119
42032018	plus	unassigned	B73	3
42032667	plus	ppl2	B73	70
42032270	plus	unassigned	B73	1
42032824	minus	unassigned	Teo	1
42032537	plus	unassigned	B73	10
42032108	minus	unassigned	Teo	10
42032100	plus	unassigned	B73	2
42032328	plus	unassigned	Teo	7
42033337	minus	nbr	Teo	1
42033116	minus	nbr	Teo	8
42033082	plus	unassigned	B73	32
42032580	plus	unassigned	Teo	11
42033349	plus	unassigned	B73	3
42032847	plus	unassigned	Teo	967
42032315	plus	ppl2	Teo	34
42032410	plus	unassigned	Teo	2
42031900	minus	unassigned	Teo	7
42032978	minus	unassigned	B73	1
42032990	minus	nbr	B73	106
42032932	minus	nbr	B73	130
42032711	minus	nbr	B73	993
42032898	minus	nbr	B73	79
42031910	plus	ppl2	B73	21
42032801	minus	nbr	Teo	65
42031876	plus	ppl2	B73	15
42031655	plus	ppl2	B73	14
42032988	minus	nbr	Teo	6
42032767	minus	nbr	Teo	114
42032709	minus	nbr	Teo	27
42032805	minus	unassigned	Teo	5
42031908	plus	ppl2	Teo	7
42032138	plus	unassigned	Teo	6
42032390	plus	unassigned	Teo	3
42032087	minus	unassigned	B73	4
42032070	minus	unassigned	B73	2
42031896	minus	unassigned	B73	23
42032663	plus	unassigned	B73	3
42032973	plus	unassigned	Teo	4
42033305	plus	unassigned	B73	3
42033374	minus	nbr	B73	3
42033153	minus	nbr	B73	84
42032803	plus	unassigned	Teo	898
42032573	plus	ppl2	B73	210
42032352	plus	ppl2	B73	65
42032131	plus	ppl2	B73	35
42033243	minus	nbr	Teo	1
42033022	minus	nbr	Teo	8
42032605	plus	ppl2	Teo	187
42031579	plus	unassigned	B73	1
42032403	minus	unassigned	B73	54
42032129	plus	ppl2	Teo	13
42031661	plus	unassigned	B73	2
42032784	minus	unassigned	B73	303
42032068	minus	unassigned	B73	1
42031877	minus	unassigned	B73	19
42031860	minus	unassigned	B73	15
42032992	plus	unassigned	B73	25
42033285	plus	unassigned	B73	3
42032783	plus	unassigned	Teo	795
42033076	plus	unassigned	Teo	2
42031891	minus	unassigned	Teo	7
42033115	plus	unassigned	B73	18
42032894	minus	nbr	Teo	1
42032609	plus	ppl2	B73	187
42032613	plus	unassigned	Teo	10
42032836	minus	nbr	Teo	24
42031872	plus	ppl2	Teo	3
42032628	minus	unassigned	Teo	11
42032961	minus	unassigned	B73	1
42032611	minus	unassigned	Teo	15
42033280	minus	nbr	B73	19
42031818	plus	ppl2	B73	13
42031535	plus	unassigned	B73	1
42033370	minus	nbr	Teo	1
42033312	minus	nbr	Teo	1
42032347	plus	unassigned	B73	8
42033057	minus	nbr	Teo	13
42032866	plus	unassigned	B73	10599
42032511	plus	ppl2	Teo	93
42033159	plus	unassigned	B73	14
42032657	plus	unassigned	Teo	3
42032959	minus	unassigned	B73	1
42032609	minus	unassigned	Teo	17
42033241	plus	unassigned	B73	9
42032942	minus	unassigned	B73	3
42033032	plus	unassigned	Teo	2
42032590	minus	unassigned	B73	39
42033316	minus	nbr	B73	9
42031683	minus	unassigned	B73	10
42032515	plus	ppl2	B73	151
42032963	minus	nbr	Teo	4
42032742	minus	nbr	Teo	125
42032157	plus	unassigned	B73	9
42032676	plus	unassigned	B73	2
42032986	plus	unassigned	Teo	1
42033051	plus	unassigned	B73	31
42032923	minus	unassigned	B73	3
42032967	minus	nbr	B73	117
42032746	minus	nbr	B73	3037
42032816	plus	unassigned	Teo	928
42033109	plus	unassigned	Teo	2
42032588	minus	unassigned	B73	38
42033361	plus	unassigned	Teo	1
42031503	plus	ppl2	B73	14
42032571	minus	unassigned	B73	42
42032822	plus	unassigned	B73	12655
42031664	minus	unassigned	B73	8
42031695	minus	unassigned	Teo	10
42033184	minus	nbr	Teo	3
42032383	plus	ppl2	Teo	79
42032162	plus	ppl2	Teo	26
42032765	minus	unassigned	B73	324
42031990	plus	unassigned	B73	3
42031858	minus	unassigned	B73	14
42033222	minus	nbr	B73	34
42033001	minus	nbr	B73	113
42032796	minus	unassigned	Teo	6
42031841	minus	unassigned	B73	15
42032113	plus	unassigned	B73	6
42033188	minus	nbr	B73	48
42032642	plus	ppl2	B73	165
42031889	minus	unassigned	Teo	7
42033095	plus	unassigned	B73	28
42032593	plus	unassigned	Teo	11
42032632	plus	unassigned	B73	8
42031872	minus	unassigned	Teo	5
42032166	plus	ppl2	B73	47
42032387	plus	ppl2	B73	82
42032942	plus	unassigned	Teo	4
42032873	minus	nbr	B73	98
42032746	minus	unassigned	B73	373
42031851	plus	ppl2	B73	13
42031630	plus	ppl2	B73	15
42031548	plus	unassigned	B73	1
42031839	minus	unassigned	B73	14
42032777	minus	unassigned	Teo	12
42032905	minus	nbr	Teo	1
42032394	minus	unassigned	B73	47
42031630	plus	unassigned	B73	2
42031822	minus	unassigned	B73	15
42032760	minus	unassigned	Teo	13
42032442	plus	unassigned	B73	1
42031853	minus	unassigned	Teo	8
42033090	minus	nbr	Teo	10
42031628	plus	ppl2	Teo	1
42031849	plus	ppl2	Teo	3
42032752	plus	unassigned	Teo	289
42033045	plus	unassigned	Teo	2
42033318	plus	unassigned	B73	3
42032909	minus	nbr	B73	108
42033400	plus	unassigned	B73	3
42033094	minus	nbr	B73	109
42032727	minus	unassigned	B73	443
42032758	minus	unassigned	Teo	13
42032375	minus	unassigned	B73	42
42033347	minus	nbr	Teo	1
42033126	minus	nbr	Teo	8
42031674	plus	unassigned	B73	2
42032546	plus	ppl2	Teo	225
42032325	plus	ppl2	Teo	40
42032316	plus	unassigned	B73	8
42032107	plus	unassigned	Teo	5
42033298	plus	unassigned	B73	3
42032796	plus	unassigned	Teo	883
42033089	plus	unassigned	Teo	2
42032835	plus	unassigned	B73	13621
42032904	minus	unassigned	B73	2
42033128	plus	unassigned	B73	12
42032626	plus	unassigned	Teo	10
42033380	plus	unassigned	B73	3
42032569	minus	unassigned	B73	43
42033210	plus	unassigned	B73	14
42032811	minus	nbr	Teo	61
42032552	minus	unassigned	B73	48
42033001	plus	unassigned	Teo	2
42032108	plus	ppl2	B73	26
42032329	plus	ppl2	B73	49
42032998	minus	nbr	Teo	7
42032777	minus	nbr	Teo	110
42031645	minus	unassigned	B73	8
42032583	minus	unassigned	Teo	21
42031676	minus	unassigned	Teo	10
42032815	minus	nbr	B73	1281
42032126	plus	unassigned	B73	6
42033190	plus	unassigned	B73	15
42032879	plus	unassigned	B73	5395
42032533	minus	unassigned	B73	55
42032709	plus	unassigned	B73	832
42033032	minus	nbr	Teo	10
42032961	plus	unassigned	B73	55
42032198	minus	unassigned	B73	1
42033254	plus	unassigned	B73	10
42032564	minus	unassigned	Teo	24
42032673	plus	ppl2	Teo	2
42032181	minus	unassigned	B73	1
42031657	minus	unassigned	Teo	9
42031990	minus	unassigned	B73	1
42031640	minus	unassigned	Teo	3
42033257	minus	nbr	B73	26
42033036	minus	nbr	B73	125
42032710	minus	unassigned	B73	477
42032677	plus	ppl2	B73	3
42032619	plus	ppl2	B73	175
42031803	minus	unassigned	B73	15
42032741	minus	unassigned	Teo	13
42032689	plus	unassigned	B73	2
42031882	plus	ppl2	Teo	2
42032252	plus	unassigned	B73	1
42031834	minus	unassigned	Teo	11
42032519	plus	unassigned	B73	12
42032999	plus	unassigned	Teo	2
42032895	minus	unassigned	B73	1
42032771	plus	unassigned	B73	5189
42032179	minus	unassigned	B73	1
42033064	plus	unassigned	B73	28
42032562	plus	unassigned	Teo	10
42032829	plus	unassigned	Teo	978
42032601	plus	unassigned	B73	10
42032162	minus	unassigned	B73	28
42031988	minus	unassigned	B73	1
42032942	minus	nbr	B73	129
42032721	minus	nbr	B73	2858
42031971	minus	unassigned	B73	1
42032911	plus	unassigned	Teo	29
42031665	plus	ppl2	B73	13
42031886	plus	ppl2	B73	11
42031828	plus	ppl2	B73	13
42032708	minus	unassigned	B73	477
42032719	minus	nbr	Teo	116
42033380	minus	nbr	Teo	2
42032739	minus	unassigned	Teo	13
42032356	minus	unassigned	B73	46
42032722	minus	unassigned	Teo	15
42032387	minus	unassigned	Teo	18
42031815	minus	unassigned	Teo	12
42032370	minus	unassigned	Teo	15
42032372	plus	unassigned	Teo	6
42032645	plus	unassigned	B73	10
42033384	minus	nbr	B73	4
42033163	minus	nbr	B73	70
42033326	minus	nbr	B73	9
42033105	minus	nbr	B73	114
42032955	plus	unassigned	Teo	4
42032583	plus	ppl2	B73	206
42032362	plus	ppl2	B73	73
42032141	plus	ppl2	B73	38
42033020	plus	unassigned	B73	26
42032525	plus	ppl2	B73	169
42033330	plus	unassigned	Teo	1
42032615	plus	ppl2	Teo	178
42032337	minus	unassigned	B73	47
42032703	minus	unassigned	Teo	11
42032139	plus	ppl2	Teo	14
42032320	minus	unassigned	B73	32
42032368	minus	unassigned	Teo	15
42032351	minus	unassigned	Teo	20
42031794	minus	unassigned	B73	13
42032977	minus	nbr	B73	118
42031643	plus	unassigned	B73	2
42031792	plus	ppl2	B73	13
42032846	minus	nbr	Teo	20
42032974	plus	unassigned	B73	55
42033267	plus	unassigned	B73	9
42032765	plus	unassigned	Teo	486
42033058	plus	unassigned	Teo	2
42032804	plus	unassigned	B73	11362
42032514	minus	unassigned	B73	61
42033140	plus	unassigned	Teo	1
42032545	minus	unassigned	Teo	25
42031638	minus	unassigned	Teo	3
42032699	minus	unassigned	B73	138
42032682	minus	unassigned	B73	6
42033290	minus	nbr	B73	18
42033232	minus	nbr	B73	31
42032652	plus	ppl2	B73	118
42032265	plus	unassigned	B73	1
42033322	minus	nbr	Teo	1
42033101	minus	nbr	Teo	11
42033067	minus	nbr	Teo	13
42032521	plus	ppl2	Teo	194
42032575	plus	unassigned	Teo	10
42032329	plus	unassigned	B73	7
42032876	minus	unassigned	B73	1
42032581	plus	unassigned	B73	9
42032526	minus	unassigned	Teo	27
42032848	plus	unassigned	B73	14011
42032411	plus	unassigned	B73	4
42032143	minus	unassigned	B73	23
42032639	plus	unassigned	Teo	9
42031969	minus	unassigned	B73	1
42033393	plus	unassigned	B73	3
42032891	plus	unassigned	Teo	130
42032930	plus	unassigned	B73	129
42031952	minus	unassigned	B73	1
42033223	plus	unassigned	B73	8
42032721	plus	unassigned	Teo	158
42032174	minus	unassigned	Teo	14
42033014	plus	unassigned	Teo	2
42031861	plus	ppl2	B73	15
42032973	minus	nbr	Teo	6
42032752	minus	nbr	Teo	124
42031859	plus	ppl2	Teo	3
42032139	plus	unassigned	B73	10
42031637	plus	unassigned	Teo	1
42032391	plus	unassigned	B73	7
42032857	minus	unassigned	B73	6
42032658	plus	unassigned	B73	6
42032756	minus	nbr	B73	2877
42032221	plus	unassigned	B73	3
42032840	minus	unassigned	B73	23
42032124	minus	unassigned	B73	20
42032919	minus	nbr	B73	109
42032968	plus	unassigned	Teo	4
42032740	plus	unassigned	B73	1888
42031933	minus	unassigned	B73	1
42033033	plus	unassigned	B73	28
42032531	plus	unassigned	Teo	11
42032155	minus	unassigned	Teo	13
42033343	plus	unassigned	Teo	1
42033194	minus	nbr	Teo	2
42033357	minus	nbr	Teo	1
42033136	minus	nbr	Teo	8
42032393	plus	ppl2	Teo	81
42032172	plus	ppl2	Teo	33
42032114	plus	ppl2	Teo	9
42032556	plus	ppl2	Teo	219
42032318	minus	unassigned	B73	33
42032335	plus	ppl2	Teo	51
42032349	minus	unassigned	Teo	20
42032332	minus	unassigned	Teo	19
42032838	minus	unassigned	B73	21
42033011	minus	nbr	B73	115
42033198	minus	nbr	B73	39
42032486	minus	unassigned	B73	2
42031972	plus	unassigned	B73	3
42032821	minus	nbr	Teo	26
42032176	plus	ppl2	B73	50
42032397	plus	ppl2	B73	85
42032339	plus	ppl2	B73	58
42032118	plus	ppl2	B73	31
42032784	plus	unassigned	B73	9467
42033077	plus	unassigned	B73	31
42033009	minus	nbr	Teo	8
42032614	plus	unassigned	B73	9
42032405	plus	unassigned	Teo	2
42032924	plus	unassigned	Teo	7
42032883	minus	nbr	B73	76
42032825	minus	nbr	B73	616
42032663	minus	unassigned	B73	8
42031640	plus	ppl2	B73	15
42032313	minus	unassigned	Teo	1
42031803	plus	ppl2	B73	11
42031612	plus	unassigned	B73	1
42033042	minus	nbr	Teo	13
42032594	plus	unassigned	B73	9
42032385	plus	unassigned	Teo	4
42032424	plus	unassigned	B73	1
42033236	plus	unassigned	B73	9
42032734	plus	unassigned	Teo	204
42033027	plus	unassigned	Teo	2
42033301	minus	nbr	B73	14
42033267	minus	nbr	B73	24
42033046	minus	nbr	B73	129
42032644	minus	unassigned	B73	23
42032675	minus	unassigned	Teo	1
42031592	plus	unassigned	B73	1
42031892	plus	ppl2	Teo	4
42031656	plus	unassigned	B73	2
42033012	minus	unassigned	B73	1
42032952	minus	nbr	B73	125
42032731	minus	nbr	B73	2978
42032031	plus	unassigned	B73	2
42032821	minus	unassigned	B73	34
42032105	minus	unassigned	B73	18
42032987	plus	unassigned	B73	32
42032778	plus	unassigned	Teo	677
42032550	plus	unassigned	B73	10
42031914	minus	unassigned	B73	1
42032852	minus	unassigned	Teo	1
42031896	plus	ppl2	B73	14
42032136	minus	unassigned	Teo	14
42031675	plus	ppl2	B73	14
42032817	plus	unassigned	B73	12163
42032341	plus	unassigned	Teo	7
42032608	plus	unassigned	Teo	10
42033362	plus	unassigned	B73	4
42032860	plus	unassigned	Teo	966
42032787	minus	nbr	Teo	109
42033153	plus	unassigned	Teo	1
42032729	minus	nbr	Teo	124
42033390	minus	nbr	Teo	2
42032819	minus	unassigned	B73	34
42031985	plus	unassigned	B73	3
42033394	minus	nbr	B73	4
42033173	minus	nbr	B73	62
42032802	minus	unassigned	B73	121
42032108	plus	unassigned	B73	6
42032797	plus	unassigned	B73	10278
42032593	plus	ppl2	B73	200
42032151	plus	ppl2	B73	47
42032588	plus	unassigned	Teo	11
42032360	plus	unassigned	B73	7
42032372	plus	ppl2	B73	84
42032833	minus	unassigned	Teo	1
42032627	plus	unassigned	B73	8
42032151	plus	unassigned	Teo	7
42032117	minus	unassigned	Teo	12
42033205	minus	nbr	Teo	2
42033172	plus	unassigned	B73	14
42032670	plus	unassigned	Teo	1
42032937	plus	unassigned	Teo	4
42033002	plus	unassigned	B73	26
42032625	plus	ppl2	Teo	166
42032404	plus	ppl2	Teo	92
42032943	plus	unassigned	B73	104
42033312	plus	unassigned	Teo	1
42032149	plus	ppl2	Teo	25
42033209	minus	nbr	B73	42
42032629	plus	ppl2	B73	171
42032408	plus	ppl2	B73	86
42032856	minus	nbr	Teo	15
42032814	minus	unassigned	Teo	5
42031907	minus	unassigned	Teo	9
42032096	minus	unassigned	B73	5
42032234	plus	unassigned	B73	3
42032753	plus	unassigned	B73	2784
42033046	plus	unassigned	B73	28
42032544	plus	unassigned	Teo	10
42033356	plus	unassigned	Teo	1
42031838	plus	ppl2	B73	10
42032625	minus	unassigned	B73	27
42033332	minus	nbr	Teo	1
42033111	minus	nbr	Teo	9
42032656	minus	unassigned	Teo	1
42033298	minus	nbr	Teo	1
42033077	minus	nbr	Teo	13
42032531	plus	ppl2	Teo	232
42031669	plus	unassigned	B73	2
42032793	minus	unassigned	B73	131
42032077	minus	unassigned	B73	2
42032044	plus	unassigned	B73	2
42032060	minus	unassigned	B73	1
42031886	minus	unassigned	B73	22
42032563	plus	unassigned	B73	9
42032354	plus	unassigned	Teo	7
42033336	minus	nbr	B73	8
42033115	minus	nbr	B73	113
42032873	plus	unassigned	Teo	634
42032314	plus	ppl2	B73	48
42032535	plus	ppl2	B73	174
42032983	minus	nbr	Teo	6
42032762	minus	nbr	Teo	117
42032606	minus	unassigned	B73	34
42032987	minus	unassigned	B73	1
42032637	minus	unassigned	Teo	10
42032970	minus	unassigned	B73	1
42032620	minus	unassigned	Teo	11
42032800	minus	nbr	B73	1545
42032987	minus	nbr	B73	106
42032766	minus	nbr	B73	2837
42031625	plus	unassigned	B73	1
42032398	plus	unassigned	Teo	2
42032170	plus	unassigned	B73	9
42032437	plus	unassigned	B73	1
42032000	plus	unassigned	B73	2
42032956	plus	unassigned	B73	58
42033249	plus	unassigned	B73	8
42032747	plus	unassigned	Teo	279
42032968	minus	unassigned	B73	1
42032618	minus	unassigned	Teo	11
42033331	plus	unassigned	B73	3
42032951	minus	unassigned	B73	3
42033122	plus	unassigned	Teo	2
42033242	minus	nbr	B73	27
42033021	minus	nbr	B73	110
42031692	minus	unassigned	B73	11
42032662	plus	ppl2	B73	119
42031954	plus	unassigned	B73	1
42033019	minus	nbr	Teo	8
42032247	plus	unassigned	B73	2
42032557	plus	unassigned	Teo	10
42032120	plus	unassigned	Teo	5
42032893	minus	nbr	B73	68
42032597	minus	unassigned	B73	40
42033375	plus	unassigned	B73	4
42031871	plus	ppl2	B73	15
42031650	plus	ppl2	B73	15
42032912	plus	unassigned	B73	536
42032580	minus	unassigned	B73	37
42033205	plus	unassigned	B73	14
42032703	plus	unassigned	Teo	53
42031673	minus	unassigned	B73	8
42031903	plus	ppl2	Teo	7
42031869	plus	ppl2	Teo	3
42031998	plus	unassigned	B73	2
42031561	plus	unassigned	B73	1
42032774	minus	unassigned	B73	308
42032058	minus	unassigned	B73	1
42032929	minus	nbr	B73	125
42032708	minus	nbr	B73	74
42031867	minus	unassigned	B73	19
42032373	plus	unassigned	B73	7
42031910	plus	unassigned	B73	1
42031850	minus	unassigned	B73	15
42032164	plus	unassigned	Teo	7
42031907	plus	ppl2	B73	21
42032203	plus	unassigned	B73	3
42031500	minus	unassigned	Teo	3
42032892	plus	unassigned	B73	2022
42031898	minus	unassigned	Teo	7
42033185	plus	unassigned	B73	15
42032683	plus	unassigned	Teo	1
42032722	plus	unassigned	B73	1330
42031881	minus	unassigned	Teo	6
42033015	plus	unassigned	B73	27
42032513	plus	unassigned	Teo	11
42033325	plus	unassigned	Teo	1
42033367	minus	nbr	Teo	1
42033146	minus	nbr	Teo	4
42032600	plus	ppl2	Teo	199
42032566	plus	ppl2	Teo	215
42032345	plus	ppl2	Teo	55
42032124	plus	ppl2	Teo	11
42032601	minus	unassigned	Teo	20
42032755	minus	unassigned	B73	338
42031638	plus	unassigned	B73	2
42031848	minus	unassigned	B73	15
42032786	minus	unassigned	Teo	11
42032604	plus	ppl2	B73	190
42032183	plus	unassigned	B73	3
42032831	minus	nbr	Teo	24
42031831	minus	unassigned	B73	14
42032013	plus	unassigned	B73	3
42032349	plus	ppl2	B73	62
42031879	minus	unassigned	Teo	6
42032128	plus	ppl2	B73	34
42032797	minus	nbr	Teo	69
42031862	minus	unassigned	Teo	5
42032323	plus	unassigned	Teo	7
42032766	plus	unassigned	B73	4573
42033059	plus	unassigned	B73	30
42032949	minus	unassigned	B73	3
42033141	plus	unassigned	B73	22
42032932	minus	unassigned	B73	3
42032906	plus	unassigned	Teo	41
42032835	minus	nbr	B73	510
42031813	plus	ppl2	B73	12
42032384	minus	unassigned	B73	44
42033052	minus	nbr	Teo	13
42032635	plus	ppl2	Teo	148
42032576	plus	unassigned	B73	9
42032367	plus	unassigned	Teo	6
42032406	plus	unassigned	B73	7
42033388	plus	unassigned	B73	3
42032886	plus	unassigned	Teo	201
42032925	plus	unassigned	B73	177
42032913	minus	unassigned	B73	3
42033311	minus	nbr	B73	13
42033218	plus	unassigned	B73	10
42032716	plus	unassigned	Teo	116
42033009	plus	unassigned	Teo	2
42032578	minus	unassigned	B73	37
42033277	minus	nbr	B73	22
42033056	minus	nbr	B73	111
42033300	plus	unassigned	B73	3
42033219	minus	nbr	B73	39
42032561	minus	unassigned	B73	48
42032639	plus	ppl2	B73	166
42031654	minus	unassigned	B73	8
42032592	minus	unassigned	Teo	20
42033309	minus	nbr	Teo	1
42031685	minus	unassigned	Teo	10
42031574	plus	unassigned	B73	1
42032962	minus	nbr	B73	115
42032741	minus	nbr	B73	2996
42032386	plus	unassigned	B73	8
42032904	minus	nbr	B73	90
42032405	minus	unassigned	Teo	27
42031685	plus	ppl2	B73	15
42031627	plus	ppl2	B73	14
42031848	plus	ppl2	B73	12
42032559	minus	unassigned	B73	48
42033071	plus	unassigned	Teo	2
42032969	plus	unassigned	B73	53
42032739	minus	nbr	Teo	120
42032532	plus	unassigned	B73	11
42032542	minus	unassigned	B73	50
42031635	minus	unassigned	B73	6
42033344	plus	unassigned	B73	3
42032842	plus	unassigned	Teo	1017
42032573	minus	unassigned	Teo	21
42033135	plus	unassigned	Teo	1
42032190	minus	unassigned	B73	1
42031666	minus	unassigned	Teo	10
42032736	minus	unassigned	B73	376
42033183	minus	nbr	B73	52
42033346	minus	nbr	B73	8
42033125	minus	nbr	B73	106
42032003	minus	unassigned	B73	1
42031829	minus	unassigned	B73	14
42032767	minus	unassigned	Teo	13
42032382	plus	ppl2	B73	86
42032161	plus	ppl2	B73	46
42031967	plus	unassigned	B73	3
42032545	plus	ppl2	B73	176
42031530	plus	unassigned	B73	1
42031812	minus	unassigned	B73	15
42032324	plus	ppl2	B73	49
42032750	minus	unassigned	Teo	13
42033215	minus	nbr	Teo	2
42032779	plus	unassigned	B73	6630
42032342	plus	unassigned	B73	7
42031843	minus	unassigned	Teo	11
42032609	plus	unassigned	B73	9
42032133	plus	unassigned	Teo	6
42032188	minus	unassigned	B73	1
42032861	plus	unassigned	B73	13401
42033154	plus	unassigned	B73	23
42032652	plus	unassigned	Teo	3
42032919	plus	unassigned	Teo	11
42032159	plus	ppl2	Teo	26
42031997	minus	unassigned	B73	1
42031980	minus	unassigned	B73	1
42032810	minus	nbr	B73	1401
42032997	minus	nbr	B73	116
42032776	minus	nbr	B73	2799
42032900	minus	nbr	Teo	1
42032717	minus	unassigned	B73	478
42032866	minus	nbr	Teo	6
42032700	minus	unassigned	B73	172
42032808	minus	nbr	Teo	63
42032748	minus	unassigned	Teo	13
42032365	minus	unassigned	B73	40
42031844	plus	ppl2	Teo	1
42032731	minus	unassigned	Teo	15
42031824	minus	unassigned	Teo	12
42032396	minus	unassigned	Teo	21
42032216	plus	unassigned	B73	3
42033198	plus	unassigned	B73	15
42032735	plus	unassigned	B73	1747
42033028	plus	unassigned	B73	28
42032526	plus	unassigned	Teo	11
42033252	minus	nbr	B73	26
42033031	minus	nbr	B73	122
42033280	plus	unassigned	B73	2
42033338	plus	unassigned	Teo	1
42033110	plus	unassigned	B73	22
42032672	plus	ppl2	B73	11
42033342	minus	nbr	Teo	1
42033121	minus	nbr	Teo	8
42033087	minus	nbr	Teo	9
42032320	plus	ppl2	Teo	37
42032541	plus	ppl2	Teo	225
42033029	minus	nbr	Teo	10
42032346	minus	unassigned	B73	43
42032377	minus	unassigned	Teo	17
42032360	minus	unassigned	Teo	22
42032196	plus	unassigned	B73	3
42032026	plus	unassigned	B73	3
42031881	plus	ppl2	B73	11
42031660	plus	ppl2	B73	13
42032545	plus	unassigned	B73	10
42032336	plus	unassigned	Teo	7
42032993	minus	nbr	Teo	7
42032772	minus	nbr	Teo	113
42033090	plus	unassigned	B73	29
42032714	minus	nbr	Teo	78
42033357	plus	unassigned	B73	4
42032855	plus	unassigned	Teo	994
42033148	plus	unassigned	Teo	1
42032523	minus	unassigned	B73	62
42032554	minus	unassigned	Teo	26
42031879	plus	ppl2	Teo	2
42032171	minus	unassigned	B73	33
42031647	minus	unassigned	Teo	8
42031630	minus	unassigned	Teo	3
42032691	minus	unassigned	B73	13
42032939	minus	nbr	B73	130
42032718	minus	nbr	B73	2722
42032146	plus	unassigned	Teo	7
42031607	plus	unassigned	B73	1
42032589	plus	unassigned	B73	9
42033377	minus	nbr	Teo	2
42033156	minus	nbr	Teo	3
42032504	minus	unassigned	B73	2
42032610	plus	ppl2	Teo	183
42032152	plus	unassigned	B73	9
42032419	plus	unassigned	B73	1
42032885	minus	unassigned	B73	1
42032899	plus	unassigned	Teo	60
42032671	plus	unassigned	B73	3
42032576	plus	ppl2	Teo	215
42032169	minus	unassigned	B73	32
42032355	plus	ppl2	Teo	70
42032134	plus	ppl2	Teo	14
42032938	plus	unassigned	B73	105
42032535	minus	unassigned	Teo	27
42032729	plus	unassigned	Teo	188
42032152	minus	unassigned	B73	28
42031978	minus	unassigned	B73	1
42032981	plus	unassigned	Teo	1
42031628	minus	unassigned	Teo	3
42031961	minus	unassigned	B73	1
42033313	plus	unassigned	B73	3
42032811	plus	unassigned	Teo	901
42033104	plus	unassigned	Teo	2
42032614	plus	ppl2	B73	179
42032841	minus	nbr	Teo	21
42032138	plus	ppl2	B73	38
42032359	plus	ppl2	B73	72
42032729	minus	unassigned	Teo	15
42031587	plus	unassigned	B73	1
42032712	minus	unassigned	Teo	15
42032399	plus	unassigned	B73	7
42031805	minus	unassigned	Teo	11
42032229	plus	unassigned	B73	3
42032866	minus	unassigned	B73	2
42032748	plus	unassigned	B73	2602
42032539	plus	unassigned	Teo	11
42032133	minus	unassigned	B73	19
42032845	minus	nbr	B73	455
42031959	minus	unassigned	B73	1
42033293	plus	unassigned	B73	3
42032791	plus	unassigned	Teo	893
42033084	plus	unassigned	Teo	2
42031942	minus	unassigned	B73	1
42033123	plus	unassigned	B73	12
42032621	plus	unassigned	Teo	10
42031823	plus	ppl2	B73	13
42032164	minus	unassigned	Teo	13
42031789	plus	ppl2	B73	13
42033062	minus	nbr	Teo	13
42032327	minus	unassigned	B73	44
42032310	minus	unassigned	B73	1
42032358	minus	unassigned	Teo	19
42032341	minus	unassigned	Teo	20
42033321	minus	nbr	B73	9
42033100	minus	nbr	B73	112
42031543	plus	unassigned	B73	1
42033287	minus	nbr	B73	18
42033066	minus	nbr	B73	99
42032495	minus	unassigned	B73	2
42032520	plus	ppl2	B73	166
42032355	plus	unassigned	B73	7
42032874	plus	unassigned	B73	8861
42033167	plus	unassigned	B73	14
42032665	plus	unassigned	Teo	2
42032704	plus	unassigned	B73	379
42033319	minus	nbr	Teo	1
42033040	plus	unassigned	Teo	2
42032518	plus	ppl2	Teo	187
42033307	plus	unassigned	Teo	1
42032308	minus	unassigned	B73	1
42032972	minus	nbr	B73	119
42032751	minus	nbr	B73	3039
42032689	minus	unassigned	B73	9
42032339	minus	unassigned	Teo	19
42032672	minus	unassigned	B73	6
42032322	minus	unassigned	Teo	18
42031695	plus	ppl2	B73	13
42031796	minus	unassigned	Teo	11
42032749	minus	nbr	Teo	124
42032165	plus	unassigned	B73	9
42032684	plus	unassigned	B73	2
42032994	plus	unassigned	Teo	2
42032516	minus	unassigned	Teo	27
42033117	plus	unassigned	Teo	2
42032830	plus	unassigned	B73	13165
42033193	minus	nbr	B73	46
42032653	minus	unassigned	B73	14
42032392	plus	ppl2	B73	83
42032171	plus	ppl2	B73	51
42033225	minus	nbr	Teo	2
42033004	minus	nbr	Teo	8
42032645	plus	ppl2	Teo	143
42032169	plus	ppl2	Teo	33
42032039	plus	unassigned	B73	2
42033021	minus	unassigned	B73	1
42032847	minus	unassigned	B73	15
42032558	plus	unassigned	B73	9
42032121	plus	unassigned	B73	6
42032830	minus	unassigned	B73	26
42032114	minus	unassigned	B73	19
42032349	plus	unassigned	Teo	7
42032868	plus	unassigned	Teo	706
42032640	plus	unassigned	B73	8
42031923	minus	unassigned	B73	1
42033229	minus	nbr	B73	33
42033008	minus	nbr	B73	120
42032907	plus	unassigned	B73	638
42032145	minus	unassigned	Teo	15
42032910	minus	nbr	Teo	1
42032950	plus	unassigned	Teo	3
42032649	plus	ppl2	B73	156
42032876	minus	nbr	Teo	3
42031633	plus	ppl2	Teo	1
42031854	plus	ppl2	Teo	3
42032914	minus	nbr	B73	109
42031556	plus	unassigned	B73	1
42033019	minus	unassigned	B73	1
42033002	minus	unassigned	B73	1
42032828	minus	unassigned	B73	29
42032368	plus	unassigned	B73	7
42032811	minus	unassigned	B73	106
42032159	plus	unassigned	Teo	7
42031637	plus	ppl2	B73	15
42031858	plus	ppl2	B73	14
42032678	plus	unassigned	Teo	1
42031904	minus	unassigned	B73	21
42032842	minus	unassigned	Teo	1
42032126	minus	unassigned	Teo	14
42033352	minus	nbr	Teo	1
42033131	minus	nbr	Teo	8
42032760	plus	unassigned	Teo	464
42033053	plus	unassigned	Teo	2
42032514	plus	unassigned	B73	11
42033097	minus	nbr	Teo	10
42032551	plus	ppl2	Teo	227
42032330	plus	ppl2	Teo	40
42033326	plus	unassigned	B73	3
42032824	plus	unassigned	Teo	970
42033356	minus	nbr	B73	8
42033135	minus	nbr	B73	106
42032113	plus	ppl2	B73	29
42032555	plus	ppl2	B73	192
42032334	plus	ppl2	B73	58
42032782	minus	nbr	Teo	110
42031682	plus	unassigned	B73	2
42031949	plus	unassigned	B73	1
42032324	plus	unassigned	B73	8
42032115	plus	unassigned	Teo	5
42033097	plus	unassigned	Teo	2
42032843	plus	unassigned	B73	14318
42033136	plus	unassigned	B73	22
42032820	minus	nbr	B73	616
42032634	plus	unassigned	Teo	10
42032786	minus	nbr	B73	2758
42032634	minus	unassigned	B73	25
42032818	minus	nbr	Teo	27
42032665	minus	unassigned	Teo	1
42032134	plus	unassigned	B73	9
42031632	plus	unassigned	Teo	1
42031905	plus	unassigned	B73	1
42033262	minus	nbr	B73	26
42033041	minus	nbr	B73	121
42033204	minus	nbr	B73	39
42032887	plus	unassigned	B73	3035
42032717	plus	unassigned	B73	1204
42032682	plus	ppl2	B73	1
42032624	plus	ppl2	B73	174
42032403	plus	ppl2	B73	88
42033262	plus	unassigned	B73	9
42032615	minus	unassigned	B73	27
42032996	minus	unassigned	B73	1
42033039	minus	nbr	Teo	12
42032646	minus	unassigned	Teo	10
42031670	plus	ppl2	B73	14
42032809	minus	unassigned	B73	117
42031891	plus	ppl2	B73	12
42032178	plus	unassigned	B73	3
42032008	plus	unassigned	B73	2
42032945	minus	nbr	Teo	3
42032724	minus	nbr	Teo	123
42032697	plus	unassigned	B73	14
42032260	plus	unassigned	B73	1
42032823	minus	unassigned	Teo	1
42032527	plus	unassigned	B73	12
42032107	minus	unassigned	Teo	10
42032318	plus	unassigned	Teo	7
42033072	plus	unassigned	B73	29
42032570	plus	unassigned	Teo	10
42033339	plus	unassigned	B73	3
42032837	plus	unassigned	Teo	1008
42031889	plus	ppl2	Teo	3
42032400	plus	unassigned	Teo	2
42032977	minus	unassigned	B73	1
42032960	minus	unassigned	B73	1
42032949	minus	nbr	B73	126
42032728	minus	nbr	B73	2948
42033331	minus	nbr	B73	8
42032530	plus	ppl2	B73	181
42031525	plus	unassigned	B73	1
42033200	minus	nbr	Teo	2
42033387	minus	nbr	Teo	2
42033166	minus	nbr	Teo	3
42032804	minus	unassigned	Teo	5
42032620	plus	ppl2	Teo	170
42033329	minus	nbr	Teo	1
42032128	plus	unassigned	Teo	5
42032586	plus	ppl2	Teo	204
42032380	plus	unassigned	Teo	5
42032144	plus	ppl2	Teo	15
42032365	plus	ppl2	Teo	76
42032528	plus	ppl2	Teo	229
42032086	minus	unassigned	B73	4
42031895	minus	unassigned	B73	23
42032653	plus	unassigned	B73	7
42032963	plus	unassigned	Teo	4
42032851	minus	nbr	Teo	15
42032369	plus	ppl2	B73	85
42032148	plus	ppl2	B73	48
42031569	plus	unassigned	B73	1
42032402	minus	unassigned	B73	51
42032067	minus	unassigned	B73	1
42031651	plus	unassigned	B73	2
42032783	minus	unassigned	B73	305
42032855	minus	nbr	B73	313
42031876	minus	unassigned	B73	19
42031833	plus	ppl2	B73	12
42032982	plus	unassigned	B73	41
42033275	plus	unassigned	B73	2
42032773	plus	unassigned	Teo	556
42031799	plus	ppl2	B73	11
42033066	plus	unassigned	Teo	2
42031890	minus	unassigned	Teo	7
42032812	plus	unassigned	B73	11803
42033105	plus	unassigned	B73	24
42032603	plus	unassigned	Teo	10
42033293	minus	nbr	Teo	1
42033072	minus	nbr	Teo	13
42033235	minus	nbr	Teo	2
42032627	minus	unassigned	Teo	11
42032655	plus	ppl2	Teo	8
42032610	minus	unassigned	Teo	16
42032764	minus	unassigned	B73	330
42033110	minus	nbr	B73	111
42031857	minus	unassigned	B73	14
42033297	minus	nbr	B73	14
42033076	minus	nbr	B73	116
42032795	minus	unassigned	Teo	6
42033239	minus	nbr	B73	28
42033018	minus	nbr	B73	107
42031888	minus	unassigned	Teo	7
42032659	plus	ppl2	B73	119
42032337	plus	unassigned	B73	7
42033108	minus	nbr	Teo	9
42032856	plus	unassigned	B73	13909
42033149	plus	unassigned	B73	25
42032647	plus	unassigned	Teo	10
42032958	minus	unassigned	B73	1
42032608	minus	unassigned	Teo	17
42033231	plus	unassigned	B73	9
42032941	minus	unassigned	B73	3
42033022	plus	unassigned	Teo	2
42032982	minus	nbr	B73	105
42032761	minus	nbr	B73	2872
42032924	minus	nbr	B73	110
42031902	plus	ppl2	B73	15
42031699	minus	unassigned	B73	13
42031682	minus	unassigned	B73	10
42031868	plus	ppl2	B73	15
42031647	plus	ppl2	B73	15
42032759	minus	nbr	Teo	116
42033362	minus	nbr	Teo	1
42032147	plus	unassigned	B73	9
42032561	plus	ppl2	Teo	217
42032340	plus	ppl2	Teo	52
42032666	plus	unassigned	B73	3
42032939	minus	unassigned	B73	3
42032976	plus	unassigned	Teo	4
42033041	plus	unassigned	B73	29
42032922	minus	unassigned	B73	3
42032806	plus	unassigned	Teo	897
42033400	minus	nbr	B73	4
42032587	minus	unassigned	B73	38
42033351	plus	unassigned	Teo	1
42033366	minus	nbr	B73	4
42033145	minus	nbr	B73	85
42032570	minus	unassigned	B73	42
42032565	plus	ppl2	B73	209
42032344	plus	ppl2	B73	61
42032123	plus	ppl2	B73	30
42031663	minus	unassigned	B73	8
42033014	minus	nbr	Teo	8
42031694	minus	unassigned	Teo	10
42031898	plus	unassigned	B73	1
42032830	minus	nbr	B73	506
42032796	minus	nbr	B73	1576
42031980	plus	unassigned	B73	3
42031840	minus	unassigned	B73	15
42032103	plus	unassigned	B73	3
42032568	minus	unassigned	B73	43
42032792	plus	unassigned	B73	10109
42033085	plus	unassigned	B73	30
42032583	plus	unassigned	Teo	11
42032886	minus	nbr	Teo	1
42031871	minus	unassigned	Teo	5
42032622	plus	unassigned	B73	9
42032828	minus	nbr	Teo	25
42032413	plus	unassigned	Teo	1
42032599	minus	unassigned	Teo	20
42031864	plus	ppl2	Teo	3
42032932	plus	unassigned	Teo	4
42032745	minus	unassigned	B73	373
42031538	plus	unassigned	B73	1
42033272	minus	nbr	B73	23
42033051	minus	nbr	B73	116
42031838	minus	unassigned	B73	16
42032776	minus	unassigned	Teo	12
42031821	minus	unassigned	B73	15
42032393	minus	unassigned	B73	46
42031620	plus	unassigned	B73	1
42031869	minus	unassigned	Teo	5
42033141	minus	nbr	Teo	6
42032869	plus	unassigned	B73	9982
42032393	plus	unassigned	Teo	2
42033304	minus	nbr	Teo	1
42032432	plus	unassigned	B73	1
42031852	minus	unassigned	Teo	8
42033049	minus	nbr	Teo	13
42033244	plus	unassigned	B73	9
42032742	plus	unassigned	Teo	219
42033035	plus	unassigned	Teo	2
42033308	plus	unassigned	B73	3
42033308	minus	nbr	B73	13
42031680	plus	ppl2	B73	14
42032726	minus	unassigned	B73	443
42032792	minus	nbr	Teo	70
42032955	minus	nbr	Teo	3
42032734	minus	nbr	Teo	123
42031819	minus	unassigned	B73	15
42032757	minus	unassigned	Teo	13
42031802	minus	unassigned	B73	15
42032374	minus	unassigned	B73	42
42032740	minus	unassigned	Teo	13
42031664	plus	unassigned	B73	2
42031899	plus	ppl2	Teo	7
42031833	minus	unassigned	Teo	11
42032995	plus	unassigned	B73	22
42033288	plus	unassigned	B73	3
42032786	plus	unassigned	Teo	835
42033079	plus	unassigned	Teo	2
42032959	minus	nbr	B73	126
42032738	minus	nbr	B73	2989
42032903	minus	unassigned	B73	2
42032825	plus	unassigned	B73	12846
42033118	plus	unassigned	B73	16
42032616	plus	unassigned	Teo	10
42033370	plus	unassigned	B73	4
42033200	plus	unassigned	B73	15
42032551	minus	unassigned	B73	48
42031644	minus	unassigned	B73	7
42033210	minus	nbr	Teo	2
42032582	minus	unassigned	Teo	21
42033397	minus	nbr	Teo	2
42033176	minus	nbr	Teo	3
42032630	plus	ppl2	Teo	157
42031675	minus	unassigned	Teo	10
42032596	plus	ppl2	Teo	202
42032375	plus	ppl2	Teo	77
42032154	plus	ppl2	Teo	26
42031993	plus	unassigned	B73	3
42032116	plus	unassigned	B73	6
42033214	minus	nbr	B73	42
42033098	plus	unassigned	B73	27
42032596	plus	unassigned	Teo	11
42032634	plus	ppl2	B73	169
42033180	plus	unassigned	B73	13
42032861	minus	nbr	Teo	6
42032549	minus	unassigned	B73	48
42033010	plus	unassigned	B73	27
42032379	plus	ppl2	B73	87
42032158	plus	ppl2	B73	47
42032532	minus	unassigned	B73	55
42032951	plus	unassigned	B73	83
42032197	minus	unassigned	B73	1
42033320	plus	unassigned	Teo	1
42032563	minus	unassigned	Teo	24
42032180	minus	unassigned	B73	1
42031656	minus	unassigned	Teo	9
42032865	minus	nbr	B73	136
42031843	plus	ppl2	B73	11
42032679	plus	unassigned	B73	2
42033082	minus	nbr	Teo	13
42032513	minus	unassigned	B73	61
42032242	plus	unassigned	B73	2
42032989	plus	unassigned	Teo	1
42032894	minus	unassigned	B73	1
42032761	plus	unassigned	B73	4195
42032178	minus	unassigned	B73	1
42033054	plus	unassigned	B73	31
42032552	plus	unassigned	Teo	10
42032544	minus	unassigned	Teo	25
42032819	plus	unassigned	Teo	939
42032161	minus	unassigned	B73	28
42031987	minus	unassigned	B73	1
42031637	minus	unassigned	Teo	3
42033364	plus	unassigned	Teo	1
42031970	minus	unassigned	B73	1
42032901	plus	unassigned	Teo	54
42033341	minus	nbr	B73	8
42033120	minus	nbr	B73	107
42033086	minus	nbr	B73	114
42032540	plus	ppl2	B73	173
42032707	minus	unassigned	B73	477
42032738	minus	unassigned	Teo	13
42031677	plus	unassigned	B73	2
42032355	minus	unassigned	B73	46
42033339	minus	nbr	Teo	1
42033118	minus	nbr	Teo	8
42032721	minus	unassigned	Teo	15
42032538	plus	ppl2	Teo	225
42032386	minus	unassigned	Teo	18
42032317	plus	ppl2	Teo	34
42032052	plus	unassigned	B73	1
42031814	minus	unassigned	Teo	13
42032319	plus	unassigned	B73	8
42032875	minus	unassigned	B73	1
42032799	plus	unassigned	Teo	871
42032571	plus	unassigned	B73	9
42032362	plus	unassigned	Teo	7
42032629	plus	unassigned	Teo	10
42032992	minus	nbr	B73	106
42032771	minus	nbr	B73	2812
42032881	plus	unassigned	Teo	313
42032635	plus	unassigned	B73	8
42033004	plus	unassigned	Teo	2
42032945	plus	unassigned	Teo	4
42032803	minus	nbr	Teo	65
42032769	minus	nbr	Teo	113
42032719	minus	unassigned	Teo	15
42032336	minus	unassigned	B73	46
42032702	minus	unassigned	Teo	6
42032367	minus	unassigned	Teo	15
42032350	minus	unassigned	Teo	20
42032807	minus	nbr	B73	1415
42031793	minus	unassigned	B73	13
42031633	plus	unassigned	B73	2
42032445	plus	unassigned	B73	1
42032964	plus	unassigned	B73	54
42033257	plus	unassigned	B73	10
42032755	plus	unassigned	Teo	373
42033048	plus	unassigned	Teo	1
42033245	minus	nbr	Teo	1
42033024	minus	nbr	Teo	10
42033130	plus	unassigned	Teo	2
42032665	plus	ppl2	Teo	6
42032317	minus	unassigned	B73	33
42032698	minus	unassigned	B73	121
42032348	minus	unassigned	Teo	20
42032681	minus	unassigned	B73	5
42033249	minus	nbr	B73	27
42033028	minus	nbr	B73	122
42032669	plus	ppl2	B73	12
42031962	plus	unassigned	B73	1
42032896	minus	nbr	Teo	1
42032255	plus	unassigned	B73	1
42031874	plus	ppl2	Teo	3
42032565	plus	unassigned	Teo	10
42032159	minus	unassigned	B73	28
42032525	minus	unassigned	Teo	27
42032838	plus	unassigned	B73	13854
42032401	plus	unassigned	B73	7
42032142	minus	unassigned	B73	23
42031968	minus	unassigned	B73	1
42033383	plus	unassigned	B73	3
42032934	minus	nbr	B73	130
42032713	minus	nbr	B73	1357
42032920	plus	unassigned	B73	204
42031951	minus	unassigned	B73	1
42033213	plus	unassigned	B73	14
42032711	plus	unassigned	Teo	97
42032173	minus	unassigned	Teo	13
42031878	plus	ppl2	B73	13
42031657	plus	ppl2	B73	14
42033372	minus	nbr	Teo	1
42033151	minus	nbr	Teo	4
42032571	plus	ppl2	Teo	218
42032350	plus	ppl2	Teo	58
42031627	plus	unassigned	Teo	1
42032129	plus	unassigned	B73	9
42032381	plus	unassigned	B73	8
42032856	minus	unassigned	B73	6
42032648	plus	unassigned	B73	12
42032172	plus	unassigned	Teo	7
42032123	minus	unassigned	B73	20
42032211	plus	unassigned	B73	3
42031949	minus	unassigned	B73	1
42033193	plus	unassigned	B73	15
42032691	plus	unassigned	Teo	1
42032958	plus	unassigned	Teo	4
42032730	plus	unassigned	B73	1661
42031932	minus	unassigned	B73	1
42033376	minus	nbr	B73	4
42033155	minus	nbr	B73	72
42033023	plus	unassigned	B73	26
42032521	plus	unassigned	Teo	11
42032154	minus	unassigned	Teo	13
42033318	minus	nbr	B73	9
42032575	plus	ppl2	B73	210
42032354	plus	ppl2	B73	72
42032133	plus	ppl2	B73	36
42033333	plus	unassigned	Teo	1
42032517	plus	ppl2	B73	162
42032607	plus	ppl2	Teo	185
42032840	minus	nbr	B73	503
42031646	plus	unassigned	B73	2
42032331	minus	unassigned	Teo	19
42032191	plus	unassigned	B73	3
42032837	minus	unassigned	B73	21
42032969	minus	nbr	B73	119
42032748	minus	nbr	B73	3029
42032021	plus	unassigned	B73	3
42032820	minus	unassigned	B73	34
42032485	minus	unassigned	B73	2
42032851	minus	unassigned	Teo	1
42032331	plus	unassigned	Teo	7
42032838	minus	nbr	Teo	21
42032774	plus	unassigned	B73	5205
42033067	plus	unassigned	B73	29
42032604	plus	unassigned	B73	9
42032914	plus	unassigned	Teo	20
42032679	minus	unassigned	B73	6
42032329	minus	unassigned	Teo	19
42032662	minus	unassigned	B73	8
42033282	minus	nbr	B73	20
42033061	minus	nbr	B73	98
42033224	minus	nbr	B73	34
42033003	minus	nbr	B73	113
42032644	plus	ppl2	B73	166
42033314	minus	nbr	Teo	1
42032168	plus	ppl2	B73	50
42032389	plus	ppl2	B73	82
42031602	plus	unassigned	B73	1
42033059	minus	nbr	Teo	13
42032584	plus	unassigned	B73	9
42032513	plus	ppl2	Teo	93
42032375	plus	unassigned	Teo	5
42033396	plus	unassigned	B73	3
42032894	plus	unassigned	Teo	101
42032933	plus	unassigned	B73	111
42033226	plus	unassigned	B73	8
42032724	plus	unassigned	Teo	182
42033017	plus	unassigned	Teo	2
42032875	minus	nbr	B73	92
42031690	plus	ppl2	B73	15
42031632	plus	ppl2	B73	15
42031853	plus	ppl2	B73	13
42032643	minus	unassigned	B73	23
42032965	minus	nbr	Teo	5
42032744	minus	nbr	Teo	126
42032907	minus	nbr	Teo	1
42032674	minus	unassigned	Teo	1
42031501	plus	ppl2	Teo	1
42031582	plus	unassigned	B73	1
42033011	minus	unassigned	B73	1
42032104	minus	unassigned	B73	4
42033351	minus	nbr	B73	8
42033130	minus	nbr	B73	109
42032977	plus	unassigned	B73	49
42032768	plus	unassigned	Teo	491
42032540	plus	unassigned	B73	10
42031913	minus	unassigned	B73	1
42032807	plus	unassigned	B73	11451
42032135	minus	unassigned	Teo	14
42032550	plus	ppl2	B73	183
42033352	plus	unassigned	B73	3
42032850	plus	unassigned	Teo	1000
42032624	minus	unassigned	B73	27
42033220	minus	nbr	Teo	2
42033143	plus	unassigned	Teo	1
42033186	minus	nbr	Teo	3
42032655	minus	unassigned	Teo	1
42032640	plus	ppl2	Teo	145
42033349	minus	nbr	Teo	1
42033128	minus	nbr	Teo	8
42032385	plus	ppl2	Teo	80
42032164	plus	ppl2	Teo	27
42032106	plus	ppl2	Teo	8
42032548	plus	ppl2	Teo	227
42032327	plus	ppl2	Teo	39
42033009	minus	unassigned	B73	1
42032781	minus	nbr	B73	2784
42032818	minus	unassigned	B73	37
42031975	plus	unassigned	B73	3
42032268	plus	unassigned	B73	1
42032801	minus	unassigned	B73	121
42032871	minus	nbr	Teo	3
42032849	minus	unassigned	Teo	1
42032787	plus	unassigned	B73	9529
42032813	minus	nbr	Teo	57
42032350	plus	unassigned	B73	8
42032578	plus	unassigned	Teo	11
42032832	minus	unassigned	Teo	1
42032617	plus	unassigned	B73	9
42032141	plus	unassigned	Teo	6
42032116	minus	unassigned	Teo	12
42032408	plus	unassigned	Teo	2
42032779	minus	nbr	Teo	110
42033162	plus	unassigned	B73	14
42032660	plus	unassigned	Teo	2
42032927	plus	unassigned	Teo	5
42032817	minus	nbr	B73	666
42033092	minus	nbr	Teo	10
42032813	minus	unassigned	Teo	5
42033034	minus	nbr	Teo	11
42032394	plus	unassigned	B73	7
42031906	minus	unassigned	Teo	8
42032675	plus	ppl2	Teo	2
42032095	minus	unassigned	B73	5
42032224	plus	unassigned	B73	3
42032743	plus	unassigned	B73	1916
42033036	plus	unassigned	B73	28
42032534	plus	unassigned	Teo	11
42033346	plus	unassigned	Teo	1
42033096	minus	nbr	B73	110
42033259	minus	nbr	B73	26
42033038	minus	nbr	B73	123
42032679	plus	ppl2	B73	3
42031700	minus	unassigned	B73	12
42031884	plus	ppl2	Teo	2
42031659	plus	unassigned	B73	2
42032792	minus	unassigned	B73	134
42032076	minus	unassigned	B73	2
42032034	plus	unassigned	B73	2
42032944	minus	nbr	B73	130
42032723	minus	nbr	B73	2915
42031885	minus	unassigned	B73	22
42032553	plus	unassigned	B73	10
42032344	plus	unassigned	Teo	7
42033365	plus	unassigned	B73	4
42032863	plus	unassigned	Teo	891
42033156	plus	unassigned	Teo	1
42031667	plus	ppl2	B73	14
42031888	plus	ppl2	B73	11
42032605	minus	unassigned	B73	34
42033382	minus	nbr	Teo	2
42033161	minus	nbr	Teo	3
42032986	minus	unassigned	B73	1
42032636	minus	unassigned	Teo	10
42032581	plus	ppl2	Teo	215
42032360	plus	ppl2	Teo	71
42033386	minus	nbr	B73	4
42033165	minus	nbr	B73	69
42031615	plus	unassigned	B73	1
42032585	plus	ppl2	B73	197
42032143	plus	ppl2	B73	40
42032597	plus	unassigned	B73	9
42032364	plus	ppl2	B73	80
42032160	plus	unassigned	B73	9
42032388	plus	unassigned	Teo	3
42032427	plus	unassigned	B73	1
42032946	plus	unassigned	B73	98
42033239	plus	unassigned	B73	9
42032737	plus	unassigned	Teo	207
42032617	plus	ppl2	Teo	174
42032967	minus	unassigned	B73	1
42032617	minus	unassigned	Teo	11
42033321	plus	unassigned	B73	3
42032950	minus	unassigned	B73	3
42033112	plus	unassigned	Teo	2
42032600	minus	unassigned	Teo	20
42032850	minus	nbr	B73	320
42031691	minus	unassigned	B73	11
42031794	plus	ppl2	B73	11
42031595	plus	unassigned	B73	1
42032848	minus	nbr	Teo	16
42031944	plus	unassigned	B73	1
42032237	plus	unassigned	B73	3
42033049	plus	unassigned	B73	28
42032547	plus	unassigned	Teo	10
42032110	plus	unassigned	Teo	5
42032948	minus	unassigned	B73	3
42033092	plus	unassigned	Teo	2
42033359	plus	unassigned	Teo	1
42033131	plus	unassigned	B73	14
42032596	minus	unassigned	B73	39
42033292	minus	nbr	B73	19
42033071	minus	nbr	B73	116
42032902	plus	unassigned	B73	965
42031689	minus	unassigned	B73	11
42031672	minus	unassigned	B73	8
42033324	minus	nbr	Teo	1
42033103	minus	nbr	Teo	11
42033069	minus	nbr	Teo	13
42032523	plus	ppl2	Teo	210
42032409	minus	unassigned	B73	58
42031988	plus	unassigned	B73	3
42031551	plus	unassigned	B73	1
42032773	minus	unassigned	B73	309
42032057	minus	unassigned	B73	1
42031866	minus	unassigned	B73	19
42032363	plus	unassigned	B73	7
42031900	plus	unassigned	B73	1
42032154	plus	unassigned	Teo	7
42033328	minus	nbr	B73	9
42033107	minus	nbr	B73	112
42032882	plus	unassigned	B73	5153
42031897	minus	unassigned	Teo	7
42033175	plus	unassigned	B73	13
42032673	plus	unassigned	Teo	1
42032712	plus	unassigned	B73	951
42032527	plus	ppl2	B73	179
42031880	minus	unassigned	Teo	6
42032975	minus	nbr	Teo	6
42033005	plus	unassigned	B73	26
42032754	minus	nbr	Teo	122
42033315	plus	unassigned	Teo	1
42032979	minus	nbr	B73	118
42032758	minus	nbr	B73	2856
42032754	minus	unassigned	B73	354
42032404	minus	unassigned	Teo	27
42031628	plus	unassigned	B73	2
42031847	minus	unassigned	B73	15
42032785	minus	unassigned	Teo	11
42032173	plus	unassigned	B73	9
42031830	minus	unassigned	B73	14
42032003	plus	unassigned	B73	2
42031501	plus	unassigned	Teo	1
42032692	plus	unassigned	B73	2
42031878	minus	unassigned	Teo	6
42033230	minus	nbr	Teo	2
42031861	minus	unassigned	Teo	5
42033196	minus	nbr	Teo	2
42032650	plus	ppl2	Teo	11
42032756	plus	unassigned	B73	3845
42033125	plus	unassigned	Teo	2
42032174	plus	ppl2	Teo	34
42032395	plus	ppl2	Teo	81
42032931	minus	unassigned	B73	3
42033234	minus	nbr	B73	28
42033013	minus	nbr	B73	112
42032654	plus	ppl2	B73	119
42032881	minus	nbr	Teo	1
42032399	plus	ppl2	B73	84
42032383	minus	unassigned	B73	44
42032047	plus	unassigned	B73	2
42032566	plus	unassigned	B73	8
42032357	plus	unassigned	Teo	7
42032929	minus	unassigned	B73	3
42033378	plus	unassigned	B73	3
42032876	plus	unassigned	Teo	402
42032915	plus	unassigned	B73	502
42032885	minus	nbr	B73	68
42032912	minus	unassigned	B73	3
42033208	plus	unassigned	B73	14
42032706	plus	unassigned	Teo	62
42032577	minus	unassigned	B73	37
42031642	plus	ppl2	B73	15
42031863	plus	ppl2	B73	15
42032560	minus	unassigned	B73	48
42031653	minus	unassigned	B73	8
42032591	minus	unassigned	Teo	20
42031684	minus	unassigned	Teo	10
42031564	plus	unassigned	B73	1
42032376	plus	unassigned	B73	8
42032167	plus	unassigned	Teo	7
42033361	minus	nbr	B73	4
42033140	minus	nbr	B73	103
42032686	plus	unassigned	Teo	1
42032560	plus	ppl2	B73	197
42032558	minus	unassigned	B73	48
42033061	plus	unassigned	Teo	2
42032959	plus	unassigned	B73	55
42032522	plus	unassigned	B73	12
42032541	minus	unassigned	B73	50
42032589	minus	unassigned	Teo	21
42031634	minus	unassigned	B73	6
42033359	minus	nbr	Teo	1
42033334	plus	unassigned	B73	3
42033138	minus	nbr	Teo	8
42032832	plus	unassigned	Teo	971
42032572	minus	unassigned	Teo	21
42032337	plus	ppl2	Teo	52
42031665	minus	unassigned	Teo	9
42032116	plus	ppl2	Teo	9
42032558	plus	ppl2	Teo	218
42032791	minus	nbr	B73	1608
42032735	minus	unassigned	B73	376
42032002	minus	unassigned	B73	1
42031828	minus	unassigned	B73	14
42032823	minus	nbr	Teo	27
42032766	minus	unassigned	Teo	13
42031957	plus	unassigned	B73	1
42031520	plus	unassigned	B73	1
42031811	minus	unassigned	B73	15
42032789	minus	nbr	Teo	75
42031859	minus	unassigned	Teo	7
42032769	plus	unassigned	B73	4609
42031842	minus	unassigned	Teo	11
42032332	plus	unassigned	B73	7
42032123	plus	unassigned	Teo	5
42032851	plus	unassigned	B73	14420
42032187	minus	unassigned	B73	1
42033144	plus	unassigned	B73	22
42032642	plus	unassigned	Teo	9
42032909	plus	unassigned	Teo	30
42032170	minus	unassigned	B73	33
42031996	minus	unassigned	B73	1
42032827	minus	nbr	B73	586
42031805	plus	ppl2	B73	14
42032716	minus	unassigned	B73	480
42031809	minus	unassigned	B73	15
42032747	minus	unassigned	Teo	13
42032364	minus	unassigned	B73	40
42033044	minus	nbr	Teo	13
42032730	minus	unassigned	Teo	15
42032142	plus	unassigned	B73	10
42031640	plus	unassigned	Teo	1
42031823	minus	unassigned	Teo	12
42032395	minus	unassigned	Teo	20
42032627	plus	ppl2	Teo	160
42032406	plus	ppl2	Teo	90
42032206	plus	unassigned	B73	3
42032895	plus	unassigned	B73	1913
42033188	plus	unassigned	B73	15
42033303	minus	nbr	B73	13
42032725	plus	unassigned	B73	1527
42033018	plus	unassigned	B73	26
42032516	plus	unassigned	Teo	11
42033270	plus	unassigned	B73	4
42033269	minus	nbr	B73	25
42033048	minus	nbr	B73	128
42032950	minus	nbr	Teo	3
42033328	plus	unassigned	Teo	1
42033100	plus	unassigned	B73	27
42031894	plus	ppl2	Teo	5
42032728	minus	unassigned	Teo	15
42032345	minus	unassigned	B73	43
42032376	minus	unassigned	Teo	16
42032954	minus	nbr	B73	126
42032733	minus	nbr	B73	2982
42031893	plus	unassigned	B73	1
42032186	plus	unassigned	B73	3
42032016	plus	unassigned	B73	3
42032535	plus	unassigned	B73	10
42031898	plus	ppl2	B73	14
42031677	plus	ppl2	B73	14
42032326	plus	unassigned	Teo	7
42033080	plus	unassigned	B73	32
42032539	minus	unassigned	B73	50
42033347	plus	unassigned	B73	3
42032845	plus	unassigned	Teo	981
42033138	plus	unassigned	Teo	1
42032522	minus	unassigned	B73	63
42033392	minus	nbr	Teo	2
42033171	minus	nbr	Teo	3
42033334	minus	nbr	Teo	1
42032591	plus	ppl2	Teo	204
42032553	minus	unassigned	Teo	26
42032370	plus	ppl2	Teo	77
42032533	plus	ppl2	Teo	223
42031646	minus	unassigned	Teo	7
42032690	minus	unassigned	B73	10
42033396	minus	nbr	B73	4
42033175	minus	nbr	B73	61
42031533	plus	unassigned	B73	1
42033338	minus	nbr	B73	8
42033117	minus	nbr	B73	112
42032595	plus	ppl2	B73	197
42032374	plus	ppl2	B73	83
42032153	plus	ppl2	B73	47
42032537	plus	ppl2	B73	173
42032316	plus	ppl2	B73	49
42032136	plus	unassigned	Teo	6
42033207	minus	nbr	Teo	2
42032579	plus	unassigned	B73	9
42032503	minus	unassigned	B73	2
42032409	plus	unassigned	B73	7
42032884	minus	unassigned	B73	1
42032889	plus	unassigned	Teo	147
42032661	plus	unassigned	B73	3
42032168	minus	unassigned	B73	32
42032928	plus	unassigned	B73	144
42032534	minus	unassigned	Teo	27
42032719	plus	unassigned	Teo	123
42032151	minus	unassigned	B73	28
42031977	minus	unassigned	B73	1
42032971	plus	unassigned	Teo	4
42032860	minus	nbr	B73	240
42031627	minus	unassigned	Teo	3
42032802	minus	nbr	B73	1438
42031960	minus	unassigned	B73	1
42033303	plus	unassigned	B73	3
42032801	plus	unassigned	Teo	880
42032989	minus	nbr	B73	108
42032768	minus	nbr	B73	2830
42032858	minus	nbr	Teo	13
42031577	plus	unassigned	B73	1
42032711	minus	unassigned	Teo	15
42032660	plus	ppl2	Teo	8
42032389	plus	unassigned	B73	8
42031804	minus	unassigned	Teo	11
42032219	plus	unassigned	B73	3
42032865	minus	unassigned	B73	2
42032149	minus	unassigned	B73	23
42032738	plus	unassigned	B73	1780
42032529	plus	unassigned	Teo	11
42032132	minus	unassigned	B73	19
42032990	plus	unassigned	B73	25
42031958	minus	unassigned	B73	1
42033283	plus	unassigned	B73	2
42032781	plus	unassigned	Teo	770
42033074	plus	unassigned	Teo	2
42032820	plus	unassigned	B73	12510
42031941	minus	unassigned	B73	1
42033113	plus	unassigned	B73	19
42033081	minus	nbr	B73	116
42032163	minus	unassigned	Teo	13
42032611	plus	unassigned	Teo	10
42033244	minus	nbr	B73	27
42033023	minus	nbr	B73	115
42032664	plus	ppl2	B73	113
42033113	minus	nbr	Teo	8
42033079	minus	nbr	Teo	13
42032709	minus	unassigned	Teo	15
42032326	minus	unassigned	B73	43
42032357	minus	unassigned	Teo	19
42032340	minus	unassigned	Teo	19
42032895	minus	nbr	B73	72
42031873	plus	ppl2	B73	15
42031652	plus	ppl2	B73	14
42032494	minus	unassigned	B73	2
42032345	plus	unassigned	B73	7
42032985	minus	nbr	Teo	6
42032764	minus	nbr	Teo	116
42032864	plus	unassigned	B73	12699
42033157	plus	unassigned	B73	15
42032655	plus	unassigned	Teo	3
42031905	plus	ppl2	Teo	7
42033030	plus	unassigned	Teo	2
42032307	minus	unassigned	B73	1
42032688	minus	unassigned	B73	6
42032338	minus	unassigned	Teo	19
42032671	minus	unassigned	B73	6
42032321	minus	unassigned	Teo	18
42033371	minus	nbr	B73	4
42033150	minus	nbr	B73	85
42031909	plus	ppl2	B73	21
42032570	plus	ppl2	B73	206
42031795	minus	unassigned	Teo	11
42033240	minus	nbr	Teo	2
42032155	plus	unassigned	B73	9
42032674	plus	unassigned	B73	2
42033369	minus	nbr	Teo	1
42033148	minus	nbr	Teo	4
42032602	plus	ppl2	Teo	197
42032984	plus	unassigned	Teo	1
42032568	plus	ppl2	Teo	214
42032347	plus	ppl2	Teo	57
42032126	plus	ppl2	Teo	11
42032814	plus	unassigned	Teo	905
42032515	minus	unassigned	Teo	27
42033107	plus	unassigned	Teo	2
42032669	minus	unassigned	B73	6
42032652	minus	unassigned	B73	14
42032891	minus	nbr	Teo	1
42032606	plus	ppl2	B73	188
42032833	minus	nbr	Teo	24
42032799	minus	nbr	Teo	68
42032199	plus	unassigned	B73	3
42032029	plus	unassigned	B73	2
42033020	minus	unassigned	B73	1
42032846	minus	unassigned	B73	24
42032548	plus	unassigned	B73	10
42032837	minus	nbr	B73	504
42032339	plus	unassigned	Teo	7
42032111	plus	unassigned	B73	6
42032113	minus	unassigned	B73	19
42031939	minus	unassigned	B73	1
42033093	plus	unassigned	B73	29
42032591	plus	unassigned	Teo	11
42032858	plus	unassigned	Teo	976
42032630	plus	unassigned	B73	8
42031815	plus	ppl2	B73	12
42031922	minus	unassigned	B73	1
42032144	minus	unassigned	Teo	15
42032940	plus	unassigned	Teo	4
42033054	minus	nbr	Teo	13
42031546	plus	unassigned	B73	1
42033018	minus	unassigned	B73	1
42033001	minus	unassigned	B73	1
42032827	minus	unassigned	B73	30
42033313	minus	nbr	B73	10
42032358	plus	unassigned	B73	7
42032149	plus	unassigned	Teo	7
42032810	minus	unassigned	B73	116
42033279	minus	nbr	B73	19
42033058	minus	nbr	B73	109
42032512	plus	ppl2	B73	88
42032960	minus	nbr	Teo	3
42032440	plus	unassigned	B73	1
42032668	plus	unassigned	Teo	2
42031903	minus	unassigned	B73	21
42032841	minus	unassigned	Teo	1
42032125	minus	unassigned	Teo	14
42032750	plus	unassigned	Teo	288
42033043	plus	unassigned	Teo	2
42033316	plus	unassigned	B73	3
42032964	minus	nbr	B73	117
42032743	minus	nbr	B73	3009
42032319	minus	unassigned	Teo	15
42031500	plus	ppl2	B73	14
42031687	plus	ppl2	B73	15
42031672	plus	unassigned	B73	2
42033181	minus	nbr	Teo	3
42031502	plus	unassigned	B73	2
42032380	plus	ppl2	Teo	78
42032314	plus	unassigned	B73	8
42032105	plus	unassigned	Teo	5
42033296	plus	unassigned	B73	3
42032794	plus	unassigned	Teo	892
42033087	plus	unassigned	Teo	2
42032833	plus	unassigned	B73	13164
42033126	plus	unassigned	B73	12
42032624	plus	unassigned	Teo	10
42033185	minus	nbr	B73	50
42032633	minus	unassigned	B73	25
42032384	plus	ppl2	B73	85
42032163	plus	ppl2	B73	47
42032664	minus	unassigned	Teo	1
42033217	minus	nbr	Teo	2
42032637	plus	ppl2	Teo	147
42032124	plus	unassigned	B73	6
42032870	minus	nbr	B73	116
42031894	minus	unassigned	B73	23
42032877	plus	unassigned	B73	6303
42032902	minus	nbr	Teo	1
42032707	plus	unassigned	B73	656
42033252	plus	unassigned	B73	10
42032868	minus	nbr	Teo	4
42032614	minus	unassigned	B73	27
42032995	minus	unassigned	B73	1
42031846	plus	ppl2	Teo	3
42032645	minus	unassigned	Teo	10
42032906	minus	nbr	B73	89
42032808	minus	unassigned	B73	118
42033091	minus	nbr	B73	110
42032168	plus	unassigned	B73	9
42031629	plus	ppl2	B73	15
42032839	minus	unassigned	Teo	1
42032687	plus	unassigned	B73	2
42032822	minus	unassigned	Teo	1
42032517	plus	unassigned	B73	12
42032106	minus	unassigned	Teo	10
42033344	minus	nbr	Teo	1
42033123	minus	nbr	Teo	8
42032997	plus	unassigned	Teo	2
42033062	plus	unassigned	B73	28
42032560	plus	unassigned	Teo	10
42033329	plus	unassigned	B73	3
42032827	plus	unassigned	Teo	962
42033089	minus	nbr	Teo	9
42032322	plus	ppl2	Teo	37
42032543	plus	ppl2	Teo	225
42032976	minus	unassigned	B73	1
42033348	minus	nbr	B73	8
42033127	minus	nbr	B73	107
42032105	plus	ppl2	B73	23
42032547	plus	ppl2	B73	176
42032326	plus	ppl2	B73	48
42032995	minus	nbr	Teo	7
42032774	minus	nbr	Teo	110
42032803	minus	unassigned	Teo	5
42032118	plus	unassigned	Teo	5
42032370	plus	unassigned	Teo	6
42032085	minus	unassigned	B73	4
42032812	minus	nbr	B73	1355
42032643	plus	unassigned	B73	10
42032999	minus	nbr	B73	115
42032778	minus	nbr	B73	2799
42032953	plus	unassigned	Teo	4
42031698	minus	unassigned	B73	13
42033250	minus	nbr	Teo	1
42032670	plus	ppl2	Teo	2
42031559	plus	unassigned	B73	1
42032401	minus	unassigned	B73	49
42032799	minus	unassigned	B73	129
42032782	minus	unassigned	B73	305
42032066	minus	unassigned	B73	1
42031641	plus	unassigned	B73	2
42031908	plus	unassigned	B73	1
42031875	minus	unassigned	B73	19
42033254	minus	nbr	B73	26
42033033	minus	nbr	B73	123
42032972	plus	unassigned	B73	55
42033265	plus	unassigned	B73	9
42032763	plus	unassigned	Teo	469
42033056	plus	unassigned	Teo	2
42032674	plus	ppl2	B73	7
42032802	plus	unassigned	B73	11223
42032616	plus	ppl2	B73	180
42032626	minus	unassigned	Teo	11
42032763	minus	unassigned	B73	333
42032847	minus	nbr	B73	375
42031856	minus	unassigned	B73	14
42031883	plus	ppl2	B73	11
42031662	plus	ppl2	B73	13
42032794	minus	unassigned	Teo	6
42032263	plus	unassigned	B73	1
42031825	plus	ppl2	B73	13
42032716	minus	nbr	Teo	94
42031887	minus	unassigned	Teo	8
42032573	plus	unassigned	Teo	10
42031870	minus	unassigned	Teo	5
42032327	plus	unassigned	B73	8
42032846	plus	unassigned	B73	14100
42033139	plus	unassigned	B73	22
42032637	plus	unassigned	Teo	9
42033391	plus	unassigned	B73	3
42032957	minus	unassigned	B73	1
42032607	minus	unassigned	Teo	16
42033221	plus	unassigned	B73	9
42032940	minus	unassigned	B73	3
42033012	plus	unassigned	Teo	2
42033381	minus	nbr	B73	5
42033160	minus	nbr	B73	71
42033323	minus	nbr	B73	9
42033102	minus	nbr	B73	114
42031681	minus	unassigned	B73	10
42032580	plus	ppl2	B73	208
42033289	minus	nbr	B73	18
42032522	plus	ppl2	B73	166
42033379	minus	nbr	Teo	2
42033158	minus	nbr	Teo	3
42032612	plus	ppl2	Teo	182
42032137	plus	unassigned	B73	9
42031635	plus	unassigned	Teo	1
42032578	plus	ppl2	Teo	215
42032136	plus	ppl2	Teo	14
42032357	plus	ppl2	Teo	71
42032656	plus	unassigned	B73	7
42032938	minus	unassigned	B73	3
42032966	plus	unassigned	Teo	4
42033031	plus	unassigned	B73	28
42032921	minus	unassigned	B73	3
42032974	minus	nbr	B73	120
42032753	minus	nbr	B73	3002
42032586	minus	unassigned	B73	38
42033341	plus	unassigned	Teo	1
42031679	minus	unassigned	B73	10
42032843	minus	nbr	Teo	20
42031662	minus	unassigned	B73	8
42031693	minus	unassigned	Teo	10
42031654	plus	unassigned	B73	2
42031970	plus	unassigned	B73	3
42032567	minus	unassigned	B73	43
42032782	plus	unassigned	B73	8720
42033075	plus	unassigned	B73	30
42032550	minus	unassigned	B73	48
42032612	plus	unassigned	B73	9
42032173	plus	ppl2	B73	49
42032403	plus	unassigned	Teo	2
42032394	plus	ppl2	B73	85
42032598	minus	unassigned	Teo	20
42031643	minus	unassigned	B73	7
42033064	minus	nbr	Teo	13
42032922	plus	unassigned	Teo	8
42032581	minus	unassigned	Teo	21
42033227	minus	nbr	Teo	2
42033006	minus	nbr	Teo	8
42031674	minus	unassigned	Teo	10
42032647	plus	ppl2	Teo	143
42032880	minus	nbr	B73	78
42032744	minus	unassigned	B73	373
42031528	plus	unassigned	B73	1
42033068	minus	nbr	B73	102
42031837	minus	unassigned	B73	16
42032970	minus	nbr	Teo	6
42032775	minus	unassigned	Teo	12
42032912	minus	nbr	Teo	1
42031610	plus	unassigned	B73	1
42031820	minus	unassigned	B73	15
42032392	minus	unassigned	B73	45
42032592	plus	unassigned	B73	9
42031868	minus	unassigned	Teo	5
42032878	minus	nbr	Teo	2
42032859	plus	unassigned	B73	13654
42032383	plus	unassigned	Teo	5
42032422	plus	unassigned	B73	1
42031851	minus	unassigned	Teo	9
42031856	plus	ppl2	Teo	3
42032941	plus	unassigned	B73	103
42033234	plus	unassigned	B73	9
42032732	plus	unassigned	Teo	199
42033025	plus	unassigned	Teo	2
42032916	minus	nbr	B73	109
42031697	plus	ppl2	B73	14
42032725	minus	unassigned	B73	443
42031639	plus	ppl2	B73	15
42031590	plus	unassigned	B73	1
42031818	minus	unassigned	B73	15
42032756	minus	unassigned	Teo	13
42032373	minus	unassigned	B73	42
42031801	minus	unassigned	B73	15
42033191	minus	nbr	Teo	2
42033354	minus	nbr	Teo	1
42033133	minus	nbr	Teo	8
42031849	minus	unassigned	Teo	10
42032390	plus	ppl2	Teo	82
42031832	minus	unassigned	Teo	11
42032111	plus	ppl2	Teo	9
42032553	plus	ppl2	Teo	226
42032332	plus	ppl2	Teo	47
42032985	plus	unassigned	B73	38
42032919	minus	unassigned	B73	3
42033278	plus	unassigned	B73	2
42032776	plus	unassigned	Teo	620
42033069	plus	unassigned	Teo	2
42032902	minus	unassigned	B73	2
42032815	plus	unassigned	B73	12036
42033108	plus	unassigned	B73	23
42032606	plus	unassigned	Teo	10
42033360	plus	unassigned	B73	4
42033195	minus	nbr	B73	42
42033358	minus	nbr	B73	8
42033151	plus	unassigned	Teo	1
42033137	minus	nbr	B73	105
42032336	plus	ppl2	B73	57
42032115	plus	ppl2	B73	29
42032557	plus	ppl2	B73	194
42032784	minus	nbr	Teo	108
42032354	minus	unassigned	B73	46
42032385	minus	unassigned	Teo	18
42031983	plus	unassigned	B73	3
42032822	minus	nbr	B73	632
42032106	plus	unassigned	B73	5
42032788	minus	nbr	B73	1784
42031800	plus	ppl2	B73	11
42032795	plus	unassigned	B73	9915
42033088	plus	unassigned	B73	30
42032586	plus	unassigned	Teo	11
42032625	plus	unassigned	B73	8
42033170	plus	unassigned	B73	14
42032548	minus	unassigned	B73	48
42032935	plus	unassigned	Teo	4
42033000	plus	unassigned	B73	24
42032531	minus	unassigned	B73	54
42032579	minus	unassigned	Teo	20
42032196	minus	unassigned	B73	1
42033310	plus	unassigned	Teo	1
42032562	minus	unassigned	Teo	24
42032680	plus	ppl2	Teo	2
42031655	minus	unassigned	Teo	9
42033264	minus	nbr	B73	25
42033043	minus	nbr	B73	120
42032529	minus	unassigned	B73	54
42032669	plus	unassigned	B73	3
42032512	minus	unassigned	B73	60
42032232	plus	unassigned	B73	3
42033099	minus	nbr	Teo	10
42032893	minus	unassigned	B73	1
42032979	plus	unassigned	Teo	3
42032177	minus	unassigned	B73	1
42032751	plus	unassigned	B73	2763
42033044	plus	unassigned	B73	28
42032542	plus	unassigned	Teo	11
42032543	minus	unassigned	Teo	25
42032809	plus	unassigned	Teo	907
42032160	minus	unassigned	B73	28
42031986	minus	unassigned	B73	1
42031636	minus	unassigned	Teo	3
42033354	plus	unassigned	Teo	1
42031672	plus	ppl2	B73	14
42031893	plus	ppl2	B73	14
42032706	minus	unassigned	B73	438
42032947	minus	nbr	Teo	3
42032726	minus	nbr	Teo	123
42032737	minus	unassigned	Teo	13
42031667	plus	unassigned	B73	2
42032720	minus	unassigned	Teo	15
42031813	minus	unassigned	Teo	13
42032042	plus	unassigned	B73	2
42032874	minus	unassigned	B73	1
42032789	plus	unassigned	Teo	836
42032561	plus	unassigned	B73	9
42032158	minus	unassigned	B73	28
42032352	plus	unassigned	Teo	7
42032619	plus	unassigned	Teo	10
42031967	minus	unassigned	B73	1
42032871	plus	unassigned	Teo	654
42032701	plus	unassigned	Teo	14
42033391	minus	nbr	B73	4
42033170	minus	nbr	B73	68
42032590	plus	ppl2	B73	197
42033202	minus	nbr	Teo	2
42033389	minus	nbr	Teo	2
42033168	minus	nbr	Teo	3
42032718	minus	unassigned	Teo	15
42032622	plus	ppl2	Teo	169
42032401	plus	ppl2	Teo	91
42032335	minus	unassigned	B73	44
42032701	minus	unassigned	Teo	3
42032588	plus	ppl2	Teo	203
42032367	plus	ppl2	Teo	78
42032146	plus	ppl2	Teo	23
42032366	minus	unassigned	Teo	15
42031792	minus	unassigned	B73	13
42031623	plus	unassigned	B73	1
42033206	minus	nbr	B73	37
42032396	plus	unassigned	Teo	2
42032435	plus	unassigned	B73	1
42032626	plus	ppl2	B73	171
42032405	plus	ppl2	B73	88
42032853	minus	nbr	Teo	15
42032954	plus	unassigned	B73	63
42033247	plus	unassigned	B73	9
42032745	plus	unassigned	Teo	259
42033038	plus	unassigned	Teo	2
42033120	plus	unassigned	Teo	2
42032316	minus	unassigned	B73	36
42032697	minus	unassigned	B73	100
42032347	minus	unassigned	Teo	20
42032857	minus	nbr	B73	273
42032680	minus	unassigned	B73	5
42032330	minus	unassigned	Teo	19
42031835	plus	ppl2	B73	12
42031952	plus	unassigned	B73	1
42032245	plus	unassigned	B73	2
42033295	minus	nbr	Teo	1
42033074	minus	nbr	Teo	13
42033057	plus	unassigned	B73	30
42032555	plus	unassigned	Teo	9
42032998	plus	unassigned	B73	22
42033367	plus	unassigned	Teo	1
42032524	minus	unassigned	Teo	27
42032828	plus	unassigned	B73	13114
42032141	minus	unassigned	B73	23
42033373	plus	unassigned	B73	4
42032910	plus	unassigned	B73	541
42031950	minus	unassigned	B73	1
42033203	plus	unassigned	B73	14
42032172	minus	unassigned	Teo	13
42032678	minus	unassigned	B73	6
42033333	minus	nbr	B73	8
42033112	minus	nbr	B73	110
42033299	minus	nbr	B73	14
42033078	minus	nbr	B73	110
42032532	plus	ppl2	B73	144
42032980	minus	nbr	Teo	12
42031996	plus	unassigned	B73	2
42031826	plus	unassigned	B73	2
42032119	plus	unassigned	B73	4
42032599	plus	unassigned	Teo	37
42032371	plus	unassigned	B73	4
42032855	minus	unassigned	B73	3
42032139	minus	unassigned	B73	10
42032638	plus	unassigned	B73	9
42032162	plus	unassigned	Teo	13
42032984	minus	nbr	B73	109
42032763	minus	nbr	B73	656
42032122	minus	unassigned	B73	7
42032201	plus	unassigned	B73	1
42032890	plus	unassigned	B73	1065
42033183	plus	unassigned	B73	9
42032948	plus	unassigned	Teo	11
42032720	plus	unassigned	B73	661
42033013	plus	unassigned	B73	5
42032511	plus	unassigned	Teo	40
42032153	minus	unassigned	Teo	12
42033323	plus	unassigned	Teo	1
42031636	plus	unassigned	B73	4
42032181	plus	unassigned	B73	1
42032836	minus	unassigned	B73	10
42032011	plus	unassigned	B73	1
42032601	plus	ppl2	B73	122
42032850	minus	unassigned	Teo	1
42032134	minus	unassigned	Teo	12
42032321	plus	unassigned	Teo	18
42032764	plus	unassigned	B73	2262
42033237	minus	nbr	Teo	7
42033016	minus	nbr	Teo	9
42032657	plus	ppl2	Teo	92
42032904	plus	unassigned	Teo	94
42032890	minus	nbr	B73	72
42032328	minus	unassigned	Teo	13
42032661	minus	unassigned	B73	3
42031754	minus	unassigned	B73	1
42032922	minus	nbr	Teo	9
42032888	minus	nbr	Teo	6
42031762	plus	unassigned	B73	1
42031900	plus	ppl2	Teo	28
42031866	plus	ppl2	Teo	16
42031645	plus	ppl2	Teo	3
42032574	plus	unassigned	B73	10
42032365	plus	unassigned	Teo	20
42032404	plus	unassigned	B73	3
42033386	plus	unassigned	B73	1
42032884	plus	unassigned	Teo	492
42033177	plus	unassigned	Teo	5
42032923	plus	unassigned	B73	110
42033216	plus	unassigned	B73	5
42032714	plus	unassigned	Teo	391
42033007	plus	unassigned	Teo	7
42032926	minus	nbr	B73	89
42031904	plus	ppl2	B73	16
42032659	minus	unassigned	B73	3
42032642	minus	unassigned	B73	21
42031649	plus	ppl2	B73	11
42031735	minus	unassigned	B73	1
42033364	minus	nbr	Teo	1
42033143	minus	nbr	Teo	15
42032121	plus	ppl2	Teo	42
42032563	plus	ppl2	Teo	631
42032342	plus	ppl2	Teo	144
42032384	plus	unassigned	B73	4
42032175	plus	unassigned	Teo	14
42032967	plus	unassigned	B73	11
42033368	minus	nbr	B73	2
42033147	minus	nbr	B73	68
42032758	plus	unassigned	Teo	906
42032530	plus	unassigned	B73	12
42032346	plus	ppl2	B73	50
42032125	plus	ppl2	B73	19
42032567	plus	ppl2	B73	136
42033342	plus	unassigned	B73	1
42032794	minus	nbr	Teo	33
42032840	plus	unassigned	Teo	1419
42032623	minus	unassigned	B73	22
42033133	plus	unassigned	Teo	9
42032832	minus	nbr	B73	284
42032798	minus	nbr	B73	450
42031810	plus	ppl2	B73	11
42032817	minus	unassigned	B73	21
42031965	plus	unassigned	B73	1
42032258	plus	unassigned	B73	1
42032800	minus	unassigned	B73	54
42032848	minus	unassigned	Teo	1
42032777	plus	unassigned	B73	3063
42032568	plus	unassigned	Teo	37
42032340	plus	unassigned	B73	4
42032831	minus	unassigned	Teo	2
42032607	plus	unassigned	B73	9
42032115	minus	unassigned	Teo	10
42032131	plus	unassigned	Teo	10
42033270	minus	nbr	Teo	4
42033152	plus	unassigned	B73	16
42032650	plus	unassigned	Teo	2
42031808	plus	ppl2	Teo	6
42032917	plus	unassigned	Teo	32
42032632	plus	ppl2	Teo	491
42033274	minus	nbr	B73	21
42033053	minus	nbr	B73	99
42033216	minus	nbr	B73	34
42033353	minus	unassigned	B73	1
42032636	plus	ppl2	B73	104
42032829	minus	unassigned	Teo	2
42033306	minus	nbr	Teo	3
42032378	plus	unassigned	Teo	20
42032150	plus	unassigned	B73	4
42032812	minus	unassigned	Teo	3
42031839	plus	unassigned	B73	2
42031905	minus	unassigned	Teo	7
42032214	plus	unassigned	B73	1
42033196	plus	unassigned	B73	8
42032733	plus	unassigned	B73	885
42033026	plus	unassigned	B73	5
42032901	minus	nbr	B73	72
42032524	plus	unassigned	Teo	42
42032867	minus	nbr	B73	103
42033336	plus	unassigned	Teo	1
42031682	plus	ppl2	B73	13
42031845	plus	ppl2	B73	8
42032957	minus	nbr	Teo	12
42032736	minus	nbr	Teo	49
42033334	minus	unassigned	B73	1
42031649	plus	unassigned	B73	3
42032194	plus	unassigned	B73	1
42032791	minus	unassigned	B73	57
42031884	minus	unassigned	B73	7
42032543	plus	unassigned	B73	11
42032334	plus	unassigned	Teo	19
42033180	minus	nbr	B73	40
42033343	minus	nbr	B73	9
42033122	minus	nbr	B73	98
42033355	plus	unassigned	B73	1
42032853	plus	unassigned	Teo	1390
42033146	plus	unassigned	Teo	10
42033088	minus	nbr	B73	106
42032321	plus	ppl2	B73	47
42032542	plus	ppl2	B73	143
42033212	minus	nbr	Teo	7
42032604	minus	unassigned	B73	26
42033399	minus	nbr	Teo	1
42033178	minus	nbr	Teo	8
42032635	minus	unassigned	Teo	14
42032377	plus	ppl2	Teo	221
42032156	plus	ppl2	Teo	70
42032598	plus	ppl2	Teo	586
42032319	plus	ppl2	Teo	108
42032789	minus	unassigned	B73	62
42032994	minus	nbr	B73	128
42032773	minus	nbr	B73	652
42031775	plus	unassigned	B73	1
42032144	plus	unassigned	Teo	11
42032863	minus	nbr	Teo	16
42032805	minus	nbr	Teo	34
42032587	plus	unassigned	B73	9
42031841	plus	ppl2	Teo	5
42033399	plus	unassigned	B73	1
42032897	plus	unassigned	Teo	140
42033157	minus	unassigned	B73	1
42032936	plus	unassigned	B73	50
42033229	plus	unassigned	B73	4
42032727	plus	unassigned	Teo	512
42033140	minus	unassigned	B73	1
42032966	minus	unassigned	B73	1
42032616	minus	unassigned	Teo	15
42033102	plus	unassigned	Teo	9
42032809	minus	nbr	B73	430
42031690	minus	unassigned	B73	2
42032397	plus	unassigned	B73	3
42033084	minus	nbr	Teo	18
42031934	plus	unassigned	B73	1
42033247	minus	nbr	Teo	7
42033026	minus	nbr	Teo	16
42032227	plus	unassigned	B73	1
42032410	minus	unassigned	B73	34
42032667	plus	ppl2	Teo	81
42032746	plus	unassigned	B73	1301
42033039	plus	unassigned	B73	6
42031503	minus	unassigned	B73	2
42032537	plus	unassigned	Teo	41
42032947	minus	unassigned	B73	1
42033082	plus	unassigned	Teo	7
42033349	plus	unassigned	Teo	4
42033121	plus	unassigned	B73	12
42032930	minus	unassigned	B73	1
42032595	minus	unassigned	B73	30
42031688	minus	unassigned	B73	2
42032990	minus	nbr	Teo	13
42032932	minus	nbr	Teo	10
42032711	minus	nbr	Teo	21
42031671	minus	unassigned	B73	2
42032898	minus	nbr	Teo	7
42031910	plus	ppl2	Teo	29
42033315	minus	unassigned	B73	1
42031876	plus	ppl2	Teo	18
42031655	plus	ppl2	Teo	3
42032408	minus	unassigned	B73	34
42031978	plus	unassigned	B73	1
42032772	minus	unassigned	B73	98
42031808	plus	unassigned	B73	2
42032936	minus	nbr	B73	103
42032715	minus	nbr	B73	279
42031865	minus	unassigned	B73	5
42032353	plus	unassigned	B73	4
42032872	plus	unassigned	B73	4248
42031896	minus	unassigned	Teo	7
42033165	plus	unassigned	B73	10
42031659	plus	ppl2	B73	11
42032702	plus	unassigned	B73	79
42033374	minus	nbr	Teo	1
42033305	plus	unassigned	Teo	1
42033153	minus	nbr	Teo	14
42032352	plus	ppl2	Teo	154
42032131	plus	ppl2	Teo	53
42032573	plus	ppl2	Teo	638
42031788	plus	unassigned	B73	1
42032753	minus	unassigned	B73	101
42032403	minus	unassigned	Teo	14
42031870	plus	unassigned	B73	2
42031846	minus	unassigned	B73	5
42033378	minus	nbr	B73	2
42033157	minus	nbr	B73	58
42032784	minus	unassigned	Teo	8
42032611	plus	ppl2	B73	117
42032163	plus	unassigned	B73	4
42031700	plus	unassigned	B73	1
42032135	plus	ppl2	B73	23
42032577	plus	ppl2	B73	140
42031877	minus	unassigned	Teo	3
42032356	plus	ppl2	B73	57
42032512	plus	unassigned	B73	12
42031860	minus	unassigned	Teo	2
42032992	plus	unassigned	Teo	6
42033285	plus	unassigned	Teo	1
42032822	plus	unassigned	Teo	1489
42033115	plus	unassigned	Teo	9
42032609	plus	ppl2	Teo	546
42032842	minus	nbr	B73	275
42031820	plus	ppl2	B73	9
42032734	minus	unassigned	B73	107
42031827	minus	unassigned	B73	6
42032399	minus	unassigned	B73	26
42032765	minus	unassigned	Teo	8
42032382	minus	unassigned	B73	21
42033280	minus	nbr	Teo	4
42031858	minus	unassigned	Teo	2
42031818	plus	ppl2	Teo	7
42032556	plus	unassigned	B73	11
42032347	plus	unassigned	Teo	19
42032928	minus	unassigned	B73	1
42033368	plus	unassigned	B73	1
42032866	plus	unassigned	Teo	1010
42033159	plus	unassigned	Teo	6
42032905	plus	unassigned	B73	339
42032576	minus	unassigned	B73	32
42033284	minus	nbr	B73	19
42033241	plus	unassigned	Teo	4
42033063	minus	nbr	B73	99
42031669	minus	unassigned	B73	2
42031652	minus	unassigned	B73	1
42032590	minus	unassigned	Teo	18
42033316	minus	nbr	Teo	3
42031683	minus	unassigned	Teo	3
42032515	plus	ppl2	Teo	470
42032366	plus	unassigned	B73	4
42032157	plus	unassigned	Teo	12
42033178	plus	unassigned	B73	10
42031692	plus	ppl2	B73	14
42032557	minus	unassigned	B73	33
42033051	plus	unassigned	Teo	9
42032949	plus	unassigned	B73	40
42032519	plus	ppl2	B73	127
42032967	minus	nbr	Teo	12
42032746	minus	nbr	Teo	49
42032540	minus	unassigned	B73	31
42032588	minus	unassigned	Teo	18
42031503	plus	ppl2	Teo	4
42031633	minus	unassigned	B73	2
42032571	minus	unassigned	Teo	21
42031664	minus	unassigned	Teo	3
42033190	minus	nbr	B73	32
42031680	plus	unassigned	B73	2
42031947	plus	unassigned	B73	1
42031810	minus	unassigned	B73	6
42032538	minus	unassigned	B73	30
42033222	minus	nbr	Teo	7
42033001	minus	nbr	Teo	12
42032759	plus	unassigned	B73	2062
42032322	plus	unassigned	B73	4
42031841	minus	unassigned	Teo	2
42032113	plus	unassigned	Teo	4
42033188	minus	nbr	Teo	6
42032642	plus	ppl2	Teo	474
42032569	minus	unassigned	Teo	21
42033095	plus	unassigned	Teo	8
42032841	plus	unassigned	B73	6168
42033134	plus	unassigned	B73	12
42032632	plus	unassigned	Teo	31
42032166	plus	ppl2	Teo	85
42032387	plus	ppl2	Teo	222
42033226	minus	nbr	B73	31
42033005	minus	nbr	B73	135
42033287	minus	unassigned	B73	1
42032715	minus	unassigned	B73	114
42032646	plus	ppl2	B73	100
42033270	minus	unassigned	B73	1
42032873	minus	nbr	Teo	9
42031808	minus	unassigned	B73	6
42032746	minus	unassigned	Teo	8
42031757	plus	unassigned	B73	1
42031851	plus	ppl2	Teo	9
42032363	minus	unassigned	B73	25
42031630	plus	ppl2	Teo	3
42031839	minus	unassigned	Teo	2
42032394	minus	unassigned	Teo	10
42032132	plus	unassigned	B73	5
42031822	minus	unassigned	Teo	2
42032911	minus	nbr	B73	84
42031903	plus	unassigned	B73	2
42032885	plus	unassigned	B73	1571
42032877	minus	nbr	B73	75
42032819	minus	nbr	B73	296
42032715	plus	unassigned	B73	578
42033008	plus	unassigned	B73	5
42031634	plus	ppl2	B73	11
42031855	plus	ppl2	B73	8
42033260	plus	unassigned	B73	4
42033318	plus	unassigned	Teo	1
42032909	minus	nbr	Teo	8
42033268	minus	unassigned	B73	1
42033400	plus	unassigned	Teo	4
42033251	minus	unassigned	B73	1
42033094	minus	nbr	Teo	15
42032727	minus	unassigned	Teo	8
42032344	minus	unassigned	B73	19
42032710	minus	unassigned	Teo	8
42032375	minus	unassigned	Teo	11
42031803	minus	unassigned	Teo	2
42031883	plus	unassigned	B73	2
42032176	plus	unassigned	B73	4
42032006	plus	unassigned	B73	2
42033353	minus	nbr	B73	9
42033132	minus	nbr	B73	96
42032695	plus	unassigned	B73	2
42032525	plus	unassigned	B73	12
42033098	minus	nbr	B73	99
42032552	plus	ppl2	B73	151
42032331	plus	ppl2	B73	47
42032316	plus	unassigned	Teo	18
42032110	plus	ppl2	B73	18
42033298	plus	unassigned	Teo	1
42033070	plus	unassigned	B73	13
42033337	plus	unassigned	B73	1
42032835	plus	unassigned	Teo	1404
42033128	plus	unassigned	Teo	9
42032521	minus	unassigned	B73	33
42033380	plus	unassigned	Teo	4
42033249	minus	unassigned	B73	1
42033210	plus	unassigned	Teo	5
42032552	minus	unassigned	Teo	23
42032108	plus	ppl2	Teo	33
42032329	plus	ppl2	Teo	124
42031645	minus	unassigned	Teo	1
42032783	minus	nbr	B73	648
42032946	minus	nbr	B73	111
42031799	minus	unassigned	B73	5
42031693	plus	unassigned	B73	1
42031782	minus	unassigned	B73	1
42032815	minus	nbr	Teo	35
42032126	plus	unassigned	Teo	5
42032519	minus	unassigned	B73	32
42032569	plus	unassigned	B73	10
42033190	plus	unassigned	Teo	5
42032879	plus	unassigned	Teo	526
42032651	plus	unassigned	B73	1
42032883	minus	unassigned	B73	1
42032167	minus	unassigned	B73	12
42032918	plus	unassigned	B73	120
42032533	minus	unassigned	Teo	24
42032709	plus	unassigned	Teo	361
42032150	minus	unassigned	B73	13
42032961	plus	unassigned	Teo	10
42033254	plus	unassigned	Teo	1
42033201	minus	nbr	B73	30
42033388	minus	nbr	B73	2
42032621	plus	ppl2	B73	113
42032400	plus	ppl2	B73	65
42032587	plus	ppl2	B73	129
42032366	plus	ppl2	B73	58
42033257	minus	nbr	Teo	7
42033036	minus	nbr	Teo	18
42032677	plus	ppl2	Teo	55
42032379	plus	unassigned	B73	4
42032619	plus	ppl2	Teo	519
42032209	plus	unassigned	B73	1
42032898	plus	unassigned	B73	565
42032148	minus	unassigned	B73	13
42032864	minus	unassigned	B73	1
42032514	minus	unassigned	Teo	23
42032728	plus	unassigned	B73	817
42032519	plus	unassigned	Teo	42
42032131	minus	unassigned	B73	9
42032980	plus	unassigned	B73	11
42032852	minus	nbr	B73	197
42033273	plus	unassigned	B73	1
42032771	plus	unassigned	Teo	1099
42033064	plus	unassigned	Teo	8
42032810	plus	unassigned	B73	5296
42033103	plus	unassigned	B73	15
42032601	plus	unassigned	Teo	37
42032162	minus	unassigned	Teo	11
42031830	plus	ppl2	B73	8
42032942	minus	nbr	Teo	10
42032721	minus	nbr	Teo	43
42031665	plus	ppl2	Teo	4
42031886	plus	ppl2	Teo	16
42031828	plus	ppl2	Teo	7
42032708	minus	unassigned	Teo	8
42032325	minus	unassigned	B73	17
42032189	plus	unassigned	B73	1
42032356	minus	unassigned	Teo	13
42032725	minus	nbr	B73	611
42032581	plus	unassigned	Teo	37
42031669	plus	ppl2	B73	13
42032335	plus	unassigned	B73	4
42032854	plus	unassigned	B73	6097
42033147	plus	unassigned	B73	16
42032645	plus	unassigned	Teo	30
42033384	minus	nbr	Teo	1
42033163	minus	nbr	Teo	12
42033326	minus	nbr	Teo	3
42033105	minus	nbr	Teo	13
42032583	plus	ppl2	Teo	613
42032362	plus	ppl2	Teo	197
42032141	plus	ppl2	Teo	59
42033020	plus	unassigned	Teo	6
42032525	plus	ppl2	Teo	574
42032687	minus	unassigned	B73	1
42032337	minus	unassigned	Teo	13
42032670	minus	unassigned	B73	3
42032320	minus	unassigned	Teo	14
42033167	minus	nbr	B73	50
42031763	minus	unassigned	B73	1
42033109	minus	nbr	B73	103
42032145	plus	ppl2	B73	24
42031794	minus	unassigned	Teo	2
42031852	plus	unassigned	B73	3
42032529	plus	ppl2	B73	144
42032977	minus	nbr	Teo	12
42032756	minus	nbr	Teo	48
42032145	plus	unassigned	B73	4
42031792	plus	ppl2	Teo	6
42032974	plus	unassigned	Teo	12
42033267	plus	unassigned	Teo	1
42032804	plus	unassigned	Teo	1518
42032668	minus	unassigned	B73	3
42032318	minus	unassigned	Teo	14
42032651	minus	unassigned	B73	3
42031796	plus	ppl2	B73	14
42032699	minus	unassigned	Teo	1
42031744	minus	unassigned	B73	1
42033290	minus	nbr	Teo	4
42033232	minus	nbr	Teo	7
42033011	minus	nbr	Teo	10
42032652	plus	ppl2	Teo	92
42031896	plus	unassigned	B73	2
42032397	plus	ppl2	Teo	221
42032019	plus	unassigned	B73	1
42032129	minus	unassigned	B73	8
42032845	minus	unassigned	B73	6
42032538	plus	unassigned	B73	11
42032112	minus	unassigned	B73	7
42032329	plus	unassigned	Teo	18
42032790	plus	unassigned	B73	4553
42033083	plus	unassigned	B73	14
42033294	minus	nbr	B73	14
42033073	minus	nbr	B73	112
42032848	plus	unassigned	Teo	1373
42032620	plus	unassigned	B73	9
42033236	minus	nbr	B73	30
42033015	minus	nbr	B73	120
42032411	plus	unassigned	Teo	12
42032143	minus	unassigned	Teo	12
42033393	plus	unassigned	Teo	4
42032930	plus	unassigned	Teo	13
42032656	plus	ppl2	B73	28
42033223	plus	unassigned	Teo	5
42032883	minus	nbr	Teo	6
42031640	plus	ppl2	Teo	3
42031861	plus	ppl2	Teo	12
42032921	minus	nbr	B73	87
42032887	minus	nbr	B73	71
42032826	minus	unassigned	B73	19
42032348	plus	unassigned	B73	4
42032139	plus	unassigned	Teo	11
42031865	plus	ppl2	B73	11
42031644	plus	ppl2	B73	11
42032867	plus	unassigned	B73	4553
42032857	minus	unassigned	Teo	1
42032391	plus	unassigned	Teo	17
42032658	plus	unassigned	Teo	1
42031902	minus	unassigned	B73	7
42032840	minus	unassigned	Teo	1
42032124	minus	unassigned	Teo	11
42032919	minus	nbr	Teo	9
42033242	plus	unassigned	B73	4
42032740	plus	unassigned	Teo	570
42033033	plus	unassigned	Teo	6
42033363	minus	nbr	B73	3
42033142	minus	nbr	B73	88
42032807	minus	unassigned	B73	51
42032120	plus	ppl2	B73	19
42032562	plus	ppl2	B73	136
42032341	plus	ppl2	B73	51
42032838	minus	unassigned	Teo	1
42033198	minus	nbr	Teo	6
42032176	plus	ppl2	Teo	100
42032993	plus	unassigned	B73	5
42032339	plus	ppl2	Teo	143
42032118	plus	ppl2	Teo	40
42032784	plus	unassigned	Teo	1487
42033077	plus	unassigned	Teo	7
42032823	plus	unassigned	B73	5607
42033116	plus	unassigned	B73	14
42032614	plus	unassigned	Teo	37
42032793	minus	nbr	B73	446
42032649	minus	unassigned	B73	20
42032632	minus	unassigned	B73	22
42032825	minus	nbr	Teo	25
42031803	plus	ppl2	Teo	6
42031991	plus	unassigned	B73	2
42031821	plus	unassigned	B73	2
42032114	plus	unassigned	B73	4
42033096	plus	unassigned	B73	14
42032594	plus	unassigned	Teo	37
42031893	minus	unassigned	B73	6
42032633	plus	unassigned	B73	9
42032829	minus	nbr	B73	301
42032943	plus	unassigned	Teo	13
42031807	plus	ppl2	B73	13
42033236	plus	unassigned	Teo	5
42032613	minus	unassigned	B73	22
42033301	minus	nbr	Teo	3
42033267	minus	nbr	Teo	4
42033046	minus	nbr	Teo	19
42032644	minus	unassigned	Teo	13
42033305	minus	nbr	B73	14
42031865	plus	unassigned	B73	2
42032158	plus	unassigned	B73	4
42032952	minus	nbr	Teo	13
42032731	minus	nbr	Teo	47
42032240	plus	unassigned	B73	1
42032821	minus	unassigned	Teo	2
42032105	minus	unassigned	Teo	10
42032987	plus	unassigned	Teo	6
42033166	minus	unassigned	B73	1
42033052	plus	unassigned	B73	13
42032550	plus	unassigned	Teo	40
42032817	plus	unassigned	Teo	1507
42031896	plus	ppl2	Teo	27
42031675	plus	ppl2	Teo	5
42033362	plus	unassigned	Teo	4
42032956	minus	nbr	B73	112
42032735	minus	nbr	B73	640
42031675	plus	unassigned	B73	2
42031679	plus	ppl2	B73	13
42033343	minus	unassigned	B73	1
42032819	minus	unassigned	Teo	2
42033394	minus	nbr	Teo	1
42033173	minus	nbr	Teo	8
42032802	minus	unassigned	Teo	5
42032317	plus	unassigned	B73	4
42032108	plus	unassigned	Teo	4
42032797	plus	unassigned	Teo	1532
42032151	plus	ppl2	Teo	70
42032593	plus	ppl2	Teo	605
42032360	plus	unassigned	Teo	19
42032372	plus	ppl2	Teo	211
42032627	plus	unassigned	Teo	34
42033172	plus	unassigned	Teo	5
42033002	plus	unassigned	Teo	7
42033211	minus	nbr	B73	31
42031697	minus	unassigned	B73	3
42033398	minus	nbr	B73	2
42033177	minus	nbr	B73	41
42032631	plus	ppl2	B73	108
42032410	plus	ppl2	B73	65
42031680	minus	unassigned	B73	2
42032376	plus	ppl2	B73	58
42032155	plus	ppl2	B73	27
42032597	plus	ppl2	B73	129
42033324	minus	unassigned	B73	1
42033209	minus	nbr	Teo	7
42032629	plus	ppl2	Teo	496
42032408	plus	ppl2	Teo	240
42032400	minus	unassigned	B73	29
42032798	minus	unassigned	B73	56
42031631	plus	unassigned	B73	4
42032781	minus	unassigned	B73	97
42032862	minus	nbr	B73	106
42031874	minus	unassigned	B73	4
42031840	plus	ppl2	B73	8
42032962	plus	unassigned	B73	15
42033255	plus	unassigned	B73	4
42032753	plus	unassigned	Teo	694
42033046	plus	unassigned	Teo	6
42031838	plus	ppl2	Teo	6
42032625	minus	unassigned	Teo	15
42032779	minus	unassigned	B73	97
42031878	plus	unassigned	B73	2
42032762	minus	unassigned	B73	97
42031960	plus	unassigned	B73	1
42031855	minus	unassigned	B73	5
42033083	minus	nbr	B73	109
42032793	minus	unassigned	Teo	5
42032253	plus	unassigned	B73	1
42031886	minus	unassigned	Teo	7
42032563	plus	unassigned	Teo	37
42033336	minus	nbr	Teo	1
42033115	minus	nbr	Teo	15
42033147	minus	unassigned	B73	1
42032836	plus	unassigned	B73	5916
42033129	plus	unassigned	B73	11
42032314	plus	ppl2	Teo	100
42032535	plus	ppl2	Teo	617
42033381	plus	unassigned	B73	1
42032956	minus	unassigned	B73	1
42032606	minus	unassigned	Teo	18
42033211	plus	unassigned	B73	8
42033119	minus	nbr	B73	98
42032800	minus	nbr	Teo	33
42032539	plus	ppl2	B73	143
42032318	plus	ppl2	B73	47
42032987	minus	nbr	Teo	13
42032766	minus	nbr	Teo	50
42032391	minus	unassigned	B73	21
42031834	plus	unassigned	B73	2
42032127	plus	unassigned	B73	4
42032646	plus	unassigned	B73	9
42032170	plus	unassigned	Teo	14
42033191	plus	unassigned	B73	8
42032937	minus	unassigned	B73	1
42032956	plus	unassigned	Teo	8
42032804	minus	nbr	B73	428
42033249	plus	unassigned	Teo	1
42033021	plus	unassigned	B73	5
42032585	minus	unassigned	B73	29
42033331	plus	unassigned	Teo	1
42031678	minus	unassigned	B73	2
42031661	minus	unassigned	B73	2
42033242	minus	nbr	Teo	7
42033021	minus	nbr	Teo	9
42031692	minus	unassigned	Teo	3
42033305	minus	unassigned	B73	1
42032662	plus	ppl2	Teo	91
42032604	plus	ppl2	Teo	557
42031644	plus	unassigned	B73	3
42032412	minus	unassigned	Teo	1
42033059	plus	unassigned	Teo	8
42033246	minus	nbr	B73	26
42033025	minus	nbr	B73	115
42032566	minus	unassigned	B73	33
42032772	plus	unassigned	B73	2676
42033065	plus	unassigned	B73	13
42032666	plus	ppl2	B73	17
42032893	minus	nbr	Teo	7
42032602	plus	unassigned	B73	9
42032608	plus	ppl2	B73	119
42031659	minus	unassigned	B73	2
42032597	minus	unassigned	Teo	18
42033375	plus	unassigned	Teo	4
42031871	plus	ppl2	Teo	16
42031650	plus	ppl2	Teo	3
42031642	minus	unassigned	B73	2
42032912	plus	unassigned	Teo	66
42032580	minus	unassigned	Teo	20
42033205	plus	unassigned	Teo	5
42031673	minus	unassigned	Teo	3
42032931	minus	nbr	B73	101
42032710	minus	nbr	B73	135
42032897	minus	nbr	B73	72
42031688	plus	unassigned	B73	2
42032839	minus	nbr	B73	279
42032743	minus	unassigned	B73	105
42031875	plus	ppl2	B73	13
42031654	plus	ppl2	B73	11
42031770	plus	unassigned	B73	1
42031817	plus	ppl2	B73	9
42031836	minus	unassigned	B73	6
42032774	minus	unassigned	Teo	8
42032929	minus	nbr	Teo	9
42032708	minus	nbr	Teo	1
42032582	plus	unassigned	B73	9
42031867	minus	unassigned	Teo	2
42032849	plus	unassigned	B73	6198
42032373	plus	unassigned	Teo	20
42031850	minus	unassigned	Teo	2
42031907	plus	ppl2	Teo	29
42032412	plus	unassigned	B73	1
42033394	plus	unassigned	B73	1
42032892	plus	unassigned	Teo	219
42033185	plus	unassigned	Teo	5
42032931	plus	unassigned	B73	63
42033224	plus	unassigned	B73	4
42032722	plus	unassigned	Teo	463
42033015	plus	unassigned	Teo	7
42033373	minus	nbr	B73	2
42033152	minus	nbr	B73	65
42033315	minus	nbr	B73	12
42033296	minus	unassigned	B73	1
42032724	minus	unassigned	B73	111
42032351	plus	ppl2	B73	57
42032130	plus	ppl2	B73	22
42032572	plus	ppl2	B73	141
42032514	plus	ppl2	B73	68
42032389	minus	unassigned	B73	21
42031817	minus	unassigned	B73	5
42032755	minus	unassigned	Teo	8
42032372	minus	unassigned	B73	22
42031800	minus	unassigned	B73	5
42032392	plus	unassigned	B73	3
42031848	minus	unassigned	Teo	2
42031831	minus	unassigned	Teo	2
42032349	plus	ppl2	Teo	153
42032128	plus	ppl2	Teo	53
42032975	plus	unassigned	B73	10
42033268	plus	unassigned	B73	4
42032766	plus	unassigned	Teo	1002
42032966	minus	nbr	B73	108
42032745	minus	nbr	B73	656
42032805	plus	unassigned	B73	5199
42033350	plus	unassigned	B73	1
42031502	plus	ppl2	B73	13
42033141	plus	unassigned	Teo	10
42032835	minus	nbr	Teo	25
42031689	plus	ppl2	B73	13
42033277	minus	unassigned	B73	1
42033260	minus	unassigned	B73	1
42031813	plus	ppl2	Teo	7
42032353	minus	unassigned	B73	22
42032384	minus	unassigned	Teo	11
42031973	plus	unassigned	B73	1
42031803	plus	unassigned	B73	2
42032785	plus	unassigned	B73	4476
42033221	minus	nbr	B73	32
42033078	plus	unassigned	B73	13
42033000	minus	nbr	B73	129
42032576	plus	unassigned	Teo	37
42032615	plus	unassigned	B73	9
42032406	plus	unassigned	Teo	16
42033187	minus	nbr	B73	34
42032641	plus	ppl2	B73	104
42033388	plus	unassigned	Teo	4
42033160	plus	unassigned	B73	11
42032547	minus	unassigned	B73	33
42032925	plus	unassigned	Teo	14
42033311	minus	nbr	Teo	3
42033218	plus	unassigned	Teo	5
42032386	plus	ppl2	B73	60
42032530	minus	unassigned	B73	32
42032165	plus	ppl2	B73	29
42032578	minus	unassigned	Teo	21
42033277	minus	nbr	Teo	4
42033056	minus	nbr	Teo	19
42033300	plus	unassigned	Teo	1
42033219	minus	nbr	Teo	7
42032561	minus	unassigned	Teo	21
42032639	plus	ppl2	Teo	474
42031654	minus	unassigned	Teo	3
42032872	minus	nbr	B73	74
42031850	plus	ppl2	B73	8
42032962	minus	nbr	Teo	12
42032741	minus	nbr	Teo	49
42032386	plus	unassigned	Teo	18
42032904	minus	nbr	Teo	7
42031847	plus	unassigned	B73	2
42032528	minus	unassigned	B73	32
42031685	plus	ppl2	Teo	6
42032511	minus	unassigned	B73	33
42032222	plus	unassigned	B73	1
42031627	plus	ppl2	Teo	3
42031848	plus	ppl2	Teo	8
42032559	minus	unassigned	Teo	21
42032969	plus	unassigned	Teo	12
42032741	plus	unassigned	B73	970
42032892	minus	unassigned	B73	1
42032176	minus	unassigned	B73	12
42033034	plus	unassigned	B73	6
42032542	minus	unassigned	Teo	23
42032532	plus	unassigned	Teo	41
42031635	minus	unassigned	Teo	1
42033344	plus	unassigned	Teo	4
42032908	minus	nbr	B73	77
42033093	minus	nbr	B73	101
42032705	minus	unassigned	B73	96
42032736	minus	unassigned	Teo	8
42033183	minus	nbr	Teo	8
42033346	minus	nbr	Teo	1
42033125	minus	nbr	Teo	16
42031829	minus	unassigned	Teo	2
42032382	plus	ppl2	Teo	220
42032161	plus	ppl2	Teo	78
42032545	plus	ppl2	Teo	617
42031812	minus	unassigned	Teo	2
42032324	plus	ppl2	Teo	110
42032988	plus	unassigned	B73	5
42032779	plus	unassigned	Teo	1308
42032551	plus	unassigned	B73	11
42032873	minus	unassigned	B73	1
42032157	minus	unassigned	B73	13
42032342	plus	unassigned	Teo	19
42032609	plus	unassigned	Teo	37
42032140	minus	unassigned	B73	10
42033363	plus	unassigned	B73	1
42032861	plus	unassigned	Teo	1301
42033154	plus	unassigned	Teo	9
42032171	minus	unassigned	Teo	12
42033129	minus	nbr	B73	96
42032810	minus	nbr	Teo	34
42032107	plus	ppl2	B73	16
42032549	plus	ppl2	B73	150
42032328	plus	ppl2	B73	46
42033258	minus	unassigned	B73	1
42032997	minus	nbr	Teo	14
42032776	minus	nbr	Teo	50
42032717	minus	unassigned	Teo	8
42032334	minus	unassigned	B73	18
42032700	minus	unassigned	Teo	1
42032365	minus	unassigned	Teo	10
42032814	minus	nbr	B73	408
42031783	plus	unassigned	B73	1
42031791	minus	unassigned	B73	5
42032152	plus	unassigned	Teo	12
42032595	plus	unassigned	B73	9
42033198	plus	unassigned	Teo	5
42032944	plus	unassigned	B73	46
42033237	plus	unassigned	B73	4
42032735	plus	unassigned	Teo	542
42033028	plus	unassigned	Teo	7
42033252	minus	nbr	Teo	7
42033031	minus	nbr	Teo	17
42033110	plus	unassigned	Teo	10
42032672	plus	ppl2	Teo	73
42032315	minus	unassigned	B73	13
42032696	minus	unassigned	B73	7
42032346	minus	unassigned	Teo	13
42031789	minus	unassigned	B73	5
42031772	minus	unassigned	B73	1
42033256	minus	nbr	B73	25
42033035	minus	nbr	B73	114
42032676	plus	ppl2	B73	1
42031942	plus	unassigned	B73	1
42032235	plus	unassigned	B73	1
42031881	plus	ppl2	Teo	16
42032754	plus	unassigned	B73	1751
42031660	plus	ppl2	Teo	4
42033047	plus	unassigned	B73	11
42032545	plus	unassigned	Teo	40
42033090	plus	unassigned	Teo	7
42033357	plus	unassigned	Teo	4
42032523	minus	unassigned	Teo	23
42032818	plus	unassigned	B73	5506
42032941	minus	nbr	B73	109
42032720	minus	nbr	B73	592
42032900	plus	unassigned	B73	520
42032677	minus	unassigned	B73	2
42032660	minus	unassigned	B73	3
42031664	plus	ppl2	B73	13
42031885	plus	ppl2	B73	12
42031753	minus	unassigned	B73	1
42032939	minus	nbr	Teo	10
42032718	minus	nbr	Teo	39
42031986	plus	unassigned	B73	2
42031816	plus	unassigned	B73	2
42032109	plus	unassigned	B73	4
42032798	plus	unassigned	B73	4795
42032589	plus	unassigned	Teo	37
42032361	plus	unassigned	B73	4
42032854	minus	unassigned	B73	3
42032138	minus	unassigned	B73	9
42032628	plus	unassigned	B73	9
42032121	minus	unassigned	B73	7
42032880	plus	unassigned	B73	2329
42033173	plus	unassigned	B73	10
42032169	minus	unassigned	Teo	11
42032938	plus	unassigned	Teo	13
42032710	plus	unassigned	B73	418
42033383	minus	nbr	B73	2
42033162	minus	nbr	B73	58
42033003	plus	unassigned	B73	5
42032152	minus	unassigned	Teo	12
42032582	plus	ppl2	B73	137
42032361	plus	ppl2	B73	56
42032140	plus	ppl2	B73	23
42033313	plus	unassigned	Teo	1
42032614	plus	ppl2	Teo	536
42032138	plus	ppl2	Teo	57
42032359	plus	ppl2	Teo	191
42031796	plus	unassigned	B73	2
42031626	plus	unassigned	B73	3
42032399	plus	unassigned	Teo	16
42032171	plus	unassigned	B73	4
42032835	minus	unassigned	B73	10
42032119	minus	unassigned	B73	7
42032001	plus	unassigned	B73	2
42031791	plus	ppl2	B73	15
42032748	plus	unassigned	Teo	691
42031911	minus	unassigned	B73	7
42032618	plus	ppl2	B73	115
42032133	minus	unassigned	Teo	12
42032845	minus	nbr	Teo	22
42033293	plus	unassigned	Teo	1
42033123	plus	unassigned	Teo	9
42031823	plus	ppl2	Teo	7
42031789	plus	ppl2	Teo	6
42032849	minus	nbr	B73	214
42032327	minus	unassigned	Teo	13
42031827	plus	ppl2	B73	9
42033321	minus	nbr	Teo	3
42033100	minus	nbr	Teo	14
42033287	minus	nbr	Teo	4
42033066	minus	nbr	Teo	16
42032564	plus	unassigned	B73	10
42032520	plus	ppl2	Teo	539
42032355	plus	unassigned	Teo	19
42033376	plus	unassigned	B73	1
42032874	plus	unassigned	Teo	817
42033167	plus	unassigned	Teo	6
42032913	plus	unassigned	B73	255
42033206	plus	unassigned	B73	8
42032704	plus	unassigned	Teo	187
42033325	minus	nbr	B73	11
42033104	minus	nbr	B73	99
42032658	minus	unassigned	B73	3
42032641	minus	unassigned	B73	21
42032524	plus	ppl2	B73	131
42032972	minus	nbr	Teo	12
42032751	minus	nbr	Teo	50
42031999	plus	unassigned	B73	2
42031695	plus	ppl2	Teo	6
42032374	plus	unassigned	B73	4
42032165	plus	unassigned	Teo	13
42032204	plus	unassigned	B73	1
42032976	minus	nbr	B73	109
42032755	minus	nbr	B73	647
42032514	plus	unassigned	Teo	40
42032918	minus	nbr	B73	86
42032957	plus	unassigned	B73	15
42032520	plus	unassigned	B73	12
42032639	minus	unassigned	B73	21
42031699	plus	ppl2	B73	15
42033332	plus	unassigned	B73	1
42032830	plus	unassigned	Teo	1415
42032622	minus	unassigned	B73	22
42033193	minus	nbr	Teo	6
42032392	plus	ppl2	Teo	222
42032171	plus	ppl2	Teo	96
42033231	minus	nbr	B73	30
42033010	minus	nbr	B73	126
42032816	minus	unassigned	B73	41
42031955	plus	unassigned	B73	1
42032248	plus	unassigned	B73	1
42033197	minus	nbr	B73	30
42032651	plus	ppl2	B73	30
42031909	minus	unassigned	B73	7
42032847	minus	unassigned	Teo	1
42032767	plus	unassigned	B73	2351
42032558	plus	unassigned	Teo	37
42032330	plus	unassigned	B73	4
42032830	minus	unassigned	Teo	2
42032121	plus	unassigned	Teo	4
42032175	plus	ppl2	B73	46
42032114	minus	unassigned	Teo	10
42032396	plus	ppl2	B73	61
42032559	plus	ppl2	B73	142
42033142	plus	unassigned	B73	13
42032640	plus	unassigned	Teo	30
42033229	minus	nbr	Teo	7
42033008	minus	nbr	Teo	13
42032907	plus	unassigned	Teo	80
42032649	plus	ppl2	Teo	380
42032882	minus	nbr	B73	74
42031860	plus	ppl2	B73	10
42031802	plus	ppl2	B73	13
42031765	plus	unassigned	B73	1
42032914	minus	nbr	Teo	8
42033352	minus	unassigned	B73	1
42032828	minus	unassigned	Teo	2
42032368	plus	unassigned	Teo	20
42032140	plus	unassigned	B73	5
42032811	minus	unassigned	Teo	3
42031829	plus	unassigned	B73	2
42031637	plus	ppl2	Teo	2
42031858	plus	ppl2	Teo	10
42031904	minus	unassigned	Teo	7
42031911	plus	unassigned	B73	1
42032893	plus	unassigned	B73	985
42033186	plus	unassigned	B73	9
42032723	plus	unassigned	B73	773
42033016	plus	unassigned	B73	5
42033326	plus	unassigned	Teo	1
42033300	minus	nbr	B73	14
42033333	minus	unassigned	B73	1
42033356	minus	nbr	Teo	1
42033135	minus	nbr	Teo	16
42031639	plus	unassigned	B73	3
42032113	plus	ppl2	Teo	39
42032555	plus	ppl2	Teo	629
42032334	plus	ppl2	Teo	143
42031891	plus	unassigned	B73	2
42032184	plus	unassigned	B73	1
42031502	minus	unassigned	B73	2
42032790	minus	unassigned	B73	57
42032014	plus	unassigned	B73	1
42032951	minus	nbr	B73	112
42031883	minus	unassigned	B73	7
42032533	plus	unassigned	B73	11
42032324	plus	unassigned	Teo	18
42033345	plus	unassigned	B73	1
42033139	minus	nbr	B73	89
42032843	plus	unassigned	Teo	1418
42033136	plus	unassigned	Teo	9
42032820	minus	nbr	Teo	25
42032338	plus	ppl2	B73	51
42032117	plus	ppl2	B73	18
42032786	minus	nbr	Teo	51
42032949	minus	nbr	Teo	13
42032603	minus	unassigned	B73	26
42032634	minus	unassigned	Teo	15
42032788	minus	unassigned	B73	62
42032824	minus	nbr	B73	317
42032134	plus	unassigned	Teo	11
42032577	plus	unassigned	B73	10
42032592	plus	ppl2	B73	129
42032407	plus	unassigned	B73	3
42033262	minus	nbr	Teo	4
42033041	minus	nbr	Teo	18
42033389	plus	unassigned	B73	1
42033204	minus	nbr	Teo	6
42032887	plus	unassigned	Teo	321
42033156	minus	unassigned	B73	1
42032926	plus	unassigned	B73	98
42033219	plus	unassigned	B73	5
42032717	plus	unassigned	Teo	418
42032682	plus	ppl2	Teo	46
42032624	plus	ppl2	Teo	513
42032403	plus	ppl2	Teo	238
42032965	minus	unassigned	B73	1
42033262	plus	unassigned	Teo	1
42032615	minus	unassigned	Teo	16
42033266	minus	nbr	B73	21
42033045	minus	nbr	B73	104
42033208	minus	nbr	B73	30
42032628	plus	ppl2	B73	108
42032407	plus	ppl2	B73	66
42032809	minus	unassigned	Teo	3
42031670	plus	ppl2	Teo	4
42032387	plus	unassigned	B73	4
42031891	plus	ppl2	Teo	16
42031833	plus	ppl2	Teo	6
42032217	plus	unassigned	B73	1
42033199	plus	unassigned	B73	8
42032736	plus	unassigned	B73	892
42033029	plus	unassigned	B73	6
42032527	plus	unassigned	Teo	42
42032946	minus	unassigned	B73	1
42033072	plus	unassigned	Teo	7
42032730	minus	nbr	B73	629
42033339	plus	unassigned	Teo	1
42033111	plus	unassigned	B73	16
42032859	minus	nbr	B73	163
42032594	minus	unassigned	B73	30
42031674	plus	ppl2	B73	13
42031895	plus	ppl2	B73	16
42031687	minus	unassigned	B73	2
42031837	plus	ppl2	B73	10
42031670	minus	unassigned	B73	2
42032728	minus	nbr	Teo	47
42033331	minus	nbr	Teo	1
42033110	minus	nbr	Teo	15
42033314	minus	unassigned	B73	1
42032530	plus	ppl2	Teo	612
42032197	plus	unassigned	B73	1
42032407	minus	unassigned	B73	34
42031968	plus	unassigned	B73	1
42032771	minus	unassigned	B73	98
42031864	minus	unassigned	B73	5
42032343	plus	unassigned	B73	4
42033393	minus	nbr	B73	2
42033172	minus	nbr	B73	49
42033335	minus	nbr	B73	11
42033114	minus	nbr	B73	100
42032862	plus	unassigned	B73	5689
42031895	minus	unassigned	Teo	7
42033155	plus	unassigned	B73	14
42032653	plus	unassigned	Teo	1
42032150	plus	ppl2	B73	26
42032371	plus	ppl2	B73	60
42032534	plus	ppl2	B73	143
42032982	minus	nbr	Teo	12
42032369	plus	ppl2	Teo	215
42032148	plus	ppl2	Teo	70
42032769	minus	unassigned	B73	98
42031778	plus	unassigned	B73	1
42032986	minus	nbr	B73	110
42032765	minus	nbr	B73	651
42032752	minus	unassigned	B73	104
42032402	minus	unassigned	Teo	13
42031860	plus	unassigned	B73	2
42031845	minus	unassigned	B73	5
42032783	minus	unassigned	Teo	8
42032153	plus	unassigned	B73	4
42032855	minus	nbr	Teo	19
42031876	minus	unassigned	Teo	2
42032982	plus	unassigned	Teo	10
42031799	plus	ppl2	Teo	6
42032812	plus	unassigned	Teo	1504
42033105	plus	unassigned	Teo	10
42033241	minus	nbr	B73	26
42033020	minus	nbr	B73	113
42032733	minus	unassigned	B73	108
42032661	plus	ppl2	B73	21
42032398	minus	unassigned	B73	25
42031826	minus	unassigned	B73	6
42032764	minus	unassigned	Teo	8
42032381	minus	unassigned	B73	21
42031857	minus	unassigned	Teo	2
42033297	minus	nbr	Teo	3
42033076	minus	nbr	Teo	18
42033239	minus	nbr	Teo	7
42033018	minus	nbr	Teo	9
42032659	plus	ppl2	Teo	93
42032546	plus	unassigned	B73	11
42032337	plus	unassigned	Teo	19
42033091	plus	unassigned	B73	14
42032927	minus	unassigned	B73	1
42033358	plus	unassigned	B73	1
42032856	plus	unassigned	Teo	1352
42033149	plus	unassigned	Teo	10
42032892	minus	nbr	B73	73
42032575	minus	unassigned	B73	32
42031870	plus	ppl2	B73	10
42033231	plus	unassigned	Teo	5
42032761	minus	nbr	Teo	49
42031668	minus	unassigned	B73	2
42033286	minus	unassigned	B73	1
42032924	minus	nbr	Teo	9
42031651	minus	unassigned	B73	1
42031902	plus	ppl2	Teo	29
42031699	minus	unassigned	Teo	3
42031682	minus	unassigned	Teo	3
42031868	plus	ppl2	Teo	16
42031647	plus	ppl2	Teo	3
42032356	plus	unassigned	B73	4
42032147	plus	unassigned	Teo	12
42032928	minus	nbr	B73	100
42032875	plus	unassigned	B73	2970
42033168	plus	unassigned	B73	10
42031906	plus	ppl2	B73	16
42033250	plus	unassigned	B73	4
42032556	minus	unassigned	B73	33
42033041	plus	unassigned	Teo	6
42032939	plus	unassigned	B73	49
42033400	minus	nbr	Teo	1
42031649	minus	unassigned	B73	1
42032587	minus	unassigned	Teo	18
42031632	minus	unassigned	B73	2
42033366	minus	nbr	Teo	1
42033145	minus	nbr	Teo	14
42032570	minus	unassigned	Teo	21
42032344	plus	ppl2	Teo	151
42032123	plus	ppl2	Teo	43
42032565	plus	ppl2	Teo	630
42031663	minus	unassigned	Teo	3
42033149	minus	nbr	B73	68
42032603	plus	ppl2	B73	122
42031670	plus	unassigned	B73	1
42032830	minus	nbr	Teo	25
42031937	plus	unassigned	B73	1
42031500	plus	unassigned	B73	1
42032569	plus	ppl2	B73	136
42032348	plus	ppl2	B73	51
42032127	plus	ppl2	B73	19
42032796	minus	nbr	Teo	32
42032537	minus	unassigned	B73	30
42032749	plus	unassigned	B73	1342
42032520	minus	unassigned	B73	33
42032312	plus	unassigned	B73	2
42031840	minus	unassigned	Teo	2
42032103	plus	unassigned	Teo	2
42032792	plus	unassigned	Teo	1545
42032568	minus	unassigned	Teo	21
42033085	plus	unassigned	Teo	6
42032831	plus	unassigned	B73	5768
42033124	plus	unassigned	B73	12
42032622	plus	unassigned	Teo	35
42032834	minus	nbr	B73	283
42031812	plus	ppl2	B73	10
42032714	minus	unassigned	B73	114
42032379	minus	unassigned	B73	20
42031807	minus	unassigned	B73	6
42032745	minus	unassigned	Teo	8
42032362	minus	unassigned	B73	25
42033272	minus	nbr	Teo	4
42033051	minus	nbr	Teo	19
42031838	minus	unassigned	Teo	2
42032559	plus	unassigned	B73	10
42032393	minus	unassigned	Teo	10
42032122	plus	unassigned	B73	4
42031821	minus	unassigned	Teo	2
42032899	minus	unassigned	B73	1
42032869	plus	unassigned	Teo	940
42033244	plus	unassigned	Teo	3
42033310	minus	nbr	B73	13
42032705	plus	unassigned	B73	258
42033276	minus	nbr	B73	21
42033055	minus	nbr	B73	94
42033308	plus	unassigned	Teo	1
42033267	minus	unassigned	B73	1
42033250	minus	unassigned	B73	1
42033308	minus	nbr	Teo	3
42031680	plus	ppl2	Teo	6
42032726	minus	unassigned	Teo	8
42032343	minus	unassigned	B73	20
42031819	minus	unassigned	Teo	2
42031802	minus	unassigned	Teo	2
42032374	minus	unassigned	Teo	11
42032961	minus	nbr	B73	105
42032740	minus	nbr	B73	651
42031873	plus	unassigned	B73	2
42032166	plus	unassigned	B73	4
42031684	plus	ppl2	B73	13
42032515	plus	unassigned	B73	12
42032995	plus	unassigned	Teo	6
42033288	plus	unassigned	Teo	1
42033060	plus	unassigned	B73	13
42032959	minus	nbr	Teo	12
42032738	minus	nbr	Teo	49
42032825	plus	unassigned	Teo	1494
42033118	plus	unassigned	Teo	9
42033370	plus	unassigned	Teo	4
42033248	minus	unassigned	B73	1
42033200	plus	unassigned	Teo	5
42032551	minus	unassigned	Teo	23
42031644	minus	unassigned	Teo	1
42031798	minus	unassigned	B73	5
42031683	plus	unassigned	B73	2
42031781	minus	unassigned	B73	1
42033182	minus	nbr	B73	39
42032381	plus	ppl2	B73	59
42032160	plus	ppl2	B73	29
42032325	plus	unassigned	B73	4
42032116	plus	unassigned	Teo	4
42033214	minus	nbr	Teo	7
42033098	plus	unassigned	Teo	10
42032518	minus	unassigned	B73	35
42032635	plus	unassigned	Teo	30
42032634	plus	ppl2	Teo	486
42033180	plus	unassigned	Teo	5
42032549	minus	unassigned	Teo	23
42032641	plus	unassigned	B73	9
42032166	minus	unassigned	B73	12
42032882	minus	unassigned	B73	1
42033010	plus	unassigned	Teo	7
42032908	plus	unassigned	B73	277
42032379	plus	ppl2	Teo	221
42032158	plus	ppl2	Teo	72
42032532	minus	unassigned	Teo	23
42032951	plus	unassigned	Teo	9
42033218	minus	nbr	B73	35
42032638	plus	ppl2	B73	103
42032865	minus	nbr	Teo	16
42031843	plus	ppl2	Teo	5
42032369	plus	unassigned	B73	4
42031906	plus	unassigned	B73	1
42032888	plus	unassigned	B73	1433
42032863	minus	unassigned	B73	1
42032147	minus	unassigned	B73	13
42032903	minus	nbr	B73	75
42032513	minus	unassigned	Teo	22
42032718	plus	unassigned	B73	644
42032130	minus	unassigned	B73	8
42032970	plus	unassigned	B73	10
42033263	plus	unassigned	B73	4
42032869	minus	nbr	B73	103
42032761	plus	unassigned	Teo	953
42033054	plus	unassigned	Teo	9
42032800	plus	unassigned	B73	4875
42032161	minus	unassigned	Teo	11
42031847	plus	ppl2	B73	8
42033341	minus	nbr	Teo	1
42033120	minus	nbr	Teo	15
42033086	minus	nbr	Teo	15
42032540	plus	ppl2	Teo	615
42032707	minus	unassigned	Teo	8
42032324	minus	unassigned	B73	16
42031886	plus	unassigned	B73	2
42032179	plus	unassigned	B73	1
42032355	minus	unassigned	Teo	13
42032009	plus	unassigned	B73	1
42032844	minus	unassigned	B73	6
42032319	plus	unassigned	Teo	18
42033345	minus	nbr	B73	9
42033124	minus	nbr	B73	97
42032571	plus	unassigned	Teo	37
42032544	plus	ppl2	B73	144
42032323	plus	ppl2	B73	47
42032992	minus	nbr	Teo	14
42032771	minus	nbr	Teo	50
42032844	plus	unassigned	B73	6149
42033137	plus	unassigned	B73	13
42032686	minus	unassigned	B73	1
42032996	minus	nbr	B73	129
42032775	minus	nbr	B73	652
42032336	minus	unassigned	Teo	13
42032938	minus	nbr	B73	103
42032717	minus	nbr	B73	511
42031779	minus	unassigned	B73	1
42031762	minus	unassigned	B73	1
42032807	minus	nbr	Teo	34
42031842	plus	unassigned	B73	2
42031793	minus	unassigned	Teo	2
42032135	plus	unassigned	B73	5
42032654	plus	unassigned	B73	1
42032964	plus	unassigned	Teo	12
42033257	plus	unassigned	Teo	1
42033251	minus	nbr	B73	26
42033030	minus	nbr	B73	117
42032667	minus	unassigned	B73	3
42032317	minus	unassigned	Teo	14
42032650	minus	unassigned	B73	5
42032671	plus	ppl2	B73	11
42033159	minus	nbr	B73	58
42032613	plus	ppl2	B73	116
42031743	minus	unassigned	B73	1
42032137	plus	ppl2	B73	23
42032579	plus	ppl2	B73	141
42032358	plus	ppl2	B73	56
42031652	plus	unassigned	B73	3
42033249	minus	nbr	Teo	7
42033028	minus	nbr	Teo	16
42032669	plus	ppl2	Teo	78
42032698	plus	unassigned	B73	8
42032128	minus	unassigned	B73	8
42032528	plus	unassigned	B73	12
42032844	minus	nbr	B73	261
42032111	minus	unassigned	B73	7
42032780	plus	unassigned	B73	3371
42033073	plus	unassigned	B73	13
42031880	plus	ppl2	B73	12
42032159	minus	unassigned	Teo	11
42032838	plus	unassigned	Teo	1381
42032610	plus	unassigned	B73	9
42031822	plus	ppl2	B73	9
42032401	plus	unassigned	Teo	16
42032142	minus	unassigned	Teo	12
42032648	minus	unassigned	B73	20
42033383	plus	unassigned	Teo	4
42032934	minus	nbr	Teo	10
42032713	minus	nbr	Teo	27
42032920	plus	unassigned	Teo	25
42033213	plus	unassigned	Teo	5
42031878	plus	ppl2	Teo	16
42031657	plus	ppl2	Teo	3
42031696	plus	unassigned	B73	1
42032825	minus	unassigned	B73	19
42032109	minus	unassigned	B73	7
42033320	minus	nbr	B73	11
42032338	plus	unassigned	B73	4
42032129	plus	unassigned	Teo	10
42032590	plus	unassigned	B73	9
42033286	minus	nbr	B73	18
42033065	minus	nbr	B73	102
42032856	minus	unassigned	Teo	1
42032857	plus	unassigned	B73	5956
42032381	plus	unassigned	Teo	20
42032648	plus	unassigned	Teo	19
42031901	minus	unassigned	B73	7
42032123	minus	unassigned	Teo	11
42033193	plus	unassigned	Teo	5
42033232	plus	unassigned	B73	4
42032730	plus	unassigned	Teo	537
42033376	minus	nbr	Teo	1
42033155	minus	nbr	Teo	13
42033023	plus	unassigned	Teo	6
42033318	minus	nbr	Teo	3
42032575	plus	ppl2	Teo	636
42032354	plus	ppl2	Teo	185
42032133	plus	ppl2	Teo	53
42032517	plus	ppl2	Teo	523
42032971	minus	nbr	B73	110
42032750	minus	nbr	B73	658
42032806	minus	unassigned	B73	51
42032840	minus	nbr	Teo	24
42032837	minus	unassigned	Teo	1
42032969	minus	nbr	Teo	12
42032748	minus	nbr	Teo	49
42032820	minus	unassigned	Teo	2
42032983	plus	unassigned	B73	11
42033276	plus	unassigned	B73	1
42032774	plus	unassigned	Teo	1106
42033067	plus	unassigned	Teo	8
42032813	plus	unassigned	B73	5294
42033106	plus	unassigned	B73	16
42032604	plus	unassigned	Teo	37
42033192	minus	nbr	B73	30
42032631	minus	unassigned	B73	22
42033359	minus	unassigned	B73	1
42032391	plus	ppl2	B73	61
42032170	plus	ppl2	B73	40
42033282	minus	nbr	Teo	4
42033061	minus	nbr	Teo	17
42033224	minus	nbr	Teo	7
42033003	minus	nbr	Teo	12
42031899	plus	unassigned	B73	2
42032644	plus	ppl2	Teo	471
42031981	plus	unassigned	B73	1
42032168	plus	ppl2	Teo	91
42031811	plus	unassigned	B73	2
42032389	plus	ppl2	Teo	221
42032104	plus	unassigned	B73	2
42032793	plus	unassigned	B73	4740
42033086	plus	unassigned	B73	14
42032584	plus	unassigned	Teo	37
42031892	minus	unassigned	B73	7
42032623	plus	unassigned	B73	9
42033396	plus	unassigned	Teo	4
42032933	plus	unassigned	Teo	14
42033228	minus	nbr	B73	30
42033226	plus	unassigned	Teo	5
42033007	minus	nbr	B73	135
42032629	minus	unassigned	B73	22
42032648	plus	ppl2	B73	90
42032875	minus	nbr	Teo	9
42032612	minus	unassigned	B73	22
42031690	plus	ppl2	Teo	6
42031853	plus	ppl2	Teo	9
42031632	plus	ppl2	Teo	3
42032643	minus	unassigned	Teo	13
42032913	minus	nbr	B73	85
42032879	minus	nbr	B73	72
42031855	plus	unassigned	B73	2
42032148	plus	unassigned	B73	4
42031694	plus	ppl2	B73	15
42031636	plus	ppl2	B73	11
42031857	plus	ppl2	B73	8
42032230	plus	unassigned	B73	1
42032104	minus	unassigned	Teo	3
42033351	minus	nbr	Teo	1
42033130	minus	nbr	Teo	15
42032977	plus	unassigned	Teo	12
42033165	minus	unassigned	B73	1
42033042	plus	unassigned	B73	8
42032540	plus	unassigned	Teo	40
42032807	plus	unassigned	Teo	1511
42033096	minus	nbr	Teo	14
42032550	plus	ppl2	Teo	626
42033352	plus	unassigned	Teo	4
42032624	minus	unassigned	Teo	15
42033355	minus	nbr	B73	8
42033134	minus	nbr	B73	95
42032112	plus	ppl2	B73	18
42032554	plus	ppl2	B73	149
42032333	plus	ppl2	B73	47
42033342	minus	unassigned	B73	1
42032781	minus	nbr	Teo	50
42032818	minus	unassigned	Teo	2
42032801	minus	unassigned	Teo	5
42032996	plus	unassigned	B73	5
42032787	plus	unassigned	Teo	1496
42032350	plus	unassigned	Teo	19
42032617	plus	unassigned	Teo	36
42033371	plus	unassigned	B73	1
42033162	plus	unassigned	Teo	6
42032785	minus	nbr	B73	647
42031696	minus	unassigned	B73	2
42032817	minus	nbr	Teo	23
42033323	minus	unassigned	B73	1
42031791	plus	unassigned	B73	2
42032797	minus	unassigned	B73	56
42032780	minus	unassigned	B73	97
42032394	plus	unassigned	Teo	16
42031873	minus	unassigned	B73	4
42033261	minus	nbr	B73	22
42033040	minus	nbr	B73	107
42032952	plus	unassigned	B73	35
42033245	plus	unassigned	B73	4
42032743	plus	unassigned	Teo	574
42033036	plus	unassigned	Teo	6
42033259	minus	nbr	Teo	4
42033038	minus	nbr	Teo	18
42033304	minus	unassigned	B73	1
42032679	plus	ppl2	Teo	48
42031700	minus	unassigned	Teo	3
42032778	minus	unassigned	B73	98
42031868	plus	unassigned	B73	2
42032761	minus	unassigned	B73	97
42031890	plus	ppl2	B73	12
42031950	plus	unassigned	B73	1
42031854	minus	unassigned	B73	5
42032792	minus	unassigned	Teo	5
42032243	plus	unassigned	B73	1
42032944	minus	nbr	Teo	10
42032723	minus	nbr	Teo	44
42031885	minus	unassigned	Teo	6
42033055	plus	unassigned	B73	13
42032553	plus	unassigned	Teo	39
42033365	plus	unassigned	Teo	4
42033146	minus	unassigned	B73	1
42031667	plus	ppl2	Teo	4
42031888	plus	ppl2	Teo	16
42032826	plus	unassigned	B73	5685
42033119	plus	unassigned	B73	12
42032955	minus	unassigned	B73	1
42032605	minus	unassigned	Teo	18
42033201	plus	unassigned	B73	8
42032948	minus	nbr	B73	110
42032727	minus	nbr	B73	617
42032390	minus	unassigned	B73	21
42031994	plus	unassigned	B73	2
42033386	minus	nbr	Teo	1
42033165	minus	nbr	Teo	11
42031824	plus	unassigned	B73	2
42032117	plus	unassigned	B73	4
42033099	plus	unassigned	B73	14
42032597	plus	unassigned	Teo	37
42032143	plus	ppl2	Teo	60
42032585	plus	ppl2	Teo	600
42032364	plus	ppl2	Teo	200
42032636	plus	unassigned	B73	9
42032160	plus	unassigned	Teo	13
42033181	plus	unassigned	B73	9
42032936	minus	unassigned	B73	1
42032946	plus	unassigned	Teo	12
42033239	plus	unassigned	Teo	4
42033011	plus	unassigned	B73	5
42033203	minus	nbr	B73	30
42032584	minus	unassigned	B73	29
42033321	plus	unassigned	Teo	1
42033169	minus	nbr	B73	50
42032623	plus	ppl2	B73	111
42032402	plus	ppl2	B73	68
42031677	minus	unassigned	B73	2
42032850	minus	nbr	Teo	18
42031660	minus	unassigned	B73	2
42032368	plus	ppl2	B73	59
42032147	plus	ppl2	B73	24
42032589	plus	ppl2	B73	129
42031691	minus	unassigned	Teo	3
42031794	plus	ppl2	Teo	6
42031634	plus	unassigned	B73	4
42032854	minus	nbr	B73	197
42032411	minus	unassigned	Teo	1
42032756	plus	unassigned	Teo	884
42033049	plus	unassigned	Teo	7
42031832	plus	ppl2	B73	9
42031798	plus	ppl2	B73	14
42032565	minus	unassigned	B73	33
42032762	plus	unassigned	B73	2208
42033131	plus	unassigned	Teo	9
42031658	minus	unassigned	B73	2
42032596	minus	unassigned	Teo	18
42031641	minus	unassigned	B73	2
42033292	minus	nbr	Teo	4
42033071	minus	nbr	Teo	17
42032902	plus	unassigned	Teo	123
42031689	minus	unassigned	Teo	3
42031672	minus	unassigned	Teo	3
42032759	minus	unassigned	B73	97
42032409	minus	unassigned	Teo	18
42031678	plus	unassigned	B73	2
42033330	minus	nbr	B73	11
42032742	minus	unassigned	B73	105
42033296	minus	nbr	B73	14
42033075	minus	nbr	B73	112
42031760	plus	unassigned	B73	1
42031835	minus	unassigned	B73	6
42032773	minus	unassigned	Teo	8
42032658	plus	ppl2	B73	27
42032572	plus	unassigned	B73	10
42031866	minus	unassigned	Teo	2
42032839	plus	unassigned	B73	6025
42032363	plus	unassigned	Teo	20
42032402	plus	unassigned	B73	3
42033328	minus	nbr	Teo	2
42033107	minus	nbr	Teo	15
42033384	plus	unassigned	B73	1
42032882	plus	unassigned	Teo	507
42033175	plus	unassigned	Teo	5
42032921	plus	unassigned	B73	113
42033214	plus	unassigned	B73	7
42032712	plus	unassigned	Teo	375
42032527	plus	ppl2	Teo	606
42033005	plus	unassigned	Teo	7
42032981	minus	nbr	B73	111
42032760	minus	nbr	B73	650
42033295	minus	unassigned	B73	1
42032723	minus	unassigned	B73	111
42031816	minus	unassigned	B73	5
42032388	minus	unassigned	B73	21
42032979	minus	nbr	Teo	12
42032758	minus	nbr	Teo	48
42032754	minus	unassigned	Teo	8
42032371	minus	unassigned	B73	22
42032382	plus	unassigned	B73	4
42031847	minus	unassigned	Teo	2
42032173	plus	unassigned	Teo	14
42031830	minus	unassigned	Teo	2
42032965	plus	unassigned	B73	12
42033258	plus	unassigned	B73	4
42033340	plus	unassigned	B73	1
42033276	minus	unassigned	B73	1
42032564	plus	ppl2	B73	136
42033234	minus	nbr	Teo	7
42033013	minus	nbr	Teo	10
42032369	minus	unassigned	B73	22
42032352	minus	unassigned	B73	22
42032654	plus	ppl2	Teo	92
42032399	plus	ppl2	Teo	232
42032383	minus	unassigned	Teo	11
42031963	plus	unassigned	B73	1
42032256	plus	unassigned	B73	1
42032775	plus	unassigned	B73	2832
42033068	plus	unassigned	B73	13
42032566	plus	unassigned	Teo	37
42033238	minus	nbr	B73	30
42033017	minus	nbr	B73	114
42032605	plus	unassigned	B73	9
42033378	plus	unassigned	Teo	4
42033150	plus	unassigned	B73	16
42032546	minus	unassigned	B73	33
42032885	minus	nbr	Teo	6
42032915	plus	unassigned	Teo	50
42033208	plus	unassigned	Teo	5
42031639	minus	unassigned	B73	2
42031642	plus	ppl2	Teo	3
42032577	minus	unassigned	Teo	21
42031863	plus	ppl2	Teo	14
42032560	minus	unassigned	Teo	21
42031653	minus	unassigned	Teo	3
42032923	minus	nbr	B73	87
42032889	minus	nbr	B73	74
42031901	plus	ppl2	B73	15
42031773	plus	unassigned	B73	1
42031790	minus	unassigned	B73	5
42031867	plus	ppl2	B73	11
42031646	plus	ppl2	B73	11
42031809	plus	ppl2	B73	11
42032376	plus	unassigned	Teo	20
42031837	plus	unassigned	B73	2
42033361	minus	nbr	Teo	1
42033140	minus	nbr	Teo	15
42032527	minus	unassigned	B73	32
42033303	minus	nbr	Teo	3
42032649	plus	unassigned	B73	9
42032510	minus	unassigned	B73	1
42032212	plus	unassigned	B73	1
42032560	plus	ppl2	Teo	625
42033194	plus	unassigned	B73	8
42032558	minus	unassigned	Teo	21
42032959	plus	unassigned	Teo	8
42032731	plus	unassigned	B73	865
42032891	minus	unassigned	B73	1
42032175	minus	unassigned	B73	12
42033024	plus	unassigned	B73	5
42032541	minus	unassigned	Teo	23
42032522	plus	unassigned	Teo	42
42031634	minus	unassigned	Teo	1
42033334	plus	unassigned	Teo	1
42033365	minus	nbr	B73	3
42033144	minus	nbr	B73	84
42033307	minus	nbr	B73	13
42032704	minus	unassigned	B73	89
42032343	plus	ppl2	B73	51
42032122	plus	ppl2	B73	19
42032791	minus	nbr	Teo	33
42032735	minus	unassigned	Teo	8
42031647	plus	unassigned	B73	3
42032192	plus	unassigned	B73	1
42031828	minus	unassigned	Teo	2
42031811	minus	unassigned	Teo	2
42032889	minus	unassigned	B73	1
42032978	plus	unassigned	B73	11
42032769	plus	unassigned	Teo	1010
42032541	plus	unassigned	B73	11
42032872	minus	unassigned	B73	1
42032156	minus	unassigned	B73	13
42032808	plus	unassigned	B73	5286
42032332	plus	unassigned	Teo	19
42033353	plus	unassigned	B73	1
42032795	minus	nbr	B73	447
42032851	plus	unassigned	Teo	1395
42033144	plus	unassigned	Teo	10
42032958	minus	nbr	B73	112
42032737	minus	nbr	B73	646
42032170	minus	unassigned	Teo	11
42032827	minus	nbr	Teo	25
42033257	minus	unassigned	B73	1
42031805	plus	ppl2	Teo	6
42032716	minus	unassigned	Teo	8
42032333	minus	unassigned	B73	18
42032595	plus	ppl2	Teo	593
42031809	minus	unassigned	Teo	2
42032364	minus	unassigned	Teo	10
42032142	plus	unassigned	Teo	11
42033271	minus	nbr	B73	21
42033050	minus	nbr	B73	101
42033213	minus	nbr	B73	33
42032585	plus	unassigned	B73	9
42033179	minus	nbr	B73	40
42032633	plus	ppl2	B73	107
42033397	plus	unassigned	B73	1
42032895	plus	unassigned	Teo	197
42033188	plus	unassigned	Teo	5
42032934	plus	unassigned	B73	50
42033227	plus	unassigned	B73	4
42032725	plus	unassigned	Teo	508
42032599	plus	ppl2	B73	127
42032378	plus	ppl2	B73	59
42032157	plus	ppl2	B73	27
42033018	plus	unassigned	Teo	7
42033270	plus	unassigned	Teo	1
42033269	minus	nbr	Teo	4
42033048	minus	nbr	Teo	19
42033100	plus	unassigned	Teo	10
42032314	minus	unassigned	B73	13
42032695	minus	unassigned	B73	5
42032345	minus	unassigned	Teo	13
42032864	minus	nbr	B73	100
42031788	minus	unassigned	B73	2
42031842	plus	ppl2	B73	8
42031771	minus	unassigned	B73	1
42032954	minus	nbr	Teo	13
42032733	minus	nbr	Teo	49
42032395	plus	unassigned	B73	3
42031932	plus	unassigned	B73	1
42032225	plus	unassigned	B73	1
42032744	plus	unassigned	B73	1151
42033037	plus	unassigned	B73	6
42031898	plus	ppl2	Teo	27
42032535	plus	unassigned	Teo	41
42031677	plus	ppl2	Teo	5
42033080	plus	unassigned	Teo	7
42032539	minus	unassigned	Teo	23
42033347	plus	unassigned	Teo	4
42032522	minus	unassigned	Teo	23
42032676	minus	unassigned	B73	2
42033340	minus	nbr	B73	9
42031769	minus	unassigned	B73	1
42033085	minus	nbr	B73	109
42031752	minus	unassigned	B73	1
42033396	minus	nbr	Teo	1
42033175	minus	nbr	Teo	8
42033338	minus	nbr	Teo	1
42033117	minus	nbr	Teo	15
42032374	plus	ppl2	Teo	211
42032153	plus	ppl2	Teo	70
42031976	plus	unassigned	B73	1
42032316	plus	ppl2	Teo	101
42032537	plus	ppl2	Teo	617
42031806	plus	unassigned	B73	2
42032788	plus	unassigned	B73	4508
42032579	plus	unassigned	Teo	37
42032137	minus	unassigned	B73	9
42032351	plus	unassigned	B73	4
42032853	minus	unassigned	B73	3
42032618	plus	unassigned	B73	9
42032991	minus	nbr	B73	115
42032770	minus	nbr	B73	655
42032409	plus	unassigned	Teo	15
42032120	minus	unassigned	B73	7
42032870	plus	unassigned	B73	4273
42033163	plus	unassigned	B73	10
42032168	minus	unassigned	Teo	11
42032928	plus	unassigned	Teo	13
42032700	plus	unassigned	B73	27
42032151	minus	unassigned	Teo	12
42032860	minus	nbr	Teo	17
42032802	minus	nbr	Teo	32
42033303	plus	unassigned	Teo	1
42032989	minus	nbr	Teo	13
42032768	minus	nbr	Teo	50
42031786	plus	unassigned	B73	1
42032806	minus	nbr	B73	429
42032598	plus	unassigned	B73	9
42032118	minus	unassigned	B73	7
42032389	plus	unassigned	Teo	18
42032161	plus	unassigned	B73	4
42032834	minus	unassigned	B73	10
42032149	minus	unassigned	Teo	12
42032738	plus	unassigned	Teo	549
42032510	plus	unassigned	B73	10
42031910	minus	unassigned	B73	7
42032132	minus	unassigned	Teo	12
42032990	plus	unassigned	Teo	6
42032820	plus	unassigned	Teo	1505
42033113	plus	unassigned	Teo	9
42033081	minus	nbr	Teo	18
42033244	minus	nbr	Teo	7
42033023	minus	nbr	Teo	14
42032664	plus	ppl2	Teo	89
42032326	minus	unassigned	Teo	13
42033248	minus	nbr	B73	26
42033027	minus	nbr	B73	118
42032668	plus	ppl2	B73	15
42032895	minus	nbr	Teo	7
42031873	plus	ppl2	Teo	18
42031652	plus	ppl2	Teo	3
42032554	plus	unassigned	B73	11
42032345	plus	unassigned	Teo	19
42033366	plus	unassigned	B73	1
42032864	plus	unassigned	Teo	1210
42033157	plus	unassigned	Teo	7
42032903	plus	unassigned	B73	382
42032933	minus	nbr	B73	101
42032712	minus	nbr	B73	232
42032899	minus	nbr	B73	73
42031911	plus	ppl2	B73	16
42032657	minus	unassigned	B73	3
42032640	minus	unassigned	B73	21
42031877	plus	ppl2	B73	13
42031656	plus	ppl2	B73	11
42033371	minus	nbr	Teo	1
42033150	minus	nbr	Teo	14
42031989	plus	unassigned	B73	2
42031909	plus	ppl2	Teo	29
42031819	plus	unassigned	B73	2
42032570	plus	ppl2	Teo	627
42032364	plus	unassigned	B73	4
42031901	plus	unassigned	B73	2
42032155	plus	unassigned	Teo	12
42033176	plus	unassigned	B73	10
42032947	plus	unassigned	B73	41
42033375	minus	nbr	B73	2
42033154	minus	nbr	B73	64
42032638	minus	unassigned	B73	21
42032353	plus	ppl2	B73	59
42032132	plus	ppl2	B73	22
42032574	plus	ppl2	B73	141
42032621	minus	unassigned	B73	22
42032606	plus	ppl2	Teo	548
42031945	plus	unassigned	B73	1
42032815	minus	unassigned	B73	47
42032238	plus	unassigned	B73	1
42031908	minus	unassigned	B73	7
42032846	minus	unassigned	Teo	1
42032757	plus	unassigned	B73	2001
42032548	plus	unassigned	Teo	40
42032320	plus	unassigned	B73	4
42032837	minus	nbr	Teo	24
42032111	plus	unassigned	Teo	4
42032113	minus	unassigned	Teo	10
42033093	plus	unassigned	Teo	8
42033132	plus	unassigned	B73	12
42032630	plus	unassigned	Teo	32
42031815	plus	ppl2	Teo	7
42033281	minus	nbr	B73	18
42033060	minus	nbr	B73	93
42031819	plus	ppl2	B73	9
42031755	plus	unassigned	B73	1
42033351	minus	unassigned	B73	1
42032827	minus	unassigned	Teo	2
42032567	plus	unassigned	B73	10
42033313	minus	nbr	Teo	3
42032130	plus	unassigned	B73	5
42032358	plus	unassigned	Teo	19
42032810	minus	unassigned	Teo	3
42033279	minus	nbr	Teo	4
42033058	minus	nbr	Teo	19
42032877	plus	unassigned	Teo	598
42032512	plus	ppl2	Teo	247
42031903	minus	unassigned	Teo	7
42032883	plus	unassigned	B73	2295
42033252	plus	unassigned	Teo	1
42032713	plus	unassigned	B73	526
42033006	plus	unassigned	B73	5
42033316	plus	unassigned	Teo	1
42033317	minus	nbr	B73	11
42032516	plus	ppl2	B73	110
42032964	minus	nbr	Teo	12
42032743	minus	nbr	Teo	49
42033349	minus	unassigned	B73	1
42033332	minus	unassigned	B73	1
42031500	plus	ppl2	Teo	4
42032808	minus	unassigned	Teo	3
42031799	plus	unassigned	B73	2
42031687	plus	ppl2	Teo	6
42031629	plus	unassigned	B73	4
42031881	plus	unassigned	B73	2
42032174	plus	unassigned	B73	4
42031501	minus	unassigned	B73	2
42032004	plus	unassigned	B73	2
42031899	minus	unassigned	B73	7
42032693	plus	unassigned	B73	1
42031882	minus	unassigned	B73	5
42032968	minus	nbr	B73	108
42032747	minus	nbr	B73	657
42032523	plus	unassigned	B73	12
42032314	plus	unassigned	Teo	18
42033296	plus	unassigned	Teo	1
42033335	plus	unassigned	B73	1
42032833	plus	unassigned	Teo	1388
42033126	plus	unassigned	Teo	9
42032619	minus	unassigned	B73	22
42032602	minus	unassigned	B73	26
42033185	minus	nbr	Teo	7
42032633	minus	unassigned	Teo	15
42032384	plus	ppl2	Teo	222
42032163	plus	ppl2	Teo	78
42031691	plus	unassigned	B73	2
42032787	minus	unassigned	B73	96
42032770	minus	unassigned	B73	98
42033223	minus	nbr	B73	31
42033002	minus	nbr	B73	128
42031863	minus	unassigned	B73	5
42032124	plus	unassigned	Teo	4
42033189	minus	nbr	B73	34
42032643	plus	ppl2	B73	104
42032870	minus	nbr	Teo	10
42031894	minus	unassigned	Teo	7
42032167	plus	ppl2	B73	33
42032388	plus	ppl2	B73	60
42032109	plus	ppl2	B73	18
42033379	plus	unassigned	B73	1
42033155	minus	unassigned	B73	1
42032916	plus	unassigned	B73	198
42033209	plus	unassigned	B73	8
42032707	plus	unassigned	Teo	189
42032964	minus	unassigned	B73	1
42032614	minus	unassigned	Teo	16
42032874	minus	nbr	B73	74
42032816	minus	nbr	B73	387
42031852	plus	ppl2	B73	8
42031631	plus	ppl2	B73	11
42032906	minus	nbr	Teo	7
42032377	plus	unassigned	B73	4
42033091	minus	nbr	Teo	15
42032168	plus	unassigned	Teo	14
42031629	plus	ppl2	Teo	3
42032207	plus	unassigned	B73	1
42032896	plus	unassigned	B73	830
42033189	plus	unassigned	B73	9
42032726	plus	unassigned	B73	805
42033019	plus	unassigned	B73	6
42032517	plus	unassigned	Teo	42
42033271	plus	unassigned	B73	4
42032945	minus	unassigned	B73	1
42033062	plus	unassigned	Teo	8
42033329	plus	unassigned	Teo	1
42033101	plus	unassigned	B73	14
42033350	minus	nbr	B73	9
42032593	minus	unassigned	B73	30
42033095	minus	nbr	B73	101
42031686	minus	unassigned	B73	2
42033258	minus	nbr	B73	24
42032678	plus	ppl2	B73	1
42033348	minus	nbr	Teo	1
42033313	minus	unassigned	B73	1
42033127	minus	nbr	Teo	16
42031894	plus	unassigned	B73	2
42032187	plus	unassigned	B73	1
42032105	plus	ppl2	Teo	30
42032406	minus	unassigned	B73	34
42032547	plus	ppl2	Teo	617
42032326	plus	ppl2	Teo	113
42032017	plus	unassigned	B73	1
42031958	plus	unassigned	B73	1
42032327	plus	unassigned	Teo	18
42032780	minus	nbr	B73	647
42032943	minus	nbr	B73	109
42032722	minus	nbr	B73	602
42032333	plus	unassigned	B73	4
42031700	plus	ppl2	B73	15
42032574	minus	unassigned	B73	32
42032852	plus	unassigned	B73	6201
42033145	plus	unassigned	B73	16
42032812	minus	nbr	Teo	35
42032643	plus	unassigned	Teo	30
42031887	plus	ppl2	B73	12
42031667	minus	unassigned	B73	2
42032999	minus	nbr	Teo	14
42032778	minus	nbr	Teo	50
42031698	minus	unassigned	Teo	3
42032768	minus	unassigned	B73	98
42031768	plus	unassigned	B73	1
42032751	minus	unassigned	B73	104
42032401	minus	unassigned	Teo	12
42032799	minus	unassigned	Teo	5
42031850	plus	unassigned	B73	3
42031844	minus	unassigned	B73	5
42033385	minus	nbr	B73	2
42033164	minus	nbr	B73	56
42032782	minus	unassigned	Teo	8
42032143	plus	unassigned	B73	5
42031875	minus	unassigned	Teo	2
42032142	plus	ppl2	B73	23
42032584	plus	ppl2	B73	136
42032363	plus	ppl2	B73	58
42032929	plus	unassigned	B73	70
42033254	minus	nbr	Teo	7
42033033	minus	nbr	Teo	17
42032972	plus	unassigned	Teo	12
42033265	plus	unassigned	Teo	1
42032802	plus	unassigned	Teo	1499
42032674	plus	ppl2	Teo	67
42032616	plus	ppl2	Teo	535
42032749	minus	unassigned	B73	104
42033037	minus	nbr	B73	111
42032732	minus	unassigned	B73	109
42032397	minus	unassigned	B73	25
42031825	minus	unassigned	B73	6
42032763	minus	unassigned	Teo	8
42032847	minus	nbr	Teo	21
42032380	minus	unassigned	B73	20
42031856	minus	unassigned	Teo	2
42031883	plus	ppl2	Teo	16
42031662	plus	ppl2	Teo	4
42031825	plus	ppl2	Teo	7
42032536	plus	unassigned	B73	11
42033081	plus	unassigned	B73	13
42033348	plus	unassigned	B73	1
42032846	plus	unassigned	Teo	1389
42033139	plus	unassigned	Teo	10
42033391	plus	unassigned	Teo	4
42033291	minus	nbr	B73	18
42033221	plus	unassigned	Teo	5
42031666	plus	ppl2	B73	13
42031829	plus	ppl2	B73	8
42033285	minus	unassigned	B73	1
42031650	minus	unassigned	B73	1
42033381	minus	nbr	Teo	1
42033160	minus	nbr	Teo	13
42032378	minus	unassigned	B73	20
42033323	minus	nbr	Teo	3
42033102	minus	nbr	Teo	14
42031681	minus	unassigned	Teo	3
42032580	plus	ppl2	Teo	629
42033289	minus	nbr	Teo	4
42033068	minus	nbr	Teo	16
42032522	plus	ppl2	Teo	545
42032346	plus	unassigned	B73	4
42032137	plus	unassigned	Teo	11
42032865	plus	unassigned	B73	5323
42033158	plus	unassigned	B73	11
42032656	plus	unassigned	Teo	1
42033327	minus	nbr	B73	11
42033106	minus	nbr	B73	101
42033240	plus	unassigned	B73	4
42032555	minus	unassigned	B73	33
42033031	plus	unassigned	Teo	6
42032526	plus	ppl2	B73	133
42032974	minus	nbr	Teo	12
42032753	minus	nbr	Teo	48
42031648	minus	unassigned	B73	1
42032586	minus	unassigned	Teo	18
42031631	minus	unassigned	B73	2
42031679	minus	unassigned	Teo	3
42031662	minus	unassigned	Teo	3
42032978	minus	nbr	B73	112
42032757	minus	nbr	B73	646
42031793	plus	ppl2	B73	15
42032536	minus	unassigned	B73	30
42032739	plus	unassigned	B73	933
42032991	plus	unassigned	B73	5
42031629	minus	unassigned	B73	2
42033195	minus	nbr	Teo	6
42032782	plus	unassigned	Teo	1444
42032567	minus	unassigned	Teo	21
42033075	plus	unassigned	Teo	7
42032821	plus	unassigned	B73	5556
42033114	plus	unassigned	B73	14
42032612	plus	unassigned	Teo	37
42032550	minus	unassigned	Teo	23
42032173	plus	ppl2	Teo	103
42032394	plus	ppl2	Teo	223
42031643	minus	unassigned	Teo	1
42033070	minus	nbr	B73	109
42033233	minus	nbr	B73	30
42033012	minus	nbr	B73	124
42032713	minus	unassigned	B73	114
42033199	minus	nbr	B73	30
42032653	plus	ppl2	B73	28
42032880	minus	nbr	Teo	6
42031806	minus	unassigned	B73	6
42032744	minus	unassigned	Teo	8
42032398	plus	ppl2	B73	61
42032361	minus	unassigned	B73	25
42031837	minus	unassigned	Teo	2
42032549	plus	unassigned	B73	11
42031820	minus	unassigned	Teo	2
42032392	minus	unassigned	Teo	10
42032112	plus	unassigned	B73	4
42032898	minus	unassigned	B73	1
42033094	plus	unassigned	B73	14
42032592	plus	unassigned	Teo	37
42032859	plus	unassigned	Teo	1332
42032631	plus	unassigned	B73	9
42032881	minus	unassigned	B73	1
42032941	plus	unassigned	Teo	13
42033234	plus	unassigned	Teo	5
42032884	minus	nbr	B73	70
42031641	plus	ppl2	B73	11
42031862	plus	ppl2	B73	10
42032916	minus	nbr	Teo	8
42033266	minus	unassigned	B73	1
42032359	minus	unassigned	B73	25
42032725	minus	unassigned	Teo	8
42031697	plus	ppl2	Teo	6
42031639	plus	ppl2	Teo	3
42032342	minus	unassigned	B73	21
42031818	minus	unassigned	Teo	2
42032373	minus	unassigned	Teo	11
42031801	minus	unassigned	Teo	2
42031863	plus	unassigned	B73	2
42032156	plus	unassigned	B73	4
42033360	minus	nbr	B73	5
42032985	plus	unassigned	Teo	8
42033050	plus	unassigned	B73	12
42032815	plus	unassigned	Teo	1521
42033108	plus	unassigned	Teo	10
42033360	plus	unassigned	Teo	4
42033247	minus	unassigned	B73	1
42033358	minus	nbr	Teo	1
42033137	minus	nbr	Teo	15
42032115	plus	ppl2	Teo	40
42032557	plus	ppl2	Teo	621
42032336	plus	ppl2	Teo	144
42032323	minus	unassigned	B73	16
42032354	minus	unassigned	Teo	13
42032790	minus	nbr	B73	450
42031797	minus	unassigned	B73	5
42031673	plus	unassigned	B73	2
42031780	minus	unassigned	B73	1
42031503	plus	unassigned	B73	1
42032822	minus	nbr	Teo	25
42032315	plus	unassigned	B73	4
42032106	plus	unassigned	Teo	4
42032119	plus	ppl2	B73	19
42032788	minus	nbr	Teo	36
42032795	plus	unassigned	Teo	1532
42031800	plus	ppl2	Teo	6
42033088	plus	unassigned	Teo	7
42032517	minus	unassigned	B73	35
42032625	plus	unassigned	Teo	34
42033170	plus	unassigned	Teo	5
42032548	minus	unassigned	Teo	23
42032165	minus	unassigned	B73	12
42033000	plus	unassigned	Teo	6
42032531	minus	unassigned	Teo	23
42032826	minus	nbr	B73	317
42032685	minus	unassigned	B73	1
42031804	plus	ppl2	B73	13
42033264	minus	nbr	Teo	4
42033043	minus	nbr	Teo	19
42032359	plus	unassigned	B73	4
42032879	minus	unassigned	B73	1
42032878	plus	unassigned	B73	2595
42032529	minus	unassigned	Teo	21
42032862	minus	unassigned	B73	1
42032146	minus	unassigned	B73	13
42032512	minus	unassigned	Teo	21
42032708	plus	unassigned	B73	355
42032960	plus	unassigned	B73	15
42033253	plus	unassigned	B73	4
42032751	plus	unassigned	Teo	692
42033302	minus	nbr	B73	14
42033044	plus	unassigned	Teo	6
42032160	minus	unassigned	Teo	11
42033268	minus	nbr	B73	21
42033047	minus	nbr	B73	105
42031672	plus	ppl2	Teo	5
42031893	plus	ppl2	Teo	28
42032706	minus	unassigned	Teo	6
42031876	plus	unassigned	B73	2
42032169	plus	unassigned	B73	4
42032953	minus	nbr	B73	111
42032732	minus	nbr	B73	635
42032251	plus	unassigned	B73	1
42032843	minus	unassigned	B73	7
42032127	minus	unassigned	B73	8
42033063	plus	unassigned	B73	13
42032561	plus	unassigned	Teo	37
42032158	minus	unassigned	Teo	11
42031897	plus	ppl2	B73	17
42031676	plus	ppl2	B73	13
42033373	plus	unassigned	Teo	4
42032834	plus	unassigned	B73	5922
42033127	plus	unassigned	B73	12
42033391	minus	nbr	Teo	1
42033170	minus	nbr	Teo	11
42032590	plus	ppl2	Teo	599
42032335	minus	unassigned	Teo	13
42031778	minus	unassigned	B73	1
42033395	minus	nbr	B73	2
42033174	minus	nbr	B73	49
42031761	minus	unassigned	B73	1
42032152	plus	ppl2	B73	27
42032594	plus	ppl2	B73	130
42032373	plus	ppl2	B73	58
42031832	plus	unassigned	B73	2
42031792	minus	unassigned	Teo	2
42032125	plus	unassigned	B73	4
42033206	minus	nbr	Teo	6
42032644	plus	unassigned	B73	9
42032626	plus	ppl2	Teo	506
42032405	plus	ppl2	Teo	244
42032954	plus	unassigned	Teo	8
42033247	plus	unassigned	Teo	3
42032666	minus	unassigned	B73	3
42032316	minus	unassigned	Teo	15
42031759	minus	unassigned	B73	1
42031742	minus	unassigned	B73	1
42032409	plus	ppl2	B73	65
42032857	minus	nbr	Teo	19
42031835	plus	ppl2	Teo	6
42031642	plus	unassigned	B73	3
42033057	plus	unassigned	Teo	8
42032518	plus	unassigned	B73	12
42032110	minus	unassigned	B73	7
42032998	plus	unassigned	Teo	5
42032770	plus	unassigned	B73	2656
42033080	minus	nbr	B73	110
42032828	plus	unassigned	Teo	1418
42032600	plus	unassigned	B73	9
42032141	minus	unassigned	Teo	12
42031839	plus	ppl2	B73	8
42032647	minus	unassigned	B73	20
42032910	plus	unassigned	Teo	70
42032630	minus	unassigned	B73	22
42033203	plus	unassigned	Teo	5
42033333	minus	nbr	Teo	1
42033112	minus	nbr	Teo	15
42033299	minus	nbr	Teo	3
42033078	minus	nbr	Teo	18
42032532	plus	ppl2	Teo	611
42031686	plus	unassigned	B73	2
42032824	minus	unassigned	B73	21
42032108	minus	unassigned	B73	7
42032328	plus	unassigned	B73	4
42033337	minus	nbr	B73	11
42033116	minus	nbr	B73	100
42032119	plus	unassigned	Teo	4
42032580	plus	unassigned	B73	9
42032855	minus	unassigned	Teo	1
42032139	minus	unassigned	Teo	12
42032847	plus	unassigned	B73	6020
42032371	plus	unassigned	Teo	20
42032638	plus	unassigned	Teo	30
42032315	plus	ppl2	B73	46
42032410	plus	unassigned	B73	3
42031900	minus	unassigned	B73	7
42032536	plus	ppl2	B73	144
42032984	minus	nbr	Teo	12
42032763	minus	nbr	Teo	50
42032122	minus	unassigned	Teo	11
42033392	plus	unassigned	B73	1
42032890	plus	unassigned	Teo	231
42033183	plus	unassigned	Teo	5
42033222	plus	unassigned	B73	4
42032720	plus	unassigned	Teo	441
42033013	plus	unassigned	Teo	7
42032801	minus	nbr	B73	426
42032988	minus	nbr	B73	111
42032767	minus	nbr	B73	649
42032709	minus	nbr	B73	88
42032805	minus	unassigned	B73	51
42031908	plus	ppl2	B73	16
42032138	plus	unassigned	B73	5
42033360	minus	unassigned	B73	1
42032390	plus	unassigned	B73	4
42032836	minus	unassigned	Teo	1
42032103	minus	unassigned	Teo	3
42031909	plus	unassigned	B73	1
42032601	plus	ppl2	Teo	581
42032973	plus	unassigned	B73	10
42033266	plus	unassigned	B73	4
42032764	plus	unassigned	Teo	968
42032803	plus	unassigned	B73	5191
42033243	minus	nbr	B73	26
42033022	minus	nbr	B73	115
42032663	plus	ppl2	B73	21
42032890	minus	nbr	Teo	7
42032605	plus	ppl2	B73	120
42033358	minus	unassigned	B73	1
42033341	minus	unassigned	B73	1
42032129	plus	ppl2	B73	22
42031889	plus	unassigned	B73	2
42031971	plus	unassigned	B73	1
42031801	plus	unassigned	B73	2
42032783	plus	unassigned	B73	4300
42033076	plus	unassigned	B73	14
42032574	plus	unassigned	Teo	37
42031891	minus	unassigned	B73	7
42032894	minus	nbr	B73	74
42032613	plus	unassigned	B73	9
42032836	minus	nbr	B73	282
42032404	plus	unassigned	Teo	16
42033386	plus	unassigned	Teo	4
42031872	plus	ppl2	B73	10
42031651	plus	ppl2	B73	11
42032923	plus	unassigned	Teo	22
42031814	plus	ppl2	B73	10
42033216	plus	unassigned	Teo	5
42032926	minus	nbr	Teo	8
42032628	minus	unassigned	B73	22
42032611	minus	unassigned	B73	22
42031904	plus	ppl2	Teo	29
42032642	minus	unassigned	Teo	13
42031649	plus	ppl2	Teo	3
42031699	plus	unassigned	B73	1
42031781	plus	unassigned	B73	1
42033370	minus	nbr	B73	2
42032384	plus	unassigned	Teo	20
42033312	minus	nbr	B73	13
42031845	plus	unassigned	B73	2
42033278	minus	nbr	B73	21
42033057	minus	nbr	B73	94
42032511	plus	ppl2	B73	66
42032657	plus	unassigned	B73	1
42032220	plus	unassigned	B73	1
42032609	minus	unassigned	B73	25
42032967	plus	unassigned	Teo	12
42033368	minus	nbr	Teo	1
42033164	minus	unassigned	B73	1
42033147	minus	nbr	Teo	14
42033032	plus	unassigned	B73	6
42032530	plus	unassigned	Teo	42
42032346	plus	ppl2	Teo	148
42032125	plus	ppl2	Teo	43
42032567	plus	ppl2	Teo	636
42033342	plus	unassigned	Teo	4
42032623	minus	unassigned	Teo	15
42032963	minus	nbr	B73	114
42032742	minus	nbr	B73	654
42032832	minus	nbr	Teo	25
42031686	plus	ppl2	B73	13
42032798	minus	nbr	Teo	33
42031810	plus	ppl2	Teo	7
42032817	minus	unassigned	Teo	2
42032800	minus	unassigned	Teo	5
42032986	plus	unassigned	B73	10
42033279	plus	unassigned	B73	1
42032777	plus	unassigned	Teo	1222
42033145	minus	unassigned	B73	1
42032340	plus	unassigned	Teo	19
42033109	plus	unassigned	B73	16
42032607	plus	unassigned	Teo	37
42033361	plus	unassigned	B73	1
42032954	minus	unassigned	B73	1
42033152	plus	unassigned	Teo	9
42031695	minus	unassigned	B73	2
42033184	minus	nbr	B73	39
42032383	plus	ppl2	B73	59
42032162	plus	ppl2	B73	29
42033339	minus	unassigned	B73	1
42033322	minus	unassigned	B73	1
42033274	minus	nbr	Teo	4
42033053	minus	nbr	Teo	19
42033216	minus	nbr	Teo	7
42032415	minus	unassigned	B73	1
42032636	plus	ppl2	Teo	478
42032796	minus	unassigned	B73	56
42032150	plus	unassigned	Teo	12
42031889	minus	unassigned	B73	7
42032593	plus	unassigned	B73	9
42031872	minus	unassigned	B73	4
42033196	plus	unassigned	Teo	5
42032942	plus	unassigned	B73	47
42033235	plus	unassigned	B73	4
42032733	plus	unassigned	Teo	538
42033026	plus	unassigned	Teo	7
42032901	minus	nbr	Teo	7
42032867	minus	nbr	Teo	16
42031682	plus	ppl2	Teo	6
42031845	plus	ppl2	Teo	8
42033303	minus	unassigned	B73	1
42032777	minus	unassigned	B73	98
42032905	minus	nbr	B73	76
42031858	plus	unassigned	B73	2
42032760	minus	unassigned	B73	97
42032410	minus	unassigned	Teo	18
42031940	plus	unassigned	B73	1
42031853	minus	unassigned	B73	5
42033090	minus	nbr	B73	107
42032791	minus	unassigned	Teo	5
42032233	plus	unassigned	B73	1
42031503	minus	unassigned	Teo	1
42031628	plus	ppl2	B73	11
42031849	plus	ppl2	B73	8
42032752	plus	unassigned	B73	1435
42031884	minus	unassigned	Teo	6
42033045	plus	unassigned	B73	11
42032543	plus	unassigned	Teo	40
42033180	minus	nbr	Teo	8
42033343	minus	nbr	Teo	1
42033122	minus	nbr	Teo	15
42033355	plus	unassigned	Teo	4
42032816	plus	unassigned	B73	5439
42033088	minus	nbr	Teo	15
42032321	plus	ppl2	Teo	110
42032542	plus	ppl2	Teo	615
42032604	minus	unassigned	Teo	18
42032758	minus	unassigned	B73	97
42033347	minus	nbr	B73	9
42033126	minus	nbr	B73	96
42032789	minus	unassigned	Teo	5
42032546	plus	ppl2	B73	144
42032325	plus	ppl2	B73	46
42032994	minus	nbr	Teo	14
42032773	minus	nbr	Teo	51
42031984	plus	unassigned	B73	2
42031814	plus	unassigned	B73	2
42032107	plus	unassigned	B73	3
42032796	plus	unassigned	B73	4774
42033089	plus	unassigned	B73	14
42032587	plus	unassigned	Teo	37
42032626	plus	unassigned	B73	9
42033399	plus	unassigned	Teo	4
42033171	plus	unassigned	B73	10
42032935	minus	unassigned	B73	1
42032936	plus	unassigned	Teo	13
42032811	minus	nbr	B73	424
42033229	plus	unassigned	Teo	5
42033001	plus	unassigned	B73	5
42032998	minus	nbr	B73	129
42032777	minus	nbr	B73	652
42032583	minus	unassigned	B73	29
42033311	plus	unassigned	Teo	1
42031676	minus	unassigned	B73	2
42032809	minus	nbr	Teo	34
42031690	minus	unassigned	Teo	3
42031794	plus	unassigned	B73	2
42032397	plus	unassigned	Teo	16
42032746	plus	unassigned	Teo	679
42033039	plus	unassigned	Teo	6
42033253	minus	nbr	B73	25
42033032	minus	nbr	B73	112
42033291	plus	unassigned	Teo	1
42032564	minus	unassigned	B73	33
42033121	plus	unassigned	Teo	9
42032673	plus	ppl2	B73	7
42031657	minus	unassigned	B73	2
42032595	minus	unassigned	Teo	18
42031640	minus	unassigned	B73	2
42031688	minus	unassigned	Teo	3
42031671	minus	unassigned	Teo	3
42032408	minus	unassigned	Teo	18
42031668	plus	unassigned	B73	1
42032741	minus	unassigned	B73	105
42031882	plus	ppl2	B73	12
42031661	plus	ppl2	B73	11
42031834	minus	unassigned	B73	6
42032772	minus	unassigned	Teo	8
42032999	plus	unassigned	B73	5
42032936	minus	nbr	Teo	10
42032715	minus	nbr	Teo	29
42032562	plus	unassigned	B73	10
42031865	minus	unassigned	Teo	2
42032829	plus	unassigned	B73	5770
42032353	plus	unassigned	Teo	19
42033374	plus	unassigned	B73	1
42032872	plus	unassigned	Teo	927
42033165	plus	unassigned	Teo	6
42032911	plus	unassigned	B73	257
42031659	plus	ppl2	Teo	4
42033204	plus	unassigned	B73	8
42032702	plus	unassigned	Teo	183
42032719	minus	nbr	B73	563
42033380	minus	nbr	B73	2
42032739	minus	unassigned	B73	105
42033294	minus	unassigned	B73	1
42032722	minus	unassigned	B73	112
42031997	plus	unassigned	B73	2
42032387	minus	unassigned	B73	21
42031815	minus	unassigned	B73	5
42032753	minus	unassigned	Teo	8
42031827	plus	unassigned	B73	2
42032370	minus	unassigned	B73	22
42032372	plus	unassigned	B73	4
42031846	minus	unassigned	Teo	2
42033378	minus	nbr	Teo	1
42033157	minus	nbr	Teo	13
42032611	plus	ppl2	Teo	546
42032163	plus	unassigned	Teo	13
42032202	plus	unassigned	B73	1
42033184	plus	unassigned	B73	9
42032577	plus	ppl2	Teo	633
42032356	plus	ppl2	Teo	190
42032135	plus	ppl2	Teo	54
42032512	plus	unassigned	Teo	40
42032955	plus	unassigned	B73	16
42033248	plus	unassigned	B73	4
42033330	plus	unassigned	B73	1
42032615	plus	ppl2	B73	115
42032842	minus	nbr	Teo	23
42033275	minus	unassigned	B73	1
42032703	minus	unassigned	B73	80
42032139	plus	ppl2	B73	23
42031820	plus	ppl2	Teo	7
42032368	minus	unassigned	B73	22
42032734	minus	unassigned	Teo	8
42032351	minus	unassigned	B73	22
42031827	minus	unassigned	Teo	2
42032399	minus	unassigned	Teo	12
42032382	minus	unassigned	Teo	11
42031953	plus	unassigned	B73	1
42032246	plus	unassigned	B73	1
42032846	minus	nbr	B73	255
42032765	plus	unassigned	B73	2347
42033058	plus	unassigned	B73	13
42032556	plus	unassigned	Teo	37
42031824	plus	ppl2	B73	8
42033368	plus	unassigned	Teo	4
42033140	plus	unassigned	B73	13
42032545	minus	unassigned	B73	33
42032905	plus	unassigned	Teo	87
42031638	minus	unassigned	B73	2
42032576	minus	unassigned	Teo	21
42033284	minus	nbr	Teo	3
42033063	minus	nbr	Teo	16
42031669	minus	unassigned	Teo	3
42031652	minus	unassigned	Teo	3
42031763	plus	unassigned	B73	1
42033322	minus	nbr	B73	11
42033101	minus	nbr	B73	99
42033288	minus	nbr	B73	18
42033067	minus	nbr	B73	107
42032521	plus	ppl2	B73	126
42032366	plus	unassigned	Teo	20
42033178	plus	unassigned	Teo	5
42032526	minus	unassigned	B73	32
42032639	plus	unassigned	B73	9
42031692	plus	ppl2	Teo	6
42032891	plus	unassigned	B73	1010
42032557	minus	unassigned	Teo	23
42032949	plus	unassigned	Teo	10
42032174	minus	unassigned	B73	12
42032519	plus	ppl2	Teo	526
42032721	plus	unassigned	B73	680
42032890	minus	unassigned	B73	1
42033014	plus	unassigned	B73	5
42032540	minus	unassigned	Teo	23
42031633	minus	unassigned	Teo	1
42033324	plus	unassigned	Teo	1
42032973	minus	nbr	B73	108
42032752	minus	nbr	B73	660
42032915	minus	nbr	B73	87
42031696	plus	ppl2	B73	15
42031637	plus	unassigned	B73	4
42033190	minus	nbr	Teo	6
42032182	plus	unassigned	B73	1
42032012	plus	unassigned	B73	1
42031810	minus	unassigned	Teo	2
42032888	minus	unassigned	B73	1
42032968	plus	unassigned	B73	11
42032538	minus	unassigned	Teo	23
42032759	plus	unassigned	Teo	907
42032155	minus	unassigned	B73	12
42032531	plus	unassigned	B73	12
42032871	minus	unassigned	B73	1
42032322	plus	unassigned	Teo	18
42033343	plus	unassigned	B73	1
42032841	plus	unassigned	Teo	1450
42033134	plus	unassigned	Teo	9
42033194	minus	nbr	B73	32
42033357	minus	nbr	B73	5
42032172	plus	ppl2	B73	40
42032393	plus	ppl2	B73	61
42032556	plus	ppl2	B73	142
42032335	plus	ppl2	B73	51
42033256	minus	unassigned	B73	1
42033226	minus	nbr	Teo	7
42033005	minus	nbr	Teo	12
42032349	minus	unassigned	B73	20
42032715	minus	unassigned	Teo	8
42032646	plus	ppl2	Teo	470
42032332	minus	unassigned	B73	17
42031808	minus	unassigned	Teo	2
42032363	minus	unassigned	Teo	15
42032821	minus	nbr	B73	310
42032132	plus	unassigned	Teo	10
42032575	plus	unassigned	B73	10
42033009	minus	nbr	B73	133
42032911	minus	nbr	Teo	8
42032405	plus	unassigned	B73	3
42033387	plus	unassigned	B73	1
42032885	plus	unassigned	Teo	343
42032924	plus	unassigned	B73	109
42032877	minus	nbr	Teo	9
42033217	plus	unassigned	B73	5
42032819	minus	nbr	Teo	24
42032715	plus	unassigned	Teo	413
42033008	plus	unassigned	Teo	7
42031634	plus	ppl2	Teo	3
42031855	plus	ppl2	Teo	10
42033260	plus	unassigned	Teo	1
42032313	minus	unassigned	B73	1
42032694	minus	unassigned	B73	5
42032344	minus	unassigned	Teo	13
42031787	minus	unassigned	B73	1
42031770	minus	unassigned	B73	1
42033263	minus	nbr	B73	21
42031638	plus	ppl2	B73	11
42031859	plus	ppl2	B73	8
42032385	plus	unassigned	B73	4
42032176	plus	unassigned	Teo	14
42032215	plus	unassigned	B73	1
42033353	minus	nbr	Teo	1
42033197	plus	unassigned	B73	8
42033132	minus	nbr	Teo	15
42032734	plus	unassigned	B73	889
42033027	plus	unassigned	B73	5
42032525	plus	unassigned	Teo	42
42033098	minus	nbr	Teo	14
42032552	plus	ppl2	Teo	635
42032331	plus	ppl2	Teo	133
42032110	plus	ppl2	Teo	39
42033070	plus	unassigned	Teo	7
42033337	plus	unassigned	Teo	1
42032521	minus	unassigned	Teo	23
42032675	minus	unassigned	B73	2
42033136	minus	nbr	B73	95
42031768	minus	unassigned	B73	1
42031751	minus	unassigned	B73	1
42032114	plus	ppl2	B73	18
42032783	minus	nbr	Teo	50
42032946	minus	nbr	Teo	12
42032725	minus	nbr	Teo	44
42031799	minus	unassigned	Teo	2
42032195	plus	unassigned	B73	1
42031966	plus	unassigned	B73	1
42032869	minus	unassigned	B73	1
42032519	minus	unassigned	Teo	23
42032778	plus	unassigned	B73	3296
42032569	plus	unassigned	Teo	37
42032852	minus	unassigned	B73	3
42032136	minus	unassigned	B73	10
42032341	plus	unassigned	B73	4
42032608	plus	unassigned	B73	9
42032860	plus	unassigned	B73	5812
42032787	minus	nbr	B73	641
42033153	plus	unassigned	B73	15
42032729	minus	nbr	B73	627
42032651	plus	unassigned	Teo	1
42032167	minus	unassigned	Teo	11
42032918	plus	unassigned	Teo	26
42033390	minus	nbr	B73	2
42032150	minus	unassigned	Teo	12
42033201	minus	nbr	Teo	6
42033388	minus	nbr	Teo	1
42032621	plus	ppl2	Teo	518
42032400	plus	ppl2	Teo	231
42032145	plus	ppl2	Teo	70
42032587	plus	ppl2	Teo	599
42032366	plus	ppl2	Teo	200
42031776	plus	unassigned	B73	1
42032588	plus	unassigned	B73	9
42032151	plus	unassigned	B73	4
42032833	minus	unassigned	B73	10
42032117	minus	unassigned	B73	7
42032379	plus	unassigned	Teo	20
42033042	minus	nbr	B73	105
42033205	minus	nbr	B73	30
42032898	plus	unassigned	Teo	134
42032148	minus	unassigned	Teo	12
42032728	plus	unassigned	Teo	516
42032625	plus	ppl2	B73	111
42032404	plus	ppl2	B73	68
42032131	minus	unassigned	Teo	12
42032980	plus	unassigned	Teo	10
42032852	minus	nbr	Teo	19
42032810	plus	unassigned	Teo	1512
42032149	plus	ppl2	B73	26
42033103	plus	unassigned	Teo	9
42031830	plus	ppl2	Teo	6
42032856	minus	nbr	B73	174
42032325	minus	unassigned	Teo	13
42031671	plus	ppl2	B73	13
42031892	plus	ppl2	B73	16
42031834	plus	ppl2	B73	9
42033294	minus	nbr	Teo	4
42032544	plus	unassigned	B73	11
42031669	plus	ppl2	Teo	4
42032335	plus	unassigned	Teo	19
42033356	plus	unassigned	B73	1
42032854	plus	unassigned	Teo	1377
42033147	plus	unassigned	Teo	10
42033332	minus	nbr	B73	11
42033111	minus	nbr	B73	104
42032656	minus	unassigned	B73	3
42033298	minus	nbr	B73	14
42033077	minus	nbr	B73	112
42031749	minus	unassigned	B73	1
42032531	plus	ppl2	B73	144
42031979	plus	unassigned	B73	1
42033167	minus	nbr	Teo	11
42033109	minus	nbr	Teo	15
42031809	plus	unassigned	B73	2
42032354	plus	unassigned	B73	4
42032529	plus	ppl2	Teo	613
42032145	plus	unassigned	Teo	12
42032873	plus	unassigned	B73	4184
42033166	plus	unassigned	B73	10
42032983	minus	nbr	B73	109
42032762	minus	nbr	B73	657
42032937	plus	unassigned	B73	49
42033306	plus	unassigned	Teo	1
42032637	minus	unassigned	B73	21
42032620	minus	unassigned	B73	22
42031796	plus	ppl2	Teo	6
42032398	plus	unassigned	B73	3
42032814	minus	unassigned	B73	47
42031935	plus	unassigned	B73	1
42032228	plus	unassigned	B73	1
42031907	minus	unassigned	B73	7
42032845	minus	unassigned	Teo	1
42032129	minus	unassigned	Teo	12
42032747	plus	unassigned	B73	1317
42032538	plus	unassigned	Teo	41
42032112	minus	unassigned	Teo	10
42032790	plus	unassigned	Teo	1501
42033083	plus	unassigned	Teo	7
42033122	plus	unassigned	B73	11
42033073	minus	nbr	Teo	18
42032620	plus	unassigned	Teo	35
42033236	minus	nbr	Teo	7
42033015	minus	nbr	Teo	9
42032656	plus	ppl2	Teo	92
42033019	minus	nbr	B73	113
42032921	minus	nbr	Teo	9
42033350	minus	unassigned	B73	1
42032887	minus	nbr	Teo	6
42032826	minus	unassigned	Teo	2
42032557	plus	unassigned	B73	11
42032348	plus	unassigned	Teo	19
42032120	plus	unassigned	B73	4
42031865	plus	ppl2	Teo	16
42031644	plus	ppl2	Teo	3
42032867	plus	unassigned	Teo	1005
42031902	minus	unassigned	Teo	7
42033242	plus	unassigned	Teo	3
42032703	plus	unassigned	B73	103
42032925	minus	nbr	B73	89
42031903	plus	ppl2	B73	16
42031869	plus	ppl2	B73	11
42031648	plus	ppl2	B73	11
42033348	minus	unassigned	B73	1
42033331	minus	unassigned	B73	1
42033363	minus	nbr	Teo	1
42033142	minus	nbr	Teo	15
42032807	minus	unassigned	Teo	3
42031789	plus	unassigned	B73	2
42032120	plus	ppl2	Teo	42
42032562	plus	ppl2	Teo	631
42032341	plus	ppl2	Teo	142
42031871	plus	unassigned	B73	2
42032164	plus	unassigned	B73	4
42031500	minus	unassigned	B73	2
42031898	minus	unassigned	B73	7
42031881	minus	unassigned	B73	5
42032513	plus	unassigned	B73	12
42032993	plus	unassigned	Teo	6
42033286	plus	unassigned	Teo	1
42033367	minus	nbr	B73	2
42033146	minus	nbr	B73	68
42032823	plus	unassigned	Teo	1482
42032600	plus	ppl2	B73	122
42033116	plus	unassigned	Teo	9
42032618	minus	unassigned	B73	22
42032345	plus	ppl2	B73	51
42032124	plus	ppl2	B73	19
42032566	plus	ppl2	B73	136
42032793	minus	nbr	Teo	33
42032601	minus	unassigned	B73	29
42033329	minus	unassigned	B73	1
42032649	minus	unassigned	Teo	8
42032632	minus	unassigned	Teo	15
42031681	plus	unassigned	B73	2
42032786	minus	unassigned	B73	96
42032831	minus	nbr	B73	283
42031948	plus	unassigned	B73	1
42031879	minus	unassigned	B73	5
42032797	minus	nbr	B73	448
42031862	minus	unassigned	B73	5
42032323	plus	unassigned	B73	4
42032114	plus	unassigned	Teo	4
42033096	plus	unassigned	Teo	8
42031893	minus	unassigned	Teo	6
42032633	plus	unassigned	Teo	30
42032829	minus	nbr	Teo	25
42033369	plus	unassigned	B73	1
42031807	plus	ppl2	Teo	6
42033154	minus	unassigned	B73	1
42032906	plus	unassigned	B73	338
42032963	minus	unassigned	B73	1
42032613	minus	unassigned	Teo	16
42033273	minus	nbr	B73	21
42033052	minus	nbr	B73	101
42033305	minus	nbr	Teo	3
42032367	plus	unassigned	B73	4
42032158	plus	unassigned	Teo	12
42031904	plus	unassigned	B73	1
42032886	plus	unassigned	B73	1556
42033179	plus	unassigned	B73	10
42032716	plus	unassigned	B73	597
42033009	plus	unassigned	B73	5
42033261	plus	unassigned	B73	4
42032944	minus	unassigned	B73	1
42033052	plus	unassigned	Teo	9
42033319	plus	unassigned	Teo	1
42032592	minus	unassigned	B73	30
42033309	minus	nbr	B73	13
42031681	plus	ppl2	B73	13
42031685	minus	unassigned	B73	2
42032956	minus	nbr	Teo	12
42032735	minus	nbr	Teo	49
42033312	minus	unassigned	B73	1
42031884	plus	unassigned	B73	2
42032177	plus	unassigned	B73	1
42031679	plus	ppl2	Teo	6
42032405	minus	unassigned	B73	34
42032007	plus	unassigned	B73	2
42032317	plus	unassigned	Teo	18
42033299	plus	unassigned	Teo	1
42032739	minus	nbr	B73	651
42032573	minus	unassigned	B73	32
42032842	plus	unassigned	B73	6138
42033135	plus	unassigned	B73	12
42031666	minus	unassigned	B73	2
42033211	minus	nbr	Teo	7
42031697	minus	unassigned	Teo	3
42033398	minus	nbr	Teo	1
42033177	minus	nbr	Teo	7
42032631	plus	ppl2	Teo	492
42032410	plus	ppl2	Teo	239
42031680	minus	unassigned	Teo	3
42032376	plus	ppl2	Teo	217
42032155	plus	ppl2	Teo	70
42032597	plus	ppl2	Teo	590
42032767	minus	unassigned	B73	98
42031758	plus	unassigned	B73	1
42032750	minus	unassigned	B73	104
42032400	minus	unassigned	Teo	12
42033215	minus	nbr	B73	34
42032798	minus	unassigned	Teo	5
42031840	plus	unassigned	B73	2
42031843	minus	unassigned	B73	6
42032781	minus	unassigned	Teo	8
42032133	plus	unassigned	B73	5
42032635	plus	ppl2	B73	105
42032862	minus	nbr	Teo	18
42032652	plus	unassigned	B73	1
42031874	minus	unassigned	Teo	2
42032919	plus	unassigned	B73	120
42032159	plus	ppl2	B73	29
42031840	plus	ppl2	Teo	6
42032962	plus	unassigned	Teo	10
42033255	plus	unassigned	Teo	1
42032900	minus	nbr	B73	71
42032866	minus	nbr	B73	103
42032808	minus	nbr	B73	430
42032748	minus	unassigned	B73	104
42031844	plus	ppl2	B73	8
42032731	minus	unassigned	B73	109
42032779	minus	unassigned	Teo	8
42031650	plus	unassigned	B73	3
42031824	minus	unassigned	B73	6
42032396	minus	unassigned	B73	24
42032762	minus	unassigned	Teo	8
42031855	minus	unassigned	Teo	2
42033083	minus	nbr	Teo	18
42032696	plus	unassigned	B73	3
42033065	plus	unassigned	Teo	8
42032526	plus	unassigned	B73	12
42033071	plus	unassigned	B73	13
42033338	plus	unassigned	B73	1
42032836	plus	unassigned	Teo	1393
42033129	plus	unassigned	Teo	9
42033381	plus	unassigned	Teo	4
42033342	minus	nbr	B73	9
42033121	minus	nbr	B73	98
42033211	plus	unassigned	Teo	5
42033087	minus	nbr	B73	106
42032320	plus	ppl2	B73	47
42032541	plus	ppl2	B73	143
42033029	minus	nbr	B73	117
42033284	minus	unassigned	B73	1
42032377	minus	unassigned	B73	21
42033119	minus	nbr	Teo	15
42032360	minus	unassigned	B73	25
42031694	plus	unassigned	B73	1
42032539	plus	ppl2	Teo	616
42032318	plus	ppl2	Teo	107
42032391	minus	unassigned	Teo	10
42032336	plus	unassigned	B73	4
42032993	minus	nbr	B73	119
42032772	minus	nbr	B73	652
42032127	plus	unassigned	Teo	5
42032935	minus	nbr	B73	101
42032714	minus	nbr	B73	272
42032855	plus	unassigned	B73	6077
42033148	plus	unassigned	B73	16
42032646	plus	unassigned	Teo	30
42033191	plus	unassigned	Teo	5
42033230	plus	unassigned	B73	4
42032804	minus	nbr	Teo	34
42031658	plus	ppl2	B73	11
42031879	plus	ppl2	B73	13
42032554	minus	unassigned	B73	33
42033021	plus	unassigned	Teo	6
42031647	minus	unassigned	B73	2
42032585	minus	unassigned	Teo	18
42031630	minus	unassigned	B73	2
42031678	minus	unassigned	Teo	3
42031661	minus	unassigned	Teo	3
42033377	minus	nbr	B73	2
42033156	minus	nbr	B73	58
42032610	plus	ppl2	B73	117
42032899	plus	unassigned	B73	560
42032576	plus	ppl2	B73	140
42032355	plus	ppl2	B73	57
42032134	plus	ppl2	B73	23
42032535	minus	unassigned	B73	30
42032729	plus	unassigned	B73	822
42033246	minus	nbr	Teo	7
42033025	minus	nbr	Teo	16
42032981	plus	unassigned	B73	11
42031628	minus	unassigned	B73	2
42033274	plus	unassigned	B73	1
42032772	plus	unassigned	Teo	1099
42032566	minus	unassigned	Teo	21
42032666	plus	ppl2	Teo	85
42032811	plus	unassigned	B73	5299
42033104	plus	unassigned	B73	16
42032602	plus	unassigned	Teo	37
42032608	plus	ppl2	Teo	547
42031659	minus	unassigned	Teo	3
42031642	minus	unassigned	Teo	1
42032841	minus	nbr	B73	278
42032729	minus	unassigned	B73	109
42032931	minus	nbr	Teo	9
42032710	minus	nbr	Teo	18
42032712	minus	unassigned	B73	114
42031897	plus	unassigned	B73	2
42032897	minus	nbr	Teo	7
42031805	minus	unassigned	B73	6
42032839	minus	nbr	Teo	23
42032743	minus	unassigned	Teo	8
42031875	plus	ppl2	Teo	18
42031654	plus	ppl2	Teo	3
42031817	plus	ppl2	Teo	7
42031836	minus	unassigned	Teo	2
42032539	plus	unassigned	B73	11
42032791	plus	unassigned	B73	4726
42032897	minus	unassigned	B73	1
42033084	plus	unassigned	B73	14
42032582	plus	unassigned	Teo	37
42032849	plus	unassigned	Teo	1407
42032621	plus	unassigned	B73	9
42032880	minus	unassigned	B73	1
42032164	minus	unassigned	B73	13
42032412	plus	unassigned	Teo	10
42033394	plus	unassigned	Teo	4
42032931	plus	unassigned	Teo	13
42033224	plus	unassigned	Teo	5
42033283	minus	nbr	B73	19
42033062	minus	nbr	B73	98
42033265	minus	unassigned	B73	1
42033373	minus	nbr	Teo	1
42033152	minus	nbr	Teo	14
42033315	minus	nbr	Teo	3
42032358	minus	unassigned	B73	23
42032724	minus	unassigned	Teo	8
42032351	plus	ppl2	Teo	154
42032130	plus	ppl2	Teo	53
42032572	plus	ppl2	Teo	637
42032341	minus	unassigned	B73	21
42032514	plus	ppl2	Teo	250
42032389	minus	unassigned	Teo	10
42031817	minus	unassigned	Teo	2
42032372	minus	unassigned	Teo	11
42031800	minus	unassigned	Teo	2
42032392	plus	unassigned	Teo	16
42031853	plus	unassigned	B73	3
42032146	plus	unassigned	B73	4
42033319	minus	nbr	B73	11
42031691	plus	ppl2	B73	13
42032975	plus	unassigned	Teo	12
42033268	plus	unassigned	Teo	1
42033040	plus	unassigned	B73	8
42032518	plus	ppl2	B73	127
42032966	minus	nbr	Teo	12
42032745	minus	nbr	Teo	50
42032805	plus	unassigned	Teo	1517
42033350	plus	unassigned	Teo	4
42033246	minus	unassigned	B73	1
42031502	plus	ppl2	Teo	4
42031689	plus	ppl2	Teo	6
42032339	minus	unassigned	B73	20
42032322	minus	unassigned	B73	16
42032353	minus	unassigned	Teo	13
42031796	minus	unassigned	B73	5
42032749	minus	nbr	B73	658
42032994	plus	unassigned	B73	5
42032785	plus	unassigned	Teo	1488
42033221	minus	nbr	Teo	7
42033078	plus	unassigned	Teo	7
42033000	minus	nbr	Teo	12
42032516	minus	unassigned	B73	35
42033117	plus	unassigned	B73	13
42032615	plus	unassigned	Teo	37
42033187	minus	nbr	Teo	6
42032641	plus	ppl2	Teo	474
42033160	plus	unassigned	Teo	6
42032547	minus	unassigned	Teo	23
42032386	plus	ppl2	Teo	222
42032530	minus	unassigned	Teo	21
42032165	plus	ppl2	Teo	78
42032684	minus	unassigned	B73	1
42033225	minus	nbr	B73	31
42033004	minus	nbr	B73	133
42031777	minus	unassigned	B73	1
42032645	plus	ppl2	B73	100
42032872	minus	nbr	Teo	9
42032169	plus	ppl2	B73	41
42031850	plus	ppl2	Teo	8
42032349	plus	unassigned	B73	4
42032878	minus	unassigned	B73	1
42032868	plus	unassigned	B73	4546
42032528	minus	unassigned	Teo	21
42032659	plus	unassigned	Teo	1
42032861	minus	unassigned	B73	1
42032145	minus	unassigned	B73	13
42032910	minus	nbr	B73	84
42032511	minus	unassigned	Teo	19
42032950	plus	unassigned	B73	40
42033243	plus	unassigned	B73	4
42032876	minus	nbr	B73	74
42032741	plus	unassigned	Teo	574
42032176	minus	unassigned	Teo	12
42033034	plus	unassigned	Teo	6
42031633	plus	ppl2	B73	11
42031854	plus	ppl2	B73	8
42032908	minus	nbr	Teo	8
42033093	minus	nbr	Teo	15
42032705	minus	unassigned	Teo	6
42031866	plus	unassigned	B73	2
42032159	plus	unassigned	B73	4
42032859	minus	unassigned	B73	1
42032126	minus	unassigned	B73	8
42032241	plus	unassigned	B73	1
42032842	minus	unassigned	B73	9
42033352	minus	nbr	B73	9
42033131	minus	nbr	B73	96
42032988	plus	unassigned	Teo	6
42032760	plus	unassigned	B73	2195
42033053	plus	unassigned	B73	13
42032551	plus	unassigned	Teo	40
42032157	minus	unassigned	Teo	11
42033097	minus	nbr	B73	98
42032551	plus	ppl2	B73	151
42032330	plus	ppl2	B73	45
42032140	minus	unassigned	Teo	12
42033363	plus	unassigned	Teo	4
42032824	plus	unassigned	B73	5662
42033129	minus	nbr	Teo	15
42032107	plus	ppl2	Teo	30
42032549	plus	ppl2	Teo	626
42032328	plus	ppl2	Teo	122
42032782	minus	nbr	B73	647
42032334	minus	unassigned	Teo	13
42031760	minus	unassigned	B73	1
42031992	plus	unassigned	B73	2
42032814	minus	nbr	Teo	35
42031822	plus	unassigned	B73	2
42031791	minus	unassigned	Teo	2
42032115	plus	unassigned	B73	4
42033097	plus	unassigned	B73	14
42032595	plus	unassigned	Teo	37
42032634	plus	unassigned	B73	9
42032944	plus	unassigned	Teo	13
42033237	plus	unassigned	Teo	4
42032818	minus	nbr	B73	300
42032665	minus	unassigned	B73	3
42032315	minus	unassigned	Teo	15
42031758	minus	unassigned	B73	1
42031741	minus	unassigned	B73	1
42031789	minus	unassigned	Teo	2
42031632	plus	unassigned	B73	4
42033256	minus	nbr	Teo	7
42033035	minus	nbr	Teo	18
42032676	plus	ppl2	Teo	59
42032754	plus	unassigned	Teo	797
42032509	minus	unassigned	Teo	1
42033047	plus	unassigned	Teo	6
42032818	plus	unassigned	Teo	1510
42033039	minus	nbr	B73	108
42032646	minus	unassigned	B73	21
42032941	minus	nbr	Teo	10
42032720	minus	nbr	Teo	42
42032900	plus	unassigned	Teo	131
42031739	minus	unassigned	B73	1
42031664	plus	ppl2	Teo	4
42031885	plus	ppl2	Teo	16
42031676	plus	unassigned	B73	2
42032945	minus	nbr	B73	112
42032724	minus	nbr	B73	610
42032107	minus	unassigned	B73	7
42032823	minus	unassigned	B73	21
42032318	plus	unassigned	B73	4
42032109	plus	unassigned	Teo	4
42032798	plus	unassigned	Teo	1536
42032570	plus	unassigned	B73	10
42032854	minus	unassigned	Teo	1
42032837	plus	unassigned	B73	6018
42032361	plus	unassigned	Teo	19
42031668	plus	ppl2	B73	13
42032138	minus	unassigned	Teo	12
42031889	plus	ppl2	B73	12
42032628	plus	unassigned	Teo	34
42032400	plus	unassigned	B73	3
42032121	minus	unassigned	Teo	11
42033382	plus	unassigned	B73	1
42032880	plus	unassigned	Teo	509
42033173	plus	unassigned	Teo	5
42033212	plus	unassigned	B73	8
42032710	plus	unassigned	Teo	368
42033383	minus	nbr	Teo	1
42033162	minus	nbr	Teo	12
42033003	plus	unassigned	Teo	7
42032582	plus	ppl2	Teo	616
42032361	plus	ppl2	Teo	192
42032140	plus	ppl2	Teo	59
42033200	minus	nbr	B73	30
42033387	minus	nbr	B73	2
42033166	minus	nbr	B73	50
42032620	plus	ppl2	B73	113
42032804	minus	unassigned	B73	51
42031835	plus	unassigned	B73	2
42032128	plus	unassigned	B73	5
42032380	plus	unassigned	B73	4
42032144	plus	ppl2	B73	23
42032586	plus	ppl2	B73	131
42032365	plus	ppl2	B73	58
42032835	minus	unassigned	Teo	2
42032171	plus	unassigned	Teo	14
42032528	plus	ppl2	B73	144
42032119	minus	unassigned	Teo	10
42032210	plus	unassigned	B73	1
42031791	plus	ppl2	Teo	6
42032520	plus	unassigned	Teo	42
42031911	minus	unassigned	Teo	7
42032618	plus	ppl2	Teo	524
42032963	plus	unassigned	B73	14
42033256	plus	unassigned	B73	4
42032851	minus	nbr	B73	197
42031795	plus	ppl2	B73	14
42033357	minus	unassigned	B73	1
42032849	minus	nbr	Teo	21
42033340	minus	unassigned	B73	1
42031879	plus	unassigned	B73	2
42031827	plus	ppl2	Teo	7
42031961	plus	unassigned	B73	1
42032254	plus	unassigned	B73	1
42032773	plus	unassigned	B73	2679
42033066	plus	unassigned	B73	13
42032564	plus	unassigned	Teo	37
42031890	minus	unassigned	B73	7
42032603	plus	unassigned	B73	9
42033376	plus	unassigned	Teo	4
42033293	minus	nbr	B73	14
42033072	minus	nbr	B73	111
42032913	plus	unassigned	Teo	66
42033206	plus	unassigned	Teo	5
42032627	minus	unassigned	B73	22
42032655	plus	ppl2	B73	28
42032610	minus	unassigned	B73	22
42033325	minus	nbr	Teo	3
42033104	minus	nbr	Teo	13
42032641	minus	unassigned	Teo	13
42032524	plus	ppl2	Teo	566
42031689	plus	unassigned	B73	2
42031771	plus	unassigned	B73	1
42032795	minus	unassigned	B73	56
42032920	minus	nbr	B73	87
42031888	minus	unassigned	B73	7
42032374	plus	unassigned	Teo	20
42033329	minus	nbr	B73	11
42033108	minus	nbr	B73	101
42033186	plus	unassigned	Teo	5
42032647	plus	unassigned	B73	9
42032976	minus	nbr	Teo	12
42032755	minus	nbr	Teo	48
42032918	minus	nbr	Teo	9
42033192	plus	unassigned	B73	8
42032608	minus	unassigned	B73	25
42032957	plus	unassigned	Teo	8
42033163	minus	unassigned	B73	1
42033022	plus	unassigned	B73	5
42032639	minus	unassigned	Teo	13
42031699	plus	ppl2	Teo	6
42033332	plus	unassigned	Teo	1
42032622	minus	unassigned	Teo	15
42032759	minus	nbr	B73	647
42033362	minus	nbr	B73	4
42031645	plus	unassigned	B73	3
42032561	plus	ppl2	B73	138
42032340	plus	ppl2	B73	50
42032190	plus	unassigned	B73	1
42033231	minus	nbr	Teo	7
42033010	minus	nbr	Teo	10
42032816	minus	unassigned	Teo	2
42032020	plus	unassigned	B73	1
42033197	minus	nbr	Teo	6
42032976	plus	unassigned	B73	10
42032651	plus	ppl2	Teo	92
42031909	minus	unassigned	Teo	8
42033269	plus	unassigned	B73	4
42032767	plus	unassigned	Teo	1005
42033144	minus	unassigned	B73	1
42032806	plus	unassigned	B73	5198
42032330	plus	unassigned	Teo	18
42032175	plus	ppl2	Teo	101
42032396	plus	ppl2	Teo	224
42032338	plus	ppl2	Teo	142
42032559	plus	ppl2	Teo	627
42033351	plus	unassigned	B73	1
42032953	minus	unassigned	B73	1
42033142	plus	unassigned	Teo	10
42033235	minus	nbr	B73	30
42033014	minus	nbr	B73	124
42031694	minus	unassigned	B73	2
42032882	minus	nbr	Teo	6
42032824	minus	nbr	Teo	25
42033338	minus	unassigned	B73	1
42031860	plus	ppl2	Teo	12
42033321	minus	unassigned	B73	1
42031802	plus	ppl2	Teo	6
42032414	minus	unassigned	B73	1
42032140	plus	unassigned	Teo	11
42032583	plus	unassigned	B73	9
42032886	minus	nbr	B73	71
42031871	minus	unassigned	B73	6
42032828	minus	nbr	B73	306
42032599	minus	unassigned	B73	30
42033395	plus	unassigned	B73	1
42032893	plus	unassigned	Teo	213
42031643	plus	ppl2	B73	11
42031864	plus	ppl2	B73	10
42032932	plus	unassigned	B73	56
42031806	plus	ppl2	B73	13
42033225	plus	unassigned	B73	4
42032723	plus	unassigned	Teo	499
42033016	plus	unassigned	Teo	7
42033300	minus	nbr	Teo	3
42033319	minus	unassigned	B73	1
42033302	minus	unassigned	B73	1
42032776	minus	unassigned	B73	98
42031848	plus	unassigned	B73	2
42031869	minus	unassigned	B73	5
42033141	minus	nbr	B73	85
42032393	plus	unassigned	B73	3
42033304	minus	nbr	B73	14
42031930	plus	unassigned	B73	1
42031852	minus	unassigned	B73	5
42032790	minus	unassigned	Teo	5
42032223	plus	unassigned	B73	1
42031502	minus	unassigned	Teo	1
42033049	minus	nbr	B73	101
42032951	minus	nbr	Teo	13
42032730	minus	nbr	Teo	47
42032742	plus	unassigned	B73	972
42031883	minus	unassigned	Teo	6
42033035	plus	unassigned	B73	6
42032533	plus	unassigned	Teo	41
42033345	plus	unassigned	Teo	4
42033139	minus	nbr	Teo	15
42032117	plus	ppl2	Teo	40
42032603	minus	unassigned	Teo	18
42032792	minus	nbr	B73	452
42032955	minus	nbr	B73	112
42032734	minus	nbr	B73	640
42032757	minus	unassigned	B73	97
42032740	minus	unassigned	B73	105
42032788	minus	unassigned	Teo	5
42031899	plus	ppl2	B73	17
42031678	plus	ppl2	B73	13
42031833	minus	unassigned	B73	6
42032771	minus	unassigned	Teo	8
42031864	minus	unassigned	Teo	2
42031974	plus	unassigned	B73	1
42033393	minus	nbr	Teo	1
42031804	plus	unassigned	B73	2
42032786	plus	unassigned	B73	4510
42033079	plus	unassigned	B73	13
42032577	plus	unassigned	Teo	37
42032592	plus	ppl2	Teo	605
42032371	plus	ppl2	Teo	216
42032616	plus	unassigned	B73	9
42032407	plus	unassigned	Teo	16
42033389	plus	unassigned	Teo	4
42033161	plus	unassigned	B73	11
42032934	minus	unassigned	B73	1
42032926	plus	unassigned	Teo	14
42033219	plus	unassigned	Teo	5
42033210	minus	nbr	B73	31
42032582	minus	unassigned	B73	29
42033301	plus	unassigned	Teo	1
42033397	minus	nbr	B73	2
42033176	minus	nbr	B73	47
42032630	plus	ppl2	B73	108
42031675	minus	unassigned	B73	2
42032375	plus	ppl2	B73	58
42032154	plus	ppl2	B73	27
42032596	plus	ppl2	B73	129
42033266	minus	nbr	Teo	4
42033045	minus	nbr	Teo	19
42033208	minus	nbr	Teo	7
42031784	plus	unassigned	B73	1
42032628	plus	ppl2	Teo	500
42032407	plus	ppl2	Teo	241
42032596	plus	unassigned	B73	9
42032387	plus	unassigned	Teo	18
42032861	minus	nbr	B73	115
42033199	plus	unassigned	Teo	5
42033238	plus	unassigned	B73	4
42032736	plus	unassigned	Teo	543
42033029	plus	unassigned	Teo	6
42032563	minus	unassigned	B73	33
42033111	plus	unassigned	Teo	10
42031656	minus	unassigned	B73	2
42032859	minus	nbr	Teo	17
42032594	minus	unassigned	Teo	18
42031674	plus	ppl2	Teo	5
42031895	plus	ppl2	Teo	28
42031687	minus	unassigned	Teo	3
42031837	plus	ppl2	Teo	6
42031670	minus	unassigned	Teo	3
42032407	minus	unassigned	Teo	18
42033082	minus	nbr	B73	110
42032989	plus	unassigned	B73	5
42032544	minus	unassigned	B73	32
42032552	plus	unassigned	B73	11
42032819	plus	unassigned	B73	5503
42032343	plus	unassigned	Teo	19
42033172	minus	nbr	Teo	8
42033335	minus	nbr	Teo	1
42033114	minus	nbr	Teo	15
42031637	minus	unassigned	B73	2
42033364	plus	unassigned	B73	1
42032862	plus	unassigned	Teo	1278
42032575	minus	unassigned	Teo	21
42033155	plus	unassigned	Teo	9
42032901	plus	unassigned	B73	496
42032150	plus	ppl2	Teo	70
42032534	plus	ppl2	Teo	607
42031668	minus	unassigned	Teo	3
42032738	minus	unassigned	B73	105
42033339	minus	nbr	B73	9
42033293	minus	unassigned	B73	1
42033118	minus	nbr	B73	100
42032721	minus	unassigned	B73	112
42032769	minus	unassigned	Teo	8
42031987	plus	unassigned	B73	2
42032538	plus	ppl2	B73	144
42032386	minus	unassigned	B73	21
42032317	plus	ppl2	B73	46
42031814	minus	unassigned	B73	6
42032986	minus	nbr	Teo	12
42032765	minus	nbr	Teo	50
42032752	minus	unassigned	Teo	8
42031817	plus	unassigned	B73	2
42032799	plus	unassigned	B73	4776
42031845	minus	unassigned	Teo	2
42032362	plus	unassigned	B73	4
42032153	plus	unassigned	Teo	12
42032881	plus	unassigned	B73	2319
42033174	plus	unassigned	B73	10
42033004	plus	unassigned	B73	5
42032945	plus	unassigned	B73	44
42032803	minus	nbr	B73	429
42032769	minus	nbr	B73	652
42032719	minus	unassigned	B73	113
42033274	minus	unassigned	B73	1
42032702	minus	unassigned	B73	23
42033241	minus	nbr	Teo	7
42033020	minus	nbr	Teo	9
42032367	minus	unassigned	B73	22
42032733	minus	unassigned	Teo	8
42032350	minus	unassigned	B73	21
42032661	plus	ppl2	Teo	92
42032398	minus	unassigned	Teo	12
42031826	minus	unassigned	Teo	2
42032381	minus	unassigned	Teo	11
42031943	plus	unassigned	B73	1
42032236	plus	unassigned	B73	1
42032755	plus	unassigned	B73	1763
42033048	plus	unassigned	B73	11
42032546	plus	unassigned	Teo	40
42033245	minus	nbr	B73	26
42033024	minus	nbr	B73	115
42033091	plus	unassigned	Teo	7
42033358	plus	unassigned	Teo	4
42033130	plus	unassigned	B73	12
42032665	plus	ppl2	B73	20
42032892	minus	nbr	Teo	7
42033255	minus	unassigned	B73	1
42031870	plus	ppl2	Teo	16
42032348	minus	unassigned	B73	20
42031651	minus	unassigned	Teo	3
42032379	minus	unassigned	Teo	11
42032930	minus	nbr	B73	101
42032896	minus	nbr	B73	73
42031753	plus	unassigned	B73	1
42031874	plus	ppl2	B73	11
42031653	plus	ppl2	B73	11
42032565	plus	unassigned	B73	10
42032356	plus	unassigned	Teo	19
42032928	minus	nbr	Teo	9
42032875	plus	unassigned	Teo	645
42033168	plus	unassigned	Teo	6
42032525	minus	unassigned	B73	32
42032629	plus	unassigned	B73	9
42031906	plus	ppl2	Teo	29
42033250	plus	unassigned	Teo	1
42032556	minus	unassigned	Teo	23
42032939	plus	unassigned	Teo	13
42032173	minus	unassigned	B73	12
42032711	plus	unassigned	B73	429
42031649	minus	unassigned	Teo	3
42031632	minus	unassigned	Teo	1
42033314	plus	unassigned	Teo	1
42033372	minus	nbr	B73	2
42033151	minus	nbr	B73	65
42032350	plus	ppl2	B73	56
42032571	plus	ppl2	B73	140
42031797	plus	unassigned	B73	2
42031627	plus	unassigned	B73	4
42033149	minus	nbr	Teo	14
42032172	plus	unassigned	B73	4
42032603	plus	ppl2	Teo	578
42032002	plus	unassigned	B73	2
42032691	plus	unassigned	B73	1
42032569	plus	ppl2	Teo	628
42032887	minus	unassigned	B73	1
42032348	plus	ppl2	Teo	150
42032127	plus	ppl2	Teo	42
42032958	plus	unassigned	B73	15
42032537	minus	unassigned	Teo	23
42032749	plus	unassigned	Teo	691
42032521	plus	unassigned	B73	12
42032870	minus	unassigned	B73	1
42032154	minus	unassigned	B73	12
42032520	minus	unassigned	Teo	23
42032312	plus	unassigned	Teo	3
42033294	plus	unassigned	Teo	1
42033333	plus	unassigned	B73	1
42032831	plus	unassigned	Teo	1410
42033124	plus	unassigned	Teo	9
42032607	plus	ppl2	B73	119
42032834	minus	nbr	Teo	25
42031812	plus	ppl2	Teo	7
42032714	minus	unassigned	Teo	8
42032331	minus	unassigned	B73	17
42031807	minus	unassigned	Teo	2
42032249	plus	unassigned	B73	1
42032362	minus	unassigned	Teo	15
42032868	minus	unassigned	B73	1
42032559	plus	unassigned	Teo	37
42032331	plus	unassigned	B73	4
42032838	minus	nbr	B73	279
42032122	plus	unassigned	Teo	4
42032641	plus	unassigned	Teo	30
42031816	plus	ppl2	B73	9
42033377	plus	unassigned	B73	1
42032914	plus	unassigned	B73	251
42033310	minus	nbr	Teo	3
42033207	plus	unassigned	B73	8
42032705	plus	unassigned	Teo	189
42033276	minus	nbr	Teo	4
42033055	minus	nbr	Teo	19
42032329	minus	unassigned	B73	17
42032312	minus	unassigned	B73	1
42032693	minus	unassigned	B73	2
42032343	minus	unassigned	Teo	13
42031786	minus	unassigned	B73	1
42033314	minus	nbr	B73	12
42033059	minus	nbr	B73	91
42032513	plus	ppl2	B73	68
42032961	minus	nbr	Teo	12
42032740	minus	nbr	Teo	49
42032375	plus	unassigned	B73	4
42032166	plus	unassigned	Teo	13
42032205	plus	unassigned	B73	1
42032894	plus	unassigned	B73	972
42033187	plus	unassigned	B73	9
42032724	plus	unassigned	B73	788
42033017	plus	unassigned	B73	5
42031684	plus	ppl2	Teo	6
42032515	plus	unassigned	Teo	40
42033060	plus	unassigned	Teo	8
42033327	plus	unassigned	Teo	1
42032965	minus	nbr	B73	110
42032744	minus	nbr	B73	656
42032907	minus	nbr	B73	76
42032674	minus	unassigned	B73	2
42032324	minus	unassigned	Teo	13
42031501	plus	ppl2	B73	13
42031767	minus	unassigned	B73	1
42031688	plus	ppl2	B73	13
42031750	minus	unassigned	B73	1
42031892	plus	unassigned	B73	2
42031798	minus	unassigned	Teo	2
42032185	plus	unassigned	B73	1
42033182	minus	nbr	Teo	8
42032015	plus	unassigned	B73	1
42032381	plus	ppl2	Teo	221
42031956	plus	unassigned	B73	1
42032160	plus	ppl2	Teo	78
42032325	plus	unassigned	Teo	18
42032518	minus	unassigned	Teo	23
42032768	plus	unassigned	B73	2358
42032851	minus	unassigned	B73	3
42032135	minus	unassigned	B73	10
42032850	plus	unassigned	B73	6163
42033220	minus	nbr	B73	35
42033143	plus	unassigned	B73	13
42032166	minus	unassigned	Teo	11
42032908	plus	unassigned	Teo	72
42033186	minus	nbr	B73	34
42032640	plus	ppl2	B73	102
42033349	minus	nbr	B73	9
42033128	minus	nbr	B73	95
42032385	plus	ppl2	B73	59
42032164	plus	ppl2	B73	29
42032106	plus	ppl2	B73	16
42032548	plus	ppl2	B73	150
42032327	plus	ppl2	B73	46
42033218	minus	nbr	Teo	7
42032638	plus	ppl2	Teo	476
42031766	plus	unassigned	B73	1
42032871	minus	nbr	B73	74
42032849	minus	unassigned	B73	3
42032813	minus	nbr	B73	407
42032578	plus	unassigned	B73	10
42032369	plus	unassigned	Teo	20
42032141	plus	unassigned	B73	5
42032832	minus	unassigned	B73	10
42032116	minus	unassigned	B73	7
42032408	plus	unassigned	B73	3
42032779	minus	nbr	B73	646
42032888	plus	unassigned	Teo	321
42032927	plus	unassigned	B73	91
42032147	minus	unassigned	Teo	12
42032903	minus	nbr	Teo	7
42032718	plus	unassigned	Teo	436
42032130	minus	unassigned	Teo	12
42032970	plus	unassigned	Teo	12
42033263	plus	unassigned	Teo	1
42032869	minus	nbr	Teo	16
42032800	plus	unassigned	Teo	1551
42031847	plus	ppl2	Teo	8
42033092	minus	nbr	B73	101
42032813	minus	unassigned	B73	47
42033255	minus	nbr	B73	26
42033034	minus	nbr	B73	114
42031906	minus	unassigned	B73	7
42032844	minus	unassigned	Teo	1
42032675	plus	ppl2	B73	6
42032128	minus	unassigned	Teo	12
42033345	minus	nbr	Teo	1
42033124	minus	nbr	Teo	16
42032534	plus	unassigned	B73	11
42032544	plus	ppl2	Teo	619
42032323	plus	ppl2	Teo	110
42033346	plus	unassigned	B73	1
42032844	plus	unassigned	Teo	1416
42033137	plus	unassigned	Teo	10
42032940	minus	nbr	B73	107
42032655	minus	unassigned	B73	3
42031663	plus	ppl2	B73	13
42031884	plus	ppl2	B73	12
42031748	minus	unassigned	B73	1
42032996	minus	nbr	Teo	14
42032775	minus	nbr	Teo	50
42032938	minus	nbr	Teo	10
42032717	minus	nbr	Teo	35
42031969	plus	unassigned	B73	1
42032344	plus	unassigned	B73	4
42032135	plus	unassigned	Teo	11
42032863	plus	unassigned	B73	5549
42033156	plus	unassigned	B73	13
42032654	plus	unassigned	Teo	1
42033382	minus	nbr	B73	2
42033161	minus	nbr	B73	57
42032636	minus	unassigned	B73	22
42032581	plus	ppl2	B73	139
42032360	plus	ppl2	B73	56
42033251	minus	nbr	Teo	7
42033030	minus	nbr	Teo	16
42032671	plus	ppl2	Teo	78
42033159	minus	nbr	Teo	13
42032613	plus	ppl2	Teo	540
42032137	plus	ppl2	Teo	54
42032579	plus	ppl2	Teo	630
42032358	plus	ppl2	Teo	191
42032388	plus	unassigned	B73	4
42032218	plus	unassigned	B73	1
42031790	plus	ppl2	B73	15
42032737	plus	unassigned	B73	896
42032617	plus	ppl2	B73	115
42032528	plus	unassigned	Teo	42
42032844	minus	nbr	Teo	23
42032111	minus	unassigned	Teo	10
42032780	plus	unassigned	Teo	1325
42032617	minus	unassigned	B73	22
42033073	plus	unassigned	Teo	7
42031880	plus	ppl2	Teo	16
42033172	minus	unassigned	B73	1
42033112	plus	unassigned	B73	16
42032610	plus	unassigned	Teo	37
42031822	plus	ppl2	Teo	7
42032648	minus	unassigned	Teo	8
42032848	minus	nbr	B73	222
42032198	plus	unassigned	B73	1
42031826	plus	ppl2	B73	8
42032825	minus	unassigned	Teo	2
42032547	plus	unassigned	B73	11
42032109	minus	unassigned	Teo	10
42033320	minus	nbr	Teo	3
42032338	plus	unassigned	Teo	19
42032110	plus	unassigned	B73	4
42033092	plus	unassigned	B73	14
42032590	plus	unassigned	Teo	37
42033359	plus	unassigned	B73	1
42033286	minus	nbr	Teo	4
42033065	minus	nbr	Teo	16
42032857	plus	unassigned	Teo	1350
42031901	minus	unassigned	Teo	7
42033232	plus	unassigned	Teo	5
42033324	minus	nbr	B73	11
42033103	minus	nbr	B73	99
42033069	minus	nbr	B73	109
42032523	plus	ppl2	B73	131
42032971	minus	nbr	Teo	12
42032750	minus	nbr	Teo	50
42033347	minus	unassigned	B73	1
42033330	minus	unassigned	B73	1
42032806	minus	unassigned	Teo	3
42031779	plus	unassigned	B73	1
42031694	plus	ppl2	Teo	6
42031861	plus	unassigned	B73	2
42032154	plus	unassigned	B73	4
42031897	minus	unassigned	B73	7
42031880	minus	unassigned	B73	5
42032975	minus	nbr	B73	108
42032754	minus	nbr	B73	652
42032983	plus	unassigned	Teo	10
42032813	plus	unassigned	Teo	1503
42033106	plus	unassigned	Teo	10
42031698	plus	ppl2	B73	15
42032600	minus	unassigned	B73	30
42033328	minus	unassigned	B73	1
42033192	minus	nbr	Teo	6
42032631	minus	unassigned	Teo	15
42032391	plus	ppl2	Teo	222
42032170	plus	ppl2	Teo	94
42031671	plus	unassigned	B73	1
42032785	minus	unassigned	B73	96
42031938	plus	unassigned	B73	1
42031501	plus	unassigned	B73	1
42031878	minus	unassigned	B73	5
42033230	minus	nbr	B73	30
42031861	minus	unassigned	B73	5
42032313	plus	unassigned	B73	2
42032104	plus	unassigned	Teo	4
42033196	minus	nbr	B73	30
42032793	plus	unassigned	Teo	1545
42032650	plus	ppl2	B73	31
42033086	plus	unassigned	Teo	6
42031892	minus	unassigned	Teo	6
42032623	plus	unassigned	Teo	35
42032174	plus	ppl2	B73	46
42032395	plus	ppl2	B73	61
42033153	minus	unassigned	B73	1
42033228	minus	nbr	Teo	7
42033007	minus	nbr	Teo	13
42032629	minus	unassigned	Teo	15
42032962	minus	unassigned	B73	1
42032648	plus	ppl2	Teo	384
42032612	minus	unassigned	Teo	16
42032881	minus	nbr	B73	72
42032913	minus	nbr	Teo	8
42032879	minus	nbr	Teo	6
42032357	plus	unassigned	B73	4
42032148	plus	unassigned	Teo	12
42031636	plus	ppl2	Teo	2
42031857	plus	ppl2	Teo	10
42032876	plus	unassigned	B73	2953
42033169	plus	unassigned	B73	10
42032706	plus	unassigned	B73	272
42033251	plus	unassigned	B73	4
42032943	minus	unassigned	B73	1
42033042	plus	unassigned	Teo	6
42033309	plus	unassigned	Teo	1
42032917	minus	nbr	B73	86
42032591	minus	unassigned	B73	30
42031684	minus	unassigned	B73	2
42033355	minus	nbr	Teo	1
42033311	minus	unassigned	B73	1
42033134	minus	nbr	Teo	16
42031874	plus	unassigned	B73	2
42032167	plus	unassigned	B73	4
42032112	plus	ppl2	Teo	39
42032554	plus	ppl2	Teo	630
42032404	minus	unassigned	B73	32
42032333	plus	ppl2	Teo	131
42032996	plus	unassigned	Teo	6
42033289	plus	unassigned	Teo	1
42033061	plus	unassigned	B73	13
42033119	plus	unassigned	Teo	9
42032589	minus	unassigned	B73	30
42033371	plus	unassigned	Teo	4
42033359	minus	nbr	B73	5
42033138	minus	nbr	B73	91
42032572	minus	unassigned	B73	32
42032832	plus	unassigned	B73	5770
42033125	plus	unassigned	B73	12
42032337	plus	ppl2	B73	51
42031665	minus	unassigned	B73	2
42032116	plus	ppl2	B73	18
42032558	plus	ppl2	B73	142
42032785	minus	nbr	Teo	50
42031696	minus	unassigned	Teo	3
42033309	minus	unassigned	B73	1
42032823	minus	nbr	B73	317
42032766	minus	unassigned	B73	98
42032789	minus	nbr	B73	487
42031859	minus	unassigned	B73	5
42031801	plus	ppl2	B73	13
42032797	minus	unassigned	Teo	5
42031830	plus	unassigned	B73	2
42031842	minus	unassigned	B73	6
42032780	minus	unassigned	Teo	8
42032123	plus	unassigned	B73	4
42032642	plus	unassigned	B73	9
42031873	minus	unassigned	Teo	2
42032909	plus	unassigned	B73	265
42033261	minus	nbr	Teo	4
42033040	minus	nbr	Teo	17
42032952	plus	unassigned	Teo	8
42033245	plus	unassigned	Teo	3
42032681	plus	ppl2	Teo	46
42032747	minus	unassigned	B73	105
42033265	minus	nbr	B73	21
42033044	minus	nbr	B73	104
42032730	minus	unassigned	B73	109
42032778	minus	unassigned	Teo	8
42031640	plus	unassigned	B73	3
42031823	minus	unassigned	B73	6
42032395	minus	unassigned	B73	23
42032761	minus	unassigned	Teo	8
42032627	plus	ppl2	B73	108
42032406	plus	ppl2	B73	67
42031890	plus	ppl2	Teo	16
42031854	minus	unassigned	Teo	2
42032762	plus	unassigned	Teo	954
42033055	plus	unassigned	Teo	9
42032516	plus	unassigned	B73	12
42032950	minus	nbr	B73	114
42032826	plus	unassigned	Teo	1486
42033201	plus	unassigned	Teo	5
42031673	plus	ppl2	B73	13
42031894	plus	ppl2	B73	16
42032728	minus	unassigned	B73	109
42033283	minus	unassigned	B73	1
42032948	minus	nbr	Teo	12
42032727	minus	nbr	Teo	46
42032759	minus	unassigned	Teo	8
42032376	minus	unassigned	B73	21
42031684	plus	unassigned	B73	2
42032390	minus	unassigned	Teo	10
42032326	plus	unassigned	B73	4
42032117	plus	unassigned	Teo	4
42033099	plus	unassigned	Teo	10
42032845	plus	unassigned	B73	6047
42033138	plus	unassigned	B73	13
42032636	plus	unassigned	Teo	30
42033392	minus	nbr	B73	2
42033171	minus	nbr	B73	49
42033390	plus	unassigned	B73	1
42033181	plus	unassigned	Teo	5
42033220	plus	unassigned	B73	4
42032553	minus	unassigned	B73	33
42032591	plus	ppl2	B73	130
42032370	plus	ppl2	B73	60
42033011	plus	unassigned	Teo	7
42032533	plus	ppl2	B73	143
42031646	minus	unassigned	B73	2
42033203	minus	nbr	Teo	6
42032584	minus	unassigned	Teo	18
42033169	minus	nbr	Teo	11
42032623	plus	ppl2	Teo	518
42032402	plus	ppl2	Teo	239
42031677	minus	unassigned	Teo	3
42031660	minus	unassigned	Teo	3
42032368	plus	ppl2	Teo	214
42032147	plus	ppl2	Teo	70
42032589	plus	ppl2	Teo	600
42032136	plus	unassigned	B73	5
42033207	minus	nbr	B73	30
42031907	plus	unassigned	B73	1
42032854	minus	nbr	Teo	19
42032889	plus	unassigned	B73	1089
42032534	minus	unassigned	B73	30
42032719	plus	unassigned	B73	658
42031832	plus	ppl2	Teo	6
42032971	plus	unassigned	B73	10
42031627	minus	unassigned	B73	2
42033264	plus	unassigned	B73	4
42031798	plus	ppl2	Teo	6
42032565	minus	unassigned	Teo	21
42032801	plus	unassigned	B73	4857
42031658	minus	unassigned	Teo	3
42031641	minus	unassigned	Teo	1
42032858	minus	nbr	B73	161
42031836	plus	ppl2	B73	10
42032711	minus	unassigned	B73	114
42032660	plus	ppl2	B73	27
42031887	plus	unassigned	B73	2
42031804	minus	unassigned	B73	6
42033330	minus	nbr	Teo	1
42032742	minus	unassigned	Teo	8
42032699	plus	unassigned	B73	10
42033296	minus	nbr	Teo	3
42033075	minus	nbr	Teo	18
42031835	minus	unassigned	Teo	2
42032529	plus	unassigned	B73	12
42032781	plus	unassigned	B73	3793
42032896	minus	unassigned	B73	1
42033074	plus	unassigned	B73	14
42032658	plus	ppl2	Teo	93
42032572	plus	unassigned	Teo	37
42032839	plus	unassigned	Teo	1378
42032611	plus	unassigned	B73	9
42032163	minus	unassigned	B73	13
42032402	plus	unassigned	Teo	16
42033384	plus	unassigned	Teo	4
42032921	plus	unassigned	Teo	22
42033214	plus	unassigned	Teo	5
42033334	minus	nbr	B73	11
42033113	minus	nbr	B73	100
42033079	minus	nbr	B73	111
42032981	minus	nbr	Teo	12
42032760	minus	nbr	Teo	49
42032709	minus	unassigned	B73	114
42032923	minus	nbr	Teo	9
42033264	minus	unassigned	B73	1
42031697	plus	unassigned	B73	1
42031901	plus	ppl2	Teo	29
42032357	minus	unassigned	B73	24
42032723	minus	unassigned	Teo	8
42032340	minus	unassigned	B73	21
42031816	minus	unassigned	Teo	2
42032388	minus	unassigned	Teo	10
42032371	minus	unassigned	Teo	11
42032382	plus	unassigned	Teo	20
42031843	plus	unassigned	B73	2
42032985	minus	nbr	B73	109
42032764	minus	nbr	B73	654
42032927	minus	nbr	B73	100
42032655	plus	unassigned	B73	1
42031905	plus	ppl2	B73	16
42032965	plus	unassigned	Teo	12
42033258	plus	unassigned	Teo	1
42033030	plus	unassigned	B73	6
42033340	plus	unassigned	Teo	1
42032338	minus	unassigned	B73	20
42032704	minus	unassigned	Teo	6
42032564	plus	ppl2	Teo	631
42032321	minus	unassigned	B73	15
42032369	minus	unassigned	Teo	11
42032352	minus	unassigned	Teo	13
42031795	minus	unassigned	B73	5
42033240	minus	nbr	B73	30
42033369	minus	nbr	B73	2
42033148	minus	nbr	B73	68
42032602	plus	ppl2	B73	122
42032984	plus	unassigned	B73	11
42032568	plus	ppl2	B73	136
42032347	plus	ppl2	B73	50
42032126	plus	ppl2	B73	19
42033277	plus	unassigned	B73	1
42032775	plus	unassigned	Teo	1156
42033068	plus	unassigned	Teo	8
42032814	plus	unassigned	B73	5320
42032515	minus	unassigned	B73	35
42033238	minus	nbr	Teo	7
42033107	plus	unassigned	B73	16
42033017	minus	nbr	Teo	9
42032605	plus	unassigned	Teo	37
42033150	plus	unassigned	Teo	10
42032546	minus	unassigned	Teo	23
42031639	minus	unassigned	Teo	1
42032891	minus	nbr	B73	73
42032833	minus	nbr	B73	283
42032683	minus	unassigned	B73	1
42032799	minus	nbr	B73	448
42031811	plus	ppl2	B73	10
42031776	minus	unassigned	B73	1
42032889	minus	nbr	Teo	7
42031790	minus	unassigned	Teo	2
42031867	plus	ppl2	Teo	16
42031646	plus	ppl2	Teo	3
42031809	plus	ppl2	Teo	7
42032339	plus	unassigned	B73	4
42032591	plus	unassigned	B73	9
42032877	minus	unassigned	B73	1
42032858	plus	unassigned	B73	5913
42032527	minus	unassigned	Teo	21
42032649	plus	unassigned	Teo	18
42032144	minus	unassigned	B73	13
42032860	minus	unassigned	B73	1
42032510	minus	unassigned	Teo	2
42033194	plus	unassigned	Teo	5
42032940	plus	unassigned	B73	49
42033233	plus	unassigned	B73	4
42032731	plus	unassigned	Teo	537
42032175	minus	unassigned	Teo	12
42033024	plus	unassigned	Teo	6
42033275	minus	nbr	B73	21
42033054	minus	nbr	B73	94
42033365	minus	nbr	Teo	1
42033144	minus	nbr	Teo	16
42033307	minus	nbr	Teo	3
42032343	plus	ppl2	Teo	144
42032122	plus	ppl2	Teo	42
42031856	plus	unassigned	B73	2
42032149	plus	unassigned	B73	4
42032858	minus	unassigned	B73	1
42032960	minus	nbr	B73	112
42032231	plus	unassigned	B73	1
42032841	minus	unassigned	B73	10
42032125	minus	unassigned	B73	8
42032978	plus	unassigned	Teo	11
42032750	plus	unassigned	B73	1423
42033043	plus	unassigned	B73	8
42032541	plus	unassigned	Teo	40
42032156	minus	unassigned	Teo	11
42032808	plus	unassigned	Teo	1523
42031683	plus	ppl2	B73	13
42033353	plus	unassigned	Teo	4
42032795	minus	nbr	Teo	32
42032958	minus	nbr	Teo	12
42032737	minus	nbr	Teo	49
42032319	minus	unassigned	B73	15
42032333	minus	unassigned	Teo	13
42033181	minus	nbr	B73	40
42031982	plus	unassigned	B73	2
42032380	plus	ppl2	B73	59
42031812	plus	unassigned	B73	2
42032105	plus	unassigned	B73	3
42033271	minus	nbr	Teo	4
42033050	minus	nbr	Teo	19
42032794	plus	unassigned	B73	4752
42033213	minus	nbr	Teo	7
42033087	plus	unassigned	B73	14
42032585	plus	unassigned	Teo	37
42032624	plus	unassigned	B73	9
42033179	minus	nbr	Teo	8
42032633	plus	ppl2	Teo	489
42033397	plus	unassigned	Teo	4
42032934	plus	unassigned	Teo	14
42033227	plus	unassigned	Teo	5
42032599	plus	ppl2	Teo	584
42032378	plus	ppl2	Teo	221
42032157	plus	ppl2	Teo	70
42032664	minus	unassigned	B73	3
42032314	minus	unassigned	Teo	15
42033217	minus	nbr	B73	35
42031757	minus	unassigned	B73	1
42032637	plus	ppl2	B73	103
42031740	minus	unassigned	B73	1
42032864	minus	nbr	Teo	16
42031792	plus	unassigned	B73	2
42031842	plus	ppl2	Teo	5
42032395	plus	unassigned	Teo	16
42032744	plus	unassigned	Teo	653
42033037	plus	unassigned	Teo	6
42032902	minus	nbr	B73	72
42032868	minus	nbr	B73	103
42031846	plus	ppl2	B73	8
42032645	minus	unassigned	B73	21
42031738	minus	unassigned	B73	1
42033340	minus	nbr	Teo	1
42033085	minus	nbr	Teo	18
42032839	minus	unassigned	B73	10
42032822	minus	unassigned	B73	21
42032106	minus	unassigned	B73	7
42033344	minus	nbr	B73	9
42033123	minus	nbr	B73	97
42032997	plus	unassigned	B73	5
42032788	plus	unassigned	Teo	1495
42032560	plus	unassigned	B73	10
42032853	minus	unassigned	Teo	1
42032137	minus	unassigned	Teo	12
42032827	plus	unassigned	B73	5704
42032351	plus	unassigned	Teo	19
42033089	minus	nbr	B73	106
42032618	plus	unassigned	Teo	35
42032322	plus	ppl2	B73	47
42032543	plus	ppl2	B73	144
42032991	minus	nbr	Teo	14
42032770	minus	nbr	Teo	50
42032120	minus	unassigned	Teo	10
42033372	plus	unassigned	B73	1
42032870	plus	unassigned	Teo	933
42033163	plus	unassigned	Teo	6
42033202	plus	unassigned	B73	8
42032700	plus	unassigned	Teo	30
42032995	minus	nbr	B73	129
42032774	minus	nbr	B73	650
42031995	plus	unassigned	B73	2
42032803	minus	unassigned	B73	51
42031825	plus	unassigned	B73	2
42032118	plus	unassigned	B73	4
42032806	minus	nbr	Teo	34
42032598	plus	unassigned	Teo	37
42032370	plus	unassigned	B73	4
42032834	minus	unassigned	Teo	2
42032118	minus	unassigned	Teo	10
42032161	plus	unassigned	Teo	13
42032200	plus	unassigned	B73	1
42033182	plus	unassigned	B73	9
42032510	plus	unassigned	Teo	37
42031910	minus	unassigned	Teo	7
42032953	plus	unassigned	B73	25
42033246	plus	unassigned	B73	4
42033250	minus	nbr	B73	26
42032670	plus	ppl2	B73	11
42033356	minus	unassigned	B73	1
42031869	plus	unassigned	B73	2
42033248	minus	nbr	Teo	7
42033027	minus	nbr	Teo	16
42032668	plus	ppl2	Teo	80
42031951	plus	unassigned	B73	1
42032244	plus	unassigned	B73	1
42032763	plus	unassigned	B73	2243
42033056	plus	unassigned	B73	13
42032554	plus	unassigned	Teo	39
42033366	plus	unassigned	Teo	4
42032903	plus	unassigned	Teo	97
42032933	minus	nbr	Teo	10
42032712	minus	nbr	Teo	25
42032626	minus	unassigned	B73	22
42032899	minus	nbr	Teo	7
42031911	plus	ppl2	Teo	29
42032640	minus	unassigned	Teo	13
42031877	plus	ppl2	Teo	18
42031656	plus	ppl2	Teo	3
42031679	plus	unassigned	B73	2
42031761	plus	unassigned	B73	1
42032794	minus	unassigned	B73	56
42032937	minus	nbr	B73	103
42032716	minus	nbr	B73	488
42031887	minus	unassigned	B73	7
42032573	plus	unassigned	B73	10
42032364	plus	unassigned	Teo	20
42032883	plus	unassigned	Teo	502
42033176	plus	unassigned	Teo	5
42032637	plus	unassigned	B73	9
42032607	minus	unassigned	B73	25
42032947	plus	unassigned	Teo	11
42033375	minus	nbr	Teo	1
42033162	minus	unassigned	B73	1
42033154	minus	nbr	Teo	14
42033012	plus	unassigned	B73	5
42032638	minus	unassigned	Teo	13
42032353	plus	ppl2	Teo	181
42032132	plus	ppl2	Teo	53
42032574	plus	ppl2	Teo	637
42033322	plus	unassigned	Teo	1
42032621	minus	unassigned	Teo	15
42033379	minus	nbr	B73	2
42033158	minus	nbr	B73	58
42032612	plus	ppl2	B73	117
42031635	plus	unassigned	B73	4
42032136	plus	ppl2	B73	23
42032578	plus	ppl2	B73	140
42032357	plus	ppl2	B73	57
42032180	plus	unassigned	B73	1
42032815	minus	unassigned	Teo	2
42032010	plus	unassigned	B73	1
42032966	plus	unassigned	B73	11
42031908	minus	unassigned	Teo	8
42033259	plus	unassigned	B73	4
42032757	plus	unassigned	Teo	884
42033143	minus	unassigned	B73	1
42032320	plus	unassigned	Teo	18
42033341	plus	unassigned	B73	1
42032952	minus	unassigned	B73	1
42033132	plus	unassigned	Teo	9
42032843	minus	nbr	B73	264
42031821	plus	ppl2	B73	9
42031693	minus	unassigned	B73	2
42033337	minus	unassigned	B73	1
42033320	minus	unassigned	B73	1
42033281	minus	nbr	Teo	4
42033060	minus	nbr	Teo	9
42031819	plus	ppl2	Teo	7
42032257	plus	unassigned	B73	1
42032413	minus	unassigned	B73	1
42032567	plus	unassigned	Teo	37
42032130	plus	unassigned	Teo	10
42031870	minus	unassigned	B73	6
42032403	plus	unassigned	B73	3
42032598	minus	unassigned	B73	30
42033385	plus	unassigned	B73	1
42033285	minus	nbr	B73	18
42033064	minus	nbr	B73	99
42032922	plus	unassigned	B73	110
42032581	minus	unassigned	B73	29
42033215	plus	unassigned	B73	5
42033227	minus	nbr	B73	31
42033006	minus	nbr	B73	135
42032713	plus	unassigned	Teo	390
42033006	plus	unassigned	Teo	7
42032647	plus	ppl2	B73	100
42033317	minus	nbr	Teo	3
42033318	minus	unassigned	B73	1
42033301	minus	unassigned	B73	1
42032516	plus	ppl2	Teo	470
42032970	minus	nbr	B73	110
42032775	minus	unassigned	B73	98
42032912	minus	nbr	B73	85
42031838	plus	unassigned	B73	2
42031868	minus	unassigned	B73	5
42032878	minus	nbr	B73	73
42032383	plus	unassigned	B73	4
42032174	plus	unassigned	Teo	14
42031851	minus	unassigned	B73	5
42032213	plus	unassigned	B73	1
42031693	plus	ppl2	B73	14
42031501	minus	unassigned	Teo	1
42031899	minus	unassigned	Teo	7
42031856	plus	ppl2	B73	8
42033195	plus	unassigned	B73	8
42031882	minus	unassigned	Teo	5
42032732	plus	unassigned	B73	869
42033025	plus	unassigned	B73	5
42032968	minus	nbr	Teo	12
42032747	minus	nbr	Teo	49
42032523	plus	unassigned	Teo	42
42033335	plus	unassigned	Teo	1
42032619	minus	unassigned	Teo	15
42032602	minus	unassigned	Teo	17
42032756	minus	unassigned	B73	99
42033191	minus	nbr	B73	32
42033354	minus	nbr	B73	8
42033133	minus	nbr	B73	96
42031849	minus	unassigned	B73	5
42032787	minus	unassigned	Teo	8
42032193	plus	unassigned	B73	1
42031832	minus	unassigned	B73	6
42032390	plus	ppl2	B73	61
42032770	minus	unassigned	Teo	8
42032111	plus	ppl2	B73	18
42032553	plus	ppl2	B73	151
42032332	plus	ppl2	B73	47
42033223	minus	nbr	Teo	7
42033002	minus	nbr	Teo	12
42031863	minus	unassigned	Teo	2
42031964	plus	unassigned	B73	1
42032333	plus	unassigned	Teo	19
42033189	minus	nbr	Teo	6
42032643	plus	ppl2	Teo	473
42032776	plus	unassigned	B73	3057
42033069	plus	unassigned	B73	13
42032606	plus	unassigned	B73	9
42032167	plus	ppl2	Teo	85
42032388	plus	ppl2	Teo	222
42032109	plus	ppl2	Teo	36
42033379	plus	unassigned	Teo	4
42033151	plus	unassigned	B73	16
42032933	minus	unassigned	B73	1
42032916	plus	unassigned	Teo	46
42033209	plus	unassigned	Teo	5
42031674	minus	unassigned	B73	2
42033292	minus	unassigned	B73	1
42032874	minus	nbr	Teo	9
42032816	minus	nbr	Teo	34
42032385	minus	unassigned	B73	21
42031852	plus	ppl2	Teo	9
42031631	plus	ppl2	Teo	3
42031774	plus	unassigned	B73	1
42032586	plus	unassigned	B73	9
42032377	plus	unassigned	Teo	20
42033398	plus	unassigned	B73	1
42032896	plus	unassigned	Teo	169
42033189	plus	unassigned	Teo	5
42032935	plus	unassigned	B73	50
42033228	plus	unassigned	B73	4
42032726	plus	unassigned	Teo	512
42033019	plus	unassigned	Teo	6
42033260	minus	nbr	B73	22
42031635	plus	ppl2	B73	11
42032579	minus	unassigned	B73	32
42032562	minus	unassigned	B73	33
42033101	plus	unassigned	Teo	10
42031655	minus	unassigned	B73	2
42033350	minus	nbr	Teo	1
42032593	minus	unassigned	Teo	18
42033095	minus	nbr	Teo	15
42031686	minus	unassigned	Teo	3
42033258	minus	nbr	Teo	4
42033037	minus	nbr	Teo	18
42032678	plus	ppl2	Teo	49
42032406	minus	unassigned	Teo	18
42031648	plus	unassigned	B73	3
42033099	minus	nbr	B73	99
42032780	minus	nbr	Teo	50
42032943	minus	nbr	Teo	10
42032979	plus	unassigned	B73	11
42032722	minus	nbr	Teo	43
42032542	plus	unassigned	B73	11
42032543	minus	unassigned	B73	33
42032809	plus	unassigned	B73	5300
42031700	plus	ppl2	Teo	6
42031636	minus	unassigned	B73	2
42033354	plus	unassigned	B73	1
42032852	plus	unassigned	Teo	1396
42032574	minus	unassigned	Teo	21
42033145	plus	unassigned	Teo	10
42031887	plus	ppl2	Teo	16
42031667	minus	unassigned	Teo	3
42032784	minus	nbr	B73	646
42032947	minus	nbr	B73	110
42032726	minus	nbr	B73	613
42032737	minus	unassigned	B73	106
42032720	minus	unassigned	B73	113
42032768	minus	unassigned	Teo	8
42031977	plus	unassigned	B73	1
42031813	minus	unassigned	B73	6
42032751	minus	unassigned	Teo	8
42031807	plus	unassigned	B73	2
42032789	plus	unassigned	B73	4537
42032352	plus	unassigned	B73	4
42031844	minus	unassigned	Teo	2
42033385	minus	nbr	Teo	1
42033164	minus	nbr	Teo	12
42032619	plus	unassigned	B73	9
42032143	plus	unassigned	Teo	11
42032871	plus	unassigned	B73	4270
42033164	plus	unassigned	B73	10
42032142	plus	ppl2	Teo	59
42032584	plus	ppl2	Teo	611
42032363	plus	ppl2	Teo	200
42032929	plus	unassigned	Teo	13
42032701	plus	unassigned	B73	38
42033304	plus	unassigned	Teo	1
42033202	minus	nbr	B73	30
42033389	minus	nbr	B73	2
42033168	minus	nbr	B73	50
42032718	minus	unassigned	B73	113
42032622	plus	ppl2	B73	112
42032401	plus	ppl2	B73	67
42033273	minus	unassigned	B73	1
42032701	minus	unassigned	B73	16
42032367	plus	ppl2	B73	58
42032146	plus	ppl2	B73	24
42032588	plus	ppl2	B73	129
42032749	minus	unassigned	Teo	8
42032366	minus	unassigned	B73	22
42032732	minus	unassigned	Teo	8
42031793	plus	ppl2	Teo	6
42032397	minus	unassigned	Teo	12
42031825	minus	unassigned	Teo	2
42032380	minus	unassigned	Teo	11
42032396	plus	unassigned	B73	3
42031933	plus	unassigned	B73	1
42032226	plus	unassigned	B73	1
42032853	minus	nbr	B73	197
42032745	plus	unassigned	B73	1152
42033038	plus	unassigned	B73	6
42032536	plus	unassigned	Teo	41
42031831	plus	ppl2	B73	8
42033081	plus	unassigned	Teo	7
42031797	plus	ppl2	B73	14
42033348	plus	unassigned	Teo	4
42033120	plus	unassigned	B73	12
42033254	minus	unassigned	B73	1
42033291	minus	nbr	Teo	4
42033070	minus	nbr	Teo	17
42031666	plus	ppl2	Teo	4
42031829	plus	ppl2	Teo	6
42032347	minus	unassigned	B73	19
42031650	minus	unassigned	Teo	3
42032330	minus	unassigned	B73	17
42032378	minus	unassigned	Teo	11
42032361	minus	unassigned	Teo	15
42033295	minus	nbr	B73	14
42033074	minus	nbr	B73	112
42032555	plus	unassigned	B73	11
42032346	plus	unassigned	Teo	19
42032865	plus	unassigned	Teo	1185
42033158	plus	unassigned	Teo	7
42032524	minus	unassigned	B73	32
42033327	minus	nbr	Teo	2
42033106	minus	nbr	Teo	13
42033240	plus	unassigned	Teo	4
42032555	minus	unassigned	Teo	23
42032526	plus	ppl2	Teo	571
42032172	minus	unassigned	B73	12
42031648	minus	unassigned	Teo	1
42031631	minus	unassigned	Teo	1
42032980	minus	nbr	B73	113
42031787	plus	unassigned	B73	1
42032978	minus	nbr	Teo	12
42032757	minus	nbr	Teo	48
42032599	plus	unassigned	B73	9
42032162	plus	unassigned	B73	4
42032886	minus	unassigned	B73	1
42032948	plus	unassigned	B73	40
42032536	minus	unassigned	Teo	23
42032739	plus	unassigned	Teo	557
42032511	plus	unassigned	B73	12
42032153	minus	unassigned	B73	13
42032991	plus	unassigned	Teo	6
42031629	minus	unassigned	Teo	1
42033284	plus	unassigned	Teo	1
42032821	plus	unassigned	Teo	1496
42033114	plus	unassigned	Teo	9
42033233	minus	nbr	Teo	7
42033012	minus	nbr	Teo	10
42032713	minus	unassigned	Teo	8
42033199	minus	nbr	Teo	6
42032653	plus	ppl2	Teo	92
42031946	plus	unassigned	B73	1
42031806	minus	unassigned	Teo	2
42032398	plus	ppl2	Teo	219
42032239	plus	unassigned	B73	1
42032867	minus	unassigned	B73	1
42032134	minus	unassigned	B73	9
42032549	plus	unassigned	Teo	40
42032321	plus	unassigned	B73	4
42032850	minus	unassigned	B73	3
42032112	plus	unassigned	Teo	4
42033094	plus	unassigned	Teo	8
42032631	plus	unassigned	Teo	31
42032165	minus	unassigned	Teo	11
42033237	minus	nbr	B73	29
42033016	minus	nbr	B73	114
42033367	plus	unassigned	B73	1
42032657	plus	ppl2	B73	27
42032884	minus	nbr	Teo	6
42032904	plus	unassigned	B73	379
42031641	plus	ppl2	Teo	3
42031862	plus	ppl2	Teo	12
42032328	minus	unassigned	B73	17
42032359	minus	unassigned	Teo	15
42032922	minus	nbr	B73	87
42032692	minus	unassigned	B73	2
42032342	minus	unassigned	Teo	13
42032888	minus	nbr	B73	74
42031900	plus	ppl2	B73	16
42031785	minus	unassigned	B73	1
42031866	plus	ppl2	B73	11
42031645	plus	ppl2	B73	11
42032365	plus	unassigned	B73	4
42032156	plus	unassigned	Teo	12
42031902	plus	unassigned	B73	2
42032884	plus	unassigned	B73	2235
42033360	minus	nbr	Teo	1
42033177	plus	unassigned	B73	10
42032714	plus	unassigned	B73	542
42033007	plus	unassigned	B73	5
42033050	plus	unassigned	Teo	9
42033317	plus	unassigned	Teo	1
42032673	minus	unassigned	B73	3
42032323	minus	unassigned	Teo	13
42033364	minus	nbr	B73	3
42033143	minus	nbr	B73	83
42031766	minus	unassigned	B73	1
42032121	plus	ppl2	B73	19
42032563	plus	ppl2	B73	136
42032342	plus	ppl2	B73	51
42032790	minus	nbr	Teo	33
42031797	minus	unassigned	Teo	2
42031882	plus	unassigned	B73	2
42032175	plus	unassigned	B73	4
42032005	plus	unassigned	B73	2
42032694	plus	unassigned	B73	1
42032315	plus	unassigned	Teo	18
42032119	plus	ppl2	Teo	42
42033297	plus	unassigned	Teo	1
42032517	minus	unassigned	Teo	23
42032758	plus	unassigned	B73	2061
42032794	minus	nbr	B73	446
42032840	plus	unassigned	B73	6049
42033133	plus	unassigned	B73	12
42032654	minus	unassigned	B73	3
42032826	minus	nbr	Teo	26
42031747	minus	unassigned	B73	1
42031804	plus	ppl2	Teo	6
42031756	plus	unassigned	B73	1
42032848	minus	unassigned	B73	3
42032568	plus	unassigned	B73	10
42032115	minus	unassigned	B73	7
42032359	plus	unassigned	Teo	19
42032131	plus	unassigned	B73	5
42032831	minus	unassigned	B73	10
42033270	minus	nbr	B73	21
42032878	plus	unassigned	Teo	551
42032650	plus	unassigned	B73	1
42031808	plus	ppl2	B73	13
42032917	plus	unassigned	B73	148
42032146	minus	unassigned	Teo	12
42032708	plus	unassigned	Teo	193
42032632	plus	ppl2	B73	107
42032960	plus	unassigned	Teo	10
42033253	plus	unassigned	Teo	1
42033302	minus	nbr	Teo	3
42033268	minus	nbr	Teo	4
42033047	minus	nbr	Teo	19
42032829	minus	unassigned	B73	13
42033306	minus	nbr	B73	14
42032378	plus	unassigned	B73	4
42032169	plus	unassigned	Teo	14
42032812	minus	unassigned	B73	49
42032953	minus	nbr	Teo	13
42032732	minus	nbr	Teo	48
42031905	minus	unassigned	B73	7
42032843	minus	unassigned	Teo	1
42032127	minus	unassigned	Teo	12
42032110	minus	unassigned	Teo	10
42033063	plus	unassigned	Teo	8
42031897	plus	ppl2	Teo	27
42031676	plus	ppl2	Teo	5
42032524	plus	unassigned	B73	12
42033336	plus	unassigned	B73	1
42032834	plus	unassigned	Teo	1411
42033127	plus	unassigned	Teo	9
42032957	minus	nbr	B73	112
42032736	minus	nbr	B73	644
42031692	plus	unassigned	B73	1
42031959	plus	unassigned	B73	1
42033395	minus	nbr	Teo	1
42033174	minus	nbr	Teo	8
42032152	plus	ppl2	Teo	70
42032594	plus	ppl2	Teo	601
42032373	plus	ppl2	Teo	211
42032334	plus	unassigned	B73	4
42032536	plus	ppl2	Teo	616
42032125	plus	unassigned	Teo	5
42032853	plus	unassigned	B73	6182
42033146	plus	unassigned	B73	16
42032644	plus	unassigned	Teo	30
42033212	minus	nbr	B73	33
42033399	minus	nbr	B73	2
42033178	minus	nbr	B73	41
42032635	minus	unassigned	B73	22
42032377	plus	ppl2	B73	59
42032156	plus	ppl2	B73	27
42032598	plus	ppl2	B73	129
42032319	plus	ppl2	B73	47
42032409	plus	ppl2	Teo	240
42032144	plus	unassigned	B73	4
42032863	minus	nbr	B73	97
42032805	minus	nbr	B73	429
42031841	plus	ppl2	B73	8
42032208	plus	unassigned	B73	1
42032897	plus	unassigned	B73	623
42032727	plus	unassigned	B73	807
42032518	plus	unassigned	Teo	42
42033272	plus	unassigned	B73	4
42032770	plus	unassigned	Teo	1097
42032616	minus	unassigned	B73	22
42033171	minus	unassigned	B73	1
42033102	plus	unassigned	B73	14
42033080	minus	nbr	Teo	18
42032600	plus	unassigned	Teo	37
42031839	plus	ppl2	Teo	6
42032647	minus	unassigned	Teo	10
42032663	plus	ppl2	Teo	90
42032630	minus	unassigned	Teo	15
42031895	plus	unassigned	B73	2
42033084	minus	nbr	B73	109
42032188	plus	unassigned	B73	1
42033247	minus	nbr	B73	26
42033026	minus	nbr	B73	118
42032018	plus	unassigned	B73	1
42032667	plus	ppl2	B73	16
42032824	minus	unassigned	Teo	2
42032537	plus	unassigned	B73	11
42032108	minus	unassigned	Teo	10
42032328	plus	unassigned	Teo	18
42033337	minus	nbr	Teo	1
42033116	minus	nbr	Teo	15
42033169	minus	unassigned	B73	1
42033082	plus	unassigned	B73	14
42032580	plus	unassigned	Teo	37
42033349	plus	unassigned	B73	1
42032847	plus	unassigned	Teo	1374
42032315	plus	ppl2	Teo	100
42032410	plus	unassigned	Teo	15
42031900	minus	unassigned	Teo	7
42033392	plus	unassigned	Teo	4
42033222	plus	unassigned	Teo	5
42032990	minus	nbr	B73	114
42032932	minus	nbr	B73	101
42032711	minus	nbr	B73	178
42032898	minus	nbr	B73	73
42031910	plus	ppl2	B73	16
42032801	minus	nbr	Teo	32
42031876	plus	ppl2	B73	13
42031655	plus	ppl2	B73	11
42033346	minus	unassigned	B73	1
42032988	minus	nbr	Teo	13
42032767	minus	nbr	Teo	50
42032709	minus	nbr	Teo	14
42032805	minus	unassigned	Teo	3
42031769	plus	unassigned	B73	1
42031908	plus	ppl2	Teo	29
42032138	plus	unassigned	Teo	11
42032390	plus	unassigned	Teo	17
42031851	plus	unassigned	B73	3
42031896	minus	unassigned	B73	7
42032973	plus	unassigned	Teo	12
42033266	plus	unassigned	Teo	1
42033374	minus	nbr	B73	2
42033153	minus	nbr	B73	64
42032803	plus	unassigned	Teo	1522
42032352	plus	ppl2	B73	57
42032131	plus	ppl2	B73	22
42032573	plus	ppl2	B73	141
42033243	minus	nbr	Teo	7
42033022	minus	nbr	Teo	9
42033327	minus	unassigned	B73	1
42033310	minus	unassigned	B73	1
42032605	plus	ppl2	Teo	552
42032403	minus	unassigned	B73	31
42032129	plus	ppl2	Teo	53
42032784	minus	unassigned	B73	96
42031877	minus	unassigned	B73	5
42031860	minus	unassigned	B73	5
42032992	plus	unassigned	B73	5
42032783	plus	unassigned	Teo	1446
42033076	plus	unassigned	Teo	7
42031891	minus	unassigned	Teo	6
42033115	plus	unassigned	B73	14
42032894	minus	nbr	Teo	7
42032613	plus	unassigned	Teo	37
42032609	plus	ppl2	B73	118
42032836	minus	nbr	Teo	24
42031872	plus	ppl2	Teo	17
42031651	plus	ppl2	Teo	3
42031814	plus	ppl2	Teo	7
42033152	minus	unassigned	B73	1
42032628	minus	unassigned	Teo	15
42032961	minus	unassigned	B73	1
42032611	minus	unassigned	Teo	16
42033280	minus	nbr	B73	18
42031818	plus	ppl2	B73	9
42033370	minus	nbr	Teo	1
42033312	minus	nbr	Teo	3
42032347	plus	unassigned	B73	4
42033278	minus	nbr	Teo	4
42033057	minus	nbr	Teo	19
42032866	plus	unassigned	B73	4569
42032511	plus	ppl2	Teo	245
42033159	plus	unassigned	B73	11
42032657	plus	unassigned	Teo	1
42032959	minus	unassigned	B73	1
42032609	minus	unassigned	Teo	18
42033241	plus	unassigned	B73	4
42032942	minus	unassigned	B73	1
42033032	plus	unassigned	Teo	6
42032590	minus	unassigned	B73	30
42033316	minus	nbr	B73	12
42031683	minus	unassigned	B73	2
42032515	plus	ppl2	B73	110
42032963	minus	nbr	Teo	12
42032742	minus	nbr	Teo	49
42031864	plus	unassigned	B73	2
42032157	plus	unassigned	B73	4
42031686	plus	ppl2	Teo	6
42032986	plus	unassigned	Teo	7
42033051	plus	unassigned	B73	13
42032967	minus	nbr	B73	107
42032746	minus	nbr	B73	656
42032816	plus	unassigned	Teo	1511
42033109	plus	unassigned	Teo	10
42032588	minus	unassigned	B73	30
42033361	plus	unassigned	Teo	4
42031503	plus	ppl2	B73	13
42032571	minus	unassigned	B73	32
42032822	plus	unassigned	B73	5609
42031664	minus	unassigned	B73	2
42031695	minus	unassigned	Teo	3
42033308	minus	unassigned	B73	1
42033184	minus	nbr	Teo	8
42032383	plus	ppl2	Teo	221
42032162	plus	ppl2	Teo	78
42032765	minus	unassigned	B73	97
42031990	plus	unassigned	B73	2
42031858	minus	unassigned	B73	5
42033222	minus	nbr	B73	32
42033001	minus	nbr	B73	128
42032796	minus	unassigned	Teo	5
42031820	plus	unassigned	B73	2
42031841	minus	unassigned	B73	6
42032113	plus	unassigned	B73	4
42033188	minus	nbr	B73	36
42032642	plus	ppl2	B73	104
42031889	minus	unassigned	Teo	6
42033095	plus	unassigned	B73	14
42032593	plus	unassigned	Teo	37
42032632	plus	unassigned	B73	9
42031872	minus	unassigned	Teo	2
42032166	plus	ppl2	B73	33
42032387	plus	ppl2	B73	60
42032942	plus	unassigned	Teo	13
42033235	plus	unassigned	Teo	5
42032873	minus	nbr	B73	74
42032746	minus	unassigned	B73	105
42031851	plus	ppl2	B73	8
42031630	plus	ppl2	B73	11
42031839	minus	unassigned	B73	6
42032777	minus	unassigned	Teo	8
42032905	minus	nbr	Teo	7
42032394	minus	unassigned	B73	23
42031630	plus	unassigned	B73	4
42031822	minus	unassigned	B73	6
42032760	minus	unassigned	Teo	8
42031853	minus	unassigned	Teo	2
42033090	minus	nbr	Teo	15
42031628	plus	ppl2	Teo	3
42031849	plus	ppl2	Teo	8
42032752	plus	unassigned	Teo	693
42033045	plus	unassigned	Teo	6
42032909	minus	nbr	B73	80
42033400	plus	unassigned	B73	1
42033299	minus	unassigned	B73	1
42033094	minus	nbr	B73	101
42032727	minus	unassigned	B73	109
42033282	minus	unassigned	B73	1
42032758	minus	unassigned	Teo	8
42032375	minus	unassigned	B73	22
42033347	minus	nbr	Teo	1
42033126	minus	nbr	Teo	16
42031674	plus	unassigned	B73	2
42032546	plus	ppl2	Teo	622
42032325	plus	ppl2	Teo	115
42032316	plus	unassigned	B73	4
42032107	plus	unassigned	Teo	4
42032796	plus	unassigned	Teo	1534
42033089	plus	unassigned	Teo	7
42032835	plus	unassigned	B73	5934
42033128	plus	unassigned	B73	12
42032626	plus	unassigned	Teo	34
42033380	plus	unassigned	B73	1
42032569	minus	unassigned	B73	33
42033171	plus	unassigned	Teo	5
42033210	plus	unassigned	B73	8
42032811	minus	nbr	Teo	35
42032552	minus	unassigned	B73	33
42033001	plus	unassigned	Teo	7
42032108	plus	ppl2	B73	17
42032329	plus	ppl2	B73	45
42032998	minus	nbr	Teo	14
42032777	minus	nbr	Teo	50
42031645	minus	unassigned	B73	2
42032583	minus	unassigned	Teo	18
42031676	minus	unassigned	Teo	3
42032815	minus	nbr	B73	401
42031833	plus	unassigned	B73	2
42032126	plus	unassigned	B73	4
42033190	plus	unassigned	B73	9
42032879	plus	unassigned	B73	2412
42032533	minus	unassigned	B73	30
42032709	plus	unassigned	B73	394
42033253	minus	nbr	Teo	7
42033032	minus	nbr	Teo	17
42032961	plus	unassigned	B73	15
42033254	plus	unassigned	B73	4
42032564	minus	unassigned	Teo	21
42032673	plus	ppl2	Teo	69
42031657	minus	unassigned	Teo	3
42031640	minus	unassigned	Teo	1
42033257	minus	nbr	B73	24
42033036	minus	nbr	B73	114
42032710	minus	unassigned	B73	114
42032677	plus	ppl2	B73	1
42031877	plus	unassigned	B73	2
42032619	plus	ppl2	B73	114
42031803	minus	unassigned	B73	6
42032741	minus	unassigned	Teo	8
42031882	plus	ppl2	Teo	16
42031661	plus	ppl2	Teo	4
42031834	minus	unassigned	Teo	2
42032252	plus	unassigned	B73	1
42032519	plus	unassigned	B73	12
42032999	plus	unassigned	Teo	6
42032771	plus	unassigned	B73	2670
42032895	minus	unassigned	B73	1
42033064	plus	unassigned	B73	13
42032562	plus	unassigned	Teo	37
42032829	plus	unassigned	Teo	1424
42032601	plus	unassigned	B73	9
42032162	minus	unassigned	B73	13
42033374	plus	unassigned	Teo	4
42032942	minus	nbr	B73	108
42032721	minus	nbr	B73	594
42032911	plus	unassigned	Teo	67
42033204	plus	unassigned	Teo	5
42031665	plus	ppl2	B73	13
42031886	plus	ppl2	B73	12
42031828	plus	ppl2	B73	9
42032708	minus	unassigned	B73	114
42033263	minus	unassigned	B73	1
42032719	minus	nbr	Teo	40
42033380	minus	nbr	Teo	1
42032739	minus	unassigned	Teo	8
42031687	plus	unassigned	B73	2
42032356	minus	unassigned	B73	24
42032722	minus	unassigned	Teo	8
42032387	minus	unassigned	Teo	11
42031815	minus	unassigned	Teo	2
42032370	minus	unassigned	Teo	11
42032372	plus	unassigned	Teo	20
42033184	plus	unassigned	Teo	5
42032645	plus	unassigned	B73	9
42033384	minus	nbr	B73	2
42033163	minus	nbr	B73	57
42033326	minus	nbr	B73	11
42033105	minus	nbr	B73	100
42032955	plus	unassigned	Teo	8
42032583	plus	ppl2	B73	137
42032362	plus	ppl2	B73	57
42032141	plus	ppl2	B73	23
42033248	plus	unassigned	Teo	1
42033020	plus	unassigned	B73	5
42032525	plus	ppl2	B73	133
42033330	plus	unassigned	Teo	1
42032615	plus	ppl2	Teo	535
42032337	minus	unassigned	B73	20
42032703	minus	unassigned	Teo	6
42032139	plus	ppl2	Teo	57
42032320	minus	unassigned	B73	15
42032368	minus	unassigned	Teo	11
42032351	minus	unassigned	Teo	13
42031794	minus	unassigned	B73	5
42032977	minus	nbr	B73	112
42031643	plus	unassigned	B73	3
42031792	plus	ppl2	B73	15
42032846	minus	nbr	Teo	22
42032974	plus	unassigned	B73	10
42033267	plus	unassigned	B73	4
42032765	plus	unassigned	Teo	999
42033058	plus	unassigned	Teo	8
42032804	plus	unassigned	B73	5193
42031824	plus	ppl2	Teo	7
42032514	minus	unassigned	B73	35
42033140	plus	unassigned	Teo	10
42032545	minus	unassigned	Teo	23
42031638	minus	unassigned	Teo	1
42032699	minus	unassigned	B73	13
42032682	minus	unassigned	B73	1
42033290	minus	nbr	B73	18
42033232	minus	nbr	B73	30
42031775	minus	unassigned	B73	1
42032652	plus	ppl2	B73	28
42033322	minus	nbr	Teo	3
42033101	minus	nbr	Teo	14
42033288	minus	nbr	Teo	4
42033067	minus	nbr	Teo	16
42032575	plus	unassigned	Teo	37
42032521	plus	ppl2	Teo	542
42032329	plus	unassigned	B73	4
42032581	plus	unassigned	B73	9
42032876	minus	unassigned	B73	1
42032526	minus	unassigned	Teo	20
42032848	plus	unassigned	B73	6019
42032639	plus	unassigned	Teo	30
42032411	plus	unassigned	B73	1
42032143	minus	unassigned	B73	11
42033393	plus	unassigned	B73	1
42032891	plus	unassigned	Teo	222
42032930	plus	unassigned	B73	64
42033223	plus	unassigned	B73	4
42032721	plus	unassigned	Teo	463
42032174	minus	unassigned	Teo	12
42033014	plus	unassigned	Teo	7
42031861	plus	ppl2	B73	10
42032973	minus	nbr	Teo	12
42032752	minus	nbr	Teo	50
42032915	minus	nbr	Teo	8
42031696	plus	ppl2	Teo	6
42031859	plus	ppl2	Teo	10
42031846	plus	unassigned	B73	2
42032139	plus	unassigned	B73	5
42032391	plus	unassigned	B73	4
42032857	minus	unassigned	B73	2
42032658	plus	unassigned	B73	1
42032756	minus	nbr	B73	650
42032221	plus	unassigned	B73	1
42032840	minus	unassigned	B73	10
42032124	minus	unassigned	B73	8
42032919	minus	nbr	B73	87
42032968	plus	unassigned	Teo	12
42032740	plus	unassigned	B73	965
42033033	plus	unassigned	B73	6
42032155	minus	unassigned	Teo	11
42032531	plus	unassigned	Teo	41
42033343	plus	unassigned	Teo	4
42033194	minus	nbr	Teo	6
42033357	minus	nbr	Teo	1
42033136	minus	nbr	Teo	16
42032393	plus	ppl2	Teo	221
42032172	plus	ppl2	Teo	96
42032114	plus	ppl2	Teo	39
42032556	plus	ppl2	Teo	624
42032318	minus	unassigned	B73	15
42032335	plus	ppl2	Teo	143
42032349	minus	unassigned	Teo	13
42032332	minus	unassigned	Teo	13
42032838	minus	unassigned	B73	10
42033011	minus	nbr	B73	124
42033198	minus	nbr	B73	30
42031972	plus	unassigned	B73	1
42032821	minus	nbr	Teo	25
42032176	plus	ppl2	B73	46
42031802	plus	unassigned	B73	2
42032397	plus	ppl2	B73	61
42032339	plus	ppl2	B73	52
42032118	plus	ppl2	B73	18
42032784	plus	unassigned	B73	4470
42033077	plus	unassigned	B73	13
42033009	minus	nbr	Teo	13
42032614	plus	unassigned	B73	9
42032405	plus	unassigned	Teo	16
42033387	plus	unassigned	Teo	4
42032924	plus	unassigned	Teo	21
42033217	plus	unassigned	Teo	5
42032883	minus	nbr	B73	74
42032825	minus	nbr	B73	317
42032663	minus	unassigned	B73	3
42031640	plus	ppl2	B73	11
42031803	plus	ppl2	B73	13
42032313	minus	unassigned	Teo	1
42031756	minus	unassigned	B73	1
42031782	plus	unassigned	B73	1
42033263	minus	nbr	Teo	4
42033042	minus	nbr	Teo	18
42031638	plus	ppl2	Teo	2
42032594	plus	unassigned	B73	9
42032385	plus	unassigned	Teo	20
42033197	plus	unassigned	Teo	5
42033236	plus	unassigned	B73	4
42032734	plus	unassigned	Teo	540
42033027	plus	unassigned	Teo	7
42033301	minus	nbr	B73	14
42033267	minus	nbr	B73	21
42033046	minus	nbr	B73	105
42032644	minus	unassigned	B73	21
42031737	minus	unassigned	B73	1
42031892	plus	ppl2	Teo	27
42032952	minus	nbr	B73	111
42032731	minus	nbr	B73	634
42032821	minus	unassigned	B73	21
42032105	minus	unassigned	B73	7
42032987	plus	unassigned	B73	9
42032778	plus	unassigned	Teo	1300
42032550	plus	unassigned	B73	11
42032852	minus	unassigned	Teo	1
42031896	plus	ppl2	B73	16
42032136	minus	unassigned	Teo	12
42031675	plus	ppl2	B73	13
42032817	plus	unassigned	B73	5438
42032341	plus	unassigned	Teo	19
42032608	plus	unassigned	Teo	37
42033362	plus	unassigned	B73	1
42032860	plus	unassigned	Teo	1321
42032787	minus	nbr	Teo	51
42033153	plus	unassigned	Teo	9
42032729	minus	nbr	Teo	47
42033390	minus	nbr	Teo	1
42032819	minus	unassigned	B73	21
42031985	plus	unassigned	B73	2
42033394	minus	nbr	B73	2
42033173	minus	nbr	B73	49
42032802	minus	unassigned	B73	51
42031815	plus	unassigned	B73	2
42032108	plus	unassigned	B73	4
42032797	plus	unassigned	B73	4779
42032588	plus	unassigned	Teo	37
42032151	plus	ppl2	B73	27
42032593	plus	ppl2	B73	130
42032360	plus	unassigned	B73	4
42032372	plus	ppl2	B73	60
42032833	minus	unassigned	Teo	2
42032627	plus	unassigned	B73	9
42032151	plus	unassigned	Teo	12
42032117	minus	unassigned	Teo	9
42033205	minus	nbr	Teo	6
42033172	plus	unassigned	B73	10
42032937	plus	unassigned	Teo	13
42033002	plus	unassigned	B73	5
42032625	plus	ppl2	Teo	512
42032404	plus	ppl2	Teo	243
42032943	plus	unassigned	B73	46
42033312	plus	unassigned	Teo	1
42032149	plus	ppl2	Teo	70
42033209	minus	nbr	B73	31
42033355	minus	unassigned	B73	1
42032629	plus	ppl2	B73	108
42032408	plus	ppl2	B73	65
42032856	minus	nbr	Teo	19
42031671	plus	ppl2	Teo	4
42032814	minus	unassigned	Teo	3
42031834	plus	ppl2	Teo	6
42031859	plus	unassigned	B73	2
42031907	minus	unassigned	Teo	8
42031941	plus	unassigned	B73	1
42032234	plus	unassigned	B73	1
42032753	plus	unassigned	B73	1439
42033046	plus	unassigned	B73	11
42032544	plus	unassigned	Teo	40
42033356	plus	unassigned	Teo	4
42031838	plus	ppl2	B73	9
42032625	minus	unassigned	B73	22
42033332	minus	nbr	Teo	1
42033111	minus	nbr	Teo	15
42033298	minus	nbr	Teo	3
42033077	minus	nbr	Teo	18
42032531	plus	ppl2	Teo	611
42031669	plus	unassigned	B73	1
42032793	minus	unassigned	B73	56
42031886	minus	unassigned	B73	7
42032563	plus	unassigned	B73	10
42032354	plus	unassigned	Teo	19
42033336	minus	nbr	B73	11
42033115	minus	nbr	B73	100
42032873	plus	unassigned	Teo	922
42033166	plus	unassigned	Teo	6
42032314	plus	ppl2	B73	46
42032535	plus	ppl2	B73	146
42032983	minus	nbr	Teo	12
42032762	minus	nbr	Teo	50
42032606	minus	unassigned	B73	25
42033161	minus	unassigned	B73	1
42032637	minus	unassigned	Teo	14
42032620	minus	unassigned	Teo	15
42032800	minus	nbr	B73	445
42032987	minus	nbr	B73	110
42032766	minus	nbr	B73	650
42031795	plus	unassigned	B73	2
42031625	plus	unassigned	B73	3
42032398	plus	unassigned	Teo	16
42032170	plus	unassigned	B73	4
42032000	plus	unassigned	B73	2
42033159	minus	unassigned	B73	1
42032956	plus	unassigned	B73	16
42033249	plus	unassigned	B73	4
42032747	plus	unassigned	Teo	683
42033142	minus	unassigned	B73	1
42033292	plus	unassigned	Teo	1
42032618	minus	unassigned	Teo	15
42033331	plus	unassigned	B73	1
42032951	minus	unassigned	B73	1
42033122	plus	unassigned	Teo	9
42033242	minus	nbr	B73	26
42033021	minus	nbr	B73	115
42031692	minus	unassigned	B73	2
42032662	plus	ppl2	B73	21
42033336	minus	unassigned	B73	1
42031954	plus	unassigned	B73	1
42033019	minus	nbr	Teo	9
42032247	plus	unassigned	B73	1
42032412	minus	unassigned	B73	2
42032557	plus	unassigned	Teo	37
42032120	plus	unassigned	Teo	4
42032893	minus	nbr	B73	74
42032597	minus	unassigned	B73	30
42033375	plus	unassigned	B73	1
42031871	plus	ppl2	B73	10
42031650	plus	ppl2	B73	11
42032912	plus	unassigned	B73	256
42032580	minus	unassigned	B73	32
42033205	plus	unassigned	B73	8
42032703	plus	unassigned	Teo	183
42032925	minus	nbr	Teo	8
42031673	minus	unassigned	B73	2
42031903	plus	ppl2	Teo	29
42033317	minus	unassigned	B73	1
42031869	plus	ppl2	Teo	16
42031648	plus	ppl2	Teo	3
42033300	minus	unassigned	B73	1
42031998	plus	unassigned	B73	2
42032774	minus	unassigned	B73	98
42031828	plus	unassigned	B73	2
42032929	minus	nbr	B73	101
42032708	minus	nbr	B73	20
42031867	minus	unassigned	B73	5
42032373	plus	unassigned	B73	4
42031910	plus	unassigned	B73	1
42031850	minus	unassigned	B73	5
42032164	plus	unassigned	Teo	13
42031907	plus	ppl2	B73	16
42032203	plus	unassigned	B73	1
42031500	minus	unassigned	Teo	1
42032892	plus	unassigned	B73	990
42031898	minus	unassigned	Teo	7
42033185	plus	unassigned	B73	9
42032722	plus	unassigned	B73	682
42031881	minus	unassigned	Teo	5
42033015	plus	unassigned	B73	5
42032513	plus	unassigned	Teo	40
42033367	minus	nbr	Teo	1
42033325	plus	unassigned	Teo	1
42033146	minus	nbr	Teo	14
42032600	plus	ppl2	Teo	581
42032345	plus	ppl2	Teo	151
42032124	plus	ppl2	Teo	43
42032566	plus	ppl2	Teo	635
42032601	minus	unassigned	Teo	18
42032755	minus	unassigned	B73	99
42031638	plus	unassigned	B73	4
42031890	plus	unassigned	B73	2
42031848	minus	unassigned	B73	5
42032786	minus	unassigned	Teo	8
42032604	plus	ppl2	B73	120
42032183	plus	unassigned	B73	1
42032831	minus	nbr	Teo	25
42031831	minus	unassigned	B73	6
42032013	plus	unassigned	B73	1
42032349	plus	ppl2	B73	57
42031879	minus	unassigned	Teo	4
42032128	plus	ppl2	B73	21
42032797	minus	nbr	Teo	33
42031862	minus	unassigned	Teo	2
42032323	plus	unassigned	Teo	18
42032766	plus	unassigned	B73	2351
42033059	plus	unassigned	B73	13
42032949	minus	unassigned	B73	1
42033369	plus	unassigned	Teo	4
42033141	plus	unassigned	B73	13
42032932	minus	unassigned	B73	1
42032906	plus	unassigned	Teo	86
42032835	minus	nbr	B73	283
42031813	plus	ppl2	B73	10
42033291	minus	unassigned	B73	1
42032384	minus	unassigned	B73	21
42033273	minus	nbr	Teo	4
42033052	minus	nbr	Teo	19
42031764	plus	unassigned	B73	1
42032635	plus	ppl2	Teo	483
42032576	plus	unassigned	B73	10
42032367	plus	unassigned	Teo	20
42032406	plus	unassigned	B73	3
42033388	plus	unassigned	B73	1
42032886	plus	unassigned	Teo	338
42033179	plus	unassigned	Teo	5
42032925	plus	unassigned	B73	105
42033311	minus	nbr	B73	13
42033218	plus	unassigned	B73	5
42032716	plus	unassigned	Teo	418
42033009	plus	unassigned	Teo	7
42032578	minus	unassigned	B73	32
42033261	plus	unassigned	Teo	1
42033277	minus	nbr	B73	21
42033056	minus	nbr	B73	94
42033219	minus	nbr	B73	35
42032561	minus	unassigned	B73	33
42032639	plus	ppl2	B73	103
42031654	minus	unassigned	B73	1
42032592	minus	unassigned	Teo	18
42033309	minus	nbr	Teo	3
42031681	plus	ppl2	Teo	6
42031685	minus	unassigned	Teo	3
42032962	minus	nbr	B73	106
42032741	minus	nbr	B73	652
42032386	plus	unassigned	B73	4
42032904	minus	nbr	B73	75
42032405	minus	unassigned	Teo	18
42031685	plus	ppl2	B73	13
42031627	plus	ppl2	B73	11
42031848	plus	ppl2	B73	8
42032559	minus	unassigned	B73	33
42033071	plus	unassigned	Teo	7
42032969	plus	unassigned	B73	10
42032739	minus	nbr	Teo	49
42032542	minus	unassigned	B73	31
42032532	plus	unassigned	B73	12
42031635	minus	unassigned	B73	2
42033344	plus	unassigned	B73	1
42032842	plus	unassigned	Teo	1425
42032573	minus	unassigned	Teo	21
42033135	plus	unassigned	Teo	9
42031666	minus	unassigned	Teo	3
42032736	minus	unassigned	B73	106
42033183	minus	nbr	B73	39
42033346	minus	nbr	B73	9
42033125	minus	nbr	B73	96
42031829	minus	unassigned	B73	6
42032767	minus	unassigned	Teo	8
42032382	plus	ppl2	B73	59
42032161	plus	ppl2	B73	29
42031967	plus	unassigned	B73	1
42032545	plus	ppl2	B73	144
42031812	minus	unassigned	B73	6
42032324	plus	ppl2	B73	45
42032750	minus	unassigned	Teo	8
42033215	minus	nbr	Teo	7
42032779	plus	unassigned	B73	3318
42032342	plus	unassigned	B73	4
42031843	minus	unassigned	Teo	2
42032609	plus	unassigned	B73	9
42032133	plus	unassigned	Teo	11
42032861	plus	unassigned	B73	5749
42033154	plus	unassigned	B73	15
42032652	plus	unassigned	Teo	1
42032919	plus	unassigned	Teo	26
42032159	plus	ppl2	Teo	78
42032810	minus	nbr	B73	426
42032997	minus	nbr	B73	129
42032776	minus	nbr	B73	652
42032900	minus	nbr	Teo	7
42033289	minus	unassigned	B73	1
42032717	minus	unassigned	B73	113
42033272	minus	unassigned	B73	1
42032866	minus	nbr	Teo	16
42032700	minus	unassigned	B73	15
42032808	minus	nbr	Teo	34
42032748	minus	unassigned	Teo	8
42032365	minus	unassigned	B73	22
42031844	plus	ppl2	Teo	5
42032731	minus	unassigned	Teo	8
42031824	minus	unassigned	Teo	2
42032396	minus	unassigned	Teo	11
42032216	plus	unassigned	B73	1
42033198	plus	unassigned	B73	8
42032735	plus	unassigned	B73	889
42033028	plus	unassigned	B73	5
42032526	plus	unassigned	Teo	42
42033252	minus	nbr	B73	25
42033031	minus	nbr	B73	118
42033280	plus	unassigned	B73	1
42033338	plus	unassigned	Teo	1
42033110	plus	unassigned	B73	16
42032672	plus	ppl2	B73	10
42033342	minus	nbr	Teo	1
42033121	minus	nbr	Teo	15
42033253	minus	unassigned	B73	1
42033087	minus	nbr	Teo	15
42032320	plus	ppl2	Teo	110
42032541	plus	ppl2	Teo	615
42033029	minus	nbr	Teo	16
42032346	minus	unassigned	B73	19
42032377	minus	unassigned	Teo	11
42032360	minus	unassigned	Teo	15
42032196	plus	unassigned	B73	1
42031881	plus	ppl2	B73	12
42031660	plus	ppl2	B73	11
42032545	plus	unassigned	B73	11
42032336	plus	unassigned	Teo	19
42032993	minus	nbr	Teo	14
42032772	minus	nbr	Teo	51
42033090	plus	unassigned	B73	14
42032935	minus	nbr	Teo	10
42032714	minus	nbr	Teo	29
42033357	plus	unassigned	B73	1
42032855	plus	unassigned	Teo	1369
42033148	plus	unassigned	Teo	10
42032523	minus	unassigned	B73	33
42033230	plus	unassigned	Teo	5
42031658	plus	ppl2	Teo	4
42031879	plus	ppl2	Teo	16
42032554	minus	unassigned	Teo	23
42032171	minus	unassigned	B73	12
42031647	minus	unassigned	Teo	1
42031630	minus	unassigned	Teo	1
42032691	minus	unassigned	B73	1
42032939	minus	nbr	B73	103
42032718	minus	nbr	B73	553
42031784	minus	unassigned	B73	1
42031777	plus	unassigned	B73	1
42032146	plus	unassigned	Teo	12
42032589	plus	unassigned	B73	9
42033377	minus	nbr	Teo	1
42033156	minus	nbr	Teo	13
42032610	plus	ppl2	Teo	546
42032152	plus	unassigned	B73	4
42032899	plus	unassigned	Teo	134
42032576	plus	ppl2	Teo	634
42032169	minus	unassigned	B73	12
42032355	plus	ppl2	Teo	190
42032885	minus	unassigned	B73	1
42032134	plus	ppl2	Teo	54
42032938	plus	unassigned	B73	49
42032535	minus	unassigned	Teo	24
42032729	plus	unassigned	Teo	523
42032152	minus	unassigned	B73	13
42032981	plus	unassigned	Teo	10
42031628	minus	unassigned	Teo	1
42032811	plus	unassigned	Teo	1508
42033104	plus	unassigned	Teo	10
42032614	plus	ppl2	B73	115
42032841	minus	nbr	Teo	24
42032138	plus	ppl2	B73	23
42032359	plus	ppl2	B73	56
42032729	minus	unassigned	Teo	8
42032712	minus	unassigned	Teo	8
42032399	plus	unassigned	B73	3
42031936	plus	unassigned	B73	1
42031805	minus	unassigned	Teo	2
42032229	plus	unassigned	B73	1
42032866	minus	unassigned	B73	1
42032748	plus	unassigned	B73	1335
42032133	minus	unassigned	B73	9
42032539	plus	unassigned	Teo	40
42032845	minus	nbr	B73	259
42032791	plus	unassigned	Teo	1541
42033084	plus	unassigned	Teo	6
42033123	plus	unassigned	B73	11
42032621	plus	unassigned	Teo	35
42031823	plus	ppl2	B73	9
42032164	minus	unassigned	Teo	11
42031789	plus	ppl2	B73	15
42033283	minus	nbr	Teo	3
42033062	minus	nbr	Teo	16
42032327	minus	unassigned	B73	17
42032358	minus	unassigned	Teo	13
42032341	minus	unassigned	Teo	13
42033321	minus	nbr	B73	11
42033100	minus	nbr	B73	99
42033287	minus	nbr	B73	18
42033066	minus	nbr	B73	105
42032520	plus	ppl2	B73	127
42032355	plus	unassigned	B73	4
42032874	plus	unassigned	B73	3790
42033167	plus	unassigned	B73	10
42032704	plus	unassigned	B73	170
42033319	minus	nbr	Teo	3
42031691	plus	ppl2	Teo	6
42033040	plus	unassigned	Teo	6
42032518	plus	ppl2	Teo	525
42033307	plus	unassigned	Teo	1
42032972	minus	nbr	B73	109
42032751	minus	nbr	B73	659
42032689	minus	unassigned	B73	1
42032339	minus	unassigned	Teo	13
42032672	minus	unassigned	B73	3
42032322	minus	unassigned	Teo	13
42031765	minus	unassigned	B73	1
42031695	plus	ppl2	B73	15
42031872	plus	unassigned	B73	2
42031796	minus	unassigned	Teo	2
42032749	minus	nbr	Teo	50
42032165	plus	unassigned	B73	4
42032994	plus	unassigned	Teo	6
42033287	plus	unassigned	Teo	1
42032516	minus	unassigned	Teo	23
42033117	plus	unassigned	Teo	9
42032830	plus	unassigned	B73	5772
42033193	minus	nbr	B73	32
42032653	minus	unassigned	B73	3
42031746	minus	unassigned	B73	1
42032392	plus	ppl2	B73	61
42032171	plus	ppl2	B73	40
42033225	minus	nbr	Teo	7
42033004	minus	nbr	Teo	12
42032645	plus	ppl2	Teo	471
42032169	plus	ppl2	Teo	94
42032847	minus	unassigned	B73	3
42032558	plus	unassigned	B73	11
42032121	plus	unassigned	B73	4
42032830	minus	unassigned	B73	10
42032114	minus	unassigned	B73	7
42032349	plus	unassigned	Teo	19
42032868	plus	unassigned	Teo	1001
42032640	plus	unassigned	B73	9
42033229	minus	nbr	B73	30
42033008	minus	nbr	B73	132
42032907	plus	unassigned	B73	305
42032145	minus	unassigned	Teo	12
42032910	minus	nbr	Teo	8
42032950	plus	unassigned	Teo	10
42032649	plus	ppl2	B73	88
42033243	plus	unassigned	Teo	3
42032876	minus	nbr	Teo	9
42031633	plus	ppl2	Teo	3
42031854	plus	ppl2	Teo	9
42032914	minus	nbr	B73	86
42032828	minus	unassigned	B73	14
42032368	plus	unassigned	B73	4
42032811	minus	unassigned	B73	49
42032159	plus	unassigned	Teo	13
42031637	plus	ppl2	B73	11
42031858	plus	ppl2	B73	8
42031904	minus	unassigned	B73	7
42032842	minus	unassigned	Teo	1
42032126	minus	unassigned	Teo	12
42033352	minus	nbr	Teo	1
42033131	minus	nbr	Teo	15
42032760	plus	unassigned	Teo	950
42033053	plus	unassigned	Teo	9
42032514	plus	unassigned	B73	12
42033097	minus	nbr	Teo	14
42032551	plus	ppl2	Teo	637
42032330	plus	ppl2	Teo	121
42032824	plus	unassigned	Teo	1497
42033356	minus	nbr	B73	5
42033135	minus	nbr	B73	95
42032113	plus	ppl2	B73	18
42032555	plus	ppl2	B73	146
42032334	plus	ppl2	B73	52
42032782	minus	nbr	Teo	50
42031682	plus	unassigned	B73	2
42031949	plus	unassigned	B73	1
42032324	plus	unassigned	B73	4
42032115	plus	unassigned	Teo	4
42033097	plus	unassigned	Teo	10
42032843	plus	unassigned	B73	6151
42033136	plus	unassigned	B73	13
42032820	minus	nbr	B73	306
42032634	plus	unassigned	Teo	30
42032786	minus	nbr	B73	644
42032634	minus	unassigned	B73	22
42032818	minus	nbr	Teo	24
42031759	plus	unassigned	B73	1
42031841	plus	unassigned	B73	2
42032134	plus	unassigned	B73	5
42031905	plus	unassigned	B73	1
42033262	minus	nbr	B73	21
42033041	minus	nbr	B73	106
42033204	minus	nbr	B73	28
42032887	plus	unassigned	B73	1443
42032717	plus	unassigned	B73	597
42032624	plus	ppl2	B73	111
42032403	plus	ppl2	B73	68
42033262	plus	unassigned	B73	4
42032615	minus	unassigned	B73	22
42033170	minus	unassigned	B73	1
42033039	minus	nbr	Teo	17
42032646	minus	unassigned	Teo	13
42031670	plus	ppl2	B73	13
42032809	minus	unassigned	B73	51
42031885	plus	unassigned	B73	2
42031891	plus	ppl2	B73	12
42032178	plus	unassigned	B73	1
42032008	plus	unassigned	B73	2
42032945	minus	nbr	Teo	12
42032724	minus	nbr	Teo	44
42032697	plus	unassigned	B73	4
42032823	minus	unassigned	Teo	2
42032107	minus	unassigned	Teo	10
42032527	plus	unassigned	B73	12
42032318	plus	unassigned	Teo	18
42033168	minus	unassigned	B73	1
42033072	plus	unassigned	B73	13
42032570	plus	unassigned	Teo	37
42033339	plus	unassigned	B73	1
42032837	plus	unassigned	Teo	1413
42031668	plus	ppl2	Teo	4
42031889	plus	ppl2	Teo	16
42033151	minus	unassigned	B73	1
42032400	plus	unassigned	Teo	16
42033382	plus	unassigned	Teo	4
42032960	minus	unassigned	B73	1
42033212	plus	unassigned	Teo	5
42032949	minus	nbr	B73	110
42032728	minus	nbr	B73	623
42033331	minus	nbr	B73	11
42032530	plus	ppl2	B73	144
42031695	plus	unassigned	B73	1
42033345	minus	unassigned	B73	1
42033200	minus	nbr	Teo	6
42033387	minus	nbr	Teo	1
42033166	minus	nbr	Teo	11
42032804	minus	unassigned	Teo	3
42032620	plus	ppl2	Teo	519
42033329	minus	nbr	Teo	1
42032128	plus	unassigned	Teo	9
42032380	plus	unassigned	Teo	20
42032144	plus	ppl2	Teo	61
42032586	plus	ppl2	Teo	599
42032365	plus	ppl2	Teo	200
42032528	plus	ppl2	Teo	607
42033192	plus	unassigned	Teo	5
42031895	minus	unassigned	B73	7
42032653	plus	unassigned	B73	1
42032963	plus	unassigned	Teo	12
42033256	plus	unassigned	Teo	1
42032851	minus	nbr	Teo	20
42032369	plus	ppl2	B73	59
42032148	plus	ppl2	B73	26
42033326	minus	unassigned	B73	1
42031795	plus	ppl2	Teo	6
42032402	minus	unassigned	B73	31
42031651	plus	unassigned	B73	3
42032783	minus	unassigned	B73	97
42032855	minus	nbr	B73	197
42031876	minus	unassigned	B73	4
42031833	plus	ppl2	B73	9
42032982	plus	unassigned	B73	11
42033275	plus	unassigned	B73	1
42032773	plus	unassigned	Teo	1103
42031799	plus	ppl2	B73	13
42033066	plus	unassigned	Teo	8
42031890	minus	unassigned	Teo	6
42032812	plus	unassigned	B73	5297
42033105	plus	unassigned	B73	16
42032603	plus	unassigned	Teo	37
42033293	minus	nbr	Teo	4
42033072	minus	nbr	Teo	17
42033235	minus	nbr	Teo	7
42032627	minus	unassigned	Teo	15
42032655	plus	ppl2	Teo	92
42032610	minus	unassigned	Teo	16
42032764	minus	unassigned	B73	97
42033110	minus	nbr	B73	103
42031857	minus	unassigned	B73	5
42033297	minus	nbr	B73	14
42033076	minus	nbr	B73	112
42032795	minus	unassigned	Teo	5
42033239	minus	nbr	B73	30
42033018	minus	nbr	B73	113
42032920	minus	nbr	Teo	9
42031888	minus	unassigned	Teo	6
42032659	plus	ppl2	B73	27
42032337	plus	unassigned	B73	4
42033108	minus	nbr	Teo	15
42033149	minus	unassigned	B73	1
42032856	plus	unassigned	B73	5969
42033149	plus	unassigned	B73	16
42032647	plus	unassigned	Teo	30
42032958	minus	unassigned	B73	1
42032608	minus	unassigned	Teo	18
42033231	plus	unassigned	B73	4
42032941	minus	unassigned	B73	1
42033022	plus	unassigned	Teo	6
42032982	minus	nbr	B73	109
42032761	minus	nbr	B73	655
42032924	minus	nbr	B73	87
42031902	plus	ppl2	B73	15
42031699	minus	unassigned	B73	3
42031682	minus	unassigned	B73	2
42031868	plus	ppl2	B73	11
42031647	plus	ppl2	B73	11
42032759	minus	nbr	Teo	49
42033362	minus	nbr	Teo	1
42031854	plus	unassigned	B73	2
42032147	plus	unassigned	B73	4
42032561	plus	ppl2	Teo	631
42032340	plus	ppl2	Teo	143
42032939	minus	unassigned	B73	1
42032976	plus	unassigned	Teo	12
42033269	plus	unassigned	Teo	1
42033041	plus	unassigned	B73	8
42032806	plus	unassigned	Teo	1509
42033400	minus	nbr	B73	2
42032587	minus	unassigned	B73	29
42033351	plus	unassigned	Teo	4
42033366	minus	nbr	B73	2
42033145	minus	nbr	B73	71
42032570	minus	unassigned	B73	32
42032344	plus	ppl2	B73	51
42032123	plus	ppl2	B73	19
42032565	plus	ppl2	B73	136
42031663	minus	unassigned	B73	2
42033014	minus	nbr	Teo	9
42031694	minus	unassigned	Teo	3
42033307	minus	unassigned	B73	1
42031898	plus	unassigned	B73	2
42032830	minus	nbr	B73	283
42032796	minus	nbr	B73	448
42031980	plus	unassigned	B73	1
42031810	plus	unassigned	B73	2
42031840	minus	unassigned	B73	6
42032792	plus	unassigned	B73	4737
42032568	minus	unassigned	B73	33
42033085	plus	unassigned	B73	14
42032583	plus	unassigned	Teo	37
42032886	minus	nbr	Teo	6
42032622	plus	unassigned	B73	9
42031871	minus	unassigned	Teo	2
42032828	minus	nbr	Teo	25
42032599	minus	unassigned	Teo	18
42033395	plus	unassigned	Teo	4
42031643	plus	ppl2	Teo	3
42031864	plus	ppl2	Teo	14
42032932	plus	unassigned	Teo	13
42031806	plus	ppl2	Teo	6
42033225	plus	unassigned	Teo	5
42032745	minus	unassigned	B73	105
42033272	minus	nbr	B73	20
42033051	minus	nbr	B73	101
42031790	plus	unassigned	B73	2
42031838	minus	unassigned	B73	6
42032776	minus	unassigned	Teo	8
42031821	minus	unassigned	B73	6
42032393	minus	unassigned	B73	22
42031869	minus	unassigned	Teo	2
42033141	minus	nbr	Teo	15
42032869	plus	unassigned	B73	4289
42032393	plus	unassigned	Teo	16
42033304	minus	nbr	Teo	3
42031852	minus	unassigned	Teo	2
42033049	minus	nbr	Teo	19
42033244	plus	unassigned	B73	4
42032742	plus	unassigned	Teo	576
42033035	plus	unassigned	Teo	6
42033308	minus	nbr	B73	13
42031680	plus	ppl2	B73	13
42033298	minus	unassigned	B73	1
42032726	minus	unassigned	B73	109
42033281	minus	unassigned	B73	1
42032792	minus	nbr	Teo	33
42032955	minus	nbr	Teo	13
42032734	minus	nbr	Teo	49
42031819	minus	unassigned	B73	5
42032757	minus	unassigned	Teo	8
42031802	minus	unassigned	B73	6
42032374	minus	unassigned	B73	22
42032740	minus	unassigned	Teo	8
42031899	plus	ppl2	Teo	28
42031678	plus	ppl2	Teo	5
42031833	minus	unassigned	Teo	2
42032995	plus	unassigned	B73	5
42032786	plus	unassigned	Teo	1496
42033079	plus	unassigned	Teo	7
42032959	minus	nbr	B73	112
42032738	minus	nbr	B73	647
42032825	plus	unassigned	B73	5671
42033118	plus	unassigned	B73	12
42032616	plus	unassigned	Teo	37
42033370	plus	unassigned	B73	1
42033161	plus	unassigned	Teo	6
42033200	plus	unassigned	B73	8
42032551	minus	unassigned	B73	33
42033279	minus	unassigned	B73	1
42031644	minus	unassigned	B73	2
42033210	minus	nbr	Teo	7
42032582	minus	unassigned	Teo	19
42033397	minus	nbr	Teo	1
42033176	minus	nbr	Teo	8
42032630	plus	ppl2	Teo	494
42031675	minus	unassigned	Teo	3
42032375	plus	ppl2	Teo	216
42032154	plus	ppl2	Teo	70
42032596	plus	ppl2	Teo	591
42031993	plus	unassigned	B73	2
42031823	plus	unassigned	B73	2
42032116	plus	unassigned	B73	4
42033214	minus	nbr	B73	33
42033098	plus	unassigned	B73	14
42032596	plus	unassigned	Teo	37
42032634	plus	ppl2	B73	107
42033180	plus	unassigned	B73	9
42032861	minus	nbr	Teo	20
42032549	minus	unassigned	B73	33
42033238	plus	unassigned	Teo	4
42033010	plus	unassigned	B73	5
42032379	plus	ppl2	B73	59
42032158	plus	ppl2	B73	27
42032532	minus	unassigned	B73	30
42032951	plus	unassigned	B73	38
42033320	plus	unassigned	Teo	1
42032563	minus	unassigned	Teo	21
42031656	minus	unassigned	Teo	3
42032865	minus	nbr	B73	102
42031843	plus	ppl2	B73	8
42031867	plus	unassigned	B73	2
42033082	minus	nbr	Teo	18
42032513	minus	unassigned	B73	35
42032242	plus	unassigned	B73	1
42032989	plus	unassigned	Teo	6
42032761	plus	unassigned	B73	2197
42032894	minus	unassigned	B73	1
42033054	plus	unassigned	B73	13
42032544	minus	unassigned	Teo	23
42032552	plus	unassigned	Teo	39
42032819	plus	unassigned	Teo	1496
42032161	minus	unassigned	B73	13
42031637	minus	unassigned	Teo	1
42033364	plus	unassigned	Teo	4
42032901	plus	unassigned	Teo	126
42033341	minus	nbr	B73	9
42033120	minus	nbr	B73	98
42033086	minus	nbr	B73	108
42032540	plus	ppl2	B73	143
42032707	minus	unassigned	B73	114
42033262	minus	unassigned	B73	1
42032738	minus	unassigned	Teo	8
42031677	plus	unassigned	B73	2
42032355	minus	unassigned	B73	22
42033339	minus	nbr	Teo	1
42033118	minus	nbr	Teo	15
42032721	minus	unassigned	Teo	8
42032538	plus	ppl2	Teo	617
42032386	minus	unassigned	Teo	11
42032317	plus	ppl2	Teo	103
42031814	minus	unassigned	Teo	2
42032319	plus	unassigned	B73	4
42032799	plus	unassigned	Teo	1523
42032571	plus	unassigned	B73	10
42032875	minus	unassigned	B73	1
42032362	plus	unassigned	Teo	19
42032629	plus	unassigned	Teo	34
42032992	minus	nbr	B73	119
42032771	minus	nbr	B73	650
42032881	plus	unassigned	Teo	508
42033174	plus	unassigned	Teo	5
42032635	plus	unassigned	B73	9
42033004	plus	unassigned	Teo	7
42032945	plus	unassigned	Teo	13
42032803	minus	nbr	Teo	34
42032769	minus	nbr	Teo	50
42032719	minus	unassigned	Teo	8
42032336	minus	unassigned	B73	20
42032702	minus	unassigned	Teo	1
42032367	minus	unassigned	Teo	11
42032350	minus	unassigned	Teo	13
42032807	minus	nbr	B73	429
42031793	minus	unassigned	B73	5
42031633	plus	unassigned	B73	4
42032964	plus	unassigned	B73	13
42033257	plus	unassigned	B73	4
42032755	plus	unassigned	Teo	804
42033048	plus	unassigned	Teo	6
42033245	minus	nbr	Teo	7
42033024	minus	nbr	Teo	14
42033130	plus	unassigned	Teo	9
42032665	plus	ppl2	Teo	85
42032317	minus	unassigned	B73	14
42032698	minus	unassigned	B73	9
42032348	minus	unassigned	Teo	13
42032681	minus	unassigned	B73	1
42031774	minus	unassigned	B73	1
42033249	minus	nbr	B73	26
42033028	minus	nbr	B73	117
42032930	minus	nbr	Teo	9
42032669	plus	ppl2	B73	11
42031962	plus	unassigned	B73	1
42032896	minus	nbr	Teo	7
42032255	plus	unassigned	B73	1
42031874	plus	ppl2	Teo	18
42031653	plus	ppl2	Teo	3
42032565	plus	unassigned	Teo	37
42032159	minus	unassigned	B73	13
42032525	minus	unassigned	Teo	20
42032838	plus	unassigned	B73	6018
42032401	plus	unassigned	B73	3
42032142	minus	unassigned	B73	10
42033383	plus	unassigned	B73	1
42032934	minus	nbr	B73	101
42032713	minus	nbr	B73	243
42032920	plus	unassigned	B73	119
42033213	plus	unassigned	B73	7
42032711	plus	unassigned	Teo	372
42032173	minus	unassigned	Teo	12
42031878	plus	ppl2	B73	13
42031657	plus	ppl2	B73	11
42033372	minus	nbr	Teo	1
42033151	minus	nbr	Teo	14
42032350	plus	ppl2	Teo	153
42032571	plus	ppl2	Teo	636
42031836	plus	unassigned	B73	2
42032129	plus	unassigned	B73	5
42032381	plus	unassigned	B73	4
42032856	minus	unassigned	B73	2
42032648	plus	unassigned	B73	9
42032172	plus	unassigned	Teo	14
42032123	minus	unassigned	B73	7
42032211	plus	unassigned	B73	1
42033193	plus	unassigned	B73	8
42032958	plus	unassigned	Teo	8
42032730	plus	unassigned	B73	865
42033376	minus	nbr	B73	2
42033155	minus	nbr	B73	57
42033023	plus	unassigned	B73	5
42032521	plus	unassigned	Teo	42
42032154	minus	unassigned	Teo	11
42033318	minus	nbr	B73	11
42032575	plus	ppl2	B73	141
42032354	plus	ppl2	B73	57
42032133	plus	ppl2	B73	23
42033333	plus	unassigned	Teo	1
42032517	plus	ppl2	B73	127
42032607	plus	ppl2	Teo	548
42032840	minus	nbr	B73	278
42031646	plus	unassigned	B73	3
42032331	minus	unassigned	Teo	13
42032191	plus	unassigned	B73	1
42032837	minus	unassigned	B73	10
42032969	minus	nbr	B73	109
42032748	minus	nbr	B73	656
42032021	plus	unassigned	B73	1
42032820	minus	unassigned	B73	21
42032851	minus	unassigned	Teo	1
42032331	plus	unassigned	Teo	19
42032838	minus	nbr	Teo	23
42032774	plus	unassigned	B73	2675
42033067	plus	unassigned	B73	13
42031816	plus	ppl2	Teo	7
42032604	plus	unassigned	B73	9
42033377	plus	unassigned	Teo	4
42032914	plus	unassigned	Teo	64
42033207	plus	unassigned	Teo	5
42032679	minus	unassigned	B73	1
42032329	minus	unassigned	Teo	13
42032662	minus	unassigned	B73	3
42033282	minus	nbr	B73	18
42033061	minus	nbr	B73	97
42032312	minus	unassigned	Teo	1
42033224	minus	nbr	B73	31
42033003	minus	nbr	B73	127
42031755	minus	unassigned	B73	1
42032644	plus	ppl2	B73	101
42031772	plus	unassigned	B73	1
42033314	minus	nbr	Teo	3
42032168	plus	ppl2	B73	41
42032389	plus	ppl2	B73	60
42033059	minus	nbr	Teo	17
42032584	plus	unassigned	B73	9
42032513	plus	ppl2	Teo	250
42032375	plus	unassigned	Teo	20
42033396	plus	unassigned	B73	1
42032894	plus	unassigned	Teo	205
42033187	plus	unassigned	Teo	5
42032933	plus	unassigned	B73	50
42033226	plus	unassigned	B73	4
42032724	plus	unassigned	Teo	505
42033017	plus	unassigned	Teo	7
42032875	minus	nbr	B73	74
42031690	plus	ppl2	B73	13
42031632	plus	ppl2	B73	11
42031853	plus	ppl2	B73	8
42032643	minus	unassigned	B73	21
42032965	minus	nbr	Teo	12
42032744	minus	nbr	Teo	50
42032907	minus	nbr	Teo	7
42031736	minus	unassigned	B73	1
42031501	plus	ppl2	Teo	4
42031688	plus	ppl2	Teo	6
42033351	minus	nbr	B73	9
42033130	minus	nbr	B73	96
42032977	plus	unassigned	B73	9
42032768	plus	unassigned	Teo	1009
42032540	plus	unassigned	B73	11
42032807	plus	unassigned	B73	5219
42032135	minus	unassigned	Teo	12
42032550	plus	ppl2	B73	150
42033352	plus	unassigned	B73	1
42032850	plus	unassigned	Teo	1393
42032624	minus	unassigned	B73	22
42033220	minus	nbr	Teo	7
42033143	plus	unassigned	Teo	10
42033186	minus	nbr	Teo	7
42032640	plus	ppl2	Teo	474
42033349	minus	nbr	Teo	1
42033128	minus	nbr	Teo	15
42032385	plus	ppl2	Teo	223
42032164	plus	ppl2	Teo	78
42032106	plus	ppl2	Teo	30
42032548	plus	ppl2	Teo	626
42032327	plus	ppl2	Teo	121
42032781	minus	nbr	B73	648
42032818	minus	unassigned	B73	21
42031975	plus	unassigned	B73	1
42031805	plus	unassigned	B73	2
42032801	minus	unassigned	B73	51
42032871	minus	nbr	Teo	9
42032849	minus	unassigned	Teo	1
42032787	plus	unassigned	B73	4507
42032813	minus	nbr	Teo	35
42032578	plus	unassigned	Teo	37
42032350	plus	unassigned	B73	4
42032832	minus	unassigned	Teo	2
42032617	plus	unassigned	B73	9
42032141	plus	unassigned	Teo	11
42032116	minus	unassigned	Teo	10
42032408	plus	unassigned	Teo	16
42032779	minus	nbr	Teo	50
42033162	plus	unassigned	B73	10
42032927	plus	unassigned	Teo	16
42033302	plus	unassigned	Teo	1
42032817	minus	nbr	B73	300
42033354	minus	unassigned	B73	1
42033092	minus	nbr	Teo	15
42032813	minus	unassigned	Teo	3
42031849	plus	unassigned	B73	3
42033255	minus	nbr	Teo	7
42033034	minus	nbr	Teo	17
42032394	plus	unassigned	B73	3
42031906	minus	unassigned	Teo	7
42032675	plus	ppl2	Teo	64
42031931	plus	unassigned	B73	1
42032224	plus	unassigned	B73	1
42032743	plus	unassigned	B73	972
42033036	plus	unassigned	B73	6
42032534	plus	unassigned	Teo	41
42033346	plus	unassigned	Teo	4
42033096	minus	nbr	B73	98
42033259	minus	nbr	B73	24
42033038	minus	nbr	B73	111
42032940	minus	nbr	Teo	10
42033335	minus	unassigned	B73	1
42031700	minus	unassigned	B73	3
42031663	plus	ppl2	Teo	4
42031884	plus	ppl2	Teo	16
42032792	minus	unassigned	B73	57
42032944	minus	nbr	B73	109
42032723	minus	nbr	B73	607
42031885	minus	unassigned	B73	7
42032553	plus	unassigned	B73	11
42032344	plus	unassigned	Teo	19
42033365	plus	unassigned	B73	1
42032863	plus	unassigned	Teo	1250
42033156	plus	unassigned	Teo	8
42031667	plus	ppl2	B73	13
42031888	plus	ppl2	B73	12
42032605	minus	unassigned	B73	25
42033382	minus	nbr	Teo	1
42033160	minus	unassigned	B73	1
42033161	minus	nbr	Teo	12
42032636	minus	unassigned	Teo	14
42032581	plus	ppl2	Teo	628
42032360	plus	ppl2	Teo	191
42031785	plus	unassigned	B73	1
42033386	minus	nbr	B73	2
42033165	minus	nbr	B73	52
42032597	plus	unassigned	B73	9
42032143	plus	ppl2	B73	23
42032585	plus	ppl2	B73	131
42032364	plus	ppl2	B73	58
42032160	plus	unassigned	B73	4
42032388	plus	unassigned	Teo	18
42031790	plus	ppl2	Teo	6
42033158	minus	unassigned	B73	1
42032946	plus	unassigned	B73	44
42033239	plus	unassigned	B73	4
42032737	plus	unassigned	Teo	547
42033141	minus	unassigned	B73	1
42032617	plus	ppl2	Teo	531
42032617	minus	unassigned	Teo	15
42032950	minus	unassigned	B73	1
42033112	plus	unassigned	Teo	9
42032600	minus	unassigned	Teo	18
42032850	minus	nbr	B73	194
42031691	minus	unassigned	B73	2
42031794	plus	ppl2	B73	14
42032848	minus	nbr	Teo	21
42031944	plus	unassigned	B73	1
42031826	plus	ppl2	Teo	7
42032237	plus	unassigned	B73	1
42032411	minus	unassigned	B73	2
42033049	plus	unassigned	B73	12
42032547	plus	unassigned	Teo	40
42032110	plus	unassigned	Teo	4
42032948	minus	unassigned	B73	1
42033092	plus	unassigned	Teo	8
42033359	plus	unassigned	Teo	4
42033131	plus	unassigned	B73	12
42032596	minus	unassigned	B73	30
42033292	minus	nbr	B73	18
42033071	minus	nbr	B73	110
42032902	plus	unassigned	B73	489
42031689	minus	unassigned	B73	2
42031672	minus	unassigned	B73	2
42033324	minus	nbr	Teo	3
42033103	minus	nbr	Teo	14
42033316	minus	unassigned	B73	1
42033069	minus	nbr	Teo	17
42032523	plus	ppl2	Teo	565
42032409	minus	unassigned	B73	34
42031988	plus	unassigned	B73	2
42032773	minus	unassigned	B73	98
42031818	plus	unassigned	B73	2
42031866	minus	unassigned	B73	5
42032363	plus	unassigned	B73	4
42031900	plus	unassigned	B73	2
42032154	plus	unassigned	Teo	12
42033328	minus	nbr	B73	11
42033107	minus	nbr	B73	100
42032882	plus	unassigned	B73	2313
42031897	minus	unassigned	Teo	7
42033175	plus	unassigned	B73	10
42032712	plus	unassigned	B73	469
42032527	plus	ppl2	B73	144
42031880	minus	unassigned	Teo	4
42033005	plus	unassigned	B73	5
42032975	minus	nbr	Teo	12
42032754	minus	nbr	Teo	47
42033315	plus	unassigned	Teo	1
42031698	plus	ppl2	Teo	6
42031798	plus	unassigned	B73	2
42032979	minus	nbr	B73	113
42032758	minus	nbr	B73	646
42032754	minus	unassigned	B73	100
42032404	minus	unassigned	Teo	16
42031628	plus	unassigned	B73	4
42031880	plus	unassigned	B73	2
42031847	minus	unassigned	B73	5
42032785	minus	unassigned	Teo	8
42032173	plus	unassigned	B73	4
42031830	minus	unassigned	B73	6
42032003	plus	unassigned	B73	2
42032692	plus	unassigned	B73	1
42031878	minus	unassigned	Teo	4
42033230	minus	nbr	Teo	7
42031861	minus	unassigned	Teo	2
42032313	plus	unassigned	Teo	4
42033295	plus	unassigned	Teo	1
42033196	minus	nbr	Teo	6
42032650	plus	ppl2	Teo	96
42032756	plus	unassigned	B73	1998
42033125	plus	unassigned	Teo	9
42032174	plus	ppl2	Teo	101
42032395	plus	ppl2	Teo	224
42032931	minus	unassigned	B73	1
42033234	minus	nbr	B73	30
42033013	minus	nbr	B73	124
42033290	minus	unassigned	B73	1
42032654	plus	ppl2	B73	28
42032881	minus	nbr	Teo	6
42032399	plus	ppl2	B73	65
42032383	minus	unassigned	B73	21
42031754	plus	unassigned	B73	1
42032566	plus	unassigned	B73	10
42032357	plus	unassigned	Teo	19
42032929	minus	unassigned	B73	1
42033378	plus	unassigned	B73	1
42032876	plus	unassigned	Teo	639
42033169	plus	unassigned	Teo	6
42032915	plus	unassigned	B73	239
42032885	minus	nbr	B73	69
42033208	plus	unassigned	B73	8
42032706	plus	unassigned	Teo	189
42031642	plus	ppl2	B73	11
42032577	minus	unassigned	B73	32
42031863	plus	ppl2	B73	10
42033251	plus	unassigned	Teo	1
42032560	minus	unassigned	B73	33
42032917	minus	nbr	Teo	8
42031653	minus	unassigned	B73	1
42032591	minus	unassigned	Teo	18
42031684	minus	unassigned	Teo	3
42032376	plus	unassigned	B73	4
42032167	plus	unassigned	Teo	13
42033361	minus	nbr	B73	4
42033140	minus	nbr	B73	90
42032560	plus	ppl2	B73	138
42032558	minus	unassigned	B73	33
42033061	plus	unassigned	Teo	8
42032959	plus	unassigned	B73	15
42032541	minus	unassigned	B73	31
42032522	plus	unassigned	B73	12
42032589	minus	unassigned	Teo	18
42031634	minus	unassigned	B73	2
42033334	plus	unassigned	B73	1
42033359	minus	nbr	Teo	1
42033138	minus	nbr	Teo	15
42032832	plus	unassigned	Teo	1403
42032572	minus	unassigned	Teo	21
42032337	plus	ppl2	Teo	143
42031665	minus	unassigned	Teo	3
42032116	plus	ppl2	Teo	39
42032558	plus	ppl2	Teo	621
42032791	minus	nbr	B73	450
42032735	minus	unassigned	B73	106
42031690	plus	unassigned	B73	2
42031828	minus	unassigned	B73	6
42032823	minus	nbr	Teo	25
42032766	minus	unassigned	Teo	8
42031957	plus	unassigned	B73	1
42031811	minus	unassigned	B73	6
42032789	minus	nbr	Teo	36
42031859	minus	unassigned	Teo	2
42031801	plus	ppl2	Teo	6
42032769	plus	unassigned	B73	2363
42031842	minus	unassigned	Teo	2
42032332	plus	unassigned	B73	4
42032123	plus	unassigned	Teo	4
42032851	plus	unassigned	B73	6174
42033144	plus	unassigned	B73	16
42032642	plus	unassigned	Teo	30
42032909	plus	unassigned	Teo	70
42032170	minus	unassigned	B73	12
42032827	minus	nbr	B73	308
42031805	plus	ppl2	B73	13
42033288	minus	unassigned	B73	1
42032716	minus	unassigned	B73	114
42033271	minus	unassigned	B73	1
42031809	minus	unassigned	B73	6
42032747	minus	unassigned	Teo	8
42031767	plus	unassigned	B73	1
42032364	minus	unassigned	B73	22
42033265	minus	nbr	Teo	4
42033044	minus	nbr	Teo	19
42032730	minus	unassigned	Teo	8
42032142	plus	unassigned	B73	5
42031823	minus	unassigned	Teo	2
42032395	minus	unassigned	Teo	10
42032627	plus	ppl2	Teo	503
42032406	plus	ppl2	Teo	240
42032206	plus	unassigned	B73	1
42032895	plus	unassigned	B73	936
42033188	plus	unassigned	B73	9
42033303	minus	nbr	B73	14
42032725	plus	unassigned	B73	794
42033018	plus	unassigned	B73	5
42032516	plus	unassigned	Teo	40
42033270	plus	unassigned	B73	4
42033269	minus	nbr	B73	21
42033048	minus	nbr	B73	105
42032950	minus	nbr	Teo	13
42033328	plus	unassigned	Teo	1
42033100	plus	unassigned	B73	14
42033269	minus	unassigned	B73	1
42033252	minus	unassigned	B73	1
42031673	plus	ppl2	Teo	5
42031894	plus	ppl2	Teo	28
42032728	minus	unassigned	Teo	8
42032345	minus	unassigned	B73	19
42032376	minus	unassigned	Teo	11
42032954	minus	nbr	B73	111
42032733	minus	nbr	B73	639
42031893	plus	unassigned	B73	2
42032186	plus	unassigned	B73	1
42032016	plus	unassigned	B73	1
42031898	plus	ppl2	B73	17
42032535	plus	unassigned	B73	11
42031677	plus	ppl2	B73	13
42032326	plus	unassigned	Teo	18
42033080	plus	unassigned	B73	13
42032539	minus	unassigned	B73	31
42033347	plus	unassigned	B73	1
42032845	plus	unassigned	Teo	1380
42033138	plus	unassigned	Teo	10
42032522	minus	unassigned	B73	33
42033392	minus	nbr	Teo	1
42033171	minus	nbr	Teo	11
42033334	minus	nbr	Teo	1
42033390	plus	unassigned	Teo	4
42033220	plus	unassigned	Teo	5
42032553	minus	unassigned	Teo	23
42032591	plus	ppl2	Teo	599
42032370	plus	ppl2	Teo	216
42032533	plus	ppl2	Teo	603
42031646	minus	unassigned	Teo	1
42032690	minus	unassigned	B73	1
42031783	minus	unassigned	B73	1
42033396	minus	nbr	B73	2
42033175	minus	nbr	B73	48
42033338	minus	nbr	B73	11
42033117	minus	nbr	B73	100
42032374	plus	ppl2	B73	58
42032153	plus	ppl2	B73	27
42032595	plus	ppl2	B73	129
42032537	plus	ppl2	B73	144
42032316	plus	ppl2	B73	46
42032136	plus	unassigned	Teo	11
42033207	minus	nbr	Teo	6
42032579	plus	unassigned	B73	9
42032409	plus	unassigned	B73	3
42032889	plus	unassigned	Teo	236
42032884	minus	unassigned	B73	1
42032168	minus	unassigned	B73	12
42032928	plus	unassigned	B73	77
42032534	minus	unassigned	Teo	24
42032719	plus	unassigned	Teo	442
42032151	minus	unassigned	B73	13
42032971	plus	unassigned	Teo	12
42032860	minus	nbr	B73	160
42031627	minus	unassigned	Teo	1
42033264	plus	unassigned	Teo	1
42032802	minus	nbr	B73	428
42032801	plus	unassigned	Teo	1533
42032989	minus	nbr	B73	111
42032768	minus	nbr	B73	657
42032858	minus	nbr	Teo	17
42031836	plus	ppl2	Teo	6
42032711	minus	unassigned	Teo	8
42032660	plus	ppl2	Teo	92
42032389	plus	unassigned	B73	4
42031804	minus	unassigned	Teo	2
42032219	plus	unassigned	B73	1
42032699	plus	unassigned	Teo	1
42032865	minus	unassigned	B73	1
42032149	minus	unassigned	B73	13
42032738	plus	unassigned	B73	900
42032132	minus	unassigned	B73	9
42032529	plus	unassigned	Teo	42
42032990	plus	unassigned	B73	5
42032781	plus	unassigned	Teo	1435
42033074	plus	unassigned	Teo	7
42032820	plus	unassigned	B73	5564
42033113	plus	unassigned	B73	14
42033081	minus	nbr	B73	110
42032611	plus	unassigned	Teo	37
42032163	minus	unassigned	Teo	11
42033244	minus	nbr	B73	26
42033023	minus	nbr	B73	115
42032664	plus	ppl2	B73	21
42033113	minus	nbr	Teo	15
42033079	minus	nbr	Teo	18
42032709	minus	unassigned	Teo	8
42032326	minus	unassigned	B73	17
42032357	minus	unassigned	Teo	13
42032340	minus	unassigned	Teo	13
42032895	minus	nbr	B73	74
42031873	plus	ppl2	B73	11
42031652	plus	ppl2	B73	11
42032345	plus	unassigned	B73	4
42032985	minus	nbr	Teo	12
42032764	minus	nbr	Teo	50
42032927	minus	nbr	Teo	9
42032864	plus	unassigned	B73	5423
42033157	plus	unassigned	B73	11
42032655	plus	unassigned	Teo	1
42031905	plus	ppl2	Teo	29
42033030	plus	unassigned	Teo	6
42032688	minus	unassigned	B73	1
42032338	minus	unassigned	Teo	13
42032671	minus	unassigned	B73	3
42032321	minus	unassigned	Teo	13
42033371	minus	nbr	B73	2
42033150	minus	nbr	B73	65
42031764	minus	unassigned	B73	1
42031909	plus	ppl2	B73	16
42032570	plus	ppl2	B73	136
42031862	plus	unassigned	B73	2
42031795	minus	unassigned	Teo	2
42033240	minus	nbr	Teo	7
42032155	plus	unassigned	B73	4
42033369	minus	nbr	Teo	1
42033148	minus	nbr	Teo	14
42032602	plus	ppl2	Teo	579
42032984	plus	unassigned	Teo	10
42032347	plus	ppl2	Teo	151
42032126	plus	ppl2	Teo	42
42032568	plus	ppl2	Teo	630
42032814	plus	unassigned	Teo	1498
42032515	minus	unassigned	Teo	23
42033107	plus	unassigned	Teo	10
42032669	minus	unassigned	B73	3
42032652	minus	unassigned	B73	3
42032891	minus	nbr	Teo	7
42032606	plus	ppl2	B73	119
42032833	minus	nbr	Teo	25
42031745	minus	unassigned	B73	1
42032799	minus	nbr	Teo	33
42031811	plus	ppl2	Teo	7
42032199	plus	unassigned	B73	1
42032846	minus	unassigned	B73	6
42032548	plus	unassigned	B73	11
42032837	minus	nbr	B73	280
42032339	plus	unassigned	Teo	19
42032111	plus	unassigned	B73	4
42032113	minus	unassigned	B73	7
42033093	plus	unassigned	B73	14
42032591	plus	unassigned	Teo	37
42032858	plus	unassigned	Teo	1336
42032630	plus	unassigned	B73	9
42031815	plus	ppl2	B73	10
42032144	minus	unassigned	Teo	12
42032940	plus	unassigned	Teo	13
42033233	plus	unassigned	Teo	5
42033275	minus	nbr	Teo	4
42033054	minus	nbr	Teo	19
42032827	minus	unassigned	B73	15
42033313	minus	nbr	B73	12
42032358	plus	unassigned	B73	4
42032149	plus	unassigned	Teo	12
42032810	minus	unassigned	B73	50
42033279	minus	nbr	B73	18
42033058	minus	nbr	B73	93
42032512	plus	ppl2	B73	67
42032960	minus	nbr	Teo	12
42031903	minus	unassigned	B73	7
42032841	minus	unassigned	Teo	1
42032125	minus	unassigned	Teo	12
42032750	plus	unassigned	Teo	692
42033043	plus	unassigned	Teo	6
42031683	plus	ppl2	Teo	6
42032964	minus	nbr	B73	113
42032743	minus	nbr	B73	656
42032319	minus	unassigned	Teo	14
42031500	plus	ppl2	B73	13
42031687	plus	ppl2	B73	13
42031672	plus	unassigned	B73	1
42031939	plus	unassigned	B73	1
42033181	minus	nbr	Teo	8
42031502	plus	unassigned	B73	1
42032380	plus	ppl2	Teo	221
42032314	plus	unassigned	B73	4
42032105	plus	unassigned	Teo	4
42032794	plus	unassigned	Teo	1544
42033087	plus	unassigned	Teo	7
42032833	plus	unassigned	B73	5780
42033126	plus	unassigned	B73	12
42032624	plus	unassigned	Teo	34
42033185	minus	nbr	B73	34
42032633	minus	unassigned	B73	22
42032384	plus	ppl2	B73	59
42032163	plus	ppl2	B73	29
42033217	minus	nbr	Teo	7
42032637	plus	ppl2	Teo	476
42031831	plus	unassigned	B73	2
42032124	plus	unassigned	B73	4
42032870	minus	nbr	B73	86
42031894	minus	unassigned	B73	6
42032877	plus	unassigned	B73	2784
42033246	plus	unassigned	Teo	3
42032902	minus	nbr	Teo	7
42032707	plus	unassigned	B73	290
42033252	plus	unassigned	B73	4
42032868	minus	nbr	Teo	16
42032614	minus	unassigned	B73	22
42031846	plus	ppl2	Teo	8
42032645	minus	unassigned	Teo	13
42032906	minus	nbr	B73	76
42032808	minus	unassigned	B73	51
42031875	plus	unassigned	B73	2
42033091	minus	nbr	B73	102
42032168	plus	unassigned	B73	4
42031629	plus	ppl2	B73	11
42032839	minus	unassigned	Teo	1
42032250	plus	unassigned	B73	1
42032822	minus	unassigned	Teo	2
42032517	plus	unassigned	B73	12
42032106	minus	unassigned	Teo	10
42033344	minus	nbr	Teo	1
42033123	minus	nbr	Teo	16
42032997	plus	unassigned	Teo	6
42033167	minus	unassigned	B73	1
42033062	plus	unassigned	B73	13
42032560	plus	unassigned	Teo	37
42032827	plus	unassigned	Teo	1487
42033150	minus	unassigned	B73	1
42033089	minus	nbr	Teo	15
42032322	plus	ppl2	Teo	110
42032543	plus	ppl2	Teo	615
42033372	plus	unassigned	Teo	4
42033202	plus	unassigned	Teo	5
42033348	minus	nbr	B73	9
42033127	minus	nbr	B73	95
42031685	plus	unassigned	B73	2
42032105	plus	ppl2	B73	16
42032547	plus	ppl2	B73	143
42032326	plus	ppl2	B73	46
42033344	minus	unassigned	B73	1
42032995	minus	nbr	Teo	14
42032774	minus	nbr	Teo	50
42032803	minus	unassigned	Teo	3
42032118	plus	unassigned	Teo	4
42032370	plus	unassigned	Teo	20
42033182	plus	unassigned	Teo	5
42032812	minus	nbr	B73	417
42032643	plus	unassigned	B73	9
42032999	minus	nbr	B73	131
42032778	minus	nbr	B73	653
42032953	plus	unassigned	Teo	8
42031698	minus	unassigned	B73	3
42033250	minus	nbr	Teo	7
42033325	minus	unassigned	B73	1
42032670	plus	ppl2	Teo	78
42032401	minus	unassigned	B73	31
42032799	minus	unassigned	B73	56
42032782	minus	unassigned	B73	97
42031641	plus	unassigned	B73	3
42031908	plus	unassigned	B73	1
42031875	minus	unassigned	B73	4
42033254	minus	nbr	B73	25
42033033	minus	nbr	B73	112
42032972	plus	unassigned	B73	10
42033265	plus	unassigned	B73	4
42032763	plus	unassigned	Teo	967
42033056	plus	unassigned	Teo	9
42032674	plus	ppl2	B73	7
42032802	plus	unassigned	B73	5181
42032616	plus	ppl2	B73	115
42032626	minus	unassigned	Teo	15
42031888	plus	unassigned	B73	2
42032763	minus	unassigned	B73	97
42032847	minus	nbr	B73	223
42031856	minus	unassigned	B73	5
42031883	plus	ppl2	B73	12
42031662	plus	ppl2	B73	13
42032794	minus	unassigned	Teo	5
42031825	plus	ppl2	B73	8
42032937	minus	nbr	Teo	10
42032716	minus	nbr	Teo	35
42031887	minus	unassigned	Teo	8
42032573	plus	unassigned	Teo	37
42031870	minus	unassigned	Teo	2
42032327	plus	unassigned	B73	4
42033148	minus	unassigned	B73	1
42032846	plus	unassigned	B73	6070
42033139	plus	unassigned	B73	13
42032637	plus	unassigned	Teo	30
42033391	plus	unassigned	B73	1
42032957	minus	unassigned	B73	1
42032607	minus	unassigned	Teo	18
42033221	plus	unassigned	B73	4
42032940	minus	unassigned	B73	1
42033012	plus	unassigned	Teo	7
42033381	minus	nbr	B73	2
42033160	minus	nbr	B73	58
42033323	minus	nbr	B73	11
42033102	minus	nbr	B73	99
42031681	minus	unassigned	B73	2
42032580	plus	ppl2	B73	140
42033289	minus	nbr	B73	18
42032522	plus	ppl2	B73	126
42033379	minus	nbr	Teo	1
42033158	minus	nbr	Teo	13
42032612	plus	ppl2	Teo	545
42031844	plus	unassigned	B73	2
42032137	plus	unassigned	B73	5
42032136	plus	ppl2	Teo	54
42032578	plus	ppl2	Teo	628
42032357	plus	ppl2	Teo	190
42032656	plus	unassigned	B73	1
42032938	minus	unassigned	B73	1
42032966	plus	unassigned	Teo	12
42033259	plus	unassigned	Teo	1
42033031	plus	unassigned	B73	6
42032974	minus	nbr	B73	108
42032753	minus	nbr	B73	653
42032586	minus	unassigned	B73	29
42033341	plus	unassigned	Teo	4
42031679	minus	unassigned	B73	2
42032843	minus	nbr	Teo	23
42031662	minus	unassigned	B73	2
42031821	plus	ppl2	Teo	7
42031693	minus	unassigned	Teo	3
42033306	minus	unassigned	B73	1
42031970	plus	unassigned	B73	1
42031800	plus	unassigned	B73	2
42032567	minus	unassigned	B73	33
42032782	plus	unassigned	B73	4136
42033075	plus	unassigned	B73	14
42032612	plus	unassigned	B73	9
42032550	minus	unassigned	B73	33
42032173	plus	ppl2	B73	45
42032403	plus	unassigned	Teo	16
42032394	plus	ppl2	B73	62
42032598	minus	unassigned	Teo	18
42033385	plus	unassigned	Teo	4
42031643	minus	unassigned	B73	2
42033285	minus	nbr	Teo	3
42033064	minus	nbr	Teo	16
42032922	plus	unassigned	Teo	22
42032581	minus	unassigned	Teo	20
42033227	minus	nbr	Teo	7
42033215	plus	unassigned	Teo	5
42033006	minus	nbr	Teo	13
42031674	minus	unassigned	Teo	3
42032647	plus	ppl2	Teo	467
42032880	minus	nbr	B73	70
42031698	plus	unassigned	B73	1
42032744	minus	unassigned	B73	105
42033068	minus	nbr	B73	107
42031780	plus	unassigned	B73	1
42031837	minus	unassigned	B73	6
42032970	minus	nbr	Teo	12
42032775	minus	unassigned	Teo	8
42032912	minus	nbr	Teo	8
42031820	minus	unassigned	B73	5
42032392	minus	unassigned	B73	21
42032592	plus	unassigned	B73	9
42031868	minus	unassigned	Teo	2
42032878	minus	nbr	Teo	6
42032859	plus	unassigned	B73	5857
42032383	plus	unassigned	Teo	20
42031851	minus	unassigned	Teo	2
42031693	plus	ppl2	Teo	6
42031635	plus	ppl2	Teo	2
42031856	plus	ppl2	Teo	10
42033195	plus	unassigned	Teo	5
42032941	plus	unassigned	B73	49
42033234	plus	unassigned	B73	4
42032732	plus	unassigned	Teo	538
42033025	plus	unassigned	Teo	7
42032916	minus	nbr	B73	87
42033297	minus	unassigned	B73	1
42032725	minus	unassigned	B73	109
42031697	plus	ppl2	B73	15
42031639	plus	ppl2	B73	11
42033280	minus	unassigned	B73	1
42031818	minus	unassigned	B73	5
42032756	minus	unassigned	Teo	8
42032373	minus	unassigned	B73	22
42031801	minus	unassigned	B73	5
42033191	minus	nbr	Teo	6
42033354	minus	nbr	Teo	1
42033133	minus	nbr	Teo	16
42031849	minus	unassigned	Teo	2
42032390	plus	ppl2	Teo	222
42031832	minus	unassigned	Teo	2
42032111	plus	ppl2	Teo	39
42032553	plus	ppl2	Teo	636
42032332	plus	ppl2	Teo	130
42032985	plus	unassigned	B73	10
42033278	plus	unassigned	B73	1
42032776	plus	unassigned	Teo	1219
42033069	plus	unassigned	Teo	8
42032815	plus	unassigned	B73	5393
42033108	plus	unassigned	B73	16
42032606	plus	unassigned	Teo	37
42033360	plus	unassigned	B73	1
42033195	minus	nbr	B73	31
42033358	minus	nbr	B73	5
42033151	plus	unassigned	Teo	10
42033137	minus	nbr	B73	95
42033278	minus	unassigned	B73	1
42032336	plus	ppl2	B73	52
42032115	plus	ppl2	B73	18
42032557	plus	ppl2	B73	142
42032784	minus	nbr	Teo	50
42033261	minus	unassigned	B73	1
42032354	minus	unassigned	B73	22
42032385	minus	unassigned	Teo	11
42031983	plus	unassigned	B73	2
42032822	minus	nbr	B73	316
42031813	plus	unassigned	B73	2
42032106	plus	unassigned	B73	3
42032788	minus	nbr	B73	489
42031800	plus	ppl2	B73	13
42032795	plus	unassigned	B73	4762
42033088	plus	unassigned	B73	14
42032586	plus	unassigned	Teo	37
42032625	plus	unassigned	B73	9
42033398	plus	unassigned	Teo	4
42033170	plus	unassigned	B73	10
42032548	minus	unassigned	B73	33
42032935	plus	unassigned	Teo	13
42033228	plus	unassigned	Teo	5
42033000	plus	unassigned	B73	5
42032531	minus	unassigned	B73	32
42033260	minus	nbr	Teo	4
42032579	minus	unassigned	Teo	21
42033310	plus	unassigned	Teo	1
42032562	minus	unassigned	Teo	21
42032680	plus	ppl2	Teo	47
42031655	minus	unassigned	Teo	3
42033264	minus	nbr	B73	21
42033043	minus	nbr	B73	104
42031857	plus	unassigned	B73	2
42032529	minus	unassigned	B73	32
42032512	minus	unassigned	B73	33
42032232	plus	unassigned	B73	1
42033099	minus	nbr	Teo	14
42032979	plus	unassigned	Teo	11
42032751	plus	unassigned	B73	1423
42032893	minus	unassigned	B73	1
42033044	plus	unassigned	B73	8
42032542	plus	unassigned	Teo	40
42032543	minus	unassigned	Teo	23
42032809	plus	unassigned	Teo	1523
42032160	minus	unassigned	B73	13
42031636	minus	unassigned	Teo	1
42033354	plus	unassigned	Teo	4
42031672	plus	ppl2	B73	13
42031893	plus	ppl2	B73	16
42032706	minus	unassigned	B73	101
42032947	minus	nbr	Teo	12
42032726	minus	nbr	Teo	44
42032737	minus	unassigned	Teo	8
42031667	plus	unassigned	B73	1
42032720	minus	unassigned	Teo	8
42031813	minus	unassigned	Teo	2
42032789	plus	unassigned	Teo	1498
42032561	plus	unassigned	B73	10
42032874	minus	unassigned	B73	1
42032158	minus	unassigned	B73	13
42032352	plus	unassigned	Teo	19
42032619	plus	unassigned	Teo	35
42032871	plus	unassigned	Teo	933
42033164	plus	unassigned	Teo	6
42032701	plus	unassigned	Teo	32
42033391	minus	nbr	B73	2
42033170	minus	nbr	B73	50
42032590	plus	ppl2	B73	130
42033259	minus	unassigned	B73	1
42033202	minus	nbr	Teo	6
42033389	minus	nbr	Teo	1
42033168	minus	nbr	Teo	11
42032718	minus	unassigned	Teo	8
42032622	plus	ppl2	Teo	518
42032401	plus	ppl2	Teo	239
42032335	minus	unassigned	B73	18
42032701	minus	unassigned	Teo	1
42032367	plus	ppl2	Teo	207
42032146	plus	ppl2	Teo	70
42032588	plus	ppl2	Teo	600
42032366	minus	unassigned	Teo	11
42031793	plus	unassigned	B73	2
42031792	minus	unassigned	B73	5
42033206	minus	nbr	B73	30
42032396	plus	unassigned	Teo	16
42032626	plus	ppl2	B73	110
42032405	plus	ppl2	B73	68
42032853	minus	nbr	Teo	19
42032954	plus	unassigned	B73	21
42033247	plus	unassigned	B73	4
42032745	plus	unassigned	Teo	653
42033038	plus	unassigned	Teo	6
42031831	plus	ppl2	Teo	6
42033290	plus	unassigned	Teo	1
42031797	plus	ppl2	Teo	6
42033120	plus	unassigned	Teo	9
42032316	minus	unassigned	B73	14
42032697	minus	unassigned	B73	7
42032347	minus	unassigned	Teo	13
42032857	minus	nbr	B73	177
42032680	minus	unassigned	B73	1
42032330	minus	unassigned	Teo	13
42031835	plus	ppl2	B73	9
42031773	minus	unassigned	B73	1
42031952	plus	unassigned	B73	1
42032245	plus	unassigned	B73	1
42033295	minus	nbr	Teo	3
42033074	minus	nbr	Teo	18
42033057	plus	unassigned	B73	13
42032555	plus	unassigned	Teo	38
42032998	plus	unassigned	B73	5
42033367	plus	unassigned	Teo	4
42032524	minus	unassigned	Teo	20
42032828	plus	unassigned	B73	5759
42032141	minus	unassigned	B73	10
42033373	plus	unassigned	B73	1
42032910	plus	unassigned	B73	262
42033203	plus	unassigned	B73	8
42032172	minus	unassigned	Teo	12
42032678	minus	unassigned	B73	1
42033333	minus	nbr	B73	11
42033112	minus	nbr	B73	104
42033299	minus	nbr	B73	4
42033078	minus	nbr	B73	53
42032532	plus	ppl2	B73	33
42032980	minus	nbr	Teo	4
42031996	plus	unassigned	B73	1
42031826	plus	unassigned	B73	1
42032119	plus	unassigned	B73	1
42032855	minus	unassigned	B73	1
42032139	minus	unassigned	B73	6
42032599	plus	unassigned	Teo	32
42032638	plus	unassigned	B73	3
42032162	plus	unassigned	Teo	12
42032984	minus	nbr	B73	57
42032763	minus	nbr	B73	393
42032122	minus	unassigned	B73	5
42032890	plus	unassigned	B73	596
42033183	plus	unassigned	B73	4
42032948	plus	unassigned	Teo	10
42032720	plus	unassigned	B73	323
42033013	plus	unassigned	B73	8
42032511	plus	unassigned	Teo	51
42032153	minus	unassigned	Teo	9
42032836	minus	unassigned	B73	4
42031946	plus	unassigned	Teo	1
42032011	plus	unassigned	B73	1
42032601	plus	ppl2	B73	27
42032134	minus	unassigned	Teo	7
42032321	plus	unassigned	Teo	27
42032764	plus	unassigned	B73	1159
42033237	minus	nbr	Teo	1
42033016	minus	nbr	Teo	3
42032657	plus	ppl2	Teo	99
42032904	plus	unassigned	Teo	96
42032890	minus	nbr	B73	23
42032328	minus	unassigned	Teo	14
42032661	minus	unassigned	B73	1
42032922	minus	nbr	Teo	7
42032888	minus	nbr	Teo	5
42031900	plus	ppl2	Teo	47
42031866	plus	ppl2	Teo	24
42031645	plus	ppl2	Teo	4
42032574	plus	unassigned	B73	2
42032365	plus	unassigned	Teo	27
42031902	plus	unassigned	Teo	2
42032884	plus	unassigned	Teo	435
42033177	plus	unassigned	Teo	3
42032923	plus	unassigned	B73	55
42033216	plus	unassigned	B73	3
42032714	plus	unassigned	Teo	229
42032926	minus	nbr	B73	47
42031904	plus	ppl2	B73	5
42032659	minus	unassigned	B73	1
42032642	minus	unassigned	B73	9
42033143	minus	nbr	Teo	11
42032121	plus	ppl2	Teo	74
42032563	plus	ppl2	Teo	834
42032342	plus	ppl2	Teo	239
42031882	plus	unassigned	Teo	2
42032175	plus	unassigned	Teo	12
42032967	plus	unassigned	B73	21
42033147	minus	nbr	B73	42
42032758	plus	unassigned	Teo	744
42032530	plus	unassigned	B73	2
42032346	plus	ppl2	B73	15
42032125	plus	ppl2	B73	8
42032567	plus	ppl2	B73	29
42032794	minus	nbr	Teo	23
42032623	minus	unassigned	B73	9
42032840	plus	unassigned	Teo	1528
42033133	plus	unassigned	Teo	2
42032832	minus	nbr	B73	123
42032798	minus	nbr	B73	244
42031810	plus	ppl2	B73	1
42032817	minus	unassigned	B73	10
42031965	plus	unassigned	B73	1
42032800	minus	unassigned	B73	32
42032777	plus	unassigned	B73	1613
42032568	plus	unassigned	Teo	34
42032340	plus	unassigned	B73	2
42032115	minus	unassigned	Teo	7
42032607	plus	unassigned	B73	2
42032131	plus	unassigned	Teo	11
42033152	plus	unassigned	B73	7
42031808	plus	ppl2	Teo	13
42032650	plus	unassigned	Teo	3
42032917	plus	unassigned	Teo	32
42032632	plus	ppl2	Teo	629
42033274	minus	nbr	B73	7
42033053	minus	nbr	B73	64
42033216	minus	nbr	B73	16
42032636	plus	ppl2	B73	23
42032378	plus	unassigned	Teo	27
42032150	plus	unassigned	B73	3
42031839	plus	unassigned	B73	1
42031905	minus	unassigned	Teo	4
42033196	plus	unassigned	B73	4
42032733	plus	unassigned	B73	436
42033026	plus	unassigned	B73	9
42032901	minus	nbr	B73	30
42032524	plus	unassigned	Teo	51
42032867	minus	nbr	B73	45
42031682	plus	ppl2	B73	1
42031845	plus	ppl2	B73	2
42032957	minus	nbr	Teo	9
42032736	minus	nbr	Teo	34
42032791	minus	unassigned	B73	34
42031959	plus	unassigned	Teo	1
42032024	plus	unassigned	B73	1
42031884	minus	unassigned	B73	2
42032543	plus	unassigned	B73	2
42032334	plus	unassigned	Teo	26
42033180	minus	nbr	B73	26
42033343	minus	nbr	B73	3
42033122	minus	nbr	B73	56
42032853	plus	unassigned	Teo	1460
42033146	plus	unassigned	Teo	3
42033088	minus	nbr	B73	51
42032321	plus	ppl2	B73	11
42032542	plus	ppl2	B73	32
42033212	minus	nbr	Teo	3
42032604	minus	unassigned	B73	8
42033178	minus	nbr	Teo	4
42032635	minus	unassigned	Teo	19
42032377	plus	ppl2	Teo	350
42032156	plus	ppl2	Teo	127
42032598	plus	ppl2	Teo	746
42032319	plus	ppl2	Teo	185
42032789	minus	unassigned	B73	36
42032994	minus	nbr	B73	62
42032773	minus	nbr	B73	395
42032144	plus	unassigned	Teo	12
42032863	minus	nbr	Teo	6
42032805	minus	nbr	Teo	20
42032587	plus	unassigned	B73	2
42031915	plus	unassigned	Teo	1
42031841	plus	ppl2	Teo	16
42032897	plus	unassigned	Teo	137
42032936	plus	unassigned	B73	30
42033229	plus	unassigned	B73	2
42032727	plus	unassigned	Teo	357
42033272	plus	unassigned	Teo	1
42032616	minus	unassigned	Teo	22
42033102	plus	unassigned	Teo	2
42032809	minus	nbr	B73	219
42031690	minus	unassigned	B73	1
42031895	plus	unassigned	Teo	2
42033084	minus	nbr	Teo	8
42033247	minus	nbr	Teo	1
42033026	minus	nbr	Teo	4
42032410	minus	unassigned	B73	12
42032667	plus	ppl2	Teo	53
42032746	plus	unassigned	B73	682
42033039	plus	unassigned	B73	9
42031503	minus	unassigned	B73	3
42032537	plus	unassigned	Teo	51
42033121	plus	unassigned	B73	4
42032595	minus	unassigned	B73	8
42031688	minus	unassigned	B73	1
42032990	minus	nbr	Teo	3
42032932	minus	nbr	Teo	8
42032711	minus	nbr	Teo	13
42032898	minus	nbr	Teo	5
42031910	plus	ppl2	Teo	50
42031876	plus	ppl2	Teo	25
42031655	plus	ppl2	Teo	5
42032408	minus	unassigned	B73	14
42031978	plus	unassigned	B73	1
42032772	minus	unassigned	B73	61
42031808	plus	unassigned	B73	1
42032936	minus	nbr	B73	54
42032715	minus	nbr	B73	199
42031865	minus	unassigned	B73	1
42031851	plus	unassigned	Teo	1
42032087	minus	unassigned	Teo	1
42031896	minus	unassigned	Teo	4
42032872	plus	unassigned	B73	2345
42033165	plus	unassigned	B73	4
42032702	plus	unassigned	B73	27
42033153	minus	nbr	Teo	7
42032352	plus	ppl2	Teo	271
42032131	plus	ppl2	Teo	97
42032573	plus	ppl2	Teo	830
42032753	minus	unassigned	B73	66
42032403	minus	unassigned	Teo	21
42031846	minus	unassigned	B73	1
42033157	minus	nbr	B73	33
42032784	minus	unassigned	Teo	3
42032163	plus	unassigned	B73	2
42032611	plus	ppl2	B73	27
42031928	plus	unassigned	Teo	1
42031700	plus	unassigned	B73	1
42032682	plus	unassigned	B73	2
42032135	plus	ppl2	B73	9
42032577	plus	ppl2	B73	29
42031877	minus	unassigned	Teo	3
42032356	plus	ppl2	B73	15
42032512	plus	unassigned	B73	2
42031860	minus	unassigned	Teo	3
42032822	plus	unassigned	Teo	1483
42033115	plus	unassigned	Teo	2
42032609	plus	ppl2	Teo	700
42032842	minus	nbr	B73	115
42031820	plus	ppl2	B73	1
42032734	minus	unassigned	B73	70
42031827	minus	unassigned	B73	1
42032399	minus	unassigned	B73	12
42032765	minus	unassigned	Teo	3
42032382	minus	unassigned	B73	9
42031858	minus	unassigned	Teo	3
42031818	plus	ppl2	Teo	15
42032556	plus	unassigned	B73	2
42032347	plus	unassigned	Teo	27
42032866	plus	unassigned	Teo	1038
42033159	plus	unassigned	Teo	3
42032905	plus	unassigned	B73	209
42032576	minus	unassigned	B73	6
42033284	minus	nbr	B73	5
42033241	plus	unassigned	Teo	1
42033063	minus	nbr	B73	47
42032590	minus	unassigned	Teo	26
42032515	plus	ppl2	Teo	714
42031864	plus	unassigned	Teo	2
42032157	plus	unassigned	Teo	12
42033178	plus	unassigned	B73	4
42032506	plus	unassigned	Teo	1
42031692	plus	ppl2	B73	1
42032557	minus	unassigned	B73	11
42032949	plus	unassigned	B73	32
42032519	plus	ppl2	B73	28
42032967	minus	nbr	Teo	4
42032746	minus	nbr	Teo	36
42032540	minus	unassigned	B73	11
42032588	minus	unassigned	Teo	26
42031503	plus	ppl2	Teo	5
42031633	minus	unassigned	B73	2
42032571	minus	unassigned	Teo	29
42033190	minus	nbr	B73	21
42031680	plus	unassigned	B73	1
42032538	minus	unassigned	B73	11
42031990	plus	unassigned	Teo	1
42033222	minus	nbr	Teo	2
42033001	minus	nbr	Teo	4
42032759	plus	unassigned	B73	1074
42032322	plus	unassigned	B73	2
42031841	minus	unassigned	Teo	3
42032113	plus	unassigned	Teo	4
42033188	minus	nbr	Teo	3
42032642	plus	ppl2	Teo	612
42032569	minus	unassigned	Teo	29
42033095	plus	unassigned	Teo	2
42032841	plus	unassigned	B73	3260
42033134	plus	unassigned	B73	6
42032632	plus	unassigned	Teo	30
42032166	plus	ppl2	Teo	151
42032387	plus	ppl2	Teo	343
42033226	minus	nbr	B73	13
42033005	minus	nbr	B73	66
42032715	minus	unassigned	B73	77
42032646	plus	ppl2	B73	23
42032873	minus	nbr	Teo	6
42032746	minus	unassigned	Teo	3
42031851	plus	ppl2	Teo	18
42032363	minus	unassigned	B73	11
42031630	plus	ppl2	Teo	5
42031839	minus	unassigned	Teo	3
42032394	minus	unassigned	Teo	17
42032132	plus	unassigned	B73	3
42031630	plus	unassigned	Teo	1
42031822	minus	unassigned	Teo	3
42032911	minus	nbr	B73	44
42031903	plus	unassigned	B73	1
42032885	plus	unassigned	B73	831
42032877	minus	nbr	B73	31
42032819	minus	nbr	B73	124
42032715	plus	unassigned	B73	276
42033008	plus	unassigned	B73	9
42031634	plus	ppl2	B73	2
42031855	plus	ppl2	B73	2
42033260	plus	unassigned	B73	1
42032909	minus	nbr	Teo	5
42033094	minus	nbr	Teo	8
42032727	minus	unassigned	Teo	3
42032344	minus	unassigned	B73	11
42032710	minus	unassigned	Teo	3
42032375	minus	unassigned	Teo	11
42031803	minus	unassigned	Teo	3
42032176	plus	unassigned	B73	2
42032006	plus	unassigned	B73	1
42033353	minus	nbr	B73	3
42033132	minus	nbr	B73	53
42032695	plus	unassigned	B73	2
42032525	plus	unassigned	B73	2
42033098	minus	nbr	B73	54
42032552	plus	ppl2	B73	30
42032331	plus	ppl2	B73	12
42032316	plus	unassigned	Teo	27
42032110	plus	ppl2	B73	7
42033070	plus	unassigned	B73	13
42032835	plus	unassigned	Teo	1515
42033128	plus	unassigned	Teo	2
42032521	minus	unassigned	B73	12
42033210	plus	unassigned	Teo	3
42032552	minus	unassigned	Teo	33
42032108	plus	ppl2	Teo	58
42032329	plus	ppl2	Teo	206
42032783	minus	nbr	B73	390
42032946	minus	nbr	B73	55
42031693	plus	unassigned	B73	1
42032815	minus	nbr	Teo	21
42032126	plus	unassigned	Teo	5
42032519	minus	unassigned	B73	12
42032569	plus	unassigned	B73	2
42033190	plus	unassigned	Teo	3
42032651	plus	unassigned	B73	2
42032879	plus	unassigned	Teo	471
42032167	minus	unassigned	B73	6
42032918	plus	unassigned	B73	61
42032533	minus	unassigned	Teo	29
42032709	plus	unassigned	Teo	202
42032150	minus	unassigned	B73	6
42032961	plus	unassigned	Teo	1
42033254	plus	unassigned	Teo	1
42033201	minus	nbr	B73	16
42032400	plus	ppl2	B73	16
42032621	plus	ppl2	B73	24
42032587	plus	ppl2	B73	26
42032366	plus	ppl2	B73	17
42033036	minus	nbr	Teo	4
42032677	plus	ppl2	Teo	5
42031877	plus	unassigned	Teo	2
42032619	plus	ppl2	Teo	653
42032898	plus	unassigned	B73	313
42032148	minus	unassigned	B73	6
42032514	minus	unassigned	Teo	27
42032728	plus	unassigned	B73	406
42032519	plus	unassigned	Teo	51
42032131	minus	unassigned	B73	5
42032980	plus	unassigned	B73	16
42032852	minus	nbr	B73	86
42033273	plus	unassigned	B73	1
42032771	plus	unassigned	Teo	940
42032810	plus	unassigned	B73	2804
42033103	plus	unassigned	B73	5
42032601	plus	unassigned	Teo	32
42032162	minus	unassigned	Teo	9
42031830	plus	ppl2	B73	2
42032942	minus	nbr	Teo	8
42032721	minus	nbr	Teo	33
42031665	plus	ppl2	Teo	4
42031886	plus	ppl2	Teo	27
42031828	plus	ppl2	Teo	15
42032708	minus	unassigned	Teo	3
42032325	minus	unassigned	B73	8
42032356	minus	unassigned	Teo	15
42032725	minus	nbr	B73	363
42032581	plus	unassigned	Teo	35
42032335	plus	unassigned	B73	2
42032854	plus	unassigned	B73	3291
42033147	plus	unassigned	B73	7
42032645	plus	unassigned	Teo	30
42033163	minus	nbr	Teo	6
42033105	minus	nbr	Teo	10
42032583	plus	ppl2	Teo	798
42032362	plus	ppl2	Teo	321
42032141	plus	ppl2	Teo	104
42032525	plus	ppl2	Teo	818
42032337	minus	unassigned	Teo	15
42032320	minus	unassigned	Teo	11
42033167	minus	nbr	B73	32
42033109	minus	nbr	B73	54
42032145	plus	ppl2	B73	10
42031794	minus	unassigned	Teo	3
42032529	plus	ppl2	B73	33
42032977	minus	nbr	Teo	4
42032756	minus	nbr	Teo	33
42031643	plus	unassigned	Teo	1
42032145	plus	unassigned	B73	3
42031792	plus	ppl2	Teo	9
42032664	plus	unassigned	B73	1
42032974	plus	unassigned	Teo	1
42033267	plus	unassigned	Teo	1
42032804	plus	unassigned	Teo	1378
42032668	minus	unassigned	B73	1
42032318	minus	unassigned	Teo	11
42031796	plus	ppl2	B73	1
42032651	minus	unassigned	B73	3
42032699	minus	unassigned	Teo	2
42033232	minus	nbr	Teo	1
42033011	minus	nbr	Teo	4
42032652	plus	ppl2	Teo	96
42031896	plus	unassigned	B73	1
42032397	plus	ppl2	Teo	343
42032019	plus	unassigned	B73	1
42032845	minus	unassigned	B73	2
42032129	minus	unassigned	B73	5
42032538	plus	unassigned	B73	2
42032112	minus	unassigned	B73	3
42032329	plus	unassigned	Teo	27
42032790	plus	unassigned	B73	2362
42033083	plus	unassigned	B73	12
42033294	minus	nbr	B73	4
42033073	minus	nbr	B73	54
42032620	plus	unassigned	B73	2
42032848	plus	unassigned	Teo	1461
42033236	minus	nbr	B73	11
42033015	minus	nbr	B73	61
42032411	plus	unassigned	Teo	9
42032143	minus	unassigned	Teo	7
42032930	plus	unassigned	Teo	10
42032656	plus	ppl2	B73	14
42033223	plus	unassigned	Teo	1
42032883	minus	nbr	Teo	5
42031640	plus	ppl2	Teo	4
42031861	plus	ppl2	Teo	23
42032921	minus	nbr	B73	46
42032887	minus	nbr	B73	26
42032826	minus	unassigned	B73	9
42032348	plus	unassigned	B73	2
42032139	plus	unassigned	Teo	12
42031865	plus	ppl2	B73	2
42032867	plus	unassigned	B73	2481
42032391	plus	unassigned	Teo	27
42031902	minus	unassigned	B73	3
42032658	plus	unassigned	Teo	2
42032124	minus	unassigned	Teo	7
42032919	minus	nbr	Teo	7
42033242	plus	unassigned	B73	2
42032740	plus	unassigned	Teo	408
42033142	minus	nbr	B73	49
42032807	minus	unassigned	B73	24
42032120	plus	ppl2	B73	8
42032562	plus	ppl2	B73	29
42032341	plus	ppl2	B73	15
42033198	minus	nbr	Teo	3
42031972	plus	unassigned	Teo	1
42032176	plus	ppl2	Teo	176
42032993	plus	unassigned	B73	10
42032339	plus	ppl2	Teo	239
42032118	plus	ppl2	Teo	66
42032784	plus	unassigned	Teo	1331
42032823	plus	unassigned	B73	2945
42033116	plus	unassigned	B73	4
42032614	plus	unassigned	Teo	32
42032793	minus	nbr	B73	244
42032649	minus	unassigned	B73	7
42032632	minus	unassigned	B73	9
42032825	minus	nbr	Teo	18
42031803	plus	ppl2	Teo	10
42031991	plus	unassigned	B73	1
42031821	plus	unassigned	B73	1
42032114	plus	unassigned	B73	1
42033096	plus	unassigned	B73	7
42031893	minus	unassigned	B73	2
42032594	plus	unassigned	Teo	34
42032633	plus	unassigned	B73	3
42032829	minus	nbr	B73	126
42032943	plus	unassigned	Teo	10
42031807	plus	ppl2	B73	1
42033236	plus	unassigned	Teo	1
42032613	minus	unassigned	B73	9
42033046	minus	nbr	Teo	5
42032644	minus	unassigned	Teo	17
42033305	minus	nbr	B73	3
42032158	plus	unassigned	B73	2
42032952	minus	nbr	Teo	9
42032731	minus	nbr	Teo	34
42032677	plus	unassigned	B73	2
42032105	minus	unassigned	Teo	7
42033052	plus	unassigned	B73	12
42032550	plus	unassigned	Teo	48
42031896	plus	ppl2	Teo	48
42031675	plus	ppl2	Teo	4
42032817	plus	unassigned	Teo	1455
42032956	minus	nbr	B73	55
42032735	minus	nbr	B73	371
42031675	plus	unassigned	B73	1
42031679	plus	ppl2	B73	1
42031985	plus	unassigned	Teo	1
42033173	minus	nbr	Teo	5
42032802	minus	unassigned	Teo	1
42032317	plus	unassigned	B73	2
42032108	plus	unassigned	Teo	4
42032797	plus	unassigned	Teo	1377
42032151	plus	ppl2	Teo	126
42032593	plus	ppl2	Teo	772
42032360	plus	unassigned	Teo	27
42032372	plus	ppl2	Teo	344
42032627	plus	unassigned	Teo	31
42033172	plus	unassigned	Teo	3
42033211	minus	nbr	B73	16
42031697	minus	unassigned	B73	1
42033177	minus	nbr	B73	27
42032410	plus	ppl2	B73	16
42032631	plus	ppl2	B73	23
42032376	plus	ppl2	B73	16
42032155	plus	ppl2	B73	8
42032597	plus	ppl2	B73	27
42033209	minus	nbr	Teo	3
42032629	plus	ppl2	Teo	632
42032408	plus	ppl2	Teo	373
42032400	minus	unassigned	B73	12
42032798	minus	unassigned	B73	33
42032781	minus	unassigned	B73	59
42031859	plus	unassigned	Teo	2
42032862	minus	nbr	B73	49
42031874	minus	unassigned	B73	1
42032096	minus	unassigned	Teo	1
42031941	plus	unassigned	Teo	1
42031840	plus	ppl2	B73	2
42032962	plus	unassigned	B73	22
42033255	plus	unassigned	B73	1
42032753	plus	unassigned	Teo	508
42031838	plus	ppl2	Teo	15
42032625	minus	unassigned	Teo	21
42032779	minus	unassigned	B73	59
42032762	minus	unassigned	B73	61
42031855	minus	unassigned	B73	1
42033083	minus	nbr	B73	49
42032793	minus	unassigned	Teo	1
42031886	minus	unassigned	Teo	4
42032563	plus	unassigned	Teo	36
42033115	minus	nbr	Teo	10
42032836	plus	unassigned	B73	3114
42033129	plus	unassigned	B73	4
42032314	plus	ppl2	Teo	176
42032535	plus	ppl2	Teo	842
42032606	minus	unassigned	Teo	24
42033211	plus	unassigned	B73	3
42033119	minus	nbr	B73	55
42032800	minus	nbr	Teo	21
42032539	plus	ppl2	B73	32
42032318	plus	ppl2	B73	11
42032987	minus	nbr	Teo	3
42032766	minus	nbr	Teo	34
42032391	minus	unassigned	B73	10
42031834	plus	unassigned	B73	1
42032127	plus	unassigned	B73	1
42032646	plus	unassigned	B73	3
42032170	plus	unassigned	Teo	12
42032000	plus	unassigned	Teo	1
42033191	plus	unassigned	B73	4
42032956	plus	unassigned	Teo	2
42032804	minus	nbr	B73	220
42033249	plus	unassigned	Teo	1
42033021	plus	unassigned	B73	8
42032585	minus	unassigned	B73	8
42033242	minus	nbr	Teo	1
42033021	minus	nbr	Teo	3
42032662	plus	ppl2	Teo	98
42032604	plus	ppl2	Teo	722
42031954	plus	unassigned	Teo	1
42033246	minus	nbr	B73	8
42033025	minus	nbr	B73	64
42032566	minus	unassigned	B73	10
42032772	plus	unassigned	B73	1377
42033065	plus	unassigned	B73	13
42032666	plus	ppl2	B73	9
42032893	minus	nbr	Teo	5
42032602	plus	unassigned	B73	2
42032608	plus	ppl2	B73	27
42032597	minus	unassigned	Teo	25
42031871	plus	ppl2	Teo	24
42031650	plus	ppl2	Teo	5
42031642	minus	unassigned	B73	2
42032912	plus	unassigned	Teo	66
42032580	minus	unassigned	Teo	26
42033205	plus	unassigned	Teo	3
42032931	minus	nbr	B73	52
42032710	minus	nbr	B73	90
42032897	minus	nbr	B73	27
42031688	plus	unassigned	B73	1
42032839	minus	nbr	B73	114
42032743	minus	unassigned	B73	68
42031875	plus	ppl2	B73	2
42031998	plus	unassigned	Teo	1
42031817	plus	ppl2	B73	1
42031836	minus	unassigned	B73	1
42032774	minus	unassigned	Teo	3
42032929	minus	nbr	Teo	8
42031867	minus	unassigned	Teo	4
42032582	plus	unassigned	B73	2
42032849	plus	unassigned	B73	3326
42032373	plus	unassigned	Teo	27
42031910	plus	unassigned	Teo	2
42031850	minus	unassigned	Teo	3
42031907	plus	ppl2	Teo	50
42032892	plus	unassigned	Teo	204
42033185	plus	unassigned	Teo	3
42032931	plus	unassigned	B73	36
42033224	plus	unassigned	B73	2
42032722	plus	unassigned	Teo	306
42033152	minus	nbr	B73	38
42033315	minus	nbr	B73	3
42032724	minus	unassigned	B73	75
42032351	plus	ppl2	B73	15
42032130	plus	ppl2	B73	9
42032572	plus	ppl2	B73	30
42032514	plus	ppl2	B73	16
42032389	minus	unassigned	B73	10
42032755	minus	unassigned	Teo	3
42032372	minus	unassigned	B73	10
42031638	plus	unassigned	Teo	1
42031890	plus	unassigned	Teo	2
42031848	minus	unassigned	Teo	3
42031831	minus	unassigned	Teo	3
42032349	plus	ppl2	Teo	267
42032128	plus	ppl2	Teo	93
42032975	plus	unassigned	B73	20
42033268	plus	unassigned	B73	1
42032766	plus	unassigned	Teo	847
42032966	minus	nbr	B73	55
42032745	minus	nbr	B73	389
42032805	plus	unassigned	B73	2731
42031502	plus	ppl2	B73	2
42033141	plus	unassigned	Teo	3
42032835	minus	nbr	Teo	16
42031689	plus	ppl2	B73	1
42031813	plus	ppl2	Teo	14
42032353	minus	unassigned	B73	11
42032384	minus	unassigned	Teo	14
42031973	plus	unassigned	B73	1
42031803	plus	unassigned	B73	1
42032785	plus	unassigned	B73	2336
42033221	minus	nbr	B73	15
42033078	plus	unassigned	B73	13
42033000	minus	nbr	B73	61
42032576	plus	unassigned	Teo	34
42032615	plus	unassigned	B73	2
42032406	plus	unassigned	Teo	24
42033187	minus	nbr	B73	24
42032641	plus	ppl2	B73	23
42033160	plus	unassigned	B73	3
42032547	minus	unassigned	B73	11
42032925	plus	unassigned	Teo	14
42033218	plus	unassigned	Teo	3
42032386	plus	ppl2	B73	17
42032530	minus	unassigned	B73	11
42032165	plus	ppl2	B73	10
42032578	minus	unassigned	Teo	26
42033056	minus	nbr	Teo	6
42033219	minus	nbr	Teo	2
42032561	minus	unassigned	Teo	30
42032639	plus	ppl2	Teo	617
42032872	minus	nbr	B73	32
42031850	plus	ppl2	B73	2
42032962	minus	nbr	Teo	6
42032741	minus	nbr	Teo	34
42032386	plus	unassigned	Teo	27
42032904	minus	nbr	Teo	5
42031847	plus	unassigned	B73	1
42032528	minus	unassigned	B73	11
42032659	plus	unassigned	B73	2
42031685	plus	ppl2	Teo	4
42032511	minus	unassigned	B73	12
42031627	plus	ppl2	Teo	5
42031848	plus	ppl2	Teo	17
42032559	minus	unassigned	Teo	30
42032969	plus	unassigned	Teo	1
42032741	plus	unassigned	B73	486
42032176	minus	unassigned	B73	5
42033034	plus	unassigned	B73	9
42032542	minus	unassigned	Teo	33
42032532	plus	unassigned	Teo	51
42032908	minus	nbr	B73	41
42033093	minus	nbr	B73	53
42032705	minus	unassigned	B73	65
42032736	minus	unassigned	Teo	3
42033183	minus	nbr	Teo	4
42033125	minus	nbr	Teo	10
42031829	minus	unassigned	Teo	3
42032382	plus	ppl2	Teo	348
42032161	plus	ppl2	Teo	143
42031967	plus	unassigned	Teo	1
42032545	plus	ppl2	Teo	839
42031812	minus	unassigned	Teo	3
42032324	plus	ppl2	Teo	190
42032988	plus	unassigned	B73	11
42032779	plus	unassigned	Teo	1133
42032551	plus	unassigned	B73	2
42032157	minus	unassigned	B73	6
42032342	plus	unassigned	Teo	26
42032140	minus	unassigned	B73	6
42032609	plus	unassigned	Teo	32
42032861	plus	unassigned	Teo	1339
42033154	plus	unassigned	Teo	3
42032171	minus	unassigned	Teo	9
42033129	minus	nbr	B73	52
42032810	minus	nbr	Teo	19
42032107	plus	ppl2	B73	5
42032549	plus	ppl2	B73	29
42032328	plus	ppl2	B73	12
42032997	minus	nbr	Teo	5
42032776	minus	nbr	Teo	34
42032717	minus	unassigned	Teo	3
42032334	minus	unassigned	B73	9
42032700	minus	unassigned	Teo	3
42032365	minus	unassigned	Teo	10
42032814	minus	nbr	B73	207
42031791	minus	unassigned	B73	1
42032152	plus	unassigned	Teo	12
42032595	plus	unassigned	B73	2
42031923	plus	unassigned	Teo	1
42033198	plus	unassigned	Teo	3
42032944	plus	unassigned	B73	35
42033237	plus	unassigned	B73	2
42032735	plus	unassigned	Teo	382
42033252	minus	nbr	Teo	1
42033031	minus	nbr	Teo	4
42033110	plus	unassigned	Teo	2
42032672	plus	ppl2	Teo	5
42032315	minus	unassigned	B73	5
42032696	minus	unassigned	B73	12
42032346	minus	unassigned	Teo	13
42031789	minus	unassigned	B73	1
42033256	minus	nbr	B73	7
42033035	minus	nbr	B73	68
42032676	plus	ppl2	B73	1
42031881	plus	ppl2	Teo	26
42032754	plus	unassigned	B73	919
42031660	plus	ppl2	Teo	5
42033047	plus	unassigned	B73	9
42032545	plus	unassigned	Teo	49
42033090	plus	unassigned	Teo	2
42032523	minus	unassigned	Teo	28
42032818	plus	unassigned	B73	2916
42032941	minus	nbr	B73	54
42032720	minus	nbr	B73	352
42032900	plus	unassigned	B73	293
42032660	minus	unassigned	B73	1
42031885	plus	ppl2	B73	2
42032939	minus	nbr	Teo	8
42032718	minus	nbr	Teo	33
42031986	plus	unassigned	B73	1
42031816	plus	unassigned	B73	1
42032109	plus	unassigned	B73	1
42032798	plus	unassigned	B73	2498
42032854	minus	unassigned	B73	1
42032138	minus	unassigned	B73	6
42032589	plus	unassigned	Teo	35
42032628	plus	unassigned	B73	3
42032121	minus	unassigned	B73	3
42032880	plus	unassigned	B73	1306
42033173	plus	unassigned	B73	4
42032169	minus	unassigned	Teo	9
42032938	plus	unassigned	Teo	10
42032710	plus	unassigned	B73	193
42033162	minus	nbr	B73	33
42033003	plus	unassigned	B73	9
42032152	minus	unassigned	Teo	9
42032582	plus	ppl2	B73	28
42032361	plus	ppl2	B73	17
42032140	plus	ppl2	B73	9
42032614	plus	ppl2	Teo	678
42032138	plus	ppl2	Teo	104
42032359	plus	ppl2	Teo	302
42031796	plus	unassigned	B73	1
42032835	minus	unassigned	B73	4
42032399	plus	unassigned	Teo	25
42032171	plus	unassigned	B73	2
42032119	minus	unassigned	B73	3
42031936	plus	unassigned	Teo	1
42032001	plus	unassigned	B73	1
42032690	plus	unassigned	B73	1
42031791	plus	ppl2	B73	1
42032748	plus	unassigned	Teo	505
42031911	minus	unassigned	B73	3
42032133	minus	unassigned	Teo	7
42032618	plus	ppl2	B73	25
42032845	minus	nbr	Teo	15
42033123	plus	unassigned	Teo	2
42031823	plus	ppl2	Teo	15
42031789	plus	ppl2	Teo	7
42032849	minus	nbr	B73	92
42032327	minus	unassigned	Teo	14
42031827	plus	ppl2	B73	2
42033100	minus	nbr	Teo	9
42033066	minus	nbr	Teo	7
42032520	plus	ppl2	Teo	768
42032564	plus	unassigned	B73	2
42032355	plus	unassigned	Teo	27
42032874	plus	unassigned	Teo	799
42033167	plus	unassigned	Teo	3
42032913	plus	unassigned	B73	156
42033206	plus	unassigned	B73	3
42032704	plus	unassigned	Teo	22
42033325	minus	nbr	B73	3
42033104	minus	nbr	B73	55
42032658	minus	unassigned	B73	1
42032641	minus	unassigned	B73	9
42032524	plus	ppl2	B73	29
42032972	minus	nbr	Teo	4
42032751	minus	nbr	Teo	36
42031999	plus	unassigned	B73	1
42031695	plus	ppl2	Teo	4
42031872	plus	unassigned	Teo	2
42032165	plus	unassigned	Teo	12
42032976	minus	nbr	B73	56
42032755	minus	nbr	B73	392
42032514	plus	unassigned	Teo	51
42032918	minus	nbr	B73	46
42032957	plus	unassigned	B73	22
42032520	plus	unassigned	B73	2
42031699	plus	ppl2	B73	1
42032639	minus	unassigned	B73	9
42032622	minus	unassigned	B73	9
42032830	plus	unassigned	Teo	1506
42033193	minus	nbr	Teo	3
42032392	plus	ppl2	Teo	342
42032171	plus	ppl2	Teo	172
42033231	minus	nbr	B73	12
42033010	minus	nbr	B73	63
42032816	minus	unassigned	B73	17
42033197	minus	nbr	B73	17
42032651	plus	ppl2	B73	14
42031909	minus	unassigned	B73	3
42032767	plus	unassigned	B73	1232
42032558	plus	unassigned	Teo	44
42032330	plus	unassigned	B73	2
42032121	plus	unassigned	Teo	4
42032175	plus	ppl2	B73	11
42032114	minus	unassigned	Teo	7
42032396	plus	ppl2	B73	16
42032559	plus	ppl2	B73	29
42033142	plus	unassigned	B73	7
42032640	plus	unassigned	Teo	30
42033229	minus	nbr	Teo	1
42033008	minus	nbr	Teo	4
42032907	plus	unassigned	Teo	77
42032649	plus	ppl2	Teo	572
42032882	minus	nbr	B73	27
42031860	plus	ppl2	B73	2
42031802	plus	ppl2	B73	1
42032914	minus	nbr	Teo	7
42032368	plus	unassigned	Teo	27
42032140	plus	unassigned	B73	3
42031829	plus	unassigned	B73	1
42031637	plus	ppl2	Teo	4
42031858	plus	ppl2	Teo	22
42031904	minus	unassigned	Teo	4
42031911	plus	unassigned	B73	1
42032893	plus	unassigned	B73	555
42033186	plus	unassigned	B73	4
42032723	plus	unassigned	B73	377
42033016	plus	unassigned	B73	8
42033300	minus	nbr	B73	4
42033135	minus	nbr	Teo	10
42032113	plus	ppl2	Teo	68
42032555	plus	ppl2	Teo	842
42032334	plus	ppl2	Teo	237
42032790	minus	unassigned	B73	34
42031949	plus	unassigned	Teo	1
42031502	minus	unassigned	B73	3
42032014	plus	unassigned	B73	1
42032951	minus	nbr	B73	55
42031883	minus	unassigned	B73	2
42032533	plus	unassigned	B73	2
42032324	plus	unassigned	Teo	27
42033139	minus	nbr	B73	47
42032843	plus	unassigned	Teo	1536
42033136	plus	unassigned	Teo	3
42032820	minus	nbr	Teo	17
42032338	plus	ppl2	B73	15
42032117	plus	ppl2	B73	7
42032786	minus	nbr	Teo	33
42032949	minus	nbr	Teo	9
42032603	minus	unassigned	B73	8
42032634	minus	unassigned	Teo	19
42032788	minus	unassigned	B73	36
42032824	minus	nbr	B73	137
42032134	plus	unassigned	Teo	12
42032577	plus	unassigned	B73	2
42032592	plus	ppl2	B73	27
42031905	plus	unassigned	Teo	2
42033041	minus	nbr	Teo	4
42033204	minus	nbr	Teo	3
42032887	plus	unassigned	Teo	298
42032926	plus	unassigned	B73	47
42033219	plus	unassigned	B73	3
42032717	plus	unassigned	Teo	262
42032682	plus	ppl2	Teo	5
42032403	plus	ppl2	Teo	376
42032624	plus	ppl2	Teo	645
42033262	plus	unassigned	Teo	1
42032615	minus	unassigned	Teo	22
42033266	minus	nbr	B73	7
42033045	minus	nbr	B73	68
42033208	minus	nbr	B73	15
42032628	plus	ppl2	B73	23
42032407	plus	ppl2	B73	16
42031670	plus	ppl2	Teo	4
42031885	plus	unassigned	Teo	2
42031891	plus	ppl2	Teo	26
42032178	plus	unassigned	Teo	1
42031833	plus	ppl2	Teo	15
42033199	plus	unassigned	B73	4
42032736	plus	unassigned	B73	438
42033029	plus	unassigned	B73	9
42032527	plus	unassigned	Teo	51
42032730	minus	nbr	B73	372
42033111	plus	unassigned	B73	4
42032859	minus	nbr	B73	77
42032594	minus	unassigned	B73	8
42031674	plus	ppl2	B73	1
42031895	plus	ppl2	B73	5
42031687	minus	unassigned	B73	1
42031837	plus	ppl2	B73	2
42032728	minus	nbr	Teo	34
42033110	minus	nbr	Teo	10
42032530	plus	ppl2	Teo	854
42032407	minus	unassigned	B73	14
42031968	plus	unassigned	B73	1
42032771	minus	unassigned	B73	59
42031864	minus	unassigned	B73	1
42032343	plus	unassigned	B73	2
42032086	minus	unassigned	Teo	1
42033172	minus	nbr	B73	30
42033335	minus	nbr	B73	3
42033114	minus	nbr	B73	54
42032862	plus	unassigned	B73	3051
42031895	minus	unassigned	Teo	4
42033155	plus	unassigned	B73	7
42032150	plus	ppl2	B73	10
42032653	plus	unassigned	Teo	2
42032371	plus	ppl2	B73	18
42032534	plus	ppl2	B73	32
42032982	minus	nbr	Teo	3
42032369	plus	ppl2	Teo	348
42032148	plus	ppl2	Teo	128
42032769	minus	unassigned	B73	59
42032986	minus	nbr	B73	57
42032765	minus	nbr	B73	391
42032752	minus	unassigned	B73	68
42032402	minus	unassigned	Teo	21
42031845	minus	unassigned	B73	1
42032783	minus	unassigned	Teo	3
42032153	plus	unassigned	B73	3
42031918	plus	unassigned	Teo	1
42032855	minus	nbr	Teo	13
42032672	plus	unassigned	B73	2
42031876	minus	unassigned	Teo	3
42031799	plus	ppl2	Teo	10
42032812	plus	unassigned	Teo	1373
42033105	plus	unassigned	Teo	2
42033241	minus	nbr	B73	8
42033020	minus	nbr	B73	63
42032733	minus	unassigned	B73	70
42032661	plus	ppl2	B73	14
42032398	minus	unassigned	B73	12
42031826	minus	unassigned	B73	1
42032764	minus	unassigned	Teo	3
42032381	minus	unassigned	B73	9
42031857	minus	unassigned	Teo	3
42033076	minus	nbr	Teo	7
42033239	minus	nbr	Teo	1
42033018	minus	nbr	Teo	3
42032659	plus	ppl2	Teo	99
42032546	plus	unassigned	B73	2
42032337	plus	unassigned	Teo	26
42033091	plus	unassigned	B73	9
42032856	plus	unassigned	Teo	1414
42033149	plus	unassigned	Teo	3
42032892	minus	nbr	B73	23
42032575	minus	unassigned	B73	6
42031870	plus	ppl2	B73	2
42033231	plus	unassigned	Teo	1
42032761	minus	nbr	Teo	34
42032924	minus	nbr	Teo	7
42031902	plus	ppl2	Teo	48
42031699	minus	unassigned	Teo	3
42031868	plus	ppl2	Teo	24
42031647	plus	ppl2	Teo	4
42031854	plus	unassigned	Teo	1
42032147	plus	unassigned	Teo	12
42032928	minus	nbr	B73	52
42032875	plus	unassigned	B73	1665
42033168	plus	unassigned	B73	4
42031906	plus	ppl2	B73	5
42033250	plus	unassigned	B73	2
42032556	minus	unassigned	B73	11
42032939	plus	unassigned	B73	32
42032587	minus	unassigned	Teo	26
42031632	minus	unassigned	B73	2
42033145	minus	nbr	Teo	7
42032570	minus	unassigned	Teo	29
42032344	plus	ppl2	Teo	259
42032123	plus	ppl2	Teo	76
42032565	plus	ppl2	Teo	833
42033149	minus	nbr	B73	41
42031898	plus	unassigned	Teo	2
42032603	plus	ppl2	B73	27
42032830	minus	nbr	Teo	16
42032569	plus	ppl2	B73	29
42032348	plus	ppl2	B73	15
42032127	plus	ppl2	B73	8
42032796	minus	nbr	Teo	23
42032537	minus	unassigned	B73	11
42031980	plus	unassigned	Teo	1
42032749	plus	unassigned	B73	700
42032520	minus	unassigned	B73	12
42031840	minus	unassigned	Teo	3
42032792	plus	unassigned	Teo	1377
42032568	minus	unassigned	Teo	29
42032831	plus	unassigned	B73	3049
42033124	plus	unassigned	B73	4
42032622	plus	unassigned	Teo	31
42032834	minus	nbr	B73	118
42031812	plus	ppl2	B73	1
42032714	minus	unassigned	B73	77
42032379	minus	unassigned	B73	9
42032745	minus	unassigned	Teo	3
42032362	minus	unassigned	B73	11
42033051	minus	nbr	Teo	6
42031838	minus	unassigned	Teo	3
42032559	plus	unassigned	B73	2
42032393	minus	unassigned	Teo	17
42032122	plus	unassigned	B73	1
42031821	minus	unassigned	Teo	3
42032869	plus	unassigned	Teo	953
42033244	plus	unassigned	Teo	1
42033310	minus	nbr	B73	3
42032705	plus	unassigned	B73	119
42033276	minus	nbr	B73	6
42033055	minus	nbr	B73	56
42031680	plus	ppl2	Teo	4
42032726	minus	unassigned	Teo	3
42032343	minus	unassigned	B73	11
42031819	minus	unassigned	Teo	3
42031802	minus	unassigned	Teo	3
42032374	minus	unassigned	Teo	11
42032961	minus	nbr	B73	56
42032740	minus	nbr	B73	380
42032166	plus	unassigned	B73	2
42032685	plus	unassigned	B73	2
42031684	plus	ppl2	B73	1
42032515	plus	unassigned	B73	2
42033060	plus	unassigned	B73	13
42032959	minus	nbr	Teo	9
42032738	minus	nbr	Teo	34
42032825	plus	unassigned	Teo	1486
42033118	plus	unassigned	Teo	2
42033200	plus	unassigned	Teo	3
42032551	minus	unassigned	Teo	33
42031798	minus	unassigned	B73	1
42031683	plus	unassigned	B73	1
42033182	minus	nbr	B73	26
42031993	plus	unassigned	Teo	1
42032381	plus	ppl2	B73	17
42032160	plus	ppl2	B73	10
42032325	plus	unassigned	B73	2
42032116	plus	unassigned	Teo	4
42033098	plus	unassigned	Teo	2
42033214	minus	nbr	Teo	3
42032518	minus	unassigned	B73	12
42032635	plus	unassigned	Teo	30
42032634	plus	ppl2	Teo	626
42033180	plus	unassigned	Teo	3
42032549	minus	unassigned	Teo	33
42032641	plus	unassigned	B73	3
42032166	minus	unassigned	B73	6
42032908	plus	unassigned	B73	166
42032379	plus	ppl2	Teo	349
42032158	plus	ppl2	Teo	133
42032532	minus	unassigned	Teo	29
42032951	plus	unassigned	Teo	7
42033218	minus	nbr	B73	16
42032638	plus	ppl2	B73	23
42032865	minus	nbr	Teo	6
42031843	plus	ppl2	Teo	17
42031867	plus	unassigned	Teo	2
42031906	plus	unassigned	B73	1
42032888	plus	unassigned	B73	768
42032147	minus	unassigned	B73	6
42032903	minus	nbr	B73	35
42032718	plus	unassigned	B73	317
42032513	minus	unassigned	Teo	26
42032130	minus	unassigned	B73	5
42032509	plus	unassigned	Teo	1
42032970	plus	unassigned	B73	21
42033263	plus	unassigned	B73	1
42032869	minus	nbr	B73	45
42032761	plus	unassigned	Teo	784
42032800	plus	unassigned	B73	2549
42032161	minus	unassigned	Teo	9
42031847	plus	ppl2	B73	2
42033120	minus	nbr	Teo	10
42033086	minus	nbr	Teo	7
42032540	plus	ppl2	Teo	841
42032707	minus	unassigned	Teo	3
42032324	minus	unassigned	B73	8
42032355	minus	unassigned	Teo	15
42032009	plus	unassigned	B73	1
42032844	minus	unassigned	B73	2
42032319	plus	unassigned	Teo	27
42033345	minus	nbr	B73	3
42033124	minus	nbr	B73	54
42032571	plus	unassigned	Teo	34
42032544	plus	ppl2	B73	32
42032323	plus	ppl2	B73	11
42032992	minus	nbr	Teo	3
42032771	minus	nbr	Teo	34
42032844	plus	unassigned	B73	3266
42033137	plus	unassigned	B73	7
42032996	minus	nbr	B73	63
42032775	minus	nbr	B73	393
42032336	minus	unassigned	Teo	15
42032938	minus	nbr	B73	54
42032717	minus	nbr	B73	310
42032807	minus	nbr	Teo	20
42031842	plus	unassigned	B73	1
42031793	minus	unassigned	Teo	3
42032135	plus	unassigned	B73	3
42031633	plus	unassigned	Teo	1
42032654	plus	unassigned	B73	2
42032964	plus	unassigned	Teo	1
42033257	plus	unassigned	Teo	1
42033251	minus	nbr	B73	8
42033030	minus	nbr	B73	65
42032667	minus	unassigned	B73	1
42032317	minus	unassigned	Teo	11
42032650	minus	unassigned	B73	3
42032671	plus	ppl2	B73	4
42033159	minus	nbr	B73	33
42032698	minus	unassigned	Teo	2
42032613	plus	ppl2	B73	25
42032137	plus	ppl2	B73	9
42032579	plus	ppl2	B73	28
42032358	plus	ppl2	B73	15
42033249	minus	nbr	Teo	1
42033028	minus	nbr	Teo	4
42032669	plus	ppl2	Teo	5
42031962	plus	unassigned	Teo	1
42032698	plus	unassigned	B73	5
42032128	minus	unassigned	B73	5
42032528	plus	unassigned	B73	2
42032844	minus	nbr	B73	106
42032111	minus	unassigned	B73	3
42032780	plus	unassigned	B73	1781
42033073	plus	unassigned	B73	13
42031880	plus	ppl2	B73	2
42032159	minus	unassigned	Teo	9
42032610	plus	unassigned	B73	2
42031822	plus	ppl2	B73	1
42032838	plus	unassigned	Teo	1531
42032401	plus	unassigned	Teo	25
42032142	minus	unassigned	Teo	7
42032648	minus	unassigned	B73	7
42032934	minus	nbr	Teo	8
42032713	minus	nbr	Teo	20
42032920	plus	unassigned	Teo	24
42033213	plus	unassigned	Teo	3
42031878	plus	ppl2	Teo	26
42031657	plus	ppl2	Teo	5
42031696	plus	unassigned	B73	1
42032825	minus	unassigned	B73	9
42032109	minus	unassigned	B73	3
42033320	minus	nbr	B73	3
42032338	plus	unassigned	B73	2
42032129	plus	unassigned	Teo	11
42032590	plus	unassigned	B73	2
42033286	minus	nbr	B73	5
42033065	minus	nbr	B73	47
42032857	plus	unassigned	B73	3195
42032381	plus	unassigned	Teo	27
42031901	minus	unassigned	B73	3
42032648	plus	unassigned	Teo	30
42032123	minus	unassigned	Teo	7
42033193	plus	unassigned	Teo	3
42033232	plus	unassigned	B73	2
42032730	plus	unassigned	Teo	381
42033155	minus	nbr	Teo	7
42032575	plus	ppl2	Teo	825
42032354	plus	ppl2	Teo	303
42032133	plus	ppl2	Teo	98
42032517	plus	ppl2	Teo	761
42032971	minus	nbr	B73	55
42032750	minus	nbr	B73	394
42032806	minus	unassigned	B73	24
42032840	minus	nbr	Teo	16
42032969	minus	nbr	Teo	4
42032748	minus	nbr	Teo	36
42032983	plus	unassigned	B73	15
42032774	plus	unassigned	Teo	940
42032813	plus	unassigned	B73	2807
42033106	plus	unassigned	B73	4
42032604	plus	unassigned	Teo	32
42033192	minus	nbr	B73	21
42032631	minus	unassigned	B73	9
42032391	plus	ppl2	B73	17
42032170	plus	ppl2	B73	12
42033061	minus	nbr	Teo	6
42033224	minus	nbr	Teo	2
42033003	minus	nbr	Teo	4
42031899	plus	unassigned	B73	1
42032644	plus	ppl2	Teo	610
42031981	plus	unassigned	B73	1
42032168	plus	ppl2	Teo	172
42031811	plus	unassigned	B73	1
42032389	plus	ppl2	Teo	342
42032793	plus	unassigned	B73	2464
42033086	plus	unassigned	B73	11
42032584	plus	unassigned	Teo	35
42031892	minus	unassigned	B73	2
42032623	plus	unassigned	B73	3
42032933	plus	unassigned	Teo	10
42033226	plus	unassigned	Teo	1
42033228	minus	nbr	B73	13
42033007	minus	nbr	B73	66
42032629	minus	unassigned	B73	9
42032648	plus	ppl2	B73	22
42032875	minus	nbr	Teo	6
42032612	minus	unassigned	B73	9
42031690	plus	ppl2	Teo	4
42031853	plus	ppl2	Teo	18
42031632	plus	ppl2	Teo	5
42032643	minus	unassigned	Teo	17
42032913	minus	nbr	B73	46
42032879	minus	nbr	B73	29
42032148	plus	unassigned	B73	3
42031694	plus	ppl2	B73	1
42031636	plus	ppl2	B73	1
42031857	plus	ppl2	B73	2
42032667	plus	unassigned	B73	2
42032104	minus	unassigned	Teo	3
42033130	minus	nbr	Teo	10
42032977	plus	unassigned	Teo	1
42033042	plus	unassigned	B73	9
42032540	plus	unassigned	Teo	51
42032807	plus	unassigned	Teo	1372
42033096	minus	nbr	Teo	8
42032550	plus	ppl2	Teo	847
42032624	minus	unassigned	Teo	21
42033355	minus	nbr	B73	3
42033134	minus	nbr	B73	53
42032112	plus	ppl2	B73	7
42032554	plus	ppl2	B73	30
42032333	plus	ppl2	B73	12
42032781	minus	nbr	Teo	33
42031975	plus	unassigned	Teo	1
42032801	minus	unassigned	Teo	1
42032996	plus	unassigned	B73	9
42032787	plus	unassigned	Teo	1334
42032350	plus	unassigned	Teo	27
42032617	plus	unassigned	Teo	31
42033162	plus	unassigned	Teo	3
42032785	minus	nbr	B73	382
42031696	minus	unassigned	B73	1
42032817	minus	nbr	Teo	17
42032797	minus	unassigned	B73	33
42031791	plus	unassigned	B73	1
42031849	plus	unassigned	Teo	1
42032780	minus	unassigned	B73	59
42032394	plus	unassigned	Teo	25
42031873	minus	unassigned	B73	1
42031931	plus	unassigned	Teo	1
42032095	minus	unassigned	Teo	1
42033261	minus	nbr	B73	7
42033040	minus	nbr	B73	65
42032952	plus	unassigned	B73	28
42033245	plus	unassigned	B73	2
42032743	plus	unassigned	Teo	409
42032681	plus	ppl2	B73	1
42033038	minus	nbr	Teo	4
42032679	plus	ppl2	Teo	5
42031700	minus	unassigned	Teo	3
42032778	minus	unassigned	B73	59
42032761	minus	unassigned	B73	61
42031854	minus	unassigned	B73	1
42032792	minus	unassigned	Teo	1
42032944	minus	nbr	Teo	9
42032723	minus	nbr	Teo	34
42031885	minus	unassigned	Teo	3
42033055	plus	unassigned	B73	12
42032553	plus	unassigned	Teo	48
42031667	plus	ppl2	Teo	3
42031888	plus	ppl2	Teo	27
42032826	plus	unassigned	B73	2991
42033119	plus	unassigned	B73	4
42032605	minus	unassigned	Teo	24
42033201	plus	unassigned	B73	3
42032948	minus	nbr	B73	54
42032727	minus	nbr	B73	367
42032390	minus	unassigned	B73	10
42031994	plus	unassigned	B73	1
42033165	minus	nbr	Teo	6
42031824	plus	unassigned	B73	1
42032117	plus	unassigned	B73	1
42033099	plus	unassigned	B73	6
42032143	plus	ppl2	Teo	112
42032585	plus	ppl2	Teo	778
42032597	plus	unassigned	Teo	33
42032364	plus	ppl2	Teo	328
42032636	plus	unassigned	B73	3
42032160	plus	unassigned	Teo	12
42033181	plus	unassigned	B73	4
42032946	plus	unassigned	Teo	10
42033239	plus	unassigned	Teo	1
42033011	plus	unassigned	B73	9
42033203	minus	nbr	B73	16
42032584	minus	unassigned	B73	8
42033169	minus	nbr	B73	32
42032402	plus	ppl2	B73	17
42032623	plus	ppl2	B73	24
42032850	minus	nbr	Teo	13
42032368	plus	ppl2	B73	18
42032147	plus	ppl2	B73	10
42032589	plus	ppl2	B73	25
42031794	plus	ppl2	Teo	9
42031944	plus	unassigned	Teo	1
42032854	minus	nbr	B73	86
42032756	plus	unassigned	Teo	725
42031832	plus	ppl2	B73	2
42031798	plus	ppl2	B73	1
42032565	minus	unassigned	B73	10
42032762	plus	unassigned	B73	1127
42033131	plus	unassigned	Teo	2
42032596	minus	unassigned	Teo	25
42031641	minus	unassigned	B73	2
42033071	minus	nbr	Teo	7
42032902	plus	unassigned	Teo	116
42032759	minus	unassigned	B73	61
42032409	minus	unassigned	Teo	21
42031678	plus	unassigned	B73	1
42033330	minus	nbr	B73	3
42032742	minus	unassigned	B73	68
42033296	minus	nbr	B73	4
42033075	minus	nbr	B73	54
42031988	plus	unassigned	Teo	1
42031835	minus	unassigned	B73	1
42032773	minus	unassigned	Teo	3
42032658	plus	ppl2	B73	14
42032572	plus	unassigned	B73	2
42031866	minus	unassigned	Teo	4
42032839	plus	unassigned	B73	3186
42032363	plus	unassigned	Teo	27
42031900	plus	unassigned	Teo	2
42033107	minus	nbr	Teo	10
42032882	plus	unassigned	Teo	456
42033175	plus	unassigned	Teo	3
42032921	plus	unassigned	B73	57
42033214	plus	unassigned	B73	3
42032712	plus	unassigned	Teo	215
42032527	plus	ppl2	Teo	852
42032981	minus	nbr	B73	57
42032760	minus	nbr	B73	393
42032723	minus	unassigned	B73	75
42032388	minus	unassigned	B73	10
42032979	minus	nbr	Teo	4
42032758	minus	nbr	Teo	33
42032754	minus	unassigned	Teo	3
42032371	minus	unassigned	B73	10
42031628	plus	unassigned	Teo	1
42031880	plus	unassigned	Teo	2
42031847	minus	unassigned	Teo	3
42032173	plus	unassigned	Teo	12
42031830	minus	unassigned	Teo	3
42032003	plus	unassigned	Teo	1
42032965	plus	unassigned	B73	22
42033258	plus	unassigned	B73	1
42032564	plus	ppl2	B73	29
42033234	minus	nbr	Teo	1
42033013	minus	nbr	Teo	3
42032369	minus	unassigned	B73	10
42032352	minus	unassigned	B73	11
42032654	plus	ppl2	Teo	97
42032399	plus	ppl2	Teo	369
42032383	minus	unassigned	Teo	14
42031963	plus	unassigned	B73	1
42032775	plus	unassigned	B73	1478
42033068	plus	unassigned	B73	13
42032566	plus	unassigned	Teo	34
42033238	minus	nbr	B73	11
42033017	minus	nbr	B73	62
42032605	plus	unassigned	B73	2
42033150	plus	unassigned	B73	7
42032546	minus	unassigned	B73	11
42032885	minus	nbr	Teo	5
42032915	plus	unassigned	Teo	60
42033208	plus	unassigned	Teo	3
42031639	minus	unassigned	B73	2
42031642	plus	ppl2	Teo	4
42032577	minus	unassigned	Teo	25
42031863	plus	ppl2	Teo	24
42032560	minus	unassigned	Teo	30
42032923	minus	nbr	B73	46
42032889	minus	nbr	B73	26
42031901	plus	ppl2	B73	5
42031790	minus	unassigned	B73	1
42031867	plus	ppl2	B73	2
42031809	plus	ppl2	B73	1
42032376	plus	unassigned	Teo	27
42031837	plus	unassigned	B73	1
42033140	minus	nbr	Teo	10
42032527	minus	unassigned	B73	11
42032649	plus	unassigned	B73	3
42032560	plus	ppl2	Teo	829
42033194	plus	unassigned	B73	4
42032558	minus	unassigned	Teo	30
42032959	plus	unassigned	Teo	1
42032731	plus	unassigned	B73	429
42032175	minus	unassigned	B73	5
42033024	plus	unassigned	B73	9
42032541	minus	unassigned	Teo	33
42032522	plus	unassigned	Teo	51
42033144	minus	nbr	B73	49
42033307	minus	nbr	B73	3
42032704	minus	unassigned	B73	64
42032343	plus	ppl2	B73	15
42032122	plus	ppl2	B73	8
42032791	minus	nbr	Teo	25
42032735	minus	unassigned	Teo	3
42031828	minus	unassigned	Teo	3
42031957	plus	unassigned	Teo	1
42032022	plus	unassigned	B73	1
42031811	minus	unassigned	Teo	3
42032978	plus	unassigned	B73	18
42032769	plus	unassigned	Teo	848
42032541	plus	unassigned	B73	2
42032156	minus	unassigned	B73	6
42032808	plus	unassigned	B73	2793
42032332	plus	unassigned	Teo	26
42032795	minus	nbr	B73	244
42032851	plus	unassigned	Teo	1496
42033144	plus	unassigned	Teo	3
42032958	minus	nbr	B73	56
42032737	minus	nbr	B73	374
42032170	minus	unassigned	Teo	9
42032827	minus	nbr	Teo	18
42031805	plus	ppl2	Teo	11
42032716	minus	unassigned	Teo	3
42032333	minus	unassigned	B73	9
42032595	plus	ppl2	Teo	755
42031809	minus	unassigned	Teo	3
42032364	minus	unassigned	Teo	10
42032142	plus	unassigned	Teo	12
42033271	minus	nbr	B73	7
42033050	minus	nbr	B73	63
42033213	minus	nbr	B73	16
42032585	plus	unassigned	B73	2
42031913	plus	unassigned	Teo	1
42033179	minus	nbr	B73	27
42032633	plus	ppl2	B73	23
42032895	plus	unassigned	Teo	174
42033188	plus	unassigned	Teo	3
42032934	plus	unassigned	B73	32
42033227	plus	unassigned	B73	2
42032725	plus	unassigned	Teo	348
42032599	plus	ppl2	B73	27
42032378	plus	ppl2	B73	17
42032157	plus	ppl2	B73	7
42033270	plus	unassigned	Teo	1
42033048	minus	nbr	Teo	5
42033100	plus	unassigned	Teo	2
42032314	minus	unassigned	B73	5
42032695	minus	unassigned	B73	4
42032345	minus	unassigned	Teo	13
42032864	minus	nbr	B73	46
42031842	plus	ppl2	B73	2
42032954	minus	nbr	Teo	9
42032733	minus	nbr	Teo	35
42031893	plus	unassigned	Teo	2
42032744	plus	unassigned	B73	585
42033037	plus	unassigned	B73	9
42031898	plus	ppl2	Teo	49
42032535	plus	unassigned	Teo	51
42031677	plus	ppl2	Teo	4
42032539	minus	unassigned	Teo	31
42032522	minus	unassigned	Teo	28
42033340	minus	nbr	B73	3
42033085	minus	nbr	B73	50
42033175	minus	nbr	Teo	4
42033117	minus	nbr	Teo	10
42032374	plus	ppl2	Teo	340
42032153	plus	ppl2	Teo	128
42031976	plus	unassigned	B73	1
42032316	plus	ppl2	Teo	179
42032537	plus	ppl2	Teo	838
42031806	plus	unassigned	B73	1
42032788	plus	unassigned	B73	2350
42032853	minus	unassigned	B73	1
42032137	minus	unassigned	B73	5
42032579	plus	unassigned	Teo	35
42032618	plus	unassigned	B73	2
42032991	minus	nbr	B73	61
42032770	minus	nbr	B73	393
42032409	plus	unassigned	Teo	24
42032120	minus	unassigned	B73	3
42032870	plus	unassigned	B73	2363
42033163	plus	unassigned	B73	3
42032168	minus	unassigned	Teo	9
42032928	plus	unassigned	Teo	11
42032700	plus	unassigned	B73	17
42032151	minus	unassigned	Teo	7
42032860	minus	nbr	Teo	11
42032802	minus	nbr	Teo	21
42032989	minus	nbr	Teo	3
42032768	minus	nbr	Teo	35
42032806	minus	nbr	B73	219
42032598	plus	unassigned	B73	2
42032834	minus	unassigned	B73	4
42032118	minus	unassigned	B73	3
42032389	plus	unassigned	Teo	27
42032161	plus	unassigned	B73	2
42031926	plus	unassigned	Teo	1
42032680	plus	unassigned	B73	2
42032149	minus	unassigned	Teo	7
42032738	plus	unassigned	Teo	390
42032510	plus	unassigned	B73	2
42031910	minus	unassigned	B73	3
42032132	minus	unassigned	Teo	7
42032820	plus	unassigned	Teo	1483
42033113	plus	unassigned	Teo	2
42033081	minus	nbr	Teo	8
42033244	minus	nbr	Teo	1
42033023	minus	nbr	Teo	4
42032664	plus	ppl2	Teo	98
42032326	minus	unassigned	Teo	14
42033248	minus	nbr	B73	8
42033027	minus	nbr	B73	65
42032668	plus	ppl2	B73	7
42032895	minus	nbr	Teo	5
42031873	plus	ppl2	Teo	25
42031652	plus	ppl2	Teo	5
42032554	plus	unassigned	B73	2
42032345	plus	unassigned	Teo	27
42032864	plus	unassigned	Teo	1251
42033157	plus	unassigned	Teo	3
42032903	plus	unassigned	B73	230
42032933	minus	nbr	B73	55
42032712	minus	nbr	B73	154
42032899	minus	nbr	B73	30
42031911	plus	ppl2	B73	5
42032657	minus	unassigned	B73	3
42031877	plus	ppl2	B73	2
42032640	minus	unassigned	B73	9
42033150	minus	nbr	Teo	7
42031989	plus	unassigned	B73	1
42031909	plus	ppl2	Teo	50
42031819	plus	unassigned	B73	1
42032570	plus	ppl2	Teo	825
42031862	plus	unassigned	Teo	2
42031901	plus	unassigned	B73	1
42032155	plus	unassigned	Teo	12
42033176	plus	unassigned	B73	4
42032947	plus	unassigned	B73	34
42033154	minus	nbr	B73	39
42032638	minus	unassigned	B73	9
42032353	plus	ppl2	B73	15
42032132	plus	ppl2	B73	9
42032574	plus	ppl2	B73	30
42032621	minus	unassigned	B73	9
42032606	plus	ppl2	Teo	702
42032815	minus	unassigned	B73	20
42031908	minus	unassigned	B73	3
42032757	plus	unassigned	B73	1050
42032548	plus	unassigned	Teo	49
42032320	plus	unassigned	B73	2
42032837	minus	nbr	Teo	16
42032111	plus	unassigned	Teo	4
42032113	minus	unassigned	Teo	7
42033093	plus	unassigned	Teo	2
42033132	plus	unassigned	B73	5
42032630	plus	unassigned	Teo	30
42031815	plus	ppl2	Teo	14
42033281	minus	nbr	B73	6
42033060	minus	nbr	B73	45
42031819	plus	ppl2	B73	1
42032567	plus	unassigned	B73	2
42032130	plus	unassigned	B73	3
42032358	plus	unassigned	Teo	27
42033058	minus	nbr	Teo	6
42032877	plus	unassigned	Teo	545
42032512	plus	ppl2	Teo	379
42031903	minus	unassigned	Teo	4
42032883	plus	unassigned	B73	1287
42033252	plus	unassigned	Teo	1
42032713	plus	unassigned	B73	234
42033006	plus	unassigned	B73	9
42033317	minus	nbr	B73	3
42032516	plus	ppl2	B73	26
42032964	minus	nbr	Teo	5
42032743	minus	nbr	Teo	35
42031500	plus	ppl2	Teo	5
42032808	minus	unassigned	Teo	1
42031799	plus	unassigned	B73	1
42031687	plus	ppl2	Teo	4
42032174	plus	unassigned	B73	2
42031939	plus	unassigned	Teo	1
42031501	minus	unassigned	B73	3
42032004	plus	unassigned	B73	1
42031899	minus	unassigned	B73	3
42031502	plus	unassigned	Teo	1
42032693	plus	unassigned	B73	1
42031882	minus	unassigned	B73	1
42032968	minus	nbr	B73	55
42032747	minus	nbr	B73	391
42032523	plus	unassigned	B73	2
42032314	plus	unassigned	Teo	27
42032833	plus	unassigned	Teo	1487
42033126	plus	unassigned	Teo	2
42032619	minus	unassigned	B73	9
42032602	minus	unassigned	B73	8
42033185	minus	nbr	Teo	3
42032633	minus	unassigned	Teo	20
42032384	plus	ppl2	Teo	348
42032163	plus	ppl2	Teo	144
42031691	plus	unassigned	B73	1
42032787	minus	unassigned	B73	58
42032770	minus	unassigned	B73	59
42033223	minus	nbr	B73	14
42033002	minus	nbr	B73	61
42031863	minus	unassigned	B73	1
42032085	minus	unassigned	Teo	1
42032124	plus	unassigned	Teo	4
42033189	minus	nbr	B73	23
42032643	plus	ppl2	B73	23
42032870	minus	nbr	Teo	6
42031894	minus	unassigned	Teo	4
42032167	plus	ppl2	B73	11
42032388	plus	ppl2	B73	17
42032109	plus	ppl2	B73	7
42032916	plus	unassigned	B73	123
42033209	plus	unassigned	B73	3
42032707	plus	unassigned	Teo	23
42032614	minus	unassigned	Teo	22
42032874	minus	nbr	B73	30
42032816	minus	nbr	B73	202
42031852	plus	ppl2	B73	2
42031631	plus	ppl2	B73	2
42032906	minus	nbr	Teo	4
42031875	plus	unassigned	Teo	2
42033091	minus	nbr	Teo	8
42032168	plus	unassigned	Teo	12
42031629	plus	ppl2	Teo	5
42032896	plus	unassigned	B73	455
42033189	plus	unassigned	B73	4
42032726	plus	unassigned	B73	400
42033019	plus	unassigned	B73	8
42032517	plus	unassigned	Teo	51
42033271	plus	unassigned	B73	1
42033101	plus	unassigned	B73	6
42033350	minus	nbr	B73	3
42032593	minus	unassigned	B73	8
42033095	minus	nbr	B73	54
42031686	minus	unassigned	B73	1
42033258	minus	nbr	B73	7
42032678	plus	ppl2	B73	1
42033127	minus	nbr	Teo	10
42031894	plus	unassigned	B73	1
42032105	plus	ppl2	Teo	51
42032406	minus	unassigned	B73	14
42032547	plus	ppl2	Teo	834
42032326	plus	ppl2	Teo	199
42032017	plus	unassigned	B73	1
42032327	plus	unassigned	Teo	27
42032780	minus	nbr	B73	386
42032943	minus	nbr	B73	55
42032722	minus	nbr	B73	355
42032333	plus	unassigned	B73	2
42031700	plus	ppl2	B73	1
42032574	minus	unassigned	B73	6
42032852	plus	unassigned	B73	3338
42033145	plus	unassigned	B73	7
42032812	minus	nbr	Teo	21
42031887	plus	ppl2	B73	1
42032643	plus	unassigned	Teo	30
42032999	minus	nbr	Teo	5
42032778	minus	nbr	Teo	34
42031698	minus	unassigned	Teo	3
42032768	minus	unassigned	B73	60
42032751	minus	unassigned	B73	68
42032401	minus	unassigned	Teo	20
42032799	minus	unassigned	Teo	1
42031844	minus	unassigned	B73	1
42033164	minus	nbr	B73	33
42032782	minus	unassigned	Teo	3
42032143	plus	unassigned	B73	3
42031641	plus	unassigned	Teo	1
42031908	plus	unassigned	Teo	2
42032662	plus	unassigned	B73	1
42031875	minus	unassigned	Teo	3
42032142	plus	ppl2	B73	9
42032584	plus	ppl2	B73	28
42032363	plus	ppl2	B73	17
42032929	plus	unassigned	B73	39
42033254	minus	nbr	Teo	1
42033033	minus	nbr	Teo	4
42032972	plus	unassigned	Teo	1
42033265	plus	unassigned	Teo	1
42032802	plus	unassigned	Teo	1349
42032674	plus	ppl2	Teo	5
42032616	plus	ppl2	Teo	675
42032749	minus	unassigned	B73	68
42033037	minus	nbr	B73	65
42032732	minus	unassigned	B73	74
42032397	minus	unassigned	B73	12
42031888	plus	unassigned	Teo	2
42031825	minus	unassigned	B73	1
42032763	minus	unassigned	Teo	3
42032847	minus	nbr	Teo	13
42032380	minus	unassigned	B73	9
42031970	plus	unassigned	Teo	1
42031856	minus	unassigned	Teo	3
42031883	plus	ppl2	Teo	26
42031662	plus	ppl2	Teo	4
42031825	plus	ppl2	Teo	15
42032536	plus	unassigned	B73	2
42033081	plus	unassigned	B73	12
42032846	plus	unassigned	Teo	1485
42033139	plus	unassigned	Teo	3
42033291	minus	nbr	B73	5
42033221	plus	unassigned	Teo	1
42031829	plus	ppl2	B73	2
42033160	minus	nbr	Teo	7
42032378	minus	unassigned	B73	9
42033102	minus	nbr	Teo	9
42032580	plus	ppl2	Teo	814
42033068	minus	nbr	Teo	7
42032522	plus	ppl2	Teo	771
42032346	plus	unassigned	B73	2
42032137	plus	unassigned	Teo	12
42032865	plus	unassigned	B73	2867
42033158	plus	unassigned	B73	4
42032656	plus	unassigned	Teo	2
42033327	minus	nbr	B73	3
42033106	minus	nbr	B73	55
42033240	plus	unassigned	B73	2
42032555	minus	unassigned	B73	11
42032526	plus	ppl2	B73	31
42032974	minus	nbr	Teo	4
42032753	minus	nbr	Teo	34
42032586	minus	unassigned	Teo	26
42031631	minus	unassigned	B73	2
42032978	minus	nbr	B73	57
42032757	minus	nbr	B73	390
42031793	plus	ppl2	B73	1
42032536	minus	unassigned	B73	11
42032739	plus	unassigned	B73	468
42032991	plus	unassigned	B73	11
42031629	minus	unassigned	B73	2
42033195	minus	nbr	Teo	3
42032782	plus	unassigned	Teo	1290
42032567	minus	unassigned	Teo	30
42032821	plus	unassigned	B73	2930
42033114	plus	unassigned	B73	4
42032550	minus	unassigned	Teo	33
42032612	plus	unassigned	Teo	32
42032173	plus	ppl2	Teo	179
42032394	plus	ppl2	Teo	344
42033070	minus	nbr	B73	53
42033233	minus	nbr	B73	12
42033012	minus	nbr	B73	62
42032713	minus	unassigned	B73	77
42033199	minus	nbr	B73	16
42032653	plus	ppl2	B73	14
42032880	minus	nbr	Teo	5
42032744	minus	unassigned	Teo	3
42032398	plus	ppl2	B73	16
42032361	minus	unassigned	B73	11
42031837	minus	unassigned	Teo	3
42032549	plus	unassigned	B73	2
42031820	minus	unassigned	Teo	3
42032392	minus	unassigned	Teo	17
42032112	plus	unassigned	B73	1
42033094	plus	unassigned	B73	7
42032592	plus	unassigned	Teo	34
42032631	plus	unassigned	B73	3
42032859	plus	unassigned	Teo	1391
42032941	plus	unassigned	Teo	10
42033234	plus	unassigned	Teo	1
42032884	minus	nbr	B73	27
42031862	plus	ppl2	B73	2
42032916	minus	nbr	Teo	7
42032359	minus	unassigned	B73	11
42032725	minus	unassigned	Teo	3
42031697	plus	ppl2	Teo	4
42031639	plus	ppl2	Teo	4
42032342	minus	unassigned	B73	11
42031818	minus	unassigned	Teo	3
42032373	minus	unassigned	Teo	11
42031801	minus	unassigned	Teo	3
42032156	plus	unassigned	B73	2
42032675	plus	unassigned	B73	2
42033050	plus	unassigned	B73	12
42032815	plus	unassigned	Teo	1462
42033108	plus	unassigned	Teo	2
42033137	minus	nbr	Teo	10
42032115	plus	ppl2	Teo	67
42032557	plus	ppl2	Teo	828
42032336	plus	ppl2	Teo	240
42032323	minus	unassigned	B73	8
42032354	minus	unassigned	Teo	14
42032790	minus	nbr	B73	257
42031797	minus	unassigned	B73	1
42031673	plus	unassigned	B73	1
42031983	plus	unassigned	Teo	1
42032822	minus	nbr	Teo	18
42032315	plus	unassigned	B73	2
42032106	plus	unassigned	Teo	4
42032119	plus	ppl2	B73	8
42032788	minus	nbr	Teo	28
42032795	plus	unassigned	Teo	1236
42031800	plus	ppl2	Teo	10
42033088	plus	unassigned	Teo	2
42032517	minus	unassigned	B73	12
42032625	plus	unassigned	Teo	31
42033170	plus	unassigned	Teo	3
42032548	minus	unassigned	Teo	33
42032165	minus	unassigned	B73	6
42032531	minus	unassigned	Teo	30
42032826	minus	nbr	B73	134
42031804	plus	ppl2	B73	1
42033043	minus	nbr	Teo	4
42031857	plus	unassigned	Teo	1
42032878	plus	unassigned	B73	1452
42032529	minus	unassigned	Teo	30
42032146	minus	unassigned	B73	6
42032708	plus	unassigned	B73	173
42032512	minus	unassigned	Teo	25
42032960	plus	unassigned	B73	22
42033253	plus	unassigned	B73	2
42032751	plus	unassigned	Teo	506
42033302	minus	nbr	B73	4
42032160	minus	unassigned	Teo	9
42033268	minus	nbr	B73	7
42033047	minus	nbr	B73	66
42031672	plus	ppl2	Teo	4
42031893	plus	ppl2	Teo	47
42032706	minus	unassigned	Teo	3
42032169	plus	unassigned	B73	2
42032953	minus	nbr	B73	55
42032732	minus	nbr	B73	373
42032843	minus	unassigned	B73	2
42032127	minus	unassigned	B73	5
42033063	plus	unassigned	B73	13
42032158	minus	unassigned	Teo	9
42032561	plus	unassigned	Teo	41
42031897	plus	ppl2	B73	5
42031676	plus	ppl2	B73	1
42032834	plus	unassigned	B73	3122
42033127	plus	unassigned	B73	4
42033170	minus	nbr	Teo	5
42032590	plus	ppl2	Teo	772
42032335	minus	unassigned	Teo	15
42033174	minus	nbr	B73	30
42032152	plus	ppl2	B73	10
42032594	plus	ppl2	B73	27
42032373	plus	ppl2	B73	16
42031832	plus	unassigned	B73	1
42031792	minus	unassigned	Teo	3
42032125	plus	unassigned	B73	1
42033206	minus	nbr	Teo	3
42032644	plus	unassigned	B73	3
42032626	plus	ppl2	Teo	640
42032405	plus	ppl2	Teo	378
42032954	plus	unassigned	Teo	2
42033247	plus	unassigned	Teo	1
42032666	minus	unassigned	B73	1
42032316	minus	unassigned	Teo	11
42032697	minus	unassigned	Teo	2
42032409	plus	ppl2	B73	16
42032857	minus	nbr	Teo	13
42031835	plus	ppl2	Teo	15
42031952	plus	unassigned	Teo	1
42032688	plus	unassigned	B73	1
42032518	plus	unassigned	B73	2
42032110	minus	unassigned	B73	3
42032770	plus	unassigned	B73	1371
42033080	minus	nbr	B73	54
42032828	plus	unassigned	Teo	1499
42032600	plus	unassigned	B73	2
42032141	minus	unassigned	Teo	7
42031839	plus	ppl2	B73	2
42032647	minus	unassigned	B73	7
42032630	minus	unassigned	B73	9
42032910	plus	unassigned	Teo	68
42033203	plus	unassigned	Teo	3
42033112	minus	nbr	Teo	10
42033078	minus	nbr	Teo	8
42032532	plus	ppl2	Teo	844
42031686	plus	unassigned	B73	1
42031996	plus	unassigned	Teo	1
42032824	minus	unassigned	B73	9
42032108	minus	unassigned	B73	3
42032328	plus	unassigned	B73	2
42033337	minus	nbr	B73	3
42033116	minus	nbr	B73	54
42032119	plus	unassigned	Teo	4
42032580	plus	unassigned	B73	2
42032139	minus	unassigned	Teo	7
42032847	plus	unassigned	B73	3213
42032371	plus	unassigned	Teo	27
42032315	plus	ppl2	B73	11
42032638	plus	unassigned	Teo	30
42031900	minus	unassigned	B73	3
42032536	plus	ppl2	B73	32
42032984	minus	nbr	Teo	3
42032763	minus	nbr	Teo	34
42032122	minus	unassigned	Teo	7
42032890	plus	unassigned	Teo	224
42033183	plus	unassigned	Teo	3
42033222	plus	unassigned	B73	2
42032720	plus	unassigned	Teo	301
42032801	minus	nbr	B73	224
42032988	minus	nbr	B73	62
42032767	minus	nbr	B73	390
42032709	minus	nbr	B73	56
42032805	minus	unassigned	B73	24
42031908	plus	ppl2	B73	5
42031636	plus	unassigned	Teo	1
42032138	plus	unassigned	B73	3
42032103	minus	unassigned	Teo	3
42031909	plus	unassigned	B73	1
42032601	plus	ppl2	Teo	742
42032973	plus	unassigned	B73	20
42033266	plus	unassigned	B73	1
42032764	plus	unassigned	Teo	806
42032803	plus	unassigned	B73	2730
42033243	minus	nbr	B73	8
42033022	minus	nbr	B73	63
42032663	plus	ppl2	B73	13
42032890	minus	nbr	Teo	5
42032605	plus	ppl2	B73	27
42032129	plus	ppl2	B73	8
42031971	plus	unassigned	B73	1
42031801	plus	unassigned	B73	1
42032783	plus	unassigned	B73	2253
42033076	plus	unassigned	B73	13
42032574	plus	unassigned	Teo	34
42031891	minus	unassigned	B73	2
42032894	minus	nbr	B73	25
42032613	plus	unassigned	B73	2
42032836	minus	nbr	B73	116
42032404	plus	unassigned	Teo	25
42031872	plus	ppl2	B73	2
42032923	plus	unassigned	Teo	24
42031814	plus	ppl2	B73	1
42033216	plus	unassigned	Teo	3
42032926	minus	nbr	Teo	7
42032628	minus	unassigned	B73	9
42032611	minus	unassigned	B73	9
42031904	plus	ppl2	Teo	48
42032642	minus	unassigned	Teo	17
42031649	plus	ppl2	Teo	5
42031699	plus	unassigned	B73	1
42032384	plus	unassigned	Teo	27
42033312	minus	nbr	B73	3
42031845	plus	unassigned	B73	1
42033278	minus	nbr	B73	6
42033057	minus	nbr	B73	56
42032511	plus	ppl2	B73	16
42032657	plus	unassigned	B73	2
42032609	minus	unassigned	B73	9
42032967	plus	unassigned	Teo	1
42033147	minus	nbr	Teo	7
42033032	plus	unassigned	B73	9
42032530	plus	unassigned	Teo	51
42032346	plus	ppl2	Teo	261
42032125	plus	ppl2	Teo	77
42032567	plus	ppl2	Teo	830
42032623	minus	unassigned	Teo	21
42032963	minus	nbr	B73	57
42032742	minus	nbr	B73	383
42032832	minus	nbr	Teo	16
42031686	plus	ppl2	B73	1
42032798	minus	nbr	Teo	23
42031810	plus	ppl2	Teo	14
42031965	plus	unassigned	Teo	1
42032800	minus	unassigned	Teo	1
42032986	plus	unassigned	B73	14
42032777	plus	unassigned	Teo	1058
42032340	plus	unassigned	Teo	26
42033109	plus	unassigned	B73	4
42032607	plus	unassigned	Teo	32
42033152	plus	unassigned	Teo	3
42031695	minus	unassigned	B73	1
42033184	minus	nbr	B73	26
42032383	plus	ppl2	B73	17
42032162	plus	ppl2	B73	10
42033053	minus	nbr	Teo	6
42033216	minus	nbr	Teo	2
42032636	plus	ppl2	Teo	623
42032796	minus	unassigned	B73	33
42032150	plus	unassigned	Teo	12
42031889	minus	unassigned	B73	2
42032593	plus	unassigned	B73	2
42031872	minus	unassigned	B73	1
42031921	plus	unassigned	Teo	1
42032094	minus	unassigned	Teo	1
42033196	plus	unassigned	Teo	3
42032942	plus	unassigned	B73	33
42033235	plus	unassigned	B73	2
42032733	plus	unassigned	Teo	381
42032901	minus	nbr	Teo	5
42032867	minus	nbr	Teo	6
42031682	plus	ppl2	Teo	4
42031845	plus	ppl2	Teo	18
42032777	minus	unassigned	B73	59
42032905	minus	nbr	B73	36
42032760	minus	unassigned	B73	61
42032410	minus	unassigned	Teo	20
42031853	minus	unassigned	B73	1
42033090	minus	nbr	B73	53
42032791	minus	unassigned	Teo	1
42031628	plus	ppl2	B73	2
42031849	plus	ppl2	B73	2
42032752	plus	unassigned	B73	746
42031884	minus	unassigned	Teo	3
42033045	plus	unassigned	B73	9
42032543	plus	unassigned	Teo	51
42033180	minus	nbr	Teo	4
42033122	minus	nbr	Teo	10
42032816	plus	unassigned	B73	2881
42033088	minus	nbr	Teo	7
42032321	plus	ppl2	Teo	185
42032542	plus	ppl2	Teo	838
42032604	minus	unassigned	Teo	24
42032758	minus	unassigned	B73	61
42033347	minus	nbr	B73	3
42033126	minus	nbr	B73	54
42032789	minus	unassigned	Teo	1
42032546	plus	ppl2	B73	32
42032325	plus	ppl2	B73	11
42032994	minus	nbr	Teo	5
42032773	minus	nbr	Teo	34
42031984	plus	unassigned	B73	1
42031814	plus	unassigned	B73	1
42032107	plus	unassigned	B73	1
42032796	plus	unassigned	B73	2478
42033089	plus	unassigned	B73	9
42032587	plus	unassigned	Teo	35
42032626	plus	unassigned	B73	3
42033171	plus	unassigned	B73	4
42032936	plus	unassigned	Teo	10
42032811	minus	nbr	B73	214
42033229	plus	unassigned	Teo	1
42033001	plus	unassigned	B73	9
42032998	minus	nbr	B73	63
42032777	minus	nbr	B73	394
42032583	minus	unassigned	B73	8
42032809	minus	nbr	Teo	19
42031794	plus	unassigned	B73	1
42032397	plus	unassigned	Teo	25
42031934	plus	unassigned	Teo	1
42032746	plus	unassigned	Teo	494
42033253	minus	nbr	B73	7
42033032	minus	nbr	B73	66
42032564	minus	unassigned	B73	10
42033121	plus	unassigned	Teo	2
42032673	plus	ppl2	B73	3
42032595	minus	unassigned	Teo	25
42031640	minus	unassigned	B73	2
42032408	minus	unassigned	Teo	21
42032741	minus	unassigned	B73	68
42031882	plus	ppl2	B73	2
42031834	minus	unassigned	B73	1
42031978	plus	unassigned	Teo	1
42032772	minus	unassigned	Teo	3
42032999	plus	unassigned	B73	9
42032936	minus	nbr	Teo	8
42032715	minus	nbr	Teo	23
42032562	plus	unassigned	B73	2
42031865	minus	unassigned	Teo	4
42032829	plus	unassigned	B73	3049
42032353	plus	unassigned	Teo	27
42032872	plus	unassigned	Teo	934
42033165	plus	unassigned	Teo	3
42032911	plus	unassigned	B73	157
42031659	plus	ppl2	Teo	5
42033204	plus	unassigned	B73	3
42032702	plus	unassigned	Teo	22
42032719	minus	nbr	B73	340
42032739	minus	unassigned	B73	68
42032722	minus	unassigned	B73	75
42031997	plus	unassigned	B73	1
42032387	minus	unassigned	B73	10
42032753	minus	unassigned	Teo	3
42031827	plus	unassigned	B73	1
42032370	minus	unassigned	B73	10
42031870	plus	unassigned	Teo	2
42031846	minus	unassigned	Teo	3
42033157	minus	nbr	Teo	7
42032611	plus	ppl2	Teo	700
42032163	plus	unassigned	Teo	12
42033184	plus	unassigned	B73	4
42032577	plus	ppl2	Teo	818
42032356	plus	ppl2	Teo	305
42032135	plus	ppl2	Teo	98
42032512	plus	unassigned	Teo	51
42032955	plus	unassigned	B73	24
42033248	plus	unassigned	B73	2
42032615	plus	ppl2	B73	25
42032842	minus	nbr	Teo	15
42032703	minus	unassigned	B73	61
42032139	plus	ppl2	B73	9
42031820	plus	ppl2	Teo	15
42032368	minus	unassigned	B73	10
42032734	minus	unassigned	Teo	3
42032351	minus	unassigned	B73	11
42031827	minus	unassigned	Teo	3
42032399	minus	unassigned	Teo	19
42032382	minus	unassigned	Teo	14
42032846	minus	nbr	B73	106
42032765	plus	unassigned	B73	1227
42033058	plus	unassigned	B73	13
42032556	plus	unassigned	Teo	45
42031824	plus	ppl2	B73	1
42033140	plus	unassigned	B73	7
42032545	minus	unassigned	B73	11
42032905	plus	unassigned	Teo	81
42031638	minus	unassigned	B73	2
42032576	minus	unassigned	Teo	25
42033063	minus	nbr	Teo	6
42033322	minus	nbr	B73	3
42033101	minus	nbr	B73	54
42033288	minus	nbr	B73	5
42033067	minus	nbr	B73	47
42032521	plus	ppl2	B73	28
42032366	plus	unassigned	Teo	27
42031903	plus	unassigned	Teo	2
42033178	plus	unassigned	Teo	3
42032526	minus	unassigned	B73	11
42032639	plus	unassigned	B73	3
42031692	plus	ppl2	Teo	4
42032891	plus	unassigned	B73	576
42032557	minus	unassigned	Teo	32
42032949	plus	unassigned	Teo	9
42032721	plus	unassigned	B73	337
42032174	minus	unassigned	B73	5
42032519	plus	ppl2	Teo	765
42033014	plus	unassigned	B73	8
42032540	minus	unassigned	Teo	31
42032973	minus	nbr	B73	56
42032752	minus	nbr	B73	396
42032915	minus	nbr	B73	45
42031696	plus	ppl2	B73	1
42033190	minus	nbr	Teo	3
42031947	plus	unassigned	Teo	1
42032012	plus	unassigned	B73	1
42031810	minus	unassigned	Teo	3
42032968	plus	unassigned	B73	21
42032538	minus	unassigned	Teo	30
42032759	plus	unassigned	Teo	745
42032155	minus	unassigned	B73	6
42032531	plus	unassigned	B73	2
42032322	plus	unassigned	Teo	27
42032841	plus	unassigned	Teo	1552
42033134	plus	unassigned	Teo	2
42033194	minus	nbr	B73	19
42033357	minus	nbr	B73	1
42032172	plus	ppl2	B73	11
42032393	plus	ppl2	B73	17
42032556	plus	ppl2	B73	29
42032335	plus	ppl2	B73	14
42033226	minus	nbr	Teo	2
42033005	minus	nbr	Teo	4
42032349	minus	unassigned	B73	11
42032715	minus	unassigned	Teo	3
42032332	minus	unassigned	B73	9
42032646	plus	ppl2	Teo	602
42031808	minus	unassigned	Teo	3
42032363	minus	unassigned	Teo	16
42032821	minus	nbr	B73	132
42032132	plus	unassigned	Teo	11
42032575	plus	unassigned	B73	2
42033009	minus	nbr	B73	66
42032911	minus	nbr	Teo	5
42032885	plus	unassigned	Teo	319
42032924	plus	unassigned	B73	55
42032877	minus	nbr	Teo	6
42033217	plus	unassigned	B73	3
42032819	minus	nbr	Teo	16
42032715	plus	unassigned	Teo	254
42031634	plus	ppl2	Teo	5
42031855	plus	ppl2	Teo	18
42033260	plus	unassigned	Teo	1
42032694	minus	unassigned	B73	3
42032344	minus	unassigned	Teo	13
42033263	minus	nbr	B73	7
42031638	plus	ppl2	B73	1
42031859	plus	ppl2	B73	2
42031883	plus	unassigned	Teo	2
42032176	plus	unassigned	Teo	12
42033197	plus	unassigned	B73	4
42033132	minus	nbr	Teo	10
42032734	plus	unassigned	B73	436
42033027	plus	unassigned	B73	9
42032525	plus	unassigned	Teo	51
42033098	minus	nbr	Teo	9
42032552	plus	ppl2	Teo	851
42032331	plus	ppl2	Teo	216
42032110	plus	ppl2	Teo	68
42032521	minus	unassigned	Teo	28
42033136	minus	nbr	B73	53
42032114	plus	ppl2	B73	7
42032783	minus	nbr	Teo	33
42032946	minus	nbr	Teo	9
42032725	minus	nbr	Teo	34
42031799	minus	unassigned	Teo	3
42031966	plus	unassigned	B73	1
42032519	minus	unassigned	Teo	27
42032778	plus	unassigned	B73	1724
42032852	minus	unassigned	B73	1
42032136	minus	unassigned	B73	5
42032569	plus	unassigned	Teo	34
42032341	plus	unassigned	B73	2
42032608	plus	unassigned	B73	2
42032787	minus	nbr	B73	379
42032860	plus	unassigned	B73	3103
42033153	plus	unassigned	B73	7
42032729	minus	nbr	B73	371
42032651	plus	unassigned	Teo	2
42032167	minus	unassigned	Teo	9
42032918	plus	unassigned	Teo	24
42032150	minus	unassigned	Teo	7
42033201	minus	nbr	Teo	3
42032400	plus	ppl2	Teo	368
42032621	plus	ppl2	Teo	649
42032145	plus	ppl2	Teo	123
42032587	plus	ppl2	Teo	776
42032366	plus	ppl2	Teo	325
42032588	plus	unassigned	B73	2
42032833	minus	unassigned	B73	4
42032151	plus	unassigned	B73	3
42032117	minus	unassigned	B73	3
42032379	plus	unassigned	Teo	27
42031916	plus	unassigned	Teo	1
42033042	minus	nbr	B73	66
42033205	minus	nbr	B73	14
42032670	plus	unassigned	B73	2
42032898	plus	unassigned	Teo	127
42032148	minus	unassigned	Teo	7
42032728	plus	unassigned	Teo	362
42032404	plus	ppl2	B73	17
42032131	minus	unassigned	Teo	7
42032625	plus	ppl2	B73	24
42032980	plus	unassigned	Teo	1
42032852	minus	nbr	Teo	13
42033273	plus	unassigned	Teo	1
42032810	plus	unassigned	Teo	1375
42032149	plus	ppl2	B73	10
42033103	plus	unassigned	Teo	2
42031830	plus	ppl2	Teo	15
42032856	minus	nbr	B73	81
42032325	minus	unassigned	Teo	14
42031892	plus	ppl2	B73	5
42031896	plus	unassigned	Teo	2
42031834	plus	ppl2	B73	2
42032025	plus	unassigned	B73	1
42032544	plus	unassigned	B73	2
42031669	plus	ppl2	Teo	4
42032335	plus	unassigned	Teo	26
42032854	plus	unassigned	Teo	1434
42033147	plus	unassigned	Teo	3
42033332	minus	nbr	B73	3
42033111	minus	nbr	B73	54
42032656	minus	unassigned	B73	3
42033298	minus	nbr	B73	4
42033077	minus	nbr	B73	53
42032531	plus	ppl2	B73	33
42031979	plus	unassigned	B73	1
42033167	minus	nbr	Teo	5
42033109	minus	nbr	Teo	10
42031809	plus	unassigned	B73	1
42031852	plus	unassigned	Teo	1
42032529	plus	ppl2	Teo	854
42032145	plus	unassigned	Teo	12
42032873	plus	unassigned	B73	2311
42033166	plus	unassigned	B73	4
42032983	minus	nbr	B73	57
42032762	minus	nbr	B73	394
42032937	plus	unassigned	B73	30
42032637	minus	unassigned	B73	9
42032620	minus	unassigned	B73	9
42031796	plus	ppl2	Teo	9
42032814	minus	unassigned	B73	20
42031907	minus	unassigned	B73	3
42032129	minus	unassigned	Teo	7
42032747	plus	unassigned	B73	684
42032538	plus	unassigned	Teo	51
42032112	minus	unassigned	Teo	7
42032790	plus	unassigned	Teo	1343
42033122	plus	unassigned	B73	4
42033073	minus	nbr	Teo	7
42032620	plus	unassigned	Teo	31
42033236	minus	nbr	Teo	1
42033015	minus	nbr	Teo	3
42032656	plus	ppl2	Teo	99
42033019	minus	nbr	B73	62
42032921	minus	nbr	Teo	7
42032887	minus	nbr	Teo	5
42032557	plus	unassigned	B73	2
42032348	plus	unassigned	Teo	27
42032120	plus	unassigned	B73	1
42031865	plus	ppl2	Teo	24
42031644	plus	ppl2	Teo	4
42032867	plus	unassigned	Teo	1033
42031902	minus	unassigned	Teo	4
42033242	plus	unassigned	Teo	1
42032703	plus	unassigned	B73	33
42032925	minus	nbr	B73	47
42031903	plus	ppl2	B73	5
42031869	plus	ppl2	B73	2
42033142	minus	nbr	Teo	10
42032807	minus	unassigned	Teo	1
42031789	plus	unassigned	B73	1
42032120	plus	ppl2	Teo	74
42032562	plus	ppl2	Teo	832
42032341	plus	ppl2	Teo	238
42032164	plus	unassigned	B73	2
42031929	plus	unassigned	Teo	1
42031500	minus	unassigned	B73	3
42031898	minus	unassigned	B73	3
42032683	plus	unassigned	B73	2
42031881	minus	unassigned	B73	1
42032513	plus	unassigned	B73	2
42033146	minus	nbr	B73	42
42032823	plus	unassigned	Teo	1481
42032600	plus	ppl2	B73	27
42033116	plus	unassigned	Teo	2
42032345	plus	ppl2	B73	15
42032618	minus	unassigned	B73	9
42032124	plus	ppl2	B73	8
42032566	plus	ppl2	B73	29
42032793	minus	nbr	Teo	23
42032601	minus	unassigned	B73	8
42032649	minus	unassigned	Teo	16
42032632	minus	unassigned	Teo	20
42031681	plus	unassigned	B73	1
42032786	minus	unassigned	B73	58
42032831	minus	nbr	B73	123
42031879	minus	unassigned	B73	1
42032797	minus	nbr	B73	243
42031991	plus	unassigned	Teo	1
42031862	minus	unassigned	B73	1
42032084	minus	unassigned	Teo	1
42032323	plus	unassigned	B73	2
42032114	plus	unassigned	Teo	4
42033096	plus	unassigned	Teo	2
42031893	minus	unassigned	Teo	4
42032633	plus	unassigned	Teo	30
42032829	minus	nbr	Teo	18
42031807	plus	ppl2	Teo	13
42032906	plus	unassigned	B73	209
42032613	minus	unassigned	Teo	22
42033273	minus	nbr	B73	7
42033052	minus	nbr	B73	64
42031865	plus	unassigned	Teo	2
42032158	plus	unassigned	Teo	12
42031904	plus	unassigned	B73	1
42032886	plus	unassigned	B73	827
42033179	plus	unassigned	B73	4
42032716	plus	unassigned	B73	289
42033009	plus	unassigned	B73	9
42032507	plus	unassigned	Teo	1
42033261	plus	unassigned	B73	1
42032592	minus	unassigned	B73	8
42033309	minus	nbr	B73	3
42031681	plus	ppl2	B73	1
42031685	minus	unassigned	B73	1
42032956	minus	nbr	Teo	9
42032735	minus	nbr	Teo	35
42031679	plus	ppl2	Teo	4
42032405	minus	unassigned	B73	13
42032317	plus	unassigned	Teo	27
42032739	minus	nbr	B73	377
42032573	minus	unassigned	B73	6
42032842	plus	unassigned	B73	3258
42033135	plus	unassigned	B73	6
42033211	minus	nbr	Teo	3
42031697	minus	unassigned	Teo	3
42033177	minus	nbr	Teo	4
42032410	plus	ppl2	Teo	371
42032631	plus	ppl2	Teo	630
42032376	plus	ppl2	Teo	344
42032155	plus	ppl2	Teo	130
42032597	plus	ppl2	Teo	750
42032767	minus	unassigned	B73	60
42032750	minus	unassigned	B73	68
42032400	minus	unassigned	Teo	19
42033215	minus	nbr	B73	16
42032798	minus	unassigned	Teo	1
42031840	plus	unassigned	B73	1
42031843	minus	unassigned	B73	1
42032781	minus	unassigned	Teo	3
42031631	plus	unassigned	Teo	1
42032133	plus	unassigned	B73	3
42032635	plus	ppl2	B73	23
42032862	minus	nbr	Teo	6
42032652	plus	unassigned	B73	2
42031874	minus	unassigned	Teo	3
42032919	plus	unassigned	B73	59
42032159	plus	ppl2	B73	10
42031840	plus	ppl2	Teo	16
42032962	plus	unassigned	Teo	1
42033255	plus	unassigned	Teo	1
42032900	minus	nbr	B73	30
42032866	minus	nbr	B73	45
42032808	minus	nbr	B73	219
42032748	minus	unassigned	B73	68
42031844	plus	ppl2	B73	2
42032731	minus	unassigned	B73	74
42032779	minus	unassigned	Teo	3
42031824	minus	unassigned	B73	1
42032396	minus	unassigned	B73	12
42031878	plus	unassigned	Teo	2
42032762	minus	unassigned	Teo	3
42031960	plus	unassigned	Teo	1
42031855	minus	unassigned	Teo	3
42033083	minus	nbr	Teo	8
42032696	plus	unassigned	B73	3
42032526	plus	unassigned	B73	2
42033071	plus	unassigned	B73	13
42032836	plus	unassigned	Teo	1507
42033129	plus	unassigned	Teo	2
42033342	minus	nbr	B73	3
42033121	minus	nbr	B73	56
42033211	plus	unassigned	Teo	3
42033087	minus	nbr	B73	51
42032320	plus	ppl2	B73	11
42032541	plus	ppl2	B73	32
42033029	minus	nbr	B73	65
42032377	minus	unassigned	B73	10
42033119	minus	nbr	Teo	10
42032360	minus	unassigned	B73	11
42031694	plus	unassigned	B73	1
42032539	plus	ppl2	Teo	837
42032318	plus	ppl2	Teo	186
42032391	minus	unassigned	Teo	17
42032336	plus	unassigned	B73	2
42032993	minus	nbr	B73	59
42032772	minus	nbr	B73	394
42032127	plus	unassigned	Teo	6
42032935	minus	nbr	B73	54
42032714	minus	nbr	B73	192
42032855	plus	unassigned	B73	3279
42033148	plus	unassigned	B73	7
42032646	plus	unassigned	Teo	30
42033191	plus	unassigned	Teo	3
42033230	plus	unassigned	B73	2
42032804	minus	nbr	Teo	20
42031879	plus	ppl2	B73	2
42032554	minus	unassigned	B73	11
42032585	minus	unassigned	Teo	26
42031630	minus	unassigned	B73	2
42033156	minus	nbr	B73	32
42032610	plus	ppl2	B73	27
42032899	plus	unassigned	B73	312
42032576	plus	ppl2	B73	30
42032355	plus	ppl2	B73	15
42032134	plus	ppl2	B73	9
42032535	minus	unassigned	B73	11
42032729	plus	unassigned	B73	411
42033246	minus	nbr	Teo	1
42033025	minus	nbr	Teo	4
42032981	plus	unassigned	B73	15
42031628	minus	unassigned	B73	2
42032772	plus	unassigned	Teo	940
42032566	minus	unassigned	Teo	30
42032666	plus	ppl2	Teo	55
42032811	plus	unassigned	B73	2806
42033104	plus	unassigned	B73	4
42032602	plus	unassigned	Teo	32
42032608	plus	ppl2	Teo	700
42032841	minus	nbr	B73	115
42032729	minus	unassigned	B73	74
42032931	minus	nbr	Teo	8
42032710	minus	nbr	Teo	10
42032712	minus	unassigned	B73	77
42031897	plus	unassigned	B73	1
42032897	minus	nbr	Teo	5
42032839	minus	nbr	Teo	16
42032743	minus	unassigned	Teo	3
42031875	plus	ppl2	Teo	25
42031654	plus	ppl2	Teo	5
42031817	plus	ppl2	Teo	15
42031836	minus	unassigned	Teo	3
42032539	plus	unassigned	B73	2
42032791	plus	unassigned	B73	2455
42033084	plus	unassigned	B73	11
42032582	plus	unassigned	Teo	35
42032621	plus	unassigned	B73	2
42032849	plus	unassigned	Teo	1506
42032164	minus	unassigned	B73	6
42032412	plus	unassigned	Teo	8
42032931	plus	unassigned	Teo	10
42033224	plus	unassigned	Teo	1
42033283	minus	nbr	B73	5
42033062	minus	nbr	B73	47
42033152	minus	nbr	Teo	7
42032358	minus	unassigned	B73	11
42032724	minus	unassigned	Teo	3
42032351	plus	ppl2	Teo	266
42032130	plus	ppl2	Teo	96
42032572	plus	ppl2	Teo	831
42032341	minus	unassigned	B73	11
42032514	plus	ppl2	Teo	390
42032389	minus	unassigned	Teo	16
42031817	minus	unassigned	Teo	3
42032372	minus	unassigned	Teo	11
42031800	minus	unassigned	Teo	3
42032392	plus	unassigned	Teo	25
42032146	plus	unassigned	B73	3
42032665	plus	unassigned	B73	2
42033319	minus	nbr	B73	3
42031691	plus	ppl2	B73	1
42032975	plus	unassigned	Teo	1
42033268	plus	unassigned	Teo	1
42033040	plus	unassigned	B73	9
42032518	plus	ppl2	B73	28
42032966	minus	nbr	Teo	4
42032745	minus	nbr	Teo	35
42032805	plus	unassigned	Teo	1376
42031502	plus	ppl2	Teo	5
42031689	plus	ppl2	Teo	4
42032339	minus	unassigned	B73	10
42032322	minus	unassigned	B73	8
42032353	minus	unassigned	Teo	14
42031796	minus	unassigned	B73	1
42032749	minus	nbr	B73	392
42031973	plus	unassigned	Teo	1
42032994	plus	unassigned	B73	9
42032785	plus	unassigned	Teo	1331
42033221	minus	nbr	Teo	2
42033000	minus	nbr	Teo	4
42032516	minus	unassigned	B73	12
42033117	plus	unassigned	B73	4
42032615	plus	unassigned	Teo	32
42033187	minus	nbr	Teo	3
42032641	plus	ppl2	Teo	613
42033160	plus	unassigned	Teo	3
42032547	minus	unassigned	Teo	33
42032386	plus	ppl2	Teo	344
42032530	minus	unassigned	Teo	30
42032165	plus	ppl2	Teo	145
42033225	minus	nbr	B73	14
42033004	minus	nbr	B73	64
42032645	plus	ppl2	B73	23
42032872	minus	nbr	Teo	6
42032169	plus	ppl2	B73	12
42031850	plus	ppl2	Teo	18
42031847	plus	unassigned	Teo	1
42032349	plus	unassigned	B73	2
42032528	minus	unassigned	Teo	30
42032868	plus	unassigned	B73	2473
42032659	plus	unassigned	Teo	2
42032145	minus	unassigned	B73	6
42032910	minus	nbr	B73	44
42032511	minus	unassigned	Teo	23
42032950	plus	unassigned	B73	31
42033243	plus	unassigned	B73	2
42032876	minus	nbr	B73	31
42032741	plus	unassigned	Teo	408
42032176	minus	unassigned	Teo	9
42031633	plus	ppl2	B73	2
42031854	plus	ppl2	B73	2
42032908	minus	nbr	Teo	4
42033093	minus	nbr	Teo	8
42032705	minus	unassigned	Teo	3
42032159	plus	unassigned	B73	2
42032678	plus	unassigned	B73	2
42032842	minus	unassigned	B73	3
42032126	minus	unassigned	B73	5
42033352	minus	nbr	B73	3
42033131	minus	nbr	B73	52
42032760	plus	unassigned	B73	1120
42033053	plus	unassigned	B73	12
42032551	plus	unassigned	Teo	48
42032157	minus	unassigned	Teo	9
42033097	minus	nbr	B73	54
42032551	plus	ppl2	B73	30
42032330	plus	ppl2	B73	12
42032140	minus	unassigned	Teo	7
42032824	plus	unassigned	B73	2976
42033129	minus	nbr	Teo	10
42032107	plus	ppl2	Teo	51
42032549	plus	ppl2	Teo	847
42032328	plus	ppl2	Teo	204
42032782	minus	nbr	B73	386
42032334	minus	unassigned	Teo	15
42031992	plus	unassigned	B73	1
42032814	minus	nbr	Teo	20
42031822	plus	unassigned	B73	1
42031791	minus	unassigned	Teo	3
42032115	plus	unassigned	B73	1
42033097	plus	unassigned	B73	7
42032595	plus	unassigned	Teo	34
42032634	plus	unassigned	B73	3
42032944	plus	unassigned	Teo	10
42033237	plus	unassigned	Teo	1
42032818	minus	nbr	B73	132
42032665	minus	unassigned	B73	1
42032315	minus	unassigned	Teo	11
42032696	minus	unassigned	Teo	1
42031789	minus	unassigned	Teo	3
42033035	minus	nbr	Teo	4
42032676	plus	ppl2	Teo	5
42031942	plus	unassigned	Teo	1
42032754	plus	unassigned	Teo	632
42032509	minus	unassigned	Teo	1
42032818	plus	unassigned	Teo	1474
42033039	minus	nbr	B73	65
42032646	minus	unassigned	B73	9
42032941	minus	nbr	Teo	9
42032720	minus	nbr	Teo	33
42032900	plus	unassigned	Teo	122
42031664	plus	ppl2	Teo	4
42031885	plus	ppl2	Teo	27
42031676	plus	unassigned	B73	1
42032945	minus	nbr	B73	55
42032724	minus	nbr	B73	363
42031986	plus	unassigned	Teo	1
42032823	minus	unassigned	B73	9
42032107	minus	unassigned	B73	3
42032318	plus	unassigned	B73	2
42032109	plus	unassigned	Teo	4
42032798	plus	unassigned	Teo	1371
42032570	plus	unassigned	B73	2
42032837	plus	unassigned	B73	3157
42032361	plus	unassigned	Teo	27
42032138	minus	unassigned	Teo	7
42032628	plus	unassigned	Teo	30
42032121	minus	unassigned	Teo	7
42032880	plus	unassigned	Teo	455
42033173	plus	unassigned	Teo	3
42033212	plus	unassigned	B73	3
42032710	plus	unassigned	Teo	210
42033162	minus	nbr	Teo	7
42032582	plus	ppl2	Teo	800
42032361	plus	ppl2	Teo	307
42032140	plus	ppl2	Teo	104
42033200	minus	nbr	B73	16
42033166	minus	nbr	B73	32
42032804	minus	unassigned	B73	25
42031835	plus	unassigned	B73	1
42032620	plus	ppl2	B73	24
42032128	plus	unassigned	B73	3
42032144	plus	ppl2	B73	9
42032586	plus	ppl2	B73	27
42032365	plus	ppl2	B73	17
42032171	plus	unassigned	Teo	12
42032528	plus	ppl2	B73	32
42032119	minus	unassigned	Teo	7
42032001	plus	unassigned	Teo	1
42032102	minus	unassigned	Teo	1
42031791	plus	ppl2	Teo	7
42032520	plus	unassigned	Teo	51
42031911	minus	unassigned	Teo	3
42032618	plus	ppl2	Teo	657
42032963	plus	unassigned	B73	22
42033256	plus	unassigned	B73	1
42032851	minus	nbr	B73	86
42031795	plus	ppl2	B73	1
42032849	minus	nbr	Teo	13
42031827	plus	ppl2	Teo	15
42032773	plus	unassigned	B73	1382
42033066	plus	unassigned	B73	13
42031890	minus	unassigned	B73	2
42032564	plus	unassigned	Teo	34
42032603	plus	unassigned	B73	2
42033293	minus	nbr	B73	4
42033072	minus	nbr	B73	54
42032913	plus	unassigned	Teo	65
42033206	plus	unassigned	Teo	3
42032627	minus	unassigned	B73	9
42032655	plus	ppl2	B73	14
42032610	minus	unassigned	B73	9
42033104	minus	nbr	Teo	9
42032641	minus	unassigned	Teo	18
42032524	plus	ppl2	Teo	806
42031689	plus	unassigned	B73	1
42032795	minus	unassigned	B73	33
42031999	plus	unassigned	Teo	1
42032920	minus	nbr	B73	46
42031888	minus	unassigned	B73	2
42032374	plus	unassigned	Teo	27
42033329	minus	nbr	B73	3
42033108	minus	nbr	B73	54
42033186	plus	unassigned	Teo	3
42032647	plus	unassigned	B73	3
42032976	minus	nbr	Teo	4
42032755	minus	nbr	Teo	33
42032918	minus	nbr	Teo	7
42033192	plus	unassigned	B73	4
42032608	minus	unassigned	B73	9
42032957	plus	unassigned	Teo	2
42033022	plus	unassigned	B73	9
42031699	plus	ppl2	Teo	4
42032639	minus	unassigned	Teo	19
42032622	minus	unassigned	Teo	21
42032759	minus	nbr	B73	391
42032561	plus	ppl2	B73	29
42032340	plus	ppl2	B73	15
42033231	minus	nbr	Teo	1
42033010	minus	nbr	Teo	4
42031955	plus	unassigned	Teo	1
42032020	plus	unassigned	B73	1
42033197	minus	nbr	Teo	3
42032976	plus	unassigned	B73	19
42032651	plus	ppl2	Teo	96
42031909	minus	unassigned	Teo	4
42033269	plus	unassigned	B73	1
42032767	plus	unassigned	Teo	847
42032806	plus	unassigned	B73	2734
42032330	plus	unassigned	Teo	26
42032175	plus	ppl2	Teo	178
42032396	plus	ppl2	Teo	344
42032338	plus	ppl2	Teo	238
42032559	plus	ppl2	Teo	830
42033142	plus	unassigned	Teo	3
42033235	minus	nbr	B73	12
42033014	minus	nbr	B73	61
42031694	minus	unassigned	B73	1
42032882	minus	nbr	Teo	5
42032824	minus	nbr	Teo	18
42031860	plus	ppl2	Teo	23
42031802	plus	ppl2	Teo	10
42032140	plus	unassigned	Teo	12
42032583	plus	unassigned	B73	2
42032886	minus	nbr	B73	26
42031871	minus	unassigned	B73	1
42032828	minus	nbr	B73	131
42032093	minus	unassigned	Teo	1
42031911	plus	unassigned	Teo	2
42032599	minus	unassigned	B73	8
42032893	plus	unassigned	Teo	197
42031864	plus	ppl2	B73	2
42032932	plus	unassigned	B73	36
42031806	plus	ppl2	B73	1
42033225	plus	unassigned	B73	2
42032723	plus	unassigned	Teo	337
42032776	minus	unassigned	B73	59
42031848	plus	unassigned	B73	1
42031639	plus	unassigned	Teo	1
42031869	minus	unassigned	B73	1
42033141	minus	nbr	B73	47
42031891	plus	unassigned	Teo	2
42033304	minus	nbr	B73	4
42031852	minus	unassigned	B73	1
42032790	minus	unassigned	Teo	1
42033049	minus	nbr	B73	63
42032951	minus	nbr	Teo	9
42032730	minus	nbr	Teo	34
42032742	plus	unassigned	B73	492
42031883	minus	unassigned	Teo	3
42033035	plus	unassigned	B73	9
42032533	plus	unassigned	Teo	51
42033139	minus	nbr	Teo	10
42032117	plus	ppl2	Teo	67
42032603	minus	unassigned	Teo	24
42032792	minus	nbr	B73	254
42032955	minus	nbr	B73	56
42032734	minus	nbr	B73	371
42032757	minus	unassigned	B73	61
42032740	minus	unassigned	B73	68
42032788	minus	unassigned	Teo	1
42031899	plus	ppl2	B73	5
42031678	plus	ppl2	B73	1
42031833	minus	unassigned	B73	1
42032771	minus	unassigned	Teo	3
42031864	minus	unassigned	Teo	3
42031974	plus	unassigned	B73	1
42031804	plus	unassigned	B73	1
42032786	plus	unassigned	B73	2348
42033079	plus	unassigned	B73	12
42032577	plus	unassigned	Teo	35
42032592	plus	ppl2	Teo	773
42032371	plus	ppl2	Teo	348
42032616	plus	unassigned	B73	2
42032407	plus	unassigned	Teo	24
42033161	plus	unassigned	B73	3
42032926	plus	unassigned	Teo	14
42033219	plus	unassigned	Teo	3
42033210	minus	nbr	B73	16
42032582	minus	unassigned	B73	8
42033176	minus	nbr	B73	29
42032630	plus	ppl2	B73	23
42032375	plus	ppl2	B73	16
42032154	plus	ppl2	B73	8
42032596	plus	ppl2	B73	27
42033045	minus	nbr	Teo	5
42033208	minus	nbr	Teo	3
42032628	plus	ppl2	Teo	634
42032407	plus	ppl2	Teo	374
42032596	plus	unassigned	B73	2
42032387	plus	unassigned	Teo	27
42031924	plus	unassigned	Teo	1
42032861	minus	nbr	B73	53
42033199	plus	unassigned	Teo	3
42033238	plus	unassigned	B73	2
42032736	plus	unassigned	Teo	384
42032563	minus	unassigned	B73	10
42033111	plus	unassigned	Teo	2
42032859	minus	nbr	Teo	12
42032594	minus	unassigned	Teo	25
42031674	plus	ppl2	Teo	4
42031895	plus	ppl2	Teo	47
42031837	plus	ppl2	Teo	14
42032407	minus	unassigned	Teo	22
42033082	minus	nbr	B73	54
42031968	plus	unassigned	Teo	1
42032989	plus	unassigned	B73	11
42032544	minus	unassigned	B73	11
42032552	plus	unassigned	B73	2
42032819	plus	unassigned	B73	2912
42032343	plus	unassigned	Teo	26
42033172	minus	nbr	Teo	5
42033114	minus	nbr	Teo	10
42031637	minus	unassigned	B73	2
42032575	minus	unassigned	Teo	25
42032862	plus	unassigned	Teo	1308
42033155	plus	unassigned	Teo	3
42032901	plus	unassigned	B73	282
42032150	plus	ppl2	Teo	126
42032534	plus	ppl2	Teo	837
42032738	minus	unassigned	B73	68
42033339	minus	nbr	B73	3
42033118	minus	nbr	B73	54
42032721	minus	unassigned	B73	76
42032769	minus	unassigned	Teo	3
42031987	plus	unassigned	B73	1
42032538	plus	ppl2	B73	32
42032386	minus	unassigned	B73	10
42032317	plus	ppl2	B73	11
42032986	minus	nbr	Teo	3
42032765	minus	nbr	Teo	34
42032752	minus	unassigned	Teo	3
42031817	plus	unassigned	B73	1
42032799	plus	unassigned	B73	2492
42031860	plus	unassigned	Teo	2
42031845	minus	unassigned	Teo	3
42032153	plus	unassigned	Teo	12
42032881	plus	unassigned	B73	1299
42033174	plus	unassigned	B73	4
42033004	plus	unassigned	B73	9
42032945	plus	unassigned	B73	35
42032803	minus	nbr	B73	222
42032769	minus	nbr	B73	393
42032719	minus	unassigned	B73	77
42032702	minus	unassigned	B73	34
42033241	minus	nbr	Teo	1
42033020	minus	nbr	Teo	3
42032367	minus	unassigned	B73	10
42032733	minus	unassigned	Teo	3
42032350	minus	unassigned	B73	11
42032661	plus	ppl2	Teo	98
42032398	minus	unassigned	Teo	19
42031826	minus	unassigned	Teo	3
42032381	minus	unassigned	Teo	14
42032755	plus	unassigned	B73	930
42033048	plus	unassigned	B73	9
42032546	plus	unassigned	Teo	49
42033245	minus	nbr	B73	8
42033024	minus	nbr	B73	64
42033091	plus	unassigned	Teo	2
42033130	plus	unassigned	B73	5
42032665	plus	ppl2	B73	10
42032892	minus	nbr	Teo	5
42031870	plus	ppl2	Teo	24
42032348	minus	unassigned	B73	11
42032379	minus	unassigned	Teo	14
42032930	minus	nbr	B73	52
42032896	minus	nbr	B73	26
42031874	plus	ppl2	B73	2
42032565	plus	unassigned	B73	2
42032356	plus	unassigned	Teo	27
42032928	minus	nbr	Teo	8
42032875	plus	unassigned	Teo	578
42033168	plus	unassigned	Teo	3
42032525	minus	unassigned	B73	12
42032629	plus	unassigned	B73	3
42031906	plus	ppl2	Teo	51
42033250	plus	unassigned	Teo	1
42032556	minus	unassigned	Teo	32
42032939	plus	unassigned	Teo	10
42032711	plus	unassigned	B73	195
42032173	minus	unassigned	B73	5
42033151	minus	nbr	B73	38
42032350	plus	ppl2	B73	15
42032571	plus	ppl2	B73	30
42031797	plus	unassigned	B73	1
42033149	minus	nbr	Teo	7
42032172	plus	unassigned	B73	2
42032603	plus	ppl2	Teo	738
42031937	plus	unassigned	Teo	1
42031500	plus	unassigned	Teo	1
42032002	plus	unassigned	B73	1
42032691	plus	unassigned	B73	1
42032569	plus	ppl2	Teo	825
42032348	plus	ppl2	Teo	265
42032127	plus	ppl2	Teo	78
42032958	plus	unassigned	B73	22
42032537	minus	unassigned	Teo	29
42032749	plus	unassigned	Teo	505
42032521	plus	unassigned	B73	2
42032154	minus	unassigned	B73	6
42032520	minus	unassigned	Teo	28
42032312	plus	unassigned	Teo	13
42032831	plus	unassigned	Teo	1505
42033124	plus	unassigned	Teo	2
42032607	plus	ppl2	B73	27
42032834	minus	nbr	Teo	16
42031812	plus	ppl2	Teo	14
42032714	minus	unassigned	Teo	3
42032331	minus	unassigned	B73	9
42031807	minus	unassigned	Teo	3
42032362	minus	unassigned	Teo	17
42032559	plus	unassigned	Teo	42
42032331	plus	unassigned	B73	2
42032838	minus	nbr	B73	113
42032122	plus	unassigned	Teo	4
42031816	plus	ppl2	B73	1
42032641	plus	unassigned	Teo	30
42032914	plus	unassigned	B73	151
42033207	plus	unassigned	B73	3
42032705	plus	unassigned	Teo	22
42033055	minus	nbr	Teo	6
42032329	minus	unassigned	B73	9
42032343	minus	unassigned	Teo	14
42033314	minus	nbr	B73	3
42033059	minus	nbr	B73	47
42032513	plus	ppl2	B73	16
42032961	minus	nbr	Teo	9
42032740	minus	nbr	Teo	34
42031873	plus	unassigned	Teo	2
42032166	plus	unassigned	Teo	12
42032894	plus	unassigned	B73	541
42033187	plus	unassigned	B73	4
42032724	plus	unassigned	B73	391
42033017	plus	unassigned	B73	8
42031684	plus	ppl2	Teo	4
42032515	plus	unassigned	Teo	51
42032965	minus	nbr	B73	57
42032744	minus	nbr	B73	388
42032907	minus	nbr	B73	37
42032324	minus	unassigned	Teo	14
42031501	plus	ppl2	B73	2
42031688	plus	ppl2	B73	1
42031892	plus	unassigned	B73	1
42031798	minus	unassigned	Teo	3
42033182	minus	nbr	Teo	4
42032015	plus	unassigned	B73	1
42032381	plus	ppl2	Teo	348
42032160	plus	ppl2	Teo	143
42032325	plus	unassigned	Teo	27
42032518	minus	unassigned	Teo	27
42032768	plus	unassigned	B73	1234
42032851	minus	unassigned	B73	1
42032135	minus	unassigned	B73	5
42032850	plus	unassigned	B73	3308
42033220	minus	nbr	B73	16
42033143	plus	unassigned	B73	7
42032166	minus	unassigned	Teo	9
42032908	plus	unassigned	Teo	72
42033186	minus	nbr	B73	24
42032640	plus	ppl2	B73	23
42033349	minus	nbr	B73	3
42033128	minus	nbr	B73	52
42032385	plus	ppl2	B73	17
42032164	plus	ppl2	B73	10
42032106	plus	ppl2	B73	5
42032548	plus	ppl2	B73	29
42032327	plus	ppl2	B73	12
42033218	minus	nbr	Teo	2
42032638	plus	ppl2	Teo	618
42032871	minus	nbr	B73	32
42032849	minus	unassigned	B73	1
42032813	minus	nbr	B73	206
42032578	plus	unassigned	B73	2
42032832	minus	unassigned	B73	4
42032369	plus	unassigned	Teo	27
42032141	plus	unassigned	B73	3
42032116	minus	unassigned	B73	3
42031906	plus	unassigned	Teo	2
42032779	minus	nbr	B73	385
42032660	plus	unassigned	B73	2
42032888	plus	unassigned	Teo	295
42032927	plus	unassigned	B73	47
42032147	minus	unassigned	Teo	7
42032903	minus	nbr	Teo	5
42032718	plus	unassigned	Teo	295
42032130	minus	unassigned	Teo	7
42032970	plus	unassigned	Teo	1
42033263	plus	unassigned	Teo	1
42032869	minus	nbr	Teo	6
42032800	plus	unassigned	Teo	1377
42031847	plus	ppl2	Teo	18
42031886	plus	unassigned	Teo	2
42033092	minus	nbr	B73	52
42032813	minus	unassigned	B73	20
42032179	plus	unassigned	Teo	1
42033255	minus	nbr	B73	7
42033034	minus	nbr	B73	68
42031906	minus	unassigned	B73	3
42032675	plus	ppl2	B73	3
42032128	minus	unassigned	Teo	7
42033124	minus	nbr	Teo	10
42032534	plus	unassigned	B73	2
42032544	plus	ppl2	Teo	842
42032323	plus	ppl2	Teo	191
42032844	plus	unassigned	Teo	1537
42033137	plus	unassigned	Teo	3
42032940	minus	nbr	B73	54
42032655	minus	unassigned	B73	3
42031884	plus	ppl2	B73	2
42032996	minus	nbr	Teo	5
42032775	minus	nbr	Teo	34
42032938	minus	nbr	Teo	8
42032717	minus	nbr	Teo	28
42031969	plus	unassigned	B73	1
42032344	plus	unassigned	B73	2
42032135	plus	unassigned	Teo	12
42032863	plus	unassigned	B73	2994
42033156	plus	unassigned	B73	5
42032654	plus	unassigned	Teo	2
42033161	minus	nbr	B73	33
42032636	minus	unassigned	B73	9
42032581	plus	ppl2	B73	28
42032360	plus	ppl2	B73	15
42033251	minus	nbr	Teo	1
42033030	minus	nbr	Teo	4
42032671	plus	ppl2	Teo	5
42033159	minus	nbr	Teo	7
42032613	plus	ppl2	Teo	686
42032137	plus	ppl2	Teo	96
42032579	plus	ppl2	Teo	815
42032358	plus	ppl2	Teo	303
42031790	plus	ppl2	B73	1
42032737	plus	unassigned	B73	438
42032528	plus	unassigned	Teo	51
42032617	plus	ppl2	B73	25
42032844	minus	nbr	Teo	15
42032111	minus	unassigned	Teo	7
42032780	plus	unassigned	Teo	1142
42032617	minus	unassigned	B73	9
42031880	plus	ppl2	Teo	26
42033112	plus	unassigned	B73	4
42032610	plus	unassigned	Teo	32
42031822	plus	ppl2	Teo	15
42032648	minus	unassigned	Teo	16
42032848	minus	nbr	B73	94
42031826	plus	ppl2	B73	1
42032547	plus	unassigned	B73	2
42032109	minus	unassigned	Teo	7
42032338	plus	unassigned	Teo	26
42032110	plus	unassigned	B73	1
42033092	plus	unassigned	B73	9
42032590	plus	unassigned	Teo	35
42033065	minus	nbr	Teo	7
42032857	plus	unassigned	Teo	1410
42031901	minus	unassigned	Teo	4
42033232	plus	unassigned	Teo	1
42033324	minus	nbr	B73	3
42033103	minus	nbr	B73	55
42033069	minus	nbr	B73	53
42032523	plus	ppl2	B73	29
42032971	minus	nbr	Teo	4
42032750	minus	nbr	Teo	36
42032806	minus	unassigned	Teo	1
42031694	plus	ppl2	Teo	4
42032154	plus	unassigned	B73	3
42031919	plus	unassigned	Teo	1
42031897	minus	unassigned	B73	3
42032673	plus	unassigned	B73	2
42031880	minus	unassigned	B73	1
42032975	minus	nbr	B73	56
42032754	minus	nbr	B73	394
42032813	plus	unassigned	Teo	1372
42033106	plus	unassigned	Teo	2
42031698	plus	ppl2	B73	1
42032600	minus	unassigned	B73	8
42033192	minus	nbr	Teo	3
42032631	minus	unassigned	Teo	20
42032391	plus	ppl2	Teo	341
42032170	plus	ppl2	Teo	175
42032785	minus	unassigned	B73	58
42031899	plus	unassigned	Teo	2
42031878	minus	unassigned	B73	1
42031981	plus	unassigned	Teo	1
42033230	minus	nbr	B73	13
42031861	minus	unassigned	B73	1
42032083	minus	unassigned	Teo	1
42032104	plus	unassigned	Teo	3
42033196	minus	nbr	B73	17
42032793	plus	unassigned	Teo	1376
42032650	plus	ppl2	B73	14
42031892	minus	unassigned	Teo	4
42032623	plus	unassigned	Teo	31
42032174	plus	ppl2	B73	11
42032395	plus	ppl2	B73	17
42033228	minus	nbr	Teo	1
42033007	minus	nbr	Teo	4
42032629	minus	unassigned	Teo	21
42032648	plus	ppl2	Teo	578
42032612	minus	unassigned	Teo	22
42032881	minus	nbr	B73	27
42032913	minus	nbr	Teo	6
42032879	minus	nbr	Teo	6
42031855	plus	unassigned	Teo	1
42032148	plus	unassigned	Teo	12
42031636	plus	ppl2	Teo	4
42031857	plus	ppl2	Teo	18
42032876	plus	unassigned	B73	1653
42033169	plus	unassigned	B73	4
42032706	plus	unassigned	B73	126
42033251	plus	unassigned	B73	2
42032917	minus	nbr	B73	46
42032591	minus	unassigned	B73	8
42031684	minus	unassigned	B73	1
42033134	minus	nbr	Teo	10
42032167	plus	unassigned	B73	2
42032112	plus	ppl2	Teo	68
42032554	plus	ppl2	Teo	847
42032404	minus	unassigned	B73	13
42032333	plus	ppl2	Teo	217
42032686	plus	unassigned	B73	2
42033061	plus	unassigned	B73	13
42033119	plus	unassigned	Teo	2
42032589	minus	unassigned	B73	8
42033138	minus	nbr	B73	52
42032572	minus	unassigned	B73	6
42032832	plus	unassigned	B73	3052
42033125	plus	unassigned	B73	4
42032337	plus	ppl2	B73	15
42032116	plus	ppl2	B73	7
42032558	plus	ppl2	B73	29
42032785	minus	nbr	Teo	33
42031696	minus	unassigned	Teo	2
42032823	minus	nbr	B73	138
42032766	minus	unassigned	B73	60
42032789	minus	nbr	B73	281
42031859	minus	unassigned	B73	1
42031801	plus	ppl2	B73	1
42032797	minus	unassigned	Teo	1
42031830	plus	unassigned	B73	1
42031842	minus	unassigned	B73	1
42032780	minus	unassigned	Teo	3
42032123	plus	unassigned	B73	1
42032642	plus	unassigned	B73	3
42031873	minus	unassigned	Teo	3
42032909	plus	unassigned	B73	164
42033040	minus	nbr	Teo	4
42032952	plus	unassigned	Teo	5
42033245	plus	unassigned	Teo	1
42032681	plus	ppl2	Teo	5
42032747	minus	unassigned	B73	68
42033265	minus	nbr	B73	7
42033044	minus	nbr	B73	67
42032730	minus	unassigned	B73	74
42032778	minus	unassigned	Teo	3
42031868	plus	unassigned	Teo	2
42032395	minus	unassigned	B73	10
42032761	minus	unassigned	Teo	3
42032627	plus	ppl2	B73	24
42032406	plus	ppl2	B73	17
42031890	plus	ppl2	Teo	26
42031950	plus	unassigned	Teo	1
42031854	minus	unassigned	Teo	3
42032762	plus	unassigned	Teo	784
42032516	plus	unassigned	B73	2
42032950	minus	nbr	B73	55
42032826	plus	unassigned	Teo	1485
42033201	plus	unassigned	Teo	3
42031673	plus	ppl2	B73	1
42031894	plus	ppl2	B73	5
42032728	minus	unassigned	B73	74
42032948	minus	nbr	Teo	9
42032727	minus	nbr	Teo	34
42032759	minus	unassigned	Teo	3
42032376	minus	unassigned	B73	10
42031684	plus	unassigned	B73	1
42032390	minus	unassigned	Teo	16
42031994	plus	unassigned	Teo	1
42032326	plus	unassigned	B73	2
42032117	plus	unassigned	Teo	4
42033099	plus	unassigned	Teo	2
42032845	plus	unassigned	B73	3225
42033138	plus	unassigned	B73	7
42032636	plus	unassigned	Teo	30
42033171	minus	nbr	B73	30
42033181	plus	unassigned	Teo	3
42033220	plus	unassigned	B73	3
42032553	minus	unassigned	B73	11
42032591	plus	ppl2	B73	25
42032370	plus	ppl2	B73	18
42032533	plus	ppl2	B73	32
42033203	minus	nbr	Teo	3
42032584	minus	unassigned	Teo	26
42033169	minus	nbr	Teo	5
42032402	plus	ppl2	Teo	376
42032623	plus	ppl2	Teo	649
42032368	plus	ppl2	Teo	345
42032147	plus	ppl2	Teo	126
42032589	plus	ppl2	Teo	773
42031634	plus	unassigned	Teo	1
42032136	plus	unassigned	B73	3
42033207	minus	nbr	B73	14
42031907	plus	unassigned	B73	1
42032854	minus	nbr	Teo	13
42032889	plus	unassigned	B73	611
42032534	minus	unassigned	B73	11
42032719	plus	unassigned	B73	323
42031832	plus	ppl2	Teo	15
42032971	plus	unassigned	B73	19
42031627	minus	unassigned	B73	2
42033264	plus	unassigned	B73	1
42031798	plus	ppl2	Teo	10
42032565	minus	unassigned	Teo	30
42032801	plus	unassigned	B73	2539
42032858	minus	nbr	B73	78
42031836	plus	ppl2	B73	2
42032711	minus	unassigned	B73	77
42032660	plus	ppl2	B73	14
42032742	minus	unassigned	Teo	3
42032699	plus	unassigned	B73	6
42033075	minus	nbr	Teo	7
42031835	minus	unassigned	Teo	3
42032529	plus	unassigned	B73	2
42032781	plus	unassigned	B73	2029
42033074	plus	unassigned	B73	13
42032658	plus	ppl2	Teo	99
42032572	plus	unassigned	Teo	34
42032163	minus	unassigned	B73	6
42032839	plus	unassigned	Teo	1528
42032611	plus	unassigned	B73	2
42032402	plus	unassigned	Teo	25
42032921	plus	unassigned	Teo	24
42033214	plus	unassigned	Teo	3
42033334	minus	nbr	B73	3
42033113	minus	nbr	B73	54
42033079	minus	nbr	B73	53
42032981	minus	nbr	Teo	4
42032760	minus	nbr	Teo	34
42032709	minus	unassigned	B73	77
42032923	minus	nbr	Teo	7
42031697	plus	unassigned	B73	1
42031901	plus	ppl2	Teo	48
42032357	minus	unassigned	B73	11
42032723	minus	unassigned	Teo	3
42032340	minus	unassigned	B73	10
42031816	minus	unassigned	Teo	3
42032388	minus	unassigned	Teo	16
42032371	minus	unassigned	Teo	11
42032382	plus	unassigned	Teo	27
42031843	plus	unassigned	B73	1
42032985	minus	nbr	B73	57
42032764	minus	nbr	B73	392
42032927	minus	nbr	B73	52
42032655	plus	unassigned	B73	2
42031905	plus	ppl2	B73	5
42032965	plus	unassigned	Teo	1
42033258	plus	unassigned	Teo	1
42033030	plus	unassigned	B73	9
42032338	minus	unassigned	B73	10
42032704	minus	unassigned	Teo	3
42032564	plus	ppl2	Teo	833
42032321	minus	unassigned	B73	8
42032369	minus	unassigned	Teo	11
42032352	minus	unassigned	Teo	14
42031795	minus	unassigned	B73	1
42033240	minus	nbr	B73	11
42033148	minus	nbr	B73	41
42032602	plus	ppl2	B73	27
42031963	plus	unassigned	Teo	1
42032984	plus	unassigned	B73	15
42032568	plus	ppl2	B73	29
42032347	plus	ppl2	B73	15
42032126	plus	ppl2	B73	8
42032775	plus	unassigned	Teo	993
42032814	plus	unassigned	B73	2816
42032515	minus	unassigned	B73	12
42033238	minus	nbr	Teo	1
42033107	plus	unassigned	B73	4
42033017	minus	nbr	Teo	3
42032605	plus	unassigned	Teo	32
42033150	plus	unassigned	Teo	3
42032546	minus	unassigned	Teo	33
42032891	minus	nbr	B73	23
42032833	minus	nbr	B73	118
42032799	minus	nbr	B73	243
42031811	plus	ppl2	B73	1
42032889	minus	nbr	Teo	5
42031790	minus	unassigned	Teo	3
42031867	plus	ppl2	Teo	24
42031646	plus	ppl2	Teo	4
42031809	plus	ppl2	Teo	13
42032339	plus	unassigned	B73	2
42032591	plus	unassigned	B73	2
42032527	minus	unassigned	Teo	30
42032858	plus	unassigned	B73	3164
42032144	minus	unassigned	B73	6
42032649	plus	unassigned	Teo	30
42032510	minus	unassigned	Teo	3
42033194	plus	unassigned	Teo	3
42032940	plus	unassigned	B73	32
42033233	plus	unassigned	B73	2
42032731	plus	unassigned	Teo	381
42032175	minus	unassigned	Teo	9
42033275	minus	nbr	B73	6
42033054	minus	nbr	B73	55
42033144	minus	nbr	Teo	11
42032343	plus	ppl2	Teo	238
42032122	plus	ppl2	Teo	74
42032149	plus	unassigned	B73	3
42032960	minus	nbr	B73	56
42032668	plus	unassigned	B73	2
42032841	minus	unassigned	B73	4
42032125	minus	unassigned	B73	5
42032978	plus	unassigned	Teo	1
42032750	plus	unassigned	B73	741
42033043	plus	unassigned	B73	9
42032541	plus	unassigned	Teo	51
42032156	minus	unassigned	Teo	9
42032808	plus	unassigned	Teo	1376
42031683	plus	ppl2	B73	1
42032795	minus	nbr	Teo	23
42032958	minus	nbr	Teo	9
42032737	minus	nbr	Teo	34
42032319	minus	unassigned	B73	8
42032333	minus	unassigned	Teo	15
42033181	minus	nbr	B73	26
42031982	plus	unassigned	B73	1
42032380	plus	ppl2	B73	17
42031812	plus	unassigned	B73	1
42032105	plus	unassigned	B73	1
42033050	minus	nbr	Teo	5
42032794	plus	unassigned	B73	2474
42033213	minus	nbr	Teo	3
42033087	plus	unassigned	B73	10
42032585	plus	unassigned	Teo	35
42032624	plus	unassigned	B73	3
42033179	minus	nbr	Teo	4
42032633	plus	ppl2	Teo	626
42032934	plus	unassigned	Teo	10
42033227	plus	unassigned	Teo	1
42032599	plus	ppl2	Teo	744
42032378	plus	ppl2	Teo	349
42032157	plus	ppl2	Teo	127
42032664	minus	unassigned	B73	1
42032314	minus	unassigned	Teo	10
42033217	minus	nbr	B73	16
42032637	plus	ppl2	B73	23
42032864	minus	nbr	Teo	6
42031792	plus	unassigned	B73	1
42031842	plus	ppl2	Teo	16
42032395	plus	unassigned	Teo	25
42031932	plus	unassigned	Teo	1
42032744	plus	unassigned	Teo	471
42032902	minus	nbr	B73	30
42032868	minus	nbr	B73	45
42031846	plus	ppl2	B73	2
42032645	minus	unassigned	B73	9
42033085	minus	nbr	Teo	8
42032839	minus	unassigned	B73	4
42031976	plus	unassigned	Teo	1
42032822	minus	unassigned	B73	9
42032106	minus	unassigned	B73	3
42033344	minus	nbr	B73	3
42033123	minus	nbr	B73	54
42032997	plus	unassigned	B73	9
42032788	plus	unassigned	Teo	1334
42032560	plus	unassigned	B73	2
42032137	minus	unassigned	Teo	7
42032827	plus	unassigned	B73	2998
42032351	plus	unassigned	Teo	27
42033089	minus	nbr	B73	51
42032322	plus	ppl2	B73	11
42032618	plus	unassigned	Teo	31
42032543	plus	ppl2	B73	32
42032991	minus	nbr	Teo	3
42032770	minus	nbr	Teo	34
42032120	minus	unassigned	Teo	7
42032870	plus	unassigned	Teo	946
42033163	plus	unassigned	Teo	3
42033202	plus	unassigned	B73	3
42032700	plus	unassigned	Teo	1
42032995	minus	nbr	B73	63
42032774	minus	nbr	B73	393
42031995	plus	unassigned	B73	1
42032803	minus	unassigned	B73	25
42031825	plus	unassigned	B73	1
42032118	plus	unassigned	B73	1
42032806	minus	nbr	Teo	20
42032598	plus	unassigned	Teo	32
42032118	minus	unassigned	Teo	7
42032161	plus	unassigned	Teo	12
42032101	minus	unassigned	Teo	1
42033182	plus	unassigned	B73	4
42032510	plus	unassigned	Teo	36
42031910	minus	unassigned	Teo	3
42032953	plus	unassigned	B73	24
42033246	plus	unassigned	B73	2
42033250	minus	nbr	B73	8
42032670	plus	ppl2	B73	4
42033248	minus	nbr	Teo	1
42033027	minus	nbr	Teo	4
42032668	plus	ppl2	Teo	52
42032763	plus	unassigned	B73	1154
42033056	plus	unassigned	B73	12
42032554	plus	unassigned	Teo	46
42032903	plus	unassigned	Teo	102
42032933	minus	nbr	Teo	8
42032712	minus	nbr	Teo	20
42032626	minus	unassigned	B73	9
42032899	minus	nbr	Teo	5
42031911	plus	ppl2	Teo	50
42031877	plus	ppl2	Teo	26
42032640	minus	unassigned	Teo	19
42031656	plus	ppl2	Teo	5
42031679	plus	unassigned	B73	1
42032794	minus	unassigned	B73	33
42031989	plus	unassigned	Teo	1
42032937	minus	nbr	B73	54
42032716	minus	nbr	B73	299
42031887	minus	unassigned	B73	2
42032573	plus	unassigned	B73	2
42032364	plus	unassigned	Teo	27
42031901	plus	unassigned	Teo	2
42032883	plus	unassigned	Teo	451
42033176	plus	unassigned	Teo	3
42032637	plus	unassigned	B73	3
42032607	minus	unassigned	B73	8
42032947	plus	unassigned	Teo	10
42033154	minus	nbr	Teo	7
42033012	plus	unassigned	B73	9
42032638	minus	unassigned	Teo	19
42032353	plus	ppl2	Teo	288
42032132	plus	ppl2	Teo	97
42032574	plus	ppl2	Teo	825
42032621	minus	unassigned	Teo	21
42033158	minus	nbr	B73	33
42032612	plus	ppl2	B73	25
42032136	plus	ppl2	B73	9
42032578	plus	ppl2	B73	28
42032357	plus	ppl2	B73	15
42031945	plus	unassigned	Teo	1
42032010	plus	unassigned	B73	1
42032966	plus	unassigned	B73	21
42031908	minus	unassigned	Teo	4
42033259	plus	unassigned	B73	1
42032757	plus	unassigned	Teo	724
42032320	plus	unassigned	Teo	27
42033132	plus	unassigned	Teo	2
42032843	minus	nbr	B73	108
42031821	plus	ppl2	B73	1
42031693	minus	unassigned	B73	1
42033060	minus	nbr	Teo	4
42031819	plus	ppl2	Teo	15
42032567	plus	unassigned	Teo	34
42032130	plus	unassigned	Teo	11
42031870	minus	unassigned	B73	1
42032092	minus	unassigned	Teo	1
42032598	minus	unassigned	B73	8
42033285	minus	nbr	B73	5
42033064	minus	nbr	B73	45
42032922	plus	unassigned	B73	55
42032581	minus	unassigned	B73	8
42033215	plus	unassigned	B73	3
42033227	minus	nbr	B73	13
42033006	minus	nbr	B73	66
42032713	plus	unassigned	Teo	229
42032647	plus	ppl2	B73	23
42032516	plus	ppl2	Teo	711
42032970	minus	nbr	B73	55
42032775	minus	unassigned	B73	59
42032912	minus	nbr	B73	44
42031838	plus	unassigned	B73	1
42031629	plus	unassigned	Teo	1
42031868	minus	unassigned	B73	1
42032878	minus	nbr	B73	29
42031881	plus	unassigned	Teo	2
42032174	plus	unassigned	Teo	12
42031851	minus	unassigned	B73	1
42031693	plus	ppl2	B73	1
42032004	plus	unassigned	Teo	1
42031899	minus	unassigned	Teo	4
42031856	plus	ppl2	B73	2
42033195	plus	unassigned	B73	4
42031882	minus	unassigned	Teo	3
42032732	plus	unassigned	B73	430
42033025	plus	unassigned	B73	9
42032968	minus	nbr	Teo	4
42032747	minus	nbr	Teo	36
42032523	plus	unassigned	Teo	51
42032619	minus	unassigned	Teo	21
42032602	minus	unassigned	Teo	24
42032756	minus	unassigned	B73	62
42033191	minus	nbr	B73	21
42033354	minus	nbr	B73	3
42033133	minus	nbr	B73	54
42031849	minus	unassigned	B73	1
42032787	minus	unassigned	Teo	3
42031832	minus	unassigned	B73	1
42032390	plus	ppl2	B73	16
42032770	minus	unassigned	Teo	3
42032023	plus	unassigned	B73	1
42032111	plus	ppl2	B73	7
42032553	plus	ppl2	B73	31
42032332	plus	ppl2	B73	12
42033223	minus	nbr	Teo	2
42033002	minus	nbr	Teo	4
42031863	minus	unassigned	Teo	3
42031964	plus	unassigned	B73	1
42032333	plus	unassigned	Teo	26
42033189	minus	nbr	Teo	3
42032643	plus	ppl2	Teo	611
42032776	plus	unassigned	B73	1608
42033069	plus	unassigned	B73	13
42032167	plus	ppl2	Teo	150
42032388	plus	ppl2	Teo	343
42032606	plus	unassigned	B73	2
42032109	plus	ppl2	Teo	64
42033151	plus	unassigned	B73	7
42032916	plus	unassigned	Teo	51
42033209	plus	unassigned	Teo	3
42032874	minus	nbr	Teo	6
42032816	minus	nbr	Teo	20
42032385	minus	unassigned	B73	9
42031852	plus	ppl2	Teo	18
42031631	plus	ppl2	Teo	5
42032586	plus	unassigned	B73	2
42032377	plus	unassigned	Teo	27
42031914	plus	unassigned	Teo	1
42032896	plus	unassigned	Teo	154
42033189	plus	unassigned	Teo	3
42032935	plus	unassigned	B73	30
42033228	plus	unassigned	B73	2
42032726	plus	unassigned	Teo	357
42033260	minus	nbr	B73	7
42031635	plus	ppl2	B73	1
42032579	minus	unassigned	B73	8
42033271	plus	unassigned	Teo	1
42032562	minus	unassigned	B73	10
42033101	plus	unassigned	Teo	2
42032680	plus	ppl2	B73	1
42032593	minus	unassigned	Teo	26
42033095	minus	nbr	Teo	8
42033037	minus	nbr	Teo	4
42032678	plus	ppl2	Teo	5
42031894	plus	unassigned	Teo	2
42032406	minus	unassigned	Teo	22
42031958	plus	unassigned	Teo	1
42033099	minus	nbr	B73	54
42032780	minus	nbr	Teo	33
42032979	plus	unassigned	B73	18
42032943	minus	nbr	Teo	9
42032722	minus	nbr	Teo	33
42032542	plus	unassigned	B73	2
42032543	minus	unassigned	B73	10
42032809	plus	unassigned	B73	2802
42031700	plus	ppl2	Teo	4
42031636	minus	unassigned	B73	2
42032574	minus	unassigned	Teo	25
42032852	plus	unassigned	Teo	1466
42033145	plus	unassigned	Teo	3
42031887	plus	ppl2	Teo	27
42032784	minus	nbr	B73	387
42032947	minus	nbr	B73	54
42032726	minus	nbr	B73	365
42032737	minus	unassigned	B73	69
42032720	minus	unassigned	B73	76
42032768	minus	unassigned	Teo	3
42031977	plus	unassigned	B73	1
42032751	minus	unassigned	Teo	3
42031807	plus	unassigned	B73	1
42032789	plus	unassigned	B73	2359
42031850	plus	unassigned	Teo	1
42031844	minus	unassigned	Teo	3
42033164	minus	nbr	Teo	6
42032619	plus	unassigned	B73	2
42032143	plus	unassigned	Teo	12
42032871	plus	unassigned	B73	2362
42033164	plus	unassigned	B73	4
42032142	plus	ppl2	Teo	104
42032584	plus	ppl2	Teo	798
42032363	plus	ppl2	Teo	328
42032929	plus	unassigned	Teo	11
42032701	plus	unassigned	B73	18
42033202	minus	nbr	B73	16
42033168	minus	nbr	B73	32
42032718	minus	unassigned	B73	77
42032401	plus	ppl2	B73	16
42032622	plus	ppl2	B73	24
42032701	minus	unassigned	B73	26
42032367	plus	ppl2	B73	17
42032146	plus	ppl2	B73	10
42032588	plus	ppl2	B73	25
42032749	minus	unassigned	Teo	3
42032366	minus	unassigned	B73	10
42032732	minus	unassigned	Teo	3
42031793	plus	ppl2	Teo	9
42032397	minus	unassigned	Teo	19
42031825	minus	unassigned	Teo	3
42032380	minus	unassigned	Teo	14
42032853	minus	nbr	B73	86
42032745	plus	unassigned	B73	586
42033038	plus	unassigned	B73	9
42032536	plus	unassigned	Teo	51
42031831	plus	ppl2	B73	2
42031797	plus	ppl2	B73	1
42033120	plus	unassigned	B73	4
42033070	minus	nbr	Teo	7
42031666	plus	ppl2	Teo	3
42031829	plus	ppl2	Teo	15
42032347	minus	unassigned	B73	11
42032330	minus	unassigned	B73	9
42032378	minus	unassigned	Teo	14
42032361	minus	unassigned	Teo	17
42033295	minus	nbr	B73	4
42033074	minus	nbr	B73	54
42032555	plus	unassigned	B73	2
42032346	plus	unassigned	Teo	27
42032865	plus	unassigned	Teo	1218
42033158	plus	unassigned	Teo	3
42032524	minus	unassigned	B73	12
42033106	minus	nbr	Teo	10
42033240	plus	unassigned	Teo	1
42032555	minus	unassigned	Teo	32
42032526	plus	ppl2	Teo	813
42032172	minus	unassigned	B73	5
42032980	minus	nbr	B73	57
42032978	minus	nbr	Teo	4
42032757	minus	nbr	Teo	33
42032599	plus	unassigned	B73	2
42032162	plus	unassigned	B73	2
42031927	plus	unassigned	Teo	1
42032681	plus	unassigned	B73	2
42032948	plus	unassigned	B73	32
42032536	minus	unassigned	Teo	29
42032739	plus	unassigned	Teo	397
42032511	plus	unassigned	B73	2
42032153	minus	unassigned	B73	6
42032821	plus	unassigned	Teo	1481
42033114	plus	unassigned	Teo	2
42033233	minus	nbr	Teo	1
42033012	minus	nbr	Teo	3
42032713	minus	unassigned	Teo	3
42033199	minus	nbr	Teo	3
42032653	plus	ppl2	Teo	96
42031806	minus	unassigned	Teo	3
42032398	plus	ppl2	Teo	339
42032850	minus	unassigned	B73	1
42032134	minus	unassigned	B73	5
42032549	plus	unassigned	Teo	49
42032321	plus	unassigned	B73	2
42032112	plus	unassigned	Teo	4
42033094	plus	unassigned	Teo	2
42032631	plus	unassigned	Teo	30
42032165	minus	unassigned	Teo	9
42033237	minus	nbr	B73	11
42033016	minus	nbr	B73	61
42032657	plus	ppl2	B73	14
42032884	minus	nbr	Teo	5
42032904	plus	unassigned	B73	229
42031641	plus	ppl2	Teo	4
42031862	plus	ppl2	Teo	23
42032328	minus	unassigned	B73	9
42032359	minus	unassigned	Teo	17
42032922	minus	nbr	B73	46
42032342	minus	unassigned	Teo	15
42032888	minus	nbr	B73	26
42031900	plus	ppl2	B73	5
42031866	plus	ppl2	B73	2
42031863	plus	unassigned	Teo	2
42032156	plus	unassigned	Teo	12
42031902	plus	unassigned	B73	1
42032884	plus	unassigned	B73	1253
42033177	plus	unassigned	B73	4
42032714	plus	unassigned	B73	246
42033007	plus	unassigned	B73	9
42032505	plus	unassigned	Teo	1
42032323	minus	unassigned	Teo	14
42033143	minus	nbr	B73	49
42032121	plus	ppl2	B73	8
42032563	plus	ppl2	B73	29
42032342	plus	ppl2	B73	15
42032790	minus	nbr	Teo	25
42031797	minus	unassigned	Teo	3
42032175	plus	unassigned	B73	2
42031503	plus	unassigned	Teo	1
42032005	plus	unassigned	B73	1
42032315	plus	unassigned	Teo	27
42032119	plus	ppl2	Teo	74
42032517	minus	unassigned	Teo	27
42032758	plus	unassigned	B73	1075
42032794	minus	nbr	B73	244
42032840	plus	unassigned	B73	3205
42033133	plus	unassigned	B73	5
42032654	minus	unassigned	B73	3
42032826	minus	nbr	Teo	18
42031804	plus	ppl2	Teo	12
42032848	minus	unassigned	B73	2
42032568	plus	unassigned	B73	2
42032831	minus	unassigned	B73	4
42032115	minus	unassigned	B73	3
42032359	plus	unassigned	Teo	27
42032131	plus	unassigned	B73	3
42033270	minus	nbr	B73	7
42032650	plus	unassigned	B73	2
42031808	plus	ppl2	B73	1
42032878	plus	unassigned	Teo	506
42032917	plus	unassigned	B73	84
42032146	minus	unassigned	Teo	7
42032708	plus	unassigned	Teo	23
42032632	plus	ppl2	B73	23
42032960	plus	unassigned	Teo	1
42033253	plus	unassigned	Teo	1
42033047	minus	nbr	Teo	5
42032829	minus	unassigned	B73	6
42033306	minus	nbr	B73	3
42031876	plus	unassigned	Teo	2
42032812	minus	unassigned	B73	20
42032169	plus	unassigned	Teo	12
42032953	minus	nbr	Teo	9
42032732	minus	nbr	Teo	35
42031905	minus	unassigned	B73	3
42032127	minus	unassigned	Teo	7
42032110	minus	unassigned	Teo	7
42031897	plus	ppl2	Teo	49
42031676	plus	ppl2	Teo	4
42032524	plus	unassigned	B73	2
42032834	plus	unassigned	Teo	1516
42033127	plus	unassigned	Teo	2
42032957	minus	nbr	B73	55
42032736	minus	nbr	B73	372
42031692	plus	unassigned	B73	1
42033174	minus	nbr	Teo	5
42032152	plus	ppl2	Teo	125
42032594	plus	ppl2	Teo	770
42032373	plus	ppl2	Teo	340
42032334	plus	unassigned	B73	2
42032536	plus	ppl2	Teo	840
42032125	plus	unassigned	Teo	5
42032853	plus	unassigned	B73	3331
42033146	plus	unassigned	B73	7
42032644	plus	unassigned	Teo	30
42033212	minus	nbr	B73	16
42033178	minus	nbr	B73	27
42032635	minus	unassigned	B73	9
42032377	plus	ppl2	B73	17
42032156	plus	ppl2	B73	7
42032598	plus	ppl2	B73	27
42032319	plus	ppl2	B73	11
42032409	plus	ppl2	Teo	373
42032144	plus	unassigned	B73	3
42031642	plus	unassigned	Teo	1
42032863	minus	nbr	B73	46
42032805	minus	nbr	B73	220
42031841	plus	ppl2	B73	2
42032897	plus	unassigned	B73	359
42032727	plus	unassigned	B73	400
42032518	plus	unassigned	Teo	51
42033272	plus	unassigned	B73	1
42032770	plus	unassigned	Teo	939
42032616	minus	unassigned	B73	9
42033102	plus	unassigned	B73	6
42033080	minus	nbr	Teo	8
42032600	plus	unassigned	Teo	32
42031839	plus	ppl2	Teo	15
42032647	minus	unassigned	Teo	16
42032663	plus	ppl2	Teo	98
42032630	minus	unassigned	Teo	20
42031895	plus	unassigned	B73	1
42033084	minus	nbr	B73	49
42033247	minus	nbr	B73	8
42033026	minus	nbr	B73	65
42032018	plus	unassigned	B73	1
42032667	plus	ppl2	B73	9
42032537	plus	unassigned	B73	2
42032108	minus	unassigned	Teo	7
42032328	plus	unassigned	Teo	27
42033116	minus	nbr	Teo	10
42033082	plus	unassigned	B73	12
42032580	plus	unassigned	Teo	35
42032847	plus	unassigned	Teo	1465
42032315	plus	ppl2	Teo	179
42032410	plus	unassigned	Teo	24
42031900	minus	unassigned	Teo	4
42033222	plus	unassigned	Teo	1
42032990	minus	nbr	B73	61
42032932	minus	nbr	B73	55
42032711	minus	nbr	B73	114
42032898	minus	nbr	B73	29
42031910	plus	ppl2	B73	5
42032801	minus	nbr	Teo	21
42031876	plus	ppl2	B73	2
42032988	minus	nbr	Teo	3
42032767	minus	nbr	Teo	34
42032709	minus	nbr	Teo	7
42032805	minus	unassigned	Teo	1
42031908	plus	ppl2	Teo	50
42032138	plus	unassigned	Teo	12
42032390	plus	unassigned	Teo	27
42031909	plus	unassigned	Teo	2
42031896	minus	unassigned	B73	2
42032663	plus	unassigned	B73	1
42032973	plus	unassigned	Teo	1
42033266	plus	unassigned	Teo	1
42033153	minus	nbr	B73	38
42032803	plus	unassigned	Teo	1384
42032352	plus	ppl2	B73	15
42032131	plus	ppl2	B73	9
42032573	plus	ppl2	B73	30
42033243	minus	nbr	Teo	1
42033022	minus	nbr	Teo	3
42032605	plus	ppl2	Teo	703
42032403	minus	unassigned	B73	13
42032129	plus	ppl2	Teo	95
42032784	minus	unassigned	B73	58
42031889	plus	unassigned	Teo	2
42031877	minus	unassigned	B73	1
42032099	minus	unassigned	Teo	1
42031971	plus	unassigned	Teo	1
42031860	minus	unassigned	B73	1
42032082	minus	unassigned	Teo	1
42032992	plus	unassigned	B73	10
42032783	plus	unassigned	Teo	1291
42031891	minus	unassigned	Teo	4
42033115	plus	unassigned	B73	4
42032894	minus	nbr	Teo	5
42032609	plus	ppl2	B73	27
42032613	plus	unassigned	Teo	32
42032836	minus	nbr	Teo	16
42031872	plus	ppl2	Teo	24
42031651	plus	ppl2	Teo	5
42031814	plus	ppl2	Teo	14
42032628	minus	unassigned	Teo	21
42032611	minus	unassigned	Teo	22
42033280	minus	nbr	B73	6
42031818	plus	ppl2	B73	1
42032347	plus	unassigned	B73	2
42033057	minus	nbr	Teo	6
42032866	plus	unassigned	B73	2500
42032511	plus	ppl2	Teo	379
42033159	plus	unassigned	B73	4
42032657	plus	unassigned	Teo	2
42032609	minus	unassigned	Teo	22
42033241	plus	unassigned	B73	2
42032590	minus	unassigned	B73	8
42033316	minus	nbr	B73	3
42031683	minus	unassigned	B73	1
42032515	plus	ppl2	B73	26
42032963	minus	nbr	Teo	6
42032742	minus	nbr	Teo	34
42032157	plus	unassigned	B73	2
42031686	plus	ppl2	Teo	4
42032676	plus	unassigned	B73	2
42033051	plus	unassigned	B73	12
42032967	minus	nbr	B73	55
42032746	minus	nbr	B73	390
42032816	plus	unassigned	Teo	1481
42033109	plus	unassigned	Teo	2
42032588	minus	unassigned	B73	8
42031503	plus	ppl2	B73	2
42032571	minus	unassigned	B73	6
42032822	plus	unassigned	B73	2947
42031695	minus	unassigned	Teo	2
42033184	minus	nbr	Teo	4
42032383	plus	ppl2	Teo	349
42032162	plus	ppl2	Teo	143
42032765	minus	unassigned	B73	60
42031990	plus	unassigned	B73	1
42031858	minus	unassigned	B73	1
42033222	minus	nbr	B73	15
42033001	minus	nbr	B73	61
42032796	minus	unassigned	Teo	1
42031820	plus	unassigned	B73	1
42031841	minus	unassigned	B73	1
42032113	plus	unassigned	B73	1
42033188	minus	nbr	B73	24
42031889	minus	unassigned	Teo	4
42032642	plus	ppl2	B73	23
42033095	plus	unassigned	B73	7
42032593	plus	unassigned	Teo	34
42032632	plus	unassigned	B73	3
42031872	minus	unassigned	Teo	3
42032166	plus	ppl2	B73	11
42032387	plus	ppl2	B73	17
42032942	plus	unassigned	Teo	10
42033235	plus	unassigned	Teo	1
42032873	minus	nbr	B73	32
42032746	minus	unassigned	B73	68
42031851	plus	ppl2	B73	2
42031630	plus	ppl2	B73	2
42031839	minus	unassigned	B73	1
42032777	minus	unassigned	Teo	3
42032905	minus	nbr	Teo	5
42032394	minus	unassigned	B73	10
42031858	plus	unassigned	Teo	1
42032760	minus	unassigned	Teo	3
42031940	plus	unassigned	Teo	1
42031853	minus	unassigned	Teo	3
42033090	minus	nbr	Teo	7
42031628	plus	ppl2	Teo	5
42031849	plus	ppl2	Teo	18
42032752	plus	unassigned	Teo	508
42032909	minus	nbr	B73	44
42033094	minus	nbr	B73	54
42032727	minus	unassigned	B73	74
42032758	minus	unassigned	Teo	3
42032375	minus	unassigned	B73	10
42033126	minus	nbr	Teo	10
42031674	plus	unassigned	B73	1
42032546	plus	ppl2	Teo	843
42032325	plus	ppl2	Teo	197
42031984	plus	unassigned	Teo	1
42032316	plus	unassigned	B73	2
42032107	plus	unassigned	Teo	4
42032796	plus	unassigned	Teo	1381
42033089	plus	unassigned	Teo	2
42032835	plus	unassigned	B73	3130
42033128	plus	unassigned	B73	4
42032626	plus	unassigned	Teo	31
42032569	minus	unassigned	B73	6
42033171	plus	unassigned	Teo	3
42033210	plus	unassigned	B73	3
42032811	minus	nbr	Teo	19
42032552	minus	unassigned	B73	11
42032108	plus	ppl2	B73	7
42032329	plus	ppl2	B73	12
42032998	minus	nbr	Teo	5
42032777	minus	nbr	Teo	34
42032583	minus	unassigned	Teo	26
42032815	minus	nbr	B73	206
42031833	plus	unassigned	B73	1
42032126	plus	unassigned	B73	1
42033190	plus	unassigned	B73	4
42032879	plus	unassigned	B73	1348
42032533	minus	unassigned	B73	11
42032709	plus	unassigned	B73	184
42033253	minus	nbr	Teo	1
42033032	minus	nbr	Teo	4
42032961	plus	unassigned	B73	22
42033254	plus	unassigned	B73	2
42032564	minus	unassigned	Teo	30
42032673	plus	ppl2	Teo	5
42033257	minus	nbr	B73	7
42033036	minus	nbr	B73	67
42032710	minus	unassigned	B73	77
42032677	plus	ppl2	B73	1
42032619	plus	ppl2	B73	24
42032741	minus	unassigned	Teo	3
42032689	plus	unassigned	B73	1
42031882	plus	ppl2	Teo	26
42031661	plus	ppl2	Teo	4
42031834	minus	unassigned	Teo	3
42032519	plus	unassigned	B73	2
42032771	plus	unassigned	B73	1376
42033064	plus	unassigned	B73	13
42032562	plus	unassigned	Teo	40
42032601	plus	unassigned	B73	2
42032162	minus	unassigned	B73	6
42032829	plus	unassigned	Teo	1504
42032942	minus	nbr	B73	55
42032721	minus	nbr	B73	354
42032911	plus	unassigned	Teo	67
42033204	plus	unassigned	Teo	3
42031886	plus	ppl2	B73	2
42031828	plus	ppl2	B73	2
42032708	minus	unassigned	B73	77
42032719	minus	nbr	Teo	33
42032739	minus	unassigned	Teo	3
42031687	plus	unassigned	B73	1
42032356	minus	unassigned	B73	11
42032722	minus	unassigned	Teo	3
42031997	plus	unassigned	Teo	1
42032387	minus	unassigned	Teo	15
42031815	minus	unassigned	Teo	3
42032370	minus	unassigned	Teo	11
42032372	plus	unassigned	Teo	27
42033184	plus	unassigned	Teo	3
42032645	plus	unassigned	B73	3
42033163	minus	nbr	B73	33
42033326	minus	nbr	B73	3
42033105	minus	nbr	B73	55
42032955	plus	unassigned	Teo	2
42032583	plus	ppl2	B73	28
42032362	plus	ppl2	B73	17
42032141	plus	ppl2	B73	9
42033248	plus	unassigned	Teo	1
42033020	plus	unassigned	B73	8
42032525	plus	ppl2	B73	31
42032615	plus	ppl2	Teo	677
42032337	minus	unassigned	B73	10
42032703	minus	unassigned	Teo	3
42032139	plus	ppl2	Teo	104
42032320	minus	unassigned	B73	8
42032368	minus	unassigned	Teo	11
42032351	minus	unassigned	Teo	14
42031794	minus	unassigned	B73	1
42032977	minus	nbr	B73	57
42031792	plus	ppl2	B73	1
42031953	plus	unassigned	Teo	1
42032846	minus	nbr	Teo	15
42032974	plus	unassigned	B73	20
42033267	plus	unassigned	B73	1
42032765	plus	unassigned	Teo	846
42032804	plus	unassigned	B73	2731
42031824	plus	ppl2	Teo	15
42032514	minus	unassigned	B73	12
42033140	plus	unassigned	Teo	3
42032545	minus	unassigned	Teo	33
42032699	minus	unassigned	B73	18
42033290	minus	nbr	B73	5
42033232	minus	nbr	B73	12
42032652	plus	ppl2	B73	14
42033101	minus	nbr	Teo	9
42033067	minus	nbr	Teo	7
42032521	plus	ppl2	Teo	766
42032575	plus	unassigned	Teo	34
42032329	plus	unassigned	B73	2
42032581	plus	unassigned	B73	2
42032526	minus	unassigned	Teo	30
42032848	plus	unassigned	B73	3215
42032143	minus	unassigned	B73	6
42032639	plus	unassigned	Teo	30
42032891	plus	unassigned	Teo	212
42032930	plus	unassigned	B73	37
42033223	plus	unassigned	B73	2
42032721	plus	unassigned	Teo	306
42032174	minus	unassigned	Teo	9
42031861	plus	ppl2	B73	2
42032973	minus	nbr	Teo	4
42032752	minus	nbr	Teo	36
42032915	minus	nbr	Teo	7
42031696	plus	ppl2	Teo	4
42031859	plus	ppl2	Teo	22
42031846	plus	unassigned	B73	1
42032139	plus	unassigned	B73	3
42031637	plus	unassigned	Teo	1
42032857	minus	unassigned	B73	1
42032658	plus	unassigned	B73	2
42032756	minus	nbr	B73	392
42032840	minus	unassigned	B73	4
42032124	minus	unassigned	B73	5
42032919	minus	nbr	B73	46
42032968	plus	unassigned	Teo	1
42032740	plus	unassigned	B73	482
42033033	plus	unassigned	B73	9
42032155	minus	unassigned	Teo	9
42032531	plus	unassigned	Teo	51
42033194	minus	nbr	Teo	3
42033136	minus	nbr	Teo	10
42032393	plus	ppl2	Teo	342
42032172	plus	ppl2	Teo	172
42032114	plus	ppl2	Teo	68
42032556	plus	ppl2	Teo	832
42032318	minus	unassigned	B73	7
42032335	plus	ppl2	Teo	238
42032349	minus	unassigned	Teo	13
42032332	minus	unassigned	Teo	15
42032838	minus	unassigned	B73	4
42033011	minus	nbr	B73	63
42033198	minus	nbr	B73	16
42031972	plus	unassigned	B73	1
42032821	minus	nbr	Teo	18
42032176	plus	ppl2	B73	11
42031802	plus	unassigned	B73	1
42032397	plus	ppl2	B73	16
42032339	plus	ppl2	B73	15
42032118	plus	ppl2	B73	7
42032784	plus	unassigned	B73	2330
42033077	plus	unassigned	B73	13
42033009	minus	nbr	Teo	4
42032614	plus	unassigned	B73	2
42032405	plus	unassigned	Teo	25
42032924	plus	unassigned	Teo	24
42033217	plus	unassigned	Teo	3
42032883	minus	nbr	B73	27
42032825	minus	nbr	B73	134
42032663	minus	unassigned	B73	1
42031803	plus	ppl2	B73	1
42032313	minus	unassigned	Teo	1
42033042	minus	nbr	Teo	4
42031638	plus	ppl2	Teo	4
42032594	plus	unassigned	B73	2
42032385	plus	unassigned	Teo	27
42031922	plus	unassigned	Teo	1
42033197	plus	unassigned	Teo	3
42033236	plus	unassigned	B73	2
42032734	plus	unassigned	Teo	382
42033301	minus	nbr	B73	4
42033267	minus	nbr	B73	7
42033046	minus	nbr	B73	68
42032644	minus	unassigned	B73	9
42031892	plus	ppl2	Teo	47
42032952	minus	nbr	B73	55
42032731	minus	nbr	B73	373
42031966	plus	unassigned	Teo	1
42032821	minus	unassigned	B73	9
42032105	minus	unassigned	B73	3
42032987	plus	unassigned	B73	12
42032778	plus	unassigned	Teo	1126
42032550	plus	unassigned	B73	2
42031896	plus	ppl2	B73	5
42032136	minus	unassigned	Teo	7
42031675	plus	ppl2	B73	1
42032817	plus	unassigned	B73	2881
42032341	plus	unassigned	Teo	26
42032608	plus	unassigned	Teo	32
42032787	minus	nbr	Teo	33
42032860	plus	unassigned	Teo	1374
42033153	plus	unassigned	Teo	3
42032729	minus	nbr	Teo	34
42032819	minus	unassigned	B73	9
42031985	plus	unassigned	B73	1
42033173	minus	nbr	B73	30
42032802	minus	unassigned	B73	26
42031815	plus	unassigned	B73	1
42032108	plus	unassigned	B73	1
42032797	plus	unassigned	B73	2490
42032151	plus	ppl2	B73	10
42032588	plus	unassigned	Teo	35
42032593	plus	ppl2	B73	27
42032372	plus	ppl2	B73	16
42032627	plus	unassigned	B73	3
42032151	plus	unassigned	Teo	12
42032117	minus	unassigned	Teo	7
42032100	minus	unassigned	Teo	1
42033205	minus	nbr	Teo	3
42033172	plus	unassigned	B73	4
42032937	plus	unassigned	Teo	10
42033002	plus	unassigned	B73	9
42032404	plus	ppl2	Teo	380
42032625	plus	ppl2	Teo	644
42032943	plus	unassigned	B73	35
42032149	plus	ppl2	Teo	128
42033209	minus	nbr	B73	16
42032629	plus	ppl2	B73	23
42032408	plus	ppl2	B73	16
42032856	minus	nbr	Teo	13
42031671	plus	ppl2	Teo	4
42031834	plus	ppl2	Teo	15
42031907	minus	unassigned	Teo	4
42032753	plus	unassigned	B73	747
42033046	plus	unassigned	B73	9
42032544	plus	unassigned	Teo	51
42031838	plus	ppl2	B73	2
42032625	minus	unassigned	B73	9
42033111	minus	nbr	Teo	10
42033077	minus	nbr	Teo	8
42032531	plus	ppl2	Teo	848
42032793	minus	unassigned	B73	33
42031979	plus	unassigned	Teo	1
42031886	minus	unassigned	B73	2
42032563	plus	unassigned	B73	2
42032354	plus	unassigned	Teo	27
42032091	minus	unassigned	Teo	1
42033336	minus	nbr	B73	3
42033115	minus	nbr	B73	54
42032873	plus	unassigned	Teo	918
42033166	plus	unassigned	Teo	3
42032314	plus	ppl2	B73	11
42032535	plus	ppl2	B73	32
42032983	minus	nbr	Teo	3
42032762	minus	nbr	Teo	34
42032606	minus	unassigned	B73	8
42032637	minus	unassigned	Teo	19
42032620	minus	unassigned	Teo	21
42032800	minus	nbr	B73	241
42032987	minus	nbr	B73	58
42032766	minus	nbr	B73	392
42031795	plus	unassigned	B73	1
42032398	plus	unassigned	Teo	25
42032170	plus	unassigned	B73	2
42031935	plus	unassigned	Teo	1
42032000	plus	unassigned	B73	1
42032956	plus	unassigned	B73	24
42033249	plus	unassigned	B73	2
42032747	plus	unassigned	Teo	498
42032618	minus	unassigned	Teo	21
42033122	plus	unassigned	Teo	2
42033242	minus	nbr	B73	8
42033021	minus	nbr	B73	63
42031692	minus	unassigned	B73	1
42032662	plus	ppl2	B73	13
42033019	minus	nbr	Teo	3
42032557	plus	unassigned	Teo	44
42032120	plus	unassigned	Teo	4
42032893	minus	nbr	B73	25
42032597	minus	unassigned	B73	8
42031871	plus	ppl2	B73	2
42032912	plus	unassigned	B73	157
42032580	minus	unassigned	B73	8
42033205	plus	unassigned	B73	3
42032703	plus	unassigned	Teo	22
42032925	minus	nbr	Teo	7
42031903	plus	ppl2	Teo	48
42031869	plus	ppl2	Teo	24
42031648	plus	ppl2	Teo	5
42031998	plus	unassigned	B73	1
42032774	minus	unassigned	B73	59
42031828	plus	unassigned	B73	1
42032929	minus	nbr	B73	52
42032708	minus	nbr	B73	16
42031867	minus	unassigned	B73	1
42031871	plus	unassigned	Teo	2
42032089	minus	unassigned	Teo	1
42031910	plus	unassigned	B73	1
42031850	minus	unassigned	B73	1
42032164	plus	unassigned	Teo	12
42031907	plus	ppl2	B73	5
42032892	plus	unassigned	B73	559
42031898	minus	unassigned	Teo	4
42033185	plus	unassigned	B73	4
42032722	plus	unassigned	B73	338
42031881	minus	unassigned	Teo	3
42033015	plus	unassigned	B73	8
42032513	plus	unassigned	Teo	51
42033146	minus	nbr	Teo	7
42032600	plus	ppl2	Teo	743
42032345	plus	ppl2	Teo	261
42032124	plus	ppl2	Teo	75
42032566	plus	ppl2	Teo	836
42032601	minus	unassigned	Teo	26
42032755	minus	unassigned	B73	62
42031848	minus	unassigned	B73	1
42032786	minus	unassigned	Teo	3
42032604	plus	ppl2	B73	27
42032831	minus	nbr	Teo	16
42031831	minus	unassigned	B73	1
42031948	plus	unassigned	Teo	1
42032013	plus	unassigned	B73	1
42032349	plus	ppl2	B73	15
42031879	minus	unassigned	Teo	3
42032128	plus	ppl2	B73	8
42032797	minus	nbr	Teo	23
42031862	minus	unassigned	Teo	3
42032323	plus	unassigned	Teo	27
42032766	plus	unassigned	B73	1233
42033059	plus	unassigned	B73	13
42033141	plus	unassigned	B73	7
42032906	plus	unassigned	Teo	81
42032835	minus	nbr	B73	118
42031813	plus	ppl2	B73	1
42032384	minus	unassigned	B73	9
42033052	minus	nbr	Teo	6
42032635	plus	ppl2	Teo	624
42032576	plus	unassigned	B73	2
42032367	plus	unassigned	Teo	27
42031904	plus	unassigned	Teo	2
42032886	plus	unassigned	Teo	314
42033179	plus	unassigned	Teo	3
42032925	plus	unassigned	B73	53
42033311	minus	nbr	B73	3
42033218	plus	unassigned	B73	3
42032716	plus	unassigned	Teo	261
42032578	minus	unassigned	B73	8
42033261	plus	unassigned	Teo	1
42033277	minus	nbr	B73	6
42033056	minus	nbr	B73	56
42033219	minus	nbr	B73	16
42032561	minus	unassigned	B73	10
42032639	plus	ppl2	B73	23
42032592	minus	unassigned	Teo	26
42031681	plus	ppl2	Teo	4
42032962	minus	nbr	B73	55
42032741	minus	nbr	B73	381
42031884	plus	unassigned	Teo	2
42032904	minus	nbr	B73	37
42032177	plus	unassigned	Teo	1
42032405	minus	unassigned	Teo	22
42031685	plus	ppl2	B73	1
42031627	plus	ppl2	B73	2
42031848	plus	ppl2	B73	2
42032559	minus	unassigned	B73	11
42032969	plus	unassigned	B73	21
42032739	minus	nbr	Teo	34
42032542	minus	unassigned	B73	10
42032532	plus	unassigned	B73	2
42031635	minus	unassigned	B73	2
42032573	minus	unassigned	Teo	25
42032842	plus	unassigned	Teo	1535
42033135	plus	unassigned	Teo	2
42032736	minus	unassigned	B73	69
42033183	minus	nbr	B73	26
42033346	minus	nbr	B73	3
42033125	minus	nbr	B73	54
42031829	minus	unassigned	B73	1
42032767	minus	unassigned	Teo	3
42032382	plus	ppl2	B73	17
42032161	plus	ppl2	B73	10
42031967	plus	unassigned	B73	1
42032545	plus	ppl2	B73	32
42032324	plus	ppl2	B73	11
42032750	minus	unassigned	Teo	3
42033215	minus	nbr	Teo	3
42032779	plus	unassigned	B73	1741
42032342	plus	unassigned	B73	2
42031843	minus	unassigned	Teo	3
42032609	plus	unassigned	B73	2
42032133	plus	unassigned	Teo	12
42032861	plus	unassigned	B73	3070
42033154	plus	unassigned	B73	7
42032652	plus	unassigned	Teo	2
42032919	plus	unassigned	Teo	24
42032159	plus	ppl2	Teo	144
42032810	minus	nbr	B73	219
42032997	minus	nbr	B73	63
42032776	minus	nbr	B73	394
42032900	minus	nbr	Teo	5
42032717	minus	unassigned	B73	77
42032866	minus	nbr	Teo	6
42032700	minus	unassigned	B73	22
42032808	minus	nbr	Teo	20
42032748	minus	unassigned	Teo	3
42032365	minus	unassigned	B73	10
42031844	plus	ppl2	Teo	17
42032731	minus	unassigned	Teo	3
42031824	minus	unassigned	Teo	3
42032396	minus	unassigned	Teo	18
42033198	plus	unassigned	B73	4
42032735	plus	unassigned	B73	438
42033028	plus	unassigned	B73	9
42032526	plus	unassigned	Teo	51
42033252	minus	nbr	B73	8
42033031	minus	nbr	B73	65
42033110	plus	unassigned	B73	4
42032672	plus	ppl2	B73	4
42033121	minus	nbr	Teo	10
42033087	minus	nbr	Teo	7
42032320	plus	ppl2	Teo	186
42032541	plus	ppl2	Teo	837
42033029	minus	nbr	Teo	4
42032346	minus	unassigned	B73	11
42032377	minus	unassigned	Teo	14
42032360	minus	unassigned	Teo	17
42032026	plus	unassigned	B73	1
42031881	plus	ppl2	B73	2
42032545	plus	unassigned	B73	2
42032336	plus	unassigned	Teo	26
42032993	minus	nbr	Teo	3
42032772	minus	nbr	Teo	34
42033090	plus	unassigned	B73	9
42032935	minus	nbr	Teo	8
42032714	minus	nbr	Teo	23
42032855	plus	unassigned	Teo	1429
42033148	plus	unassigned	Teo	3
42032523	minus	unassigned	B73	13
42033230	plus	unassigned	Teo	1
42031658	plus	ppl2	Teo	5
42031879	plus	ppl2	Teo	26
42032554	minus	unassigned	Teo	33
42032171	minus	unassigned	B73	5
42032939	minus	nbr	B73	54
42032718	minus	nbr	B73	333
42032146	plus	unassigned	Teo	12
42032589	plus	unassigned	B73	2
42033156	minus	nbr	Teo	7
42032610	plus	ppl2	Teo	700
42032152	plus	unassigned	B73	3
42031917	plus	unassigned	Teo	1
42032671	plus	unassigned	B73	2
42032576	plus	ppl2	Teo	820
42032169	minus	unassigned	B73	5
42032899	plus	unassigned	Teo	126
42032355	plus	ppl2	Teo	305
42032134	plus	ppl2	Teo	98
42032938	plus	unassigned	B73	32
42032535	minus	unassigned	Teo	29
42032729	plus	unassigned	Teo	367
42032152	minus	unassigned	B73	6
42033274	plus	unassigned	Teo	1
42032811	plus	unassigned	Teo	1374
42033104	plus	unassigned	Teo	2
42032614	plus	ppl2	B73	25
42032841	minus	nbr	Teo	16
42032138	plus	ppl2	B73	9
42032359	plus	ppl2	B73	15
42032729	minus	unassigned	Teo	3
42032712	minus	unassigned	Teo	3
42031897	plus	unassigned	Teo	2
42031805	minus	unassigned	Teo	3
42032748	plus	unassigned	B73	697
42032133	minus	unassigned	B73	5
42032539	plus	unassigned	Teo	51
42032845	minus	nbr	B73	107
42032791	plus	unassigned	Teo	1376
42033123	plus	unassigned	B73	4
42032621	plus	unassigned	Teo	31
42031823	plus	ppl2	B73	1
42032164	minus	unassigned	Teo	9
42031789	plus	ppl2	B73	1
42033062	minus	nbr	Teo	6
42032327	minus	unassigned	B73	9
42032358	minus	unassigned	Teo	16
42032341	minus	unassigned	Teo	15
42033321	minus	nbr	B73	3
42033100	minus	nbr	B73	54
42033287	minus	nbr	B73	5
42033066	minus	nbr	B73	47
42032520	plus	ppl2	B73	28
42031853	plus	unassigned	Teo	1
42032874	plus	unassigned	B73	2116
42033167	plus	unassigned	B73	4
42032704	plus	unassigned	B73	74
42031691	plus	ppl2	Teo	4
42032518	plus	ppl2	Teo	766
42032972	minus	nbr	B73	56
42032751	minus	nbr	B73	396
42032339	minus	unassigned	Teo	15
42032322	minus	unassigned	Teo	14
42031695	plus	ppl2	B73	1
42031796	minus	unassigned	Teo	3
42032749	minus	nbr	Teo	36
42032165	plus	unassigned	B73	2
42032684	plus	unassigned	B73	2
42032516	minus	unassigned	Teo	27
42033117	plus	unassigned	Teo	2
42032830	plus	unassigned	B73	3050
42033193	minus	nbr	B73	19
42032653	minus	unassigned	B73	3
42032392	plus	ppl2	B73	17
42032171	plus	ppl2	B73	12
42033225	minus	nbr	Teo	2
42033004	minus	nbr	Teo	4
42032645	plus	ppl2	Teo	608
42032169	plus	ppl2	Teo	174
42032847	minus	unassigned	B73	2
42032558	plus	unassigned	B73	2
42032830	minus	unassigned	B73	4
42032121	plus	unassigned	B73	1
42032114	minus	unassigned	B73	3
42032349	plus	unassigned	Teo	27
42032640	plus	unassigned	B73	3
42032868	plus	unassigned	Teo	1016
42033229	minus	nbr	B73	13
42033008	minus	nbr	B73	66
42032907	plus	unassigned	B73	186
42032145	minus	unassigned	Teo	7
42032910	minus	nbr	Teo	5
42032950	plus	unassigned	Teo	9
42032649	plus	ppl2	B73	21
42033243	plus	unassigned	Teo	1
42032876	minus	nbr	Teo	6
42031633	plus	ppl2	Teo	5
42031854	plus	ppl2	Teo	18
42032914	minus	nbr	B73	46
42032828	minus	unassigned	B73	8
42031866	plus	unassigned	Teo	2
42032811	minus	unassigned	B73	20
42032159	plus	unassigned	Teo	12
42031637	plus	ppl2	B73	1
42031858	plus	ppl2	B73	2
42031904	minus	unassigned	B73	3
42032126	minus	unassigned	Teo	7
42032508	plus	unassigned	Teo	1
42033131	minus	nbr	Teo	10
42032760	plus	unassigned	Teo	786
42032514	plus	unassigned	B73	2
42033097	minus	nbr	Teo	9
42032551	plus	ppl2	Teo	853
42032330	plus	ppl2	Teo	206
42032824	plus	unassigned	Teo	1487
42033356	minus	nbr	B73	2
42033135	minus	nbr	B73	53
42032113	plus	ppl2	B73	7
42032555	plus	ppl2	B73	30
42032334	plus	ppl2	B73	13
42032782	minus	nbr	Teo	33
42031682	plus	unassigned	B73	1
42031992	plus	unassigned	Teo	1
42032324	plus	unassigned	B73	2
42032115	plus	unassigned	Teo	4
42033097	plus	unassigned	Teo	2
42032843	plus	unassigned	B73	3266
42033136	plus	unassigned	B73	7
42032820	minus	nbr	B73	131
42032634	plus	unassigned	Teo	30
42032786	minus	nbr	B73	380
42032634	minus	unassigned	B73	9
42032818	minus	nbr	Teo	17
42031841	plus	unassigned	B73	1
42032134	plus	unassigned	B73	3
42031632	plus	unassigned	Teo	1
42031905	plus	unassigned	B73	1
42033262	minus	nbr	B73	7
42033041	minus	nbr	B73	65
42033204	minus	nbr	B73	14
42032887	plus	unassigned	B73	773
42032717	plus	unassigned	B73	289
42032682	plus	ppl2	B73	1
42032403	plus	ppl2	B73	17
42032624	plus	ppl2	B73	24
42033262	plus	unassigned	B73	1
42032615	minus	unassigned	B73	9
42033039	minus	nbr	Teo	4
42032646	minus	unassigned	Teo	17
42032809	minus	unassigned	B73	22
42032008	plus	unassigned	B73	1
42032945	minus	nbr	Teo	9
42032724	minus	nbr	Teo	34
42032697	plus	unassigned	B73	3
42032107	minus	unassigned	Teo	7
42032527	plus	unassigned	B73	2
42032318	plus	unassigned	Teo	27
42033072	plus	unassigned	B73	13
42032570	plus	unassigned	Teo	34
42032837	plus	unassigned	Teo	1523
42031668	plus	ppl2	Teo	4
42031889	plus	ppl2	Teo	27
42032400	plus	unassigned	Teo	25
42033212	plus	unassigned	Teo	3
42032949	minus	nbr	B73	54
42032728	minus	nbr	B73	368
42033331	minus	nbr	B73	3
42032530	plus	ppl2	B73	33
42031695	plus	unassigned	B73	1
42033200	minus	nbr	Teo	3
42033166	minus	nbr	Teo	5
42032804	minus	unassigned	Teo	1
42032620	plus	ppl2	Teo	651
42032128	plus	unassigned	Teo	11
42032380	plus	unassigned	Teo	27
42032144	plus	ppl2	Teo	115
42032586	plus	ppl2	Teo	777
42032365	plus	ppl2	Teo	326
42032528	plus	ppl2	Teo	852
42033192	plus	unassigned	Teo	3
42031895	minus	unassigned	B73	2
42032653	plus	unassigned	B73	2
42032963	plus	unassigned	Teo	1
42033256	plus	unassigned	Teo	1
42032851	minus	nbr	Teo	13
42032369	plus	ppl2	B73	18
42032148	plus	ppl2	B73	10
42031795	plus	ppl2	Teo	9
42032402	minus	unassigned	B73	13
42031879	plus	unassigned	Teo	2
42032783	minus	unassigned	B73	59
42032855	minus	nbr	B73	85
42031876	minus	unassigned	B73	1
42031961	plus	unassigned	Teo	1
42032098	minus	unassigned	Teo	1
42031833	plus	ppl2	B73	2
42032982	plus	unassigned	B73	15
42032773	plus	unassigned	Teo	941
42031799	plus	ppl2	B73	1
42031890	minus	unassigned	Teo	4
42032812	plus	unassigned	B73	2807
42033105	plus	unassigned	B73	4
42032603	plus	unassigned	Teo	32
42033072	minus	nbr	Teo	7
42033235	minus	nbr	Teo	1
42032627	minus	unassigned	Teo	21
42032655	plus	ppl2	Teo	99
42032610	minus	unassigned	Teo	22
42032764	minus	unassigned	B73	61
42033110	minus	nbr	B73	54
42031857	minus	unassigned	B73	1
42033297	minus	nbr	B73	4
42033076	minus	nbr	B73	53
42032795	minus	unassigned	Teo	1
42033239	minus	nbr	B73	11
42033018	minus	nbr	B73	62
42032920	minus	nbr	Teo	7
42031888	minus	unassigned	Teo	4
42032659	plus	ppl2	B73	14
42032337	plus	unassigned	B73	2
42033108	minus	nbr	Teo	10
42032856	plus	unassigned	B73	3209
42033149	plus	unassigned	B73	7
42032647	plus	unassigned	Teo	30
42032608	minus	unassigned	Teo	23
42033231	plus	unassigned	B73	2
42032982	minus	nbr	B73	56
42032761	minus	nbr	B73	393
42032924	minus	nbr	B73	46
42031902	plus	ppl2	B73	5
42031699	minus	unassigned	B73	1
42031682	minus	unassigned	B73	1
42031868	plus	ppl2	B73	2
42032759	minus	nbr	Teo	33
42032147	plus	unassigned	B73	3
42032561	plus	ppl2	Teo	832
42032340	plus	ppl2	Teo	239
42032666	plus	unassigned	B73	2
42032976	plus	unassigned	Teo	1
42033269	plus	unassigned	Teo	1
42033041	plus	unassigned	B73	9
42032806	plus	unassigned	Teo	1373
42032587	minus	unassigned	B73	8
42033145	minus	nbr	B73	43
42032570	minus	unassigned	B73	6
42032344	plus	ppl2	B73	15
42032123	plus	ppl2	B73	8
42032565	plus	ppl2	B73	29
42033014	minus	nbr	Teo	3
42031898	plus	unassigned	B73	1
42032830	minus	nbr	B73	122
42032796	minus	nbr	B73	244
42031980	plus	unassigned	B73	1
42031810	plus	unassigned	B73	1
42031840	minus	unassigned	B73	1
42032792	plus	unassigned	B73	2461
42032568	minus	unassigned	B73	6
42033085	plus	unassigned	B73	11
42032583	plus	unassigned	Teo	35
42032886	minus	nbr	Teo	5
42032622	plus	unassigned	B73	3
42031871	minus	unassigned	Teo	4
42032828	minus	nbr	Teo	18
42032413	plus	unassigned	Teo	1
42032599	minus	unassigned	Teo	26
42031643	plus	ppl2	Teo	4
42031864	plus	ppl2	Teo	24
42032932	plus	unassigned	Teo	10
42031806	plus	ppl2	Teo	13
42033225	plus	unassigned	Teo	1
42032745	minus	unassigned	B73	68
42033272	minus	nbr	B73	7
42033051	minus	nbr	B73	63
42031790	plus	unassigned	B73	1
42031838	minus	unassigned	B73	1
42032776	minus	unassigned	Teo	3
42032393	minus	unassigned	B73	10
42031848	plus	unassigned	Teo	1
42031869	minus	unassigned	Teo	4
42033141	minus	nbr	Teo	10
42032869	plus	unassigned	B73	2370
42032393	plus	unassigned	Teo	25
42031930	plus	unassigned	Teo	1
42031852	minus	unassigned	Teo	3
42033049	minus	nbr	Teo	5
42033244	plus	unassigned	B73	2
42032742	plus	unassigned	Teo	410
42033308	minus	nbr	B73	3
42031680	plus	ppl2	B73	1
42032726	minus	unassigned	B73	75
42032792	minus	nbr	Teo	25
42032955	minus	nbr	Teo	9
42032734	minus	nbr	Teo	35
42032757	minus	unassigned	Teo	3
42032374	minus	unassigned	B73	10
42032740	minus	unassigned	Teo	3
42031899	plus	ppl2	Teo	48
42031678	plus	ppl2	Teo	4
42031833	minus	unassigned	Teo	3
42031974	plus	unassigned	Teo	1
42032995	plus	unassigned	B73	9
42032786	plus	unassigned	Teo	1335
42032959	minus	nbr	B73	56
42032738	minus	nbr	B73	376
42032825	plus	unassigned	B73	2981
42033118	plus	unassigned	B73	4
42032616	plus	unassigned	Teo	32
42033161	plus	unassigned	Teo	3
42033200	plus	unassigned	B73	4
42032551	minus	unassigned	B73	11
42033210	minus	nbr	Teo	3
42032582	minus	unassigned	Teo	26
42033176	minus	nbr	Teo	4
42032630	plus	ppl2	Teo	630
42032375	plus	ppl2	Teo	344
42032154	plus	ppl2	Teo	130
42032596	plus	ppl2	Teo	752
42031993	plus	unassigned	B73	1
42031823	plus	unassigned	B73	1
42032116	plus	unassigned	B73	1
42033214	minus	nbr	B73	16
42033098	plus	unassigned	B73	6
42032596	plus	unassigned	Teo	34
42032634	plus	ppl2	B73	23
42033180	plus	unassigned	B73	4
42032861	minus	nbr	Teo	6
42032549	minus	unassigned	B73	11
42033238	plus	unassigned	Teo	1
42033010	plus	unassigned	B73	9
42032379	plus	ppl2	B73	17
42032158	plus	ppl2	B73	7
42032532	minus	unassigned	B73	11
42032951	plus	unassigned	B73	30
42032563	minus	unassigned	Teo	30
42032865	minus	nbr	B73	46
42031843	plus	ppl2	B73	2
42032679	plus	unassigned	B73	2
42033082	minus	nbr	Teo	8
42032513	minus	unassigned	B73	12
42032761	plus	unassigned	B73	1120
42033054	plus	unassigned	B73	12
42032544	minus	unassigned	Teo	32
42032552	plus	unassigned	Teo	48
42032819	plus	unassigned	Teo	1472
42032161	minus	unassigned	B73	6
42032901	plus	unassigned	Teo	118
42033341	minus	nbr	B73	3
42033120	minus	nbr	B73	56
42033086	minus	nbr	B73	50
42032540	plus	ppl2	B73	32
42032707	minus	unassigned	B73	77
42032738	minus	unassigned	Teo	3
42031677	plus	unassigned	B73	1
42032355	minus	unassigned	B73	11
42033118	minus	nbr	Teo	10
42032721	minus	unassigned	Teo	3
42031987	plus	unassigned	Teo	1
42032538	plus	ppl2	Teo	838
42032386	minus	unassigned	Teo	14
42032317	plus	ppl2	Teo	181
42031814	minus	unassigned	Teo	3
42032319	plus	unassigned	B73	2
42032799	plus	unassigned	Teo	1361
42032571	plus	unassigned	B73	2
42032362	plus	unassigned	Teo	27
42032629	plus	unassigned	Teo	30
42032992	minus	nbr	B73	61
42032771	minus	nbr	B73	393
42032881	plus	unassigned	Teo	456
42033174	plus	unassigned	Teo	3
42032635	plus	unassigned	B73	3
42032945	plus	unassigned	Teo	10
42032803	minus	nbr	Teo	20
42032769	minus	nbr	Teo	34
42032719	minus	unassigned	Teo	3
42032336	minus	unassigned	B73	10
42032702	minus	unassigned	Teo	3
42032367	minus	unassigned	Teo	11
42032350	minus	unassigned	Teo	14
42032807	minus	nbr	B73	219
42031793	minus	unassigned	B73	1
42031943	plus	unassigned	Teo	1
42032964	plus	unassigned	B73	22
42033257	plus	unassigned	B73	1
42032755	plus	unassigned	Teo	638
42033245	minus	nbr	Teo	1
42033024	minus	nbr	Teo	4
42033130	plus	unassigned	Teo	2
42032665	plus	ppl2	Teo	55
42032317	minus	unassigned	B73	7
42032698	minus	unassigned	B73	15
42032348	minus	unassigned	Teo	13
42033249	minus	nbr	B73	8
42033028	minus	nbr	B73	65
42032930	minus	nbr	Teo	8
42032669	plus	ppl2	B73	4
42031962	plus	unassigned	B73	1
42032896	minus	nbr	Teo	5
42031874	plus	ppl2	Teo	25
42031653	plus	ppl2	Teo	5
42032565	plus	unassigned	Teo	34
42032159	minus	unassigned	B73	6
42032525	minus	unassigned	Teo	29
42032838	plus	unassigned	B73	3184
42032142	minus	unassigned	B73	6
42032934	minus	nbr	B73	54
42032713	minus	nbr	B73	161
42032920	plus	unassigned	B73	59
42033213	plus	unassigned	B73	3
42032711	plus	unassigned	Teo	211
42032173	minus	unassigned	Teo	9
42031878	plus	ppl2	B73	2
42033151	minus	nbr	Teo	7
42032350	plus	ppl2	Teo	267
42032571	plus	ppl2	Teo	828
42031836	plus	unassigned	B73	1
42031627	plus	unassigned	Teo	1
42032129	plus	unassigned	B73	3
42032856	minus	unassigned	B73	1
42032648	plus	unassigned	B73	3
42032172	plus	unassigned	Teo	12
42032123	minus	unassigned	B73	5
42032002	plus	unassigned	Teo	1
42033193	plus	unassigned	B73	4
42032958	plus	unassigned	Teo	2
42032730	plus	unassigned	B73	429
42033155	minus	nbr	B73	32
42033023	plus	unassigned	B73	9
42032521	plus	unassigned	Teo	51
42032154	minus	unassigned	Teo	9
42033318	minus	nbr	B73	3
42032575	plus	ppl2	B73	30
42032354	plus	ppl2	B73	15
42032133	plus	ppl2	B73	9
42032517	plus	ppl2	B73	29
42032607	plus	ppl2	Teo	700
42032840	minus	nbr	B73	114
42032331	minus	unassigned	Teo	15
42032837	minus	unassigned	B73	4
42032969	minus	nbr	B73	55
42032748	minus	nbr	B73	391
42031956	plus	unassigned	Teo	1
42032820	minus	unassigned	B73	9
42032021	plus	unassigned	B73	1
42032331	plus	unassigned	Teo	26
42032838	minus	nbr	Teo	16
42032774	plus	unassigned	B73	1381
42033067	plus	unassigned	B73	13
42031816	plus	ppl2	Teo	15
42032604	plus	unassigned	B73	2
42032914	plus	unassigned	Teo	64
42033207	plus	unassigned	Teo	3
42032329	minus	unassigned	Teo	14
42032662	minus	unassigned	B73	1
42033282	minus	nbr	B73	6
42033061	minus	nbr	B73	47
42033224	minus	nbr	B73	14
42033003	minus	nbr	B73	61
42032644	plus	ppl2	B73	23
42032168	plus	ppl2	B73	12
42032389	plus	ppl2	B73	16
42033059	minus	nbr	Teo	6
42032584	plus	unassigned	B73	2
42032513	plus	ppl2	Teo	386
42032375	plus	unassigned	Teo	27
42031912	plus	unassigned	Teo	1
42032894	plus	unassigned	Teo	186
42033187	plus	unassigned	Teo	3
42032933	plus	unassigned	B73	32
42033226	plus	unassigned	B73	2
42032724	plus	unassigned	Teo	344
42032875	minus	nbr	B73	31
42031690	plus	ppl2	B73	1
42031632	plus	ppl2	B73	2
42031853	plus	ppl2	B73	2
42032643	minus	unassigned	B73	9
42032965	minus	nbr	Teo	5
42032744	minus	nbr	Teo	35
42032907	minus	nbr	Teo	4
42031501	plus	ppl2	Teo	5
42031688	plus	ppl2	Teo	4
42031892	plus	unassigned	Teo	2
42033351	minus	nbr	B73	3
42033130	minus	nbr	B73	52
42032977	plus	unassigned	B73	18
42032768	plus	unassigned	Teo	847
42032540	plus	unassigned	B73	2
42032807	plus	unassigned	B73	2749
42032135	minus	unassigned	Teo	7
42032550	plus	ppl2	B73	29
42032850	plus	unassigned	Teo	1495
42032624	minus	unassigned	B73	9
42033143	plus	unassigned	Teo	3
42033220	minus	nbr	Teo	2
42033186	minus	nbr	Teo	3
42032640	plus	ppl2	Teo	613
42033128	minus	nbr	Teo	10
42032385	plus	ppl2	Teo	347
42032164	plus	ppl2	Teo	145
42032106	plus	ppl2	Teo	51
42032548	plus	ppl2	Teo	849
42032327	plus	ppl2	Teo	204
42032781	minus	nbr	B73	386
42032818	minus	unassigned	B73	10
42031975	plus	unassigned	B73	1
42032801	minus	unassigned	B73	26
42031805	plus	unassigned	B73	1
42032871	minus	nbr	Teo	6
42032787	plus	unassigned	B73	2349
42032813	minus	nbr	Teo	20
42032350	plus	unassigned	B73	2
42032578	plus	unassigned	Teo	35
42032617	plus	unassigned	B73	2
42032141	plus	unassigned	Teo	12
42032116	minus	unassigned	Teo	7
42032408	plus	unassigned	Teo	24
42032779	minus	nbr	Teo	33
42033162	plus	unassigned	B73	3
42032927	plus	unassigned	Teo	14
42032817	minus	nbr	B73	135
42033092	minus	nbr	Teo	8
42033255	minus	nbr	Teo	1
42033034	minus	nbr	Teo	4
42031906	minus	unassigned	Teo	4
42032675	plus	ppl2	Teo	5
42032743	plus	unassigned	B73	493
42033036	plus	unassigned	B73	9
42032534	plus	unassigned	Teo	51
42033096	minus	nbr	B73	54
42033259	minus	nbr	B73	7
42033038	minus	nbr	B73	65
42032940	minus	nbr	Teo	9
42032679	plus	ppl2	B73	1
42031700	minus	unassigned	B73	1
42031663	plus	ppl2	Teo	4
42031884	plus	ppl2	Teo	27
42032792	minus	unassigned	B73	34
42031969	plus	unassigned	Teo	1
42032944	minus	nbr	B73	55
42032723	minus	nbr	B73	363
42031885	minus	unassigned	B73	2
42032553	plus	unassigned	B73	2
42032344	plus	unassigned	Teo	27
42032090	minus	unassigned	Teo	1
42032863	plus	unassigned	Teo	1278
42033156	plus	unassigned	Teo	3
42031888	plus	ppl2	B73	1
42032605	minus	unassigned	B73	8
42033161	minus	nbr	Teo	7
42032636	minus	unassigned	Teo	19
42032581	plus	ppl2	Teo	813
42032360	plus	ppl2	Teo	302
42033165	minus	nbr	B73	32
42032143	plus	ppl2	B73	9
42032585	plus	ppl2	B73	27
42032597	plus	unassigned	B73	2
42032364	plus	ppl2	B73	17
42032160	plus	unassigned	B73	2
42032388	plus	unassigned	Teo	27
42031925	plus	unassigned	Teo	1
42031790	plus	ppl2	Teo	7
42032946	plus	unassigned	B73	34
42033239	plus	unassigned	B73	2
42032737	plus	unassigned	Teo	387
42032617	plus	ppl2	Teo	671
42032617	minus	unassigned	Teo	22
42033112	plus	unassigned	Teo	2
42032600	minus	unassigned	Teo	26
42032850	minus	nbr	B73	86
42031691	minus	unassigned	B73	1
42031794	plus	ppl2	B73	1
42032848	minus	nbr	Teo	13
42031826	plus	ppl2	Teo	15
42033049	plus	unassigned	B73	9
42032547	plus	unassigned	Teo	49
42032110	plus	unassigned	Teo	4
42033092	plus	unassigned	Teo	2
42033131	plus	unassigned	B73	5
42032596	minus	unassigned	B73	8
42033292	minus	nbr	B73	5
42033071	minus	nbr	B73	53
42032902	plus	unassigned	B73	279
42031689	minus	unassigned	B73	1
42033103	minus	nbr	Teo	9
42033069	minus	nbr	Teo	7
42032523	plus	ppl2	Teo	805
42032409	minus	unassigned	B73	14
42031988	plus	unassigned	B73	1
42032773	minus	unassigned	B73	60
42031818	plus	unassigned	B73	1
42031866	minus	unassigned	B73	1
42032088	minus	unassigned	Teo	1
42031861	plus	unassigned	Teo	2
42031900	plus	unassigned	B73	1
42032154	plus	unassigned	Teo	12
42033328	minus	nbr	B73	3
42033107	minus	nbr	B73	54
42032882	plus	unassigned	B73	1299
42031897	minus	unassigned	Teo	4
42033175	plus	unassigned	B73	4
42032712	plus	unassigned	B73	206
42032527	plus	ppl2	B73	32
42031880	minus	unassigned	Teo	3
42032975	minus	nbr	Teo	4
42033005	plus	unassigned	B73	9
42032754	minus	nbr	Teo	34
42031698	plus	ppl2	Teo	4
42031798	plus	unassigned	B73	1
42032979	minus	nbr	B73	57
42032758	minus	nbr	B73	391
42032754	minus	unassigned	B73	66
42032404	minus	unassigned	Teo	22
42031847	minus	unassigned	B73	1
42032785	minus	unassigned	Teo	3
42032173	plus	unassigned	B73	2
42031938	plus	unassigned	Teo	1
42031830	minus	unassigned	B73	1
42032003	plus	unassigned	B73	1
42031501	plus	unassigned	Teo	1
42032692	plus	unassigned	B73	1
42031878	minus	unassigned	Teo	3
42033230	minus	nbr	Teo	1
42031861	minus	unassigned	Teo	3
42032313	plus	unassigned	Teo	16
42033196	minus	nbr	Teo	3
42032650	plus	ppl2	Teo	101
42032756	plus	unassigned	B73	1049
42033125	plus	unassigned	Teo	2
42032174	plus	ppl2	Teo	179
42032395	plus	ppl2	Teo	349
42033234	minus	nbr	B73	12
42033013	minus	nbr	B73	62
42032654	plus	ppl2	B73	14
42032881	minus	nbr	Teo	5
42032399	plus	ppl2	B73	16
42032383	minus	unassigned	B73	9
42032566	plus	unassigned	B73	2
42032357	plus	unassigned	Teo	27
42032876	plus	unassigned	Teo	572
42033169	plus	unassigned	Teo	3
42032915	plus	unassigned	B73	144
42032885	minus	nbr	B73	26
42033208	plus	unassigned	B73	3
42032706	plus	unassigned	Teo	22
42032577	minus	unassigned	B73	8
42031863	plus	ppl2	B73	2
42033251	plus	unassigned	Teo	1
42032560	minus	unassigned	B73	10
42032917	minus	nbr	Teo	7
42032591	minus	unassigned	Teo	26
42031874	plus	unassigned	Teo	2
42032167	plus	unassigned	Teo	12
42033140	minus	nbr	B73	47
42032560	plus	ppl2	B73	29
42032558	minus	unassigned	B73	11
42032959	plus	unassigned	B73	22
42032541	minus	unassigned	B73	10
42032522	plus	unassigned	B73	2
42032589	minus	unassigned	Teo	26
42031634	minus	unassigned	B73	2
42033138	minus	nbr	Teo	10
42032572	minus	unassigned	Teo	25
42032832	plus	unassigned	Teo	1497
42032337	plus	ppl2	Teo	239
42032116	plus	ppl2	Teo	67
42032558	plus	ppl2	Teo	826
42032791	minus	nbr	B73	254
42032735	minus	unassigned	B73	69
42031690	plus	unassigned	B73	1
42031828	minus	unassigned	B73	1
42032823	minus	nbr	Teo	18
42032766	minus	unassigned	Teo	3
42032789	minus	nbr	Teo	28
42031859	minus	unassigned	Teo	3
42031801	plus	ppl2	Teo	10
42032769	plus	unassigned	B73	1237
42031842	minus	unassigned	Teo	3
42032332	plus	unassigned	B73	2
42032123	plus	unassigned	Teo	4
42032851	plus	unassigned	B73	3311
42033144	plus	unassigned	B73	7
42032642	plus	unassigned	Teo	30
42032170	minus	unassigned	B73	5
42032909	plus	unassigned	Teo	68
42032827	minus	nbr	B73	132
42031805	plus	ppl2	B73	1
42032716	minus	unassigned	B73	77
42032747	minus	unassigned	Teo	3
42032364	minus	unassigned	B73	10
42033044	minus	nbr	Teo	4
42032730	minus	unassigned	Teo	3
42032142	plus	unassigned	B73	3
42031640	plus	unassigned	Teo	1
42031823	minus	unassigned	Teo	3
42032395	minus	unassigned	Teo	17
42032627	plus	ppl2	Teo	637
42032406	plus	ppl2	Teo	376
42032895	plus	unassigned	B73	522
42033188	plus	unassigned	B73	4
42033303	minus	nbr	B73	4
42032725	plus	unassigned	B73	395
42033018	plus	unassigned	B73	8
42032516	plus	unassigned	Teo	51
42033270	plus	unassigned	B73	1
42033269	minus	nbr	B73	7
42033048	minus	nbr	B73	65
42032950	minus	nbr	Teo	9
42033100	plus	unassigned	B73	6
42031673	plus	ppl2	Teo	4
42031894	plus	ppl2	Teo	47
42032728	minus	unassigned	Teo	3
42032345	minus	unassigned	B73	11
42032376	minus	unassigned	Teo	14
42032954	minus	nbr	B73	56
42032733	minus	nbr	B73	372
42031893	plus	unassigned	B73	1
42032016	plus	unassigned	B73	1
42031898	plus	ppl2	B73	5
42032535	plus	unassigned	B73	2
42031677	plus	ppl2	B73	1
42032326	plus	unassigned	Teo	27
42033080	plus	unassigned	B73	12
42032539	minus	unassigned	B73	11
42032845	plus	unassigned	Teo	1482
42033138	plus	unassigned	Teo	3
42032522	minus	unassigned	B73	13
42033171	minus	nbr	Teo	5
42033220	plus	unassigned	Teo	1
42032553	minus	unassigned	Teo	33
42032591	plus	ppl2	Teo	770
42032370	plus	ppl2	Teo	348
42032533	plus	ppl2	Teo	836
42033175	minus	nbr	B73	29
42033338	minus	nbr	B73	3
42033117	minus	nbr	B73	54
42032374	plus	ppl2	B73	16
42032153	plus	ppl2	B73	10
42032595	plus	ppl2	B73	27
42032537	plus	ppl2	B73	32
42032316	plus	ppl2	B73	11
42032136	plus	unassigned	Teo	12
42033207	minus	nbr	Teo	3
42032579	plus	unassigned	B73	2
42031907	plus	unassigned	Teo	2
42032661	plus	unassigned	B73	1
42032168	minus	unassigned	B73	5
42032889	plus	unassigned	Teo	229
42032928	plus	unassigned	B73	39
42032534	minus	unassigned	Teo	29
42032719	plus	unassigned	Teo	300
42032151	minus	unassigned	B73	6
42032971	plus	unassigned	Teo	1
42032860	minus	nbr	B73	76
42033264	plus	unassigned	Teo	1
42032802	minus	nbr	B73	225
42032801	plus	unassigned	Teo	1361
42032989	minus	nbr	B73	61
42032768	minus	nbr	B73	395
42032858	minus	nbr	Teo	12
42031836	plus	ppl2	Teo	14
42032711	minus	unassigned	Teo	3
42032660	plus	ppl2	Teo	98
42031887	plus	unassigned	Teo	2
42031804	minus	unassigned	Teo	3
42032149	minus	unassigned	B73	6
42032738	plus	unassigned	B73	443
42032132	minus	unassigned	B73	5
42032529	plus	unassigned	Teo	51
42032990	plus	unassigned	B73	11
42032781	plus	unassigned	Teo	1279
42032820	plus	unassigned	B73	2937
42033113	plus	unassigned	B73	4
42033081	minus	nbr	B73	54
42032163	minus	unassigned	Teo	9
42032611	plus	unassigned	Teo	32
42033244	minus	nbr	B73	8
42033023	minus	nbr	B73	64
42032664	plus	ppl2	B73	12
42033113	minus	nbr	Teo	10
42033079	minus	nbr	Teo	8
42032709	minus	unassigned	Teo	3
42032326	minus	unassigned	B73	9
42032357	minus	unassigned	Teo	15
42032340	minus	unassigned	Teo	15
42032895	minus	nbr	B73	25
42031873	plus	ppl2	B73	2
42032345	plus	unassigned	B73	2
42032985	minus	nbr	Teo	3
42032764	minus	nbr	Teo	34
42032927	minus	nbr	Teo	8
42032864	plus	unassigned	B73	2934
42033157	plus	unassigned	B73	4
42032655	plus	unassigned	Teo	2
42031905	plus	ppl2	Teo	50
42032338	minus	unassigned	Teo	15
42032321	minus	unassigned	Teo	14
42033150	minus	nbr	B73	38
42031909	plus	ppl2	B73	5
42032570	plus	ppl2	B73	29
42031795	minus	unassigned	Teo	3
42033240	minus	nbr	Teo	1
42032155	plus	unassigned	B73	2
42032674	plus	unassigned	B73	2
42033148	minus	nbr	Teo	7
42032602	plus	ppl2	Teo	743
42032347	plus	ppl2	Teo	264
42032126	plus	ppl2	Teo	76
42032568	plus	ppl2	Teo	827
42032814	plus	unassigned	Teo	1373
42032515	minus	unassigned	Teo	27
42033107	plus	unassigned	Teo	2
42032652	minus	unassigned	B73	3
42032891	minus	nbr	Teo	5
42032606	plus	ppl2	B73	27
42032833	minus	nbr	Teo	16
42032799	minus	nbr	Teo	22
42031811	plus	ppl2	Teo	14
42032846	minus	unassigned	B73	2
42032548	plus	unassigned	B73	2
42032837	minus	nbr	B73	114
42032339	plus	unassigned	Teo	26
42032111	plus	unassigned	B73	1
42032113	minus	unassigned	B73	3
42033093	plus	unassigned	B73	8
42032591	plus	unassigned	Teo	35
42032630	plus	unassigned	B73	3
42032858	plus	unassigned	Teo	1401
42031815	plus	ppl2	B73	1
42032144	minus	unassigned	Teo	7
42032940	plus	unassigned	Teo	10
42033233	plus	unassigned	Teo	1
42033054	minus	nbr	Teo	6
42032827	minus	unassigned	B73	8
42033313	minus	nbr	B73	3
42031856	plus	unassigned	Teo	1
42032810	minus	unassigned	B73	22
42032149	plus	unassigned	Teo	12
42033279	minus	nbr	B73	6
42033058	minus	nbr	B73	54
42032512	plus	ppl2	B73	16
42032960	minus	nbr	Teo	9
42031903	minus	unassigned	B73	3
42032125	minus	unassigned	Teo	7
42032750	plus	unassigned	Teo	506
42031683	plus	ppl2	Teo	4
42032964	minus	nbr	B73	57
42032743	minus	nbr	B73	386
42032319	minus	unassigned	Teo	11
42031500	plus	ppl2	B73	2
42031687	plus	ppl2	B73	1
42033181	minus	nbr	Teo	4
42031982	plus	unassigned	Teo	1
42032380	plus	ppl2	Teo	349
42032314	plus	unassigned	B73	2
42032105	plus	unassigned	Teo	4
42032794	plus	unassigned	Teo	1243
42033087	plus	unassigned	Teo	2
42032833	plus	unassigned	B73	3036
42033126	plus	unassigned	B73	4
42032624	plus	unassigned	Teo	31
42033185	minus	nbr	B73	24
42032633	minus	unassigned	B73	9
42032384	plus	ppl2	B73	17
42032163	plus	ppl2	B73	10
42033217	minus	nbr	Teo	2
42032637	plus	ppl2	Teo	620
42031831	plus	unassigned	B73	1
42032124	plus	unassigned	B73	1
42032870	minus	nbr	B73	37
42031894	minus	unassigned	B73	2
42032877	plus	unassigned	B73	1559
42033246	plus	unassigned	Teo	1
42032902	minus	nbr	Teo	5
42032707	plus	unassigned	B73	137
42033252	plus	unassigned	B73	2
42032868	minus	nbr	Teo	6
42032614	minus	unassigned	B73	9
42031846	plus	ppl2	Teo	18
42032645	minus	unassigned	Teo	17
42032906	minus	nbr	B73	36
42032808	minus	unassigned	B73	24
42033091	minus	nbr	B73	53
42032168	plus	unassigned	B73	2
42031629	plus	ppl2	B73	2
42032687	plus	unassigned	B73	2
42032517	plus	unassigned	B73	2
42032106	minus	unassigned	Teo	7
42033123	minus	nbr	Teo	10
42033062	plus	unassigned	B73	13
42032560	plus	unassigned	Teo	42
42032827	plus	unassigned	Teo	1485
42033089	minus	nbr	Teo	7
42032322	plus	ppl2	Teo	186
42032543	plus	ppl2	Teo	837
42033202	plus	unassigned	Teo	3
42033348	minus	nbr	B73	3
42033127	minus	nbr	B73	54
42031685	plus	unassigned	B73	1
42032105	plus	ppl2	B73	5
42032547	plus	ppl2	B73	29
42032326	plus	ppl2	B73	11
42032995	minus	nbr	Teo	5
42032774	minus	nbr	Teo	34
42031995	plus	unassigned	Teo	1
42032803	minus	unassigned	Teo	1
42032118	plus	unassigned	Teo	4
42032370	plus	unassigned	Teo	27
42033182	plus	unassigned	Teo	3
42032812	minus	nbr	B73	211
42032643	plus	unassigned	B73	3
42032999	minus	nbr	B73	64
42032778	minus	nbr	B73	394
42032953	plus	unassigned	Teo	3
42031698	minus	unassigned	B73	1
42033250	minus	nbr	Teo	1
42032670	plus	ppl2	Teo	5
42032401	minus	unassigned	B73	12
42032799	minus	unassigned	B73	32
42032782	minus	unassigned	B73	59
42031869	plus	unassigned	Teo	2
42031908	plus	unassigned	B73	1
42031875	minus	unassigned	B73	1
42031951	plus	unassigned	Teo	1
42032097	minus	unassigned	Teo	1
42033254	minus	nbr	B73	7
42033033	minus	nbr	B73	66
42032972	plus	unassigned	B73	20
42033265	plus	unassigned	B73	1
42032763	plus	unassigned	Teo	806
42032674	plus	ppl2	B73	3
42032802	plus	unassigned	B73	2723
42032616	plus	ppl2	B73	25
42032626	minus	unassigned	Teo	21
42032763	minus	unassigned	B73	61
42032847	minus	nbr	B73	95
42031856	minus	unassigned	B73	1
42031883	plus	ppl2	B73	2
42032794	minus	unassigned	Teo	1
42031825	plus	ppl2	B73	1
42032937	minus	nbr	Teo	8
42032716	minus	nbr	Teo	28
42031887	minus	unassigned	Teo	4
42032573	plus	unassigned	Teo	34
42031870	minus	unassigned	Teo	4
42032327	plus	unassigned	B73	2
42032846	plus	unassigned	B73	3235
42033139	plus	unassigned	B73	7
42032637	plus	unassigned	Teo	30
42032607	minus	unassigned	Teo	24
42033221	plus	unassigned	B73	3
42033160	minus	nbr	B73	33
42033323	minus	nbr	B73	3
42033102	minus	nbr	B73	55
42032580	plus	ppl2	B73	28
42033289	minus	nbr	B73	5
42032522	plus	ppl2	B73	28
42033158	minus	nbr	Teo	7
42031844	plus	unassigned	B73	1
42032612	plus	ppl2	Teo	693
42032137	plus	unassigned	B73	3
42031635	plus	unassigned	Teo	1
42032136	plus	ppl2	Teo	96
42032578	plus	ppl2	Teo	813
42032357	plus	ppl2	Teo	303
42032656	plus	unassigned	B73	2
42032966	plus	unassigned	Teo	1
42033259	plus	unassigned	Teo	1
42033031	plus	unassigned	B73	9
42032974	minus	nbr	B73	56
42032753	minus	nbr	B73	395
42032586	minus	unassigned	B73	8
42032843	minus	nbr	Teo	15
42031821	plus	ppl2	Teo	15
42031970	plus	unassigned	B73	1
42031800	plus	unassigned	B73	1
42032567	minus	unassigned	B73	9
42032782	plus	unassigned	B73	2181
42033075	plus	unassigned	B73	13
42032550	minus	unassigned	B73	11
42032612	plus	unassigned	B73	2
42032173	plus	ppl2	B73	11
42032403	plus	unassigned	Teo	25
42032394	plus	ppl2	B73	17
42032598	minus	unassigned	Teo	25
42031643	minus	unassigned	B73	2
42033064	minus	nbr	Teo	6
42032922	plus	unassigned	Teo	24
42032581	minus	unassigned	Teo	26
42033215	plus	unassigned	Teo	3
42033227	minus	nbr	Teo	2
42033006	minus	nbr	Teo	4
42032647	plus	ppl2	Teo	602
42032880	minus	nbr	B73	27
42031698	plus	unassigned	B73	1
42032744	minus	unassigned	B73	68
42033068	minus	nbr	B73	47
42031837	minus	unassigned	B73	1
42032970	minus	nbr	Teo	4
42032775	minus	unassigned	Teo	3
42032912	minus	nbr	Teo	6
42032392	minus	unassigned	B73	10
42032592	plus	unassigned	B73	2
42031868	minus	unassigned	Teo	4
42032878	minus	nbr	Teo	6
42032859	plus	unassigned	B73	3139
42032383	plus	unassigned	Teo	27
42031920	plus	unassigned	Teo	1
42031851	minus	unassigned	Teo	3
42031693	plus	ppl2	Teo	4
42031635	plus	ppl2	Teo	4
42031856	plus	ppl2	Teo	18
42033195	plus	unassigned	Teo	3
42032941	plus	unassigned	B73	32
42033234	plus	unassigned	B73	2
42032732	plus	unassigned	Teo	381
42032916	minus	nbr	B73	46
42032725	minus	unassigned	B73	75
42031697	plus	ppl2	B73	1
42031639	plus	ppl2	B73	1
42032756	minus	unassigned	Teo	3
42032373	minus	unassigned	B73	10
42033191	minus	nbr	Teo	3
42033133	minus	nbr	Teo	10
42031849	minus	unassigned	Teo	3
42032390	plus	ppl2	Teo	341
42031832	minus	unassigned	Teo	3
42032111	plus	ppl2	Teo	68
42032553	plus	ppl2	Teo	854
42032332	plus	ppl2	Teo	217
42031964	plus	unassigned	Teo	1
42032985	plus	unassigned	B73	14
42032776	plus	unassigned	Teo	1057
42032815	plus	unassigned	B73	2858
42033108	plus	unassigned	B73	4
42032606	plus	unassigned	Teo	32
42033195	minus	nbr	B73	18
42033358	minus	nbr	B73	1
42033151	plus	unassigned	Teo	3
42033137	minus	nbr	B73	53
42032336	plus	ppl2	B73	14
42032115	plus	ppl2	B73	7
42032557	plus	ppl2	B73	29
42032784	minus	nbr	Teo	33
42032354	minus	unassigned	B73	11
42032385	minus	unassigned	Teo	15
42031983	plus	unassigned	B73	1
42032822	minus	nbr	B73	139
42031813	plus	unassigned	B73	1
42032106	plus	unassigned	B73	1
42032788	minus	nbr	B73	281
42031800	plus	ppl2	B73	1
42032795	plus	unassigned	B73	2473
42033088	plus	unassigned	B73	10
42032586	plus	unassigned	Teo	35
42032625	plus	unassigned	B73	3
42033170	plus	unassigned	B73	4
42032548	minus	unassigned	B73	11
42032935	plus	unassigned	Teo	10
42033228	plus	unassigned	Teo	1
42033000	plus	unassigned	B73	9
42032531	minus	unassigned	B73	11
42032579	minus	unassigned	Teo	26
42032562	minus	unassigned	Teo	30
42032680	plus	ppl2	Teo	5
42033264	minus	nbr	B73	7
42033043	minus	nbr	B73	66
42032529	minus	unassigned	B73	11
42032669	plus	unassigned	B73	2
42032512	minus	unassigned	B73	12
42033099	minus	nbr	Teo	9
42032979	plus	unassigned	Teo	1
42032751	plus	unassigned	B73	741
42033044	plus	unassigned	B73	9
42032542	plus	unassigned	Teo	51
42032543	minus	unassigned	Teo	33
42032809	plus	unassigned	Teo	1377
42032160	minus	unassigned	B73	6
42031893	plus	ppl2	B73	5
42032706	minus	unassigned	B73	69
42032947	minus	nbr	Teo	9
42032726	minus	nbr	Teo	34
42032737	minus	unassigned	Teo	3
42032720	minus	unassigned	Teo	3
42031977	plus	unassigned	Teo	1
42031813	minus	unassigned	Teo	3
42032789	plus	unassigned	Teo	1338
42032158	minus	unassigned	B73	6
42032561	plus	unassigned	B73	2
42032352	plus	unassigned	Teo	27
42032619	plus	unassigned	Teo	31
42032871	plus	unassigned	Teo	940
42033164	plus	unassigned	Teo	3
42032701	plus	unassigned	Teo	1
42033170	minus	nbr	B73	31
42032590	plus	ppl2	B73	25
42033202	minus	nbr	Teo	3
42033168	minus	nbr	Teo	5
42032718	minus	unassigned	Teo	3
42032401	plus	ppl2	Teo	377
42032622	plus	ppl2	Teo	649
42032335	minus	unassigned	B73	9
42032701	minus	unassigned	Teo	3
42032367	plus	ppl2	Teo	341
42032146	plus	ppl2	Teo	126
42032588	plus	ppl2	Teo	774
42032366	minus	unassigned	Teo	11
42031793	plus	unassigned	B73	1
42031792	minus	unassigned	B73	1
42033206	minus	nbr	B73	14
42032396	plus	unassigned	Teo	25
42031933	plus	unassigned	Teo	1
42032626	plus	ppl2	B73	24
42032405	plus	ppl2	B73	17
42032853	minus	nbr	Teo	13
42032954	plus	unassigned	B73	24
42033247	plus	unassigned	B73	2
42032745	plus	unassigned	Teo	474
42031831	plus	ppl2	Teo	15
42031797	plus	ppl2	Teo	10
42033120	plus	unassigned	Teo	2
42032316	minus	unassigned	B73	5
42032697	minus	unassigned	B73	13
42032347	minus	unassigned	Teo	13
42032857	minus	nbr	B73	81
42032330	minus	unassigned	Teo	14
42031835	plus	ppl2	B73	2
42033074	minus	nbr	Teo	7
42033057	plus	unassigned	B73	13
42032555	plus	unassigned	Teo	46
42032998	plus	unassigned	B73	9
42032524	minus	unassigned	Teo	28
42032828	plus	unassigned	B73	3046
42032141	minus	unassigned	B73	6
42032910	plus	unassigned	B73	161
42033203	plus	unassigned	B73	3
42032172	minus	unassigned	Teo	9
42033333	minus	nbr	B73	3
42033112	minus	nbr	B73	54
42033299	minus	nbr	B73	9
42033078	minus	nbr	B73	64
42032532	plus	ppl2	B73	50
42032980	minus	nbr	Teo	7
42031996	plus	unassigned	B73	1
42031826	plus	unassigned	B73	3
42032119	plus	unassigned	B73	1
42032599	plus	unassigned	Teo	29
42032371	plus	unassigned	B73	3
42032139	minus	unassigned	B73	18
42032638	plus	unassigned	B73	3
42032505	minus	unassigned	Teo	1
42032162	plus	unassigned	Teo	10
42032984	minus	nbr	B73	38
42032763	minus	nbr	B73	168
42032122	minus	unassigned	B73	12
42032890	plus	unassigned	B73	280
42033183	plus	unassigned	B73	5
42032948	plus	unassigned	Teo	6
42032720	plus	unassigned	B73	255
42033013	plus	unassigned	B73	5
42032511	plus	unassigned	Teo	36
42032153	minus	unassigned	Teo	37
42031636	plus	unassigned	B73	1
42032836	minus	unassigned	B73	4
42032103	minus	unassigned	B73	3
42032491	plus	unassigned	Teo	1
42032601	plus	ppl2	B73	52
42031912	minus	unassigned	B73	1
42032134	minus	unassigned	Teo	33
42032321	plus	unassigned	Teo	16
42032764	plus	unassigned	B73	745
42033016	minus	nbr	Teo	9
42032657	plus	ppl2	Teo	1
42032904	plus	unassigned	Teo	36
42032890	minus	nbr	B73	22
42032328	minus	unassigned	Teo	34
42032661	minus	unassigned	B73	3
42032922	minus	nbr	Teo	3
42032888	minus	nbr	Teo	2
42031762	plus	unassigned	B73	2
42031900	plus	ppl2	Teo	46
42031866	plus	ppl2	Teo	23
42032574	plus	unassigned	B73	3
42032365	plus	unassigned	Teo	17
42032404	plus	unassigned	B73	2
42031902	plus	unassigned	Teo	2
42033386	plus	unassigned	B73	3
42032884	plus	unassigned	Teo	140
42033177	plus	unassigned	Teo	1
42032923	plus	unassigned	B73	29
42033216	plus	unassigned	B73	5
42032714	plus	unassigned	Teo	136
42032926	minus	nbr	B73	31
42031904	plus	ppl2	B73	5
42032659	minus	unassigned	B73	3
42032642	minus	unassigned	B73	13
42031649	plus	ppl2	B73	1
42033143	minus	nbr	Teo	1
42031572	plus	unassigned	B73	1
42032121	plus	ppl2	Teo	64
42032563	plus	ppl2	Teo	395
42032342	plus	ppl2	Teo	128
42032384	plus	unassigned	B73	3
42031882	plus	unassigned	Teo	2
42032175	plus	unassigned	Teo	9
42032967	plus	unassigned	B73	5
42033368	minus	nbr	B73	5
42033147	minus	nbr	B73	43
42032758	plus	unassigned	Teo	333
42032530	plus	unassigned	B73	3
42032346	plus	ppl2	B73	14
42032125	plus	ppl2	B73	6
42032567	plus	ppl2	B73	53
42033342	plus	unassigned	B73	3
42032794	minus	nbr	Teo	14
42032840	plus	unassigned	Teo	478
42032623	minus	unassigned	B73	18
42032832	minus	nbr	B73	70
42032798	minus	nbr	B73	91
42031810	plus	ppl2	B73	2
42032817	minus	unassigned	B73	8
42031965	plus	unassigned	B73	2
42032800	minus	unassigned	B73	10
42032777	plus	unassigned	B73	983
42032568	plus	unassigned	Teo	30
42032340	plus	unassigned	B73	3
42032607	plus	unassigned	B73	2
42032115	minus	unassigned	Teo	31
42032131	plus	unassigned	Teo	10
42033152	plus	unassigned	B73	6
42032496	minus	unassigned	Teo	1
42031808	plus	ppl2	Teo	4
42032917	plus	unassigned	Teo	13
42031541	minus	unassigned	B73	1
42032632	plus	ppl2	Teo	271
42033274	minus	nbr	B73	12
42033053	minus	nbr	B73	61
42033216	minus	nbr	B73	21
42032636	plus	ppl2	B73	43
42032378	plus	unassigned	Teo	17
42032150	plus	unassigned	B73	3
42031839	plus	unassigned	B73	4
42031539	minus	unassigned	B73	1
42032477	minus	unassigned	Teo	1
42031905	minus	unassigned	Teo	26
42031522	minus	unassigned	B73	1
42031921	plus	unassigned	B73	2
42032094	minus	unassigned	B73	3
42033196	plus	unassigned	B73	5
42032733	plus	unassigned	B73	343
42033026	plus	unassigned	B73	5
42032901	minus	nbr	B73	23
42032524	plus	unassigned	Teo	36
42032867	minus	nbr	B73	28
42031682	plus	ppl2	B73	1
42031845	plus	ppl2	B73	3
42032957	minus	nbr	Teo	7
42032736	minus	nbr	Teo	17
42031649	plus	unassigned	B73	2
42032791	minus	unassigned	B73	13
42031884	minus	unassigned	B73	8
42032543	plus	unassigned	B73	3
42032334	plus	unassigned	Teo	18
42033180	minus	nbr	B73	30
42033343	minus	nbr	B73	4
42033122	minus	nbr	B73	56
42033355	plus	unassigned	B73	3
42032853	plus	unassigned	Teo	421
42033088	minus	nbr	B73	66
42032321	plus	ppl2	B73	13
42032542	plus	ppl2	B73	52
42032604	minus	unassigned	B73	21
42032635	minus	unassigned	Teo	14
42032377	plus	ppl2	Teo	182
42032156	plus	ppl2	Teo	85
42032598	plus	ppl2	Teo	340
42032319	plus	ppl2	Teo	101
42032789	minus	unassigned	B73	13
42032994	minus	nbr	B73	45
42032773	minus	nbr	B73	166
42031775	plus	unassigned	B73	2
42032144	plus	unassigned	Teo	11
42031605	plus	unassigned	B73	1
42032863	minus	nbr	Teo	3
42032805	minus	nbr	Teo	14
42032587	plus	unassigned	B73	3
42031841	plus	ppl2	Teo	9
42033399	plus	unassigned	B73	3
42032897	plus	unassigned	Teo	41
42032936	plus	unassigned	B73	13
42033229	plus	unassigned	B73	5
42032727	plus	unassigned	Teo	191
42033272	plus	unassigned	Teo	1
42032616	minus	unassigned	Teo	14
42033311	plus	unassigned	B73	3
42032809	minus	nbr	B73	85
42031690	minus	unassigned	B73	8
42031585	plus	unassigned	B73	1
42032397	plus	unassigned	B73	2
42031895	plus	unassigned	Teo	2
42033084	minus	nbr	Teo	2
42031934	plus	unassigned	B73	2
42033026	minus	nbr	Teo	9
42032410	minus	unassigned	B73	19
42032746	plus	unassigned	B73	481
42032667	plus	ppl2	Teo	1
42033039	plus	unassigned	B73	4
42031503	minus	unassigned	B73	4
42032537	plus	unassigned	Teo	35
42033121	plus	unassigned	B73	3
42032595	minus	unassigned	B73	22
42031688	minus	unassigned	B73	7
42032990	minus	nbr	Teo	8
42032932	minus	nbr	Teo	5
42032711	minus	nbr	Teo	4
42031671	minus	unassigned	B73	6
42032898	minus	nbr	Teo	1
42031910	plus	ppl2	Teo	52
42031876	plus	ppl2	Teo	26
42032408	minus	unassigned	B73	19
42031978	plus	unassigned	B73	2
42032772	minus	unassigned	B73	25
42031808	plus	unassigned	B73	3
42032936	minus	nbr	B73	30
42032715	minus	nbr	B73	64
42031865	minus	unassigned	B73	6
42031851	plus	unassigned	Teo	3
42032087	minus	unassigned	Teo	1
42032353	plus	unassigned	B73	3
42032872	plus	unassigned	B73	1112
42031896	minus	unassigned	Teo	26
42033165	plus	unassigned	B73	4
42031659	plus	ppl2	B73	1
42032702	plus	unassigned	B73	40
42033153	minus	nbr	Teo	1
42032352	plus	ppl2	Teo	140
42032131	plus	ppl2	Teo	77
42032573	plus	ppl2	Teo	385
42031788	plus	unassigned	B73	2
42032753	minus	unassigned	B73	26
42032403	minus	unassigned	Teo	9
42031618	plus	unassigned	B73	1
42031870	plus	unassigned	B73	4
42031846	minus	unassigned	B73	10
42033378	minus	nbr	B73	3
42033157	minus	nbr	B73	40
42032784	minus	unassigned	Teo	1
42032163	plus	unassigned	B73	3
42032611	plus	ppl2	B73	52
42031700	plus	unassigned	B73	2
42032135	plus	ppl2	B73	8
42032577	plus	ppl2	B73	54
42031877	minus	unassigned	Teo	10
42032356	plus	ppl2	B73	14
42032473	plus	unassigned	Teo	1
42032512	plus	unassigned	B73	3
42031860	minus	unassigned	Teo	9
42032822	plus	unassigned	Teo	495
42032609	plus	ppl2	Teo	310
42032842	minus	nbr	B73	66
42031820	plus	ppl2	B73	2
42032734	minus	unassigned	B73	27
42031827	minus	unassigned	B73	10
42032399	minus	unassigned	B73	19
42032765	minus	unassigned	Teo	1
42032382	minus	unassigned	B73	14
42031858	minus	unassigned	Teo	9
42031818	plus	ppl2	Teo	5
42031744	plus	unassigned	B73	2
42032556	plus	unassigned	B73	3
42032347	plus	unassigned	Teo	18
42033368	plus	unassigned	B73	3
42032866	plus	unassigned	Teo	286
42033159	plus	unassigned	Teo	1
42032905	plus	unassigned	B73	97
42032576	minus	unassigned	B73	25
42033241	plus	unassigned	Teo	1
42033284	minus	nbr	B73	11
42033063	minus	nbr	B73	58
42031669	minus	unassigned	B73	6
42031652	minus	unassigned	B73	6
42032590	minus	unassigned	Teo	12
42031683	minus	unassigned	Teo	3
42032515	plus	ppl2	Teo	338
42032366	plus	unassigned	B73	3
42031864	plus	unassigned	Teo	3
42032157	plus	unassigned	Teo	10
42033178	plus	unassigned	B73	5
42032506	plus	unassigned	Teo	1
42031692	plus	ppl2	B73	2
42032557	minus	unassigned	B73	27
42032949	plus	unassigned	B73	11
42032519	plus	ppl2	B73	45
42032967	minus	nbr	Teo	7
42032746	minus	nbr	Teo	18
42032540	minus	unassigned	B73	27
42032588	minus	unassigned	Teo	12
42031503	plus	ppl2	Teo	1
42031633	minus	unassigned	B73	4
42033324	plus	unassigned	B73	3
42032571	minus	unassigned	Teo	16
42031664	minus	unassigned	Teo	2
42031598	plus	unassigned	B73	1
42033190	minus	nbr	B73	25
42031680	plus	unassigned	B73	2
42031947	plus	unassigned	B73	2
42031810	minus	unassigned	B73	8
42032538	minus	unassigned	B73	27
42033001	minus	nbr	Teo	8
42032759	plus	unassigned	B73	703
42032322	plus	unassigned	B73	3
42031820	plus	unassigned	Teo	2
42031841	minus	unassigned	Teo	9
42032113	plus	unassigned	Teo	3
42032642	plus	ppl2	Teo	264
42032569	minus	unassigned	Teo	16
42032841	plus	unassigned	B73	1646
42033134	plus	unassigned	B73	5
42032632	plus	unassigned	Teo	25
42032166	plus	ppl2	Teo	95
42032387	plus	ppl2	Teo	177
42033226	minus	nbr	B73	19
42033005	minus	nbr	B73	49
42032715	minus	unassigned	B73	30
42032646	plus	ppl2	B73	43
42032873	minus	nbr	Teo	2
42031808	minus	unassigned	B73	8
42032746	minus	unassigned	Teo	1
42031757	plus	unassigned	B73	2
42031851	plus	ppl2	Teo	18
42032363	minus	unassigned	B73	15
42031839	minus	unassigned	Teo	9
42032394	minus	unassigned	Teo	8
42032132	plus	unassigned	B73	2
42031822	minus	unassigned	Teo	8
42032911	minus	nbr	B73	28
42031903	plus	unassigned	B73	2
42032885	plus	unassigned	B73	402
42032877	minus	nbr	B73	22
42032819	minus	nbr	B73	68
42032715	plus	unassigned	B73	223
42033008	plus	unassigned	B73	5
42031634	plus	ppl2	B73	2
42031855	plus	ppl2	B73	3
42033260	plus	unassigned	B73	3
42032909	minus	nbr	Teo	2
42033094	minus	nbr	Teo	1
42032727	minus	unassigned	Teo	1
42032344	minus	unassigned	B73	15
42032710	minus	unassigned	Teo	1
42032375	minus	unassigned	Teo	10
42031803	minus	unassigned	Teo	4
42031883	plus	unassigned	B73	4
42032176	plus	unassigned	B73	3
42033353	minus	nbr	B73	4
42033132	minus	nbr	B73	57
42032695	plus	unassigned	B73	3
42032486	plus	unassigned	Teo	1
42032525	plus	unassigned	B73	3
42033098	minus	nbr	B73	59
42032552	plus	ppl2	B73	55
42032331	plus	ppl2	B73	11
42032316	plus	unassigned	Teo	16
42032110	plus	ppl2	B73	4
42033070	plus	unassigned	B73	7
42033337	plus	unassigned	B73	3
42032835	plus	unassigned	Teo	478
42032521	minus	unassigned	B73	23
42033210	plus	unassigned	Teo	1
42032552	minus	unassigned	Teo	16
42032108	plus	ppl2	Teo	54
42032329	plus	ppl2	Teo	108
42032783	minus	nbr	B73	166
42032946	minus	nbr	B73	33
42031799	minus	unassigned	B73	8
42031693	plus	unassigned	B73	2
42032815	minus	nbr	Teo	16
42031833	plus	unassigned	Teo	2
42032126	plus	unassigned	Teo	2
42032519	minus	unassigned	B73	17
42032569	plus	unassigned	B73	3
42033190	plus	unassigned	Teo	1
42032879	plus	unassigned	Teo	147
42032651	plus	unassigned	B73	1
42032167	minus	unassigned	B73	13
42032918	plus	unassigned	B73	30
42032533	minus	unassigned	Teo	10
42032709	plus	unassigned	Teo	113
42032150	minus	unassigned	B73	14
42032961	plus	unassigned	Teo	3
42033254	plus	unassigned	Teo	1
42033201	minus	nbr	B73	21
42033388	minus	nbr	B73	3
42032400	plus	ppl2	B73	23
42032621	plus	ppl2	B73	48
42032587	plus	ppl2	B73	54
42032366	plus	ppl2	B73	15
42031567	plus	unassigned	B73	1
42033036	minus	nbr	Teo	9
42032677	plus	ppl2	Teo	1
42031877	plus	unassigned	Teo	3
42032379	plus	unassigned	B73	3
42031916	plus	unassigned	B73	2
42032619	plus	ppl2	Teo	284
42032898	plus	unassigned	B73	141
42032148	minus	unassigned	B73	15
42032514	minus	unassigned	Teo	9
42032728	plus	unassigned	B73	305
42032519	plus	unassigned	Teo	36
42032131	minus	unassigned	B73	13
42032980	plus	unassigned	B73	7
42032852	minus	nbr	B73	45
42033273	plus	unassigned	B73	2
42032771	plus	unassigned	Teo	384
42032810	plus	unassigned	B73	1429
42033103	plus	unassigned	B73	6
42032601	plus	unassigned	Teo	29
42032162	minus	unassigned	Teo	35
42031830	plus	ppl2	B73	3
42032942	minus	nbr	Teo	6
42032721	minus	nbr	Teo	14
42031886	plus	ppl2	Teo	29
42031828	plus	ppl2	Teo	5
42032708	minus	unassigned	Teo	1
42032325	minus	unassigned	B73	14
42032356	minus	unassigned	Teo	33
42032725	minus	nbr	B73	157
42032499	plus	unassigned	Teo	1
42032581	plus	unassigned	Teo	30
42031669	plus	ppl2	B73	1
42032335	plus	unassigned	B73	3
42032854	plus	unassigned	B73	1586
42033147	plus	unassigned	B73	5
42032645	plus	unassigned	Teo	22
42033163	minus	nbr	Teo	1
42033105	minus	nbr	Teo	1
42032583	plus	ppl2	Teo	366
42032362	plus	ppl2	Teo	164
42032141	plus	ppl2	Teo	78
42032525	plus	ppl2	Teo	395
42032337	minus	unassigned	Teo	36
42032670	minus	unassigned	B73	3
42032320	minus	unassigned	Teo	33
42033167	minus	nbr	B73	38
42033109	minus	nbr	B73	58
42032145	plus	ppl2	B73	10
42031794	minus	unassigned	Teo	4
42031852	plus	unassigned	B73	4
42032529	plus	ppl2	B73	50
42032977	minus	nbr	Teo	7
42032756	minus	nbr	Teo	17
42032145	plus	unassigned	B73	3
42031792	plus	ppl2	Teo	1
42032974	plus	unassigned	Teo	1
42033267	plus	unassigned	Teo	1
42032804	plus	unassigned	Teo	466
42032668	minus	unassigned	B73	3
42032318	minus	unassigned	Teo	34
42031796	plus	ppl2	B73	2
42032651	minus	unassigned	B73	5
42033011	minus	nbr	Teo	8
42032652	plus	ppl2	Teo	1
42031896	plus	unassigned	B73	2
42032397	plus	ppl2	Teo	178
42032845	minus	unassigned	B73	2
42032129	minus	unassigned	B73	13
42032538	plus	unassigned	B73	3
42032112	minus	unassigned	B73	11
42032329	plus	unassigned	Teo	17
42032790	plus	unassigned	B73	1269
42033083	plus	unassigned	B73	8
42033294	minus	nbr	B73	10
42033073	minus	nbr	B73	63
42032848	plus	unassigned	Teo	435
42032620	plus	unassigned	B73	2
42033236	minus	nbr	B73	14
42033015	minus	nbr	B73	50
42032411	plus	unassigned	Teo	11
42032143	minus	unassigned	Teo	36
42032930	plus	unassigned	Teo	6
42032656	plus	ppl2	B73	9
42033223	plus	unassigned	Teo	1
42032883	minus	nbr	Teo	2
42031861	plus	ppl2	Teo	23
42032921	minus	nbr	B73	31
42032887	minus	nbr	B73	22
42032826	minus	unassigned	B73	4
42032348	plus	unassigned	B73	3
42031846	plus	unassigned	Teo	3
42032139	plus	unassigned	Teo	10
42031865	plus	ppl2	B73	4
42031644	plus	ppl2	B73	1
42032867	plus	unassigned	B73	1185
42032391	plus	unassigned	Teo	17
42031902	minus	unassigned	B73	10
42032124	minus	unassigned	Teo	33
42032919	minus	nbr	Teo	3
42033242	plus	unassigned	B73	5
42032740	plus	unassigned	Teo	227
42031550	minus	unassigned	B73	1
42033306	plus	unassigned	B73	3
42033363	minus	nbr	B73	4
42033142	minus	nbr	B73	52
42032807	minus	unassigned	B73	10
42032120	plus	ppl2	B73	7
42032562	plus	ppl2	B73	54
42032341	plus	ppl2	B73	10
42031662	plus	unassigned	B73	2
42031929	plus	unassigned	B73	2
42031548	minus	unassigned	B73	1
42032486	minus	unassigned	Teo	1
42031531	minus	unassigned	B73	1
42032176	plus	ppl2	Teo	102
42031802	plus	unassigned	Teo	2
42032993	plus	unassigned	B73	6
42032339	plus	ppl2	Teo	126
42032118	plus	ppl2	Teo	63
42032784	plus	unassigned	Teo	463
42032823	plus	unassigned	B73	1549
42033116	plus	unassigned	B73	3
42032614	plus	unassigned	Teo	27
42032793	minus	nbr	B73	87
42032649	minus	unassigned	B73	11
42032632	minus	unassigned	B73	17
42032825	minus	nbr	Teo	13
42031803	plus	ppl2	Teo	3
42031739	plus	unassigned	B73	2
42031991	plus	unassigned	B73	1
42031821	plus	unassigned	B73	3
42032084	minus	unassigned	B73	3
42032114	plus	unassigned	B73	1
42033096	plus	unassigned	B73	8
42032594	plus	unassigned	Teo	29
42031893	minus	unassigned	B73	10
42032633	plus	unassigned	B73	3
42032829	minus	nbr	B73	68
42032943	plus	unassigned	Teo	6
42031807	plus	ppl2	B73	2
42033236	plus	unassigned	Teo	1
42032613	minus	unassigned	B73	19
42033046	minus	nbr	Teo	9
42032644	minus	unassigned	Teo	13
42033305	minus	nbr	B73	8
42031865	plus	unassigned	B73	4
42032158	plus	unassigned	B73	3
42032952	minus	nbr	Teo	7
42032731	minus	nbr	Teo	16
42032468	plus	unassigned	Teo	1
42032105	minus	unassigned	Teo	31
42033052	plus	unassigned	B73	7
42032550	plus	unassigned	Teo	33
42033319	plus	unassigned	B73	3
42032817	plus	unassigned	Teo	488
42031896	plus	ppl2	Teo	45
42032956	minus	nbr	B73	32
42032735	minus	nbr	B73	165
42031675	plus	unassigned	B73	2
42031679	plus	ppl2	B73	1
42032317	plus	unassigned	B73	3
42031815	plus	unassigned	Teo	2
42032108	plus	unassigned	Teo	3
42032797	plus	unassigned	Teo	468
42031529	minus	unassigned	B73	1
42032467	minus	unassigned	Teo	1
42032151	plus	ppl2	Teo	86
42032593	plus	ppl2	Teo	349
42032360	plus	unassigned	Teo	18
42032372	plus	ppl2	Teo	179
42032627	plus	unassigned	Teo	26
42031512	minus	unassigned	B73	1
42033172	plus	unassigned	Teo	1
42033211	minus	nbr	B73	21
42031697	minus	unassigned	B73	8
42033398	minus	nbr	B73	1
42033177	minus	nbr	B73	30
42032410	plus	ppl2	B73	18
42032631	plus	ppl2	B73	44
42031680	minus	unassigned	B73	7
42032376	plus	ppl2	B73	21
42032155	plus	ppl2	B73	10
42032597	plus	ppl2	B73	53
42032417	minus	unassigned	B73	3
42032629	plus	ppl2	Teo	272
42032408	plus	ppl2	Teo	210
42032400	minus	unassigned	B73	19
42032798	minus	unassigned	B73	11
42032781	minus	unassigned	B73	25
42031631	plus	unassigned	B73	1
42031859	plus	unassigned	Teo	3
42032862	minus	nbr	B73	31
42031874	minus	unassigned	B73	6
42032096	minus	unassigned	Teo	1
42031840	plus	ppl2	B73	3
42032962	plus	unassigned	B73	5
42033255	plus	unassigned	B73	3
42032753	plus	unassigned	Teo	269
42031838	plus	ppl2	Teo	9
42032625	minus	unassigned	Teo	14
42032779	minus	unassigned	B73	25
42031878	plus	unassigned	B73	4
42032762	minus	unassigned	B73	25
42031708	plus	unassigned	B73	1
42031960	plus	unassigned	B73	2
42031855	minus	unassigned	B73	6
42033083	minus	nbr	B73	67
42031886	minus	unassigned	Teo	23
42032563	plus	unassigned	Teo	30
42033115	minus	nbr	Teo	1
42032836	plus	unassigned	B73	1610
42033129	plus	unassigned	B73	4
42032314	plus	ppl2	Teo	96
42032535	plus	ppl2	Teo	412
42033381	plus	unassigned	B73	3
42032606	minus	unassigned	Teo	14
42033211	plus	unassigned	B73	5
42033119	minus	nbr	B73	53
42032800	minus	nbr	Teo	13
42032539	plus	ppl2	B73	52
42032318	plus	ppl2	B73	13
42032987	minus	nbr	Teo	8
42032766	minus	nbr	Teo	18
42032391	minus	unassigned	B73	17
42031795	plus	unassigned	Teo	2
42031834	plus	unassigned	B73	3
42032127	plus	unassigned	B73	1
42032646	plus	unassigned	B73	3
42032170	plus	unassigned	Teo	10
42033191	plus	unassigned	B73	5
42032956	plus	unassigned	Teo	3
42032804	minus	nbr	B73	86
42033249	plus	unassigned	Teo	1
42033021	plus	unassigned	B73	5
42032585	minus	unassigned	B73	22
42031678	minus	unassigned	B73	7
42031661	minus	unassigned	B73	6
42033021	minus	nbr	Teo	9
42031692	minus	unassigned	Teo	3
42032662	plus	ppl2	Teo	1
42032604	plus	ppl2	Teo	326
42031644	plus	unassigned	B73	2
42033246	minus	nbr	B73	14
42033025	minus	nbr	B73	54
42032772	plus	unassigned	B73	855
42032566	minus	unassigned	B73	27
42033065	plus	unassigned	B73	7
42032666	plus	ppl2	B73	4
42032893	minus	nbr	Teo	1
42032602	plus	unassigned	B73	2
42032608	plus	ppl2	B73	52
42031659	minus	unassigned	B73	6
42032597	minus	unassigned	Teo	12
42031871	plus	ppl2	Teo	26
42031642	minus	unassigned	B73	6
42032912	plus	unassigned	Teo	24
42032580	minus	unassigned	Teo	14
42033205	plus	unassigned	Teo	1
42031673	minus	unassigned	Teo	2
42032931	minus	nbr	B73	31
42032710	minus	nbr	B73	29
42032897	minus	nbr	B73	21
42031688	plus	unassigned	B73	2
42032839	minus	nbr	B73	67
42032743	minus	unassigned	B73	27
42031875	plus	ppl2	B73	5
42031654	plus	ppl2	B73	1
42031770	plus	unassigned	B73	2
42031817	plus	ppl2	B73	2
42031836	minus	unassigned	B73	10
42032774	minus	unassigned	Teo	1
42031828	plus	unassigned	Teo	2
42031600	plus	unassigned	B73	1
42032929	minus	nbr	Teo	5
42032708	minus	nbr	Teo	1
42032582	plus	unassigned	B73	3
42031867	minus	unassigned	Teo	10
42032849	plus	unassigned	B73	1648
42032373	plus	unassigned	Teo	17
42031910	plus	unassigned	Teo	2
42031850	minus	unassigned	Teo	9
42031907	plus	ppl2	Teo	52
42032412	plus	unassigned	B73	2
42033394	plus	unassigned	B73	3
42032892	plus	unassigned	Teo	67
42033185	plus	unassigned	Teo	1
42032931	plus	unassigned	B73	16
42033224	plus	unassigned	B73	5
42032722	plus	unassigned	Teo	177
42033373	minus	nbr	B73	5
42033152	minus	nbr	B73	43
42033315	minus	nbr	B73	4
42032724	minus	unassigned	B73	27
42032351	plus	ppl2	B73	14
42032130	plus	ppl2	B73	8
42032572	plus	ppl2	B73	54
42032514	plus	ppl2	B73	20
42032389	minus	unassigned	B73	17
42031580	plus	unassigned	B73	1
42031817	minus	unassigned	B73	9
42032755	minus	unassigned	Teo	1
42032372	minus	unassigned	B73	13
42031800	minus	unassigned	B73	8
42032392	plus	unassigned	B73	2
42031890	plus	unassigned	Teo	2
42031848	minus	unassigned	Teo	9
42031831	minus	unassigned	Teo	8
42032349	plus	ppl2	Teo	139
42032128	plus	ppl2	Teo	76
42032975	plus	unassigned	B73	8
42033268	plus	unassigned	B73	3
42032766	plus	unassigned	Teo	363
42032966	minus	nbr	B73	33
42032745	minus	nbr	B73	169
42032805	plus	unassigned	B73	1398
42033350	plus	unassigned	B73	3
42031502	plus	ppl2	B73	2
42032835	minus	nbr	Teo	13
42031689	plus	ppl2	B73	1
42031813	plus	ppl2	Teo	4
42032353	minus	unassigned	B73	15
42032384	minus	unassigned	Teo	8
42031973	plus	unassigned	B73	2
42031803	plus	unassigned	B73	3
42032785	plus	unassigned	B73	1250
42033221	minus	nbr	B73	18
42033078	plus	unassigned	B73	8
42033000	minus	nbr	B73	47
42032576	plus	unassigned	Teo	30
42032615	plus	unassigned	B73	2
42032406	plus	unassigned	Teo	16
42033187	minus	nbr	B73	28
42032641	plus	ppl2	B73	43
42033160	plus	unassigned	B73	4
42032547	minus	unassigned	B73	27
42032925	plus	unassigned	Teo	6
42033218	plus	unassigned	Teo	1
42032386	plus	ppl2	B73	20
42032530	minus	unassigned	B73	22
42032165	plus	ppl2	B73	10
42032578	minus	unassigned	Teo	15
42033056	minus	nbr	Teo	8
42032561	minus	unassigned	Teo	16
42032639	plus	ppl2	Teo	264
42032872	minus	nbr	B73	22
42031850	plus	ppl2	B73	3
42032962	minus	nbr	Teo	7
42032741	minus	nbr	Teo	18
42032386	plus	unassigned	Teo	17
42032904	minus	nbr	Teo	1
42031847	plus	unassigned	B73	4
42032528	minus	unassigned	B73	22
42031685	plus	ppl2	Teo	1
42032511	minus	unassigned	B73	16
42031848	plus	ppl2	Teo	15
42032559	minus	unassigned	Teo	16
42032969	plus	unassigned	Teo	3
42032741	plus	unassigned	B73	381
42032176	minus	unassigned	B73	13
42033034	plus	unassigned	B73	4
42032542	minus	unassigned	Teo	12
42032532	plus	unassigned	Teo	36
42032908	minus	nbr	B73	27
42033093	minus	nbr	B73	59
42032705	minus	unassigned	B73	27
42032736	minus	unassigned	Teo	1
42031657	plus	unassigned	B73	2
42033125	minus	nbr	Teo	1
42031829	minus	unassigned	Teo	8
42032382	plus	ppl2	Teo	182
42032161	plus	ppl2	Teo	92
42032545	plus	ppl2	Teo	409
42031812	minus	unassigned	Teo	7
42032324	plus	ppl2	Teo	108
42032988	plus	unassigned	B73	6
42032779	plus	unassigned	Teo	433
42032551	plus	unassigned	B73	3
42032157	minus	unassigned	B73	13
42032342	plus	unassigned	Teo	18
42032609	plus	unassigned	Teo	27
42032140	minus	unassigned	B73	17
42033363	plus	unassigned	B73	3
42032861	plus	unassigned	Teo	372
42033154	plus	unassigned	Teo	1
42032171	minus	unassigned	Teo	35
42033129	minus	nbr	B73	56
42032810	minus	nbr	Teo	16
42032107	plus	ppl2	B73	4
42032549	plus	ppl2	B73	55
42032328	plus	ppl2	B73	12
42032997	minus	nbr	Teo	8
42032776	minus	nbr	Teo	19
42032717	minus	unassigned	Teo	1
42032334	minus	unassigned	B73	16
42032365	minus	unassigned	Teo	10
42032814	minus	nbr	B73	80
42031783	plus	unassigned	B73	2
42031791	minus	unassigned	B73	8
42032152	plus	unassigned	Teo	10
42031613	plus	unassigned	B73	1
42032595	plus	unassigned	B73	3
42033198	plus	unassigned	Teo	1
42032944	plus	unassigned	B73	11
42033237	plus	unassigned	B73	5
42032735	plus	unassigned	Teo	218
42033031	minus	nbr	Teo	9
42033280	plus	unassigned	Teo	1
42032672	plus	ppl2	Teo	1
42032315	minus	unassigned	B73	13
42032696	minus	unassigned	B73	1
42032346	minus	unassigned	Teo	35
42031789	minus	unassigned	B73	8
42031593	plus	unassigned	B73	1
42033256	minus	nbr	B73	13
42033035	minus	nbr	B73	54
42031942	plus	unassigned	B73	2
42032754	plus	unassigned	B73	619
42031881	plus	ppl2	Teo	27
42033047	plus	unassigned	B73	7
42032545	plus	unassigned	Teo	35
42032818	plus	unassigned	B73	1499
42032523	minus	unassigned	Teo	12
42032941	minus	nbr	B73	34
42032720	minus	nbr	B73	153
42032900	plus	unassigned	B73	126
42032677	minus	unassigned	B73	3
42032660	minus	unassigned	B73	3
42031664	plus	ppl2	B73	1
42031885	plus	ppl2	B73	4
42032939	minus	nbr	Teo	6
42032718	minus	nbr	Teo	13
42031986	plus	unassigned	B73	1
42031816	plus	unassigned	B73	3
42032109	plus	unassigned	B73	1
42032798	plus	unassigned	B73	1327
42032589	plus	unassigned	Teo	29
42032361	plus	unassigned	B73	3
42032138	minus	unassigned	B73	18
42032628	plus	unassigned	B73	3
42032504	minus	unassigned	Teo	1
42032121	minus	unassigned	B73	12
42032880	plus	unassigned	B73	595
42033173	plus	unassigned	B73	5
42032169	minus	unassigned	Teo	35
42032938	plus	unassigned	Teo	6
42032710	plus	unassigned	B73	164
42033383	minus	nbr	B73	3
42033162	minus	nbr	B73	41
42033003	plus	unassigned	B73	6
42032501	plus	unassigned	Teo	1
42032152	minus	unassigned	Teo	37
42032582	plus	ppl2	B73	54
42032361	plus	ppl2	B73	14
42032140	plus	ppl2	B73	9
42032614	plus	ppl2	Teo	300
42032138	plus	ppl2	Teo	83
42032359	plus	ppl2	Teo	159
42031796	plus	unassigned	B73	3
42031626	plus	unassigned	B73	1
42032835	minus	unassigned	B73	4
42032399	plus	unassigned	Teo	17
42032171	plus	unassigned	B73	3
42032119	minus	unassigned	B73	12
42032001	plus	unassigned	B73	1
42032102	minus	unassigned	B73	3
42031791	plus	ppl2	B73	2
42032481	plus	unassigned	Teo	1
42032748	plus	unassigned	Teo	265
42031911	minus	unassigned	B73	10
42032133	minus	unassigned	Teo	33
42032618	plus	ppl2	B73	50
42032311	plus	unassigned	Teo	1
42032845	minus	nbr	Teo	12
42031823	plus	ppl2	Teo	5
42031789	plus	ppl2	Teo	1
42032849	minus	nbr	B73	47
42032327	minus	unassigned	Teo	34
42031827	plus	ppl2	B73	3
42031752	plus	unassigned	B73	2
42033100	minus	nbr	Teo	1
42031557	minus	unassigned	B73	1
42033066	minus	nbr	Teo	6
42032564	plus	unassigned	B73	3
42032495	minus	unassigned	Teo	1
42032520	plus	ppl2	Teo	383
42032355	plus	unassigned	Teo	18
42033376	plus	unassigned	B73	3
42032874	plus	unassigned	Teo	235
42033167	plus	unassigned	Teo	1
42032913	plus	unassigned	B73	77
42033206	plus	unassigned	B73	5
42032704	plus	unassigned	Teo	52
42033325	minus	nbr	B73	4
42033104	minus	nbr	B73	60
42032658	minus	unassigned	B73	3
42032641	minus	unassigned	B73	13
42032524	plus	ppl2	B73	47
42032972	minus	nbr	Teo	7
42032751	minus	nbr	Teo	19
42031999	plus	unassigned	B73	1
42031562	plus	unassigned	B73	1
42031695	plus	ppl2	Teo	1
42031872	plus	unassigned	Teo	3
42032374	plus	unassigned	B73	3
42032165	plus	unassigned	Teo	10
42032976	minus	nbr	B73	38
42032755	minus	nbr	B73	168
42032514	plus	unassigned	Teo	36
42032918	minus	nbr	B73	31
42032957	plus	unassigned	B73	5
42032520	plus	unassigned	B73	3
42031699	plus	ppl2	B73	2
42032639	minus	unassigned	B73	13
42033332	plus	unassigned	B73	3
42032830	plus	unassigned	Teo	489
42032622	minus	unassigned	B73	18
42032392	plus	ppl2	Teo	178
42032171	plus	ppl2	Teo	106
42033231	minus	nbr	B73	19
42033010	minus	nbr	B73	48
42032816	minus	unassigned	B73	9
42031955	plus	unassigned	B73	2
42033197	minus	nbr	B73	25
42032651	plus	ppl2	B73	9
42031909	minus	unassigned	B73	10
42032767	plus	unassigned	B73	779
42032558	plus	unassigned	Teo	31
42032330	plus	unassigned	B73	3
42032121	plus	unassigned	Teo	2
42032175	plus	ppl2	B73	10
42032114	minus	unassigned	Teo	31
42032396	plus	ppl2	B73	20
42032559	plus	ppl2	B73	55
42033142	plus	unassigned	B73	5
42032640	plus	unassigned	Teo	24
42033008	minus	nbr	Teo	8
42032907	plus	unassigned	Teo	28
42031540	minus	unassigned	B73	1
42032649	plus	ppl2	Teo	248
42032882	minus	nbr	B73	21
42031860	plus	ppl2	B73	4
42031802	plus	ppl2	B73	2
42031765	plus	unassigned	B73	2
42032914	minus	nbr	Teo	2
42032368	plus	unassigned	Teo	17
42032140	plus	unassigned	B73	3
42031829	plus	unassigned	B73	3
42031858	plus	ppl2	Teo	21
42031538	minus	unassigned	B73	1
42032476	minus	unassigned	Teo	1
42031904	minus	unassigned	Teo	26
42032093	minus	unassigned	B73	3
42031521	minus	unassigned	B73	1
42031911	plus	unassigned	B73	2
42032893	plus	unassigned	B73	256
42033186	plus	unassigned	B73	5
42032723	plus	unassigned	B73	286
42033016	plus	unassigned	B73	5
42033300	minus	nbr	B73	9
42033135	minus	nbr	Teo	1
42031639	plus	unassigned	B73	2
42032113	plus	ppl2	Teo	62
42032555	plus	ppl2	Teo	398
42032334	plus	ppl2	Teo	123
42031519	minus	unassigned	B73	1
42031891	plus	unassigned	B73	2
42032790	minus	unassigned	B73	13
42031502	minus	unassigned	B73	4
42032951	minus	nbr	B73	31
42032494	plus	unassigned	Teo	1
42031883	minus	unassigned	B73	8
42032533	plus	unassigned	B73	3
42032324	plus	unassigned	Teo	16
42033345	plus	unassigned	B73	3
42033139	minus	nbr	B73	53
42032843	plus	unassigned	Teo	460
42032820	minus	nbr	Teo	13
42032338	plus	ppl2	B73	11
42032117	plus	ppl2	B73	6
42032786	minus	nbr	Teo	19
42032949	minus	nbr	Teo	8
42032603	minus	unassigned	B73	21
42032634	minus	unassigned	Teo	14
42032788	minus	unassigned	B73	13
42032824	minus	nbr	B73	76
42031841	plus	unassigned	Teo	3
42032134	plus	unassigned	Teo	10
42032577	plus	unassigned	B73	3
42032592	plus	ppl2	B73	56
42032407	plus	unassigned	B73	2
42031905	plus	unassigned	Teo	2
42033041	minus	nbr	Teo	9
42033389	plus	unassigned	B73	3
42032887	plus	unassigned	Teo	100
42032926	plus	unassigned	B73	27
42033219	plus	unassigned	B73	5
42032717	plus	unassigned	Teo	153
42032403	plus	ppl2	Teo	211
42032624	plus	ppl2	Teo	278
42033262	plus	unassigned	Teo	1
42032615	minus	unassigned	Teo	14
42033266	minus	nbr	B73	14
42033045	minus	nbr	B73	57
42033208	minus	nbr	B73	21
42031575	plus	unassigned	B73	1
42032628	plus	ppl2	B73	45
42032407	plus	ppl2	B73	18
42032387	plus	unassigned	B73	3
42031885	plus	unassigned	Teo	2
42031891	plus	ppl2	Teo	29
42031924	plus	unassigned	B73	2
42031833	plus	ppl2	Teo	5
42033199	plus	unassigned	B73	5
42032736	plus	unassigned	B73	351
42033029	plus	unassigned	B73	4
42032527	plus	unassigned	Teo	36
42033281	plus	unassigned	B73	1
42032730	minus	nbr	B73	161
42033111	plus	unassigned	B73	3
42032859	minus	nbr	B73	40
42032594	minus	unassigned	B73	22
42031674	plus	ppl2	B73	1
42031895	plus	ppl2	B73	5
42031687	minus	unassigned	B73	7
42031837	plus	ppl2	B73	3
42031670	minus	unassigned	B73	6
42032728	minus	nbr	Teo	15
42033110	minus	nbr	Teo	1
42032530	plus	ppl2	Teo	416
42032407	minus	unassigned	B73	21
42031968	plus	unassigned	B73	2
42032771	minus	unassigned	B73	25
42031864	minus	unassigned	B73	6
42032343	plus	unassigned	B73	3
42032086	minus	unassigned	Teo	1
42033393	minus	nbr	B73	1
42033172	minus	nbr	B73	35
42033335	minus	nbr	B73	4
42033114	minus	nbr	B73	59
42032862	plus	unassigned	B73	1435
42031895	minus	unassigned	Teo	23
42033155	plus	unassigned	B73	6
42032150	plus	ppl2	B73	10
42032371	plus	ppl2	B73	18
42032534	plus	ppl2	B73	52
42032982	minus	nbr	Teo	7
42032369	plus	ppl2	Teo	185
42032148	plus	ppl2	Teo	88
42032769	minus	unassigned	B73	25
42031778	plus	unassigned	B73	2
42032986	minus	nbr	B73	39
42032765	minus	nbr	B73	166
42032752	minus	unassigned	B73	26
42032402	minus	unassigned	Teo	9
42031608	plus	unassigned	B73	1
42031860	plus	unassigned	B73	4
42031845	minus	unassigned	B73	10
42032783	minus	unassigned	Teo	1
42032153	plus	unassigned	B73	3
42032855	minus	nbr	Teo	7
42031876	minus	unassigned	Teo	10
42032463	plus	unassigned	Teo	1
42032982	plus	unassigned	Teo	1
42033275	plus	unassigned	Teo	1
42031799	plus	ppl2	Teo	3
42032812	plus	unassigned	Teo	461
42033241	minus	nbr	B73	14
42033020	minus	nbr	B73	51
42032733	minus	unassigned	B73	27
42032661	plus	ppl2	B73	8
42032398	minus	unassigned	B73	19
42031826	minus	unassigned	B73	9
42032764	minus	unassigned	Teo	1
42032381	minus	unassigned	B73	14
42031857	minus	unassigned	Teo	9
42033076	minus	nbr	Teo	6
42033018	minus	nbr	Teo	9
42031734	plus	unassigned	B73	2
42032659	plus	ppl2	Teo	1
42032546	plus	unassigned	B73	3
42032337	plus	unassigned	Teo	18
42033091	plus	unassigned	B73	8
42033358	plus	unassigned	B73	3
42032856	plus	unassigned	Teo	399
42032892	minus	nbr	B73	21
42032575	minus	unassigned	B73	25
42031870	plus	ppl2	B73	5
42033231	plus	unassigned	Teo	1
42032761	minus	nbr	Teo	18
42031668	minus	unassigned	B73	6
42032924	minus	nbr	Teo	3
42031651	minus	unassigned	B73	6
42031902	plus	ppl2	Teo	49
42031699	minus	unassigned	Teo	4
42031682	minus	unassigned	Teo	3
42031868	plus	ppl2	Teo	24
42032356	plus	unassigned	B73	3
42031854	plus	unassigned	Teo	3
42032147	plus	unassigned	Teo	11
42032928	minus	nbr	B73	31
42032875	plus	unassigned	B73	792
42033168	plus	unassigned	B73	5
42031906	plus	ppl2	B73	5
42033250	plus	unassigned	B73	3
42032556	minus	unassigned	B73	27
42032939	plus	unassigned	B73	12
42031649	minus	unassigned	B73	6
42032587	minus	unassigned	Teo	12
42031632	minus	unassigned	B73	4
42033314	plus	unassigned	B73	3
42033145	minus	nbr	Teo	1
42032570	minus	unassigned	Teo	16
42032344	plus	ppl2	Teo	136
42032123	plus	ppl2	Teo	64
42032565	plus	ppl2	Teo	394
42031663	minus	unassigned	Teo	2
42031588	plus	unassigned	B73	1
42033149	minus	nbr	B73	43
42031898	plus	unassigned	Teo	2
42032603	plus	ppl2	B73	52
42031670	plus	unassigned	B73	2
42032830	minus	nbr	Teo	12
42031937	plus	unassigned	B73	2
42032569	plus	ppl2	B73	53
42032348	plus	ppl2	B73	14
42032127	plus	ppl2	B73	6
42032796	minus	nbr	Teo	14
42032537	minus	unassigned	B73	27
42032749	plus	unassigned	B73	498
42032520	minus	unassigned	B73	20
42031810	plus	unassigned	Teo	2
42031840	minus	unassigned	Teo	9
42032103	plus	unassigned	Teo	1
42032792	plus	unassigned	Teo	472
42032568	minus	unassigned	Teo	16
42032831	plus	unassigned	B73	1579
42033124	plus	unassigned	B73	3
42032622	plus	unassigned	Teo	26
42032834	minus	nbr	B73	70
42031812	plus	ppl2	B73	2
42032714	minus	unassigned	B73	30
42032379	minus	unassigned	B73	14
42031807	minus	unassigned	B73	8
42032745	minus	unassigned	Teo	1
42031747	plus	unassigned	B73	2
42032362	minus	unassigned	B73	17
42033051	minus	nbr	Teo	8
42031790	plus	unassigned	Teo	2
42031838	minus	unassigned	Teo	9
42032559	plus	unassigned	B73	3
42032393	minus	unassigned	Teo	8
42032122	plus	unassigned	B73	1
42031821	minus	unassigned	Teo	8
42032869	plus	unassigned	Teo	259
42033244	plus	unassigned	Teo	1
42033310	minus	nbr	B73	7
42032705	plus	unassigned	B73	124
42033276	minus	nbr	B73	11
42033055	minus	nbr	B73	61
42031680	plus	ppl2	Teo	1
42032726	minus	unassigned	Teo	1
42032343	minus	unassigned	B73	15
42031819	minus	unassigned	Teo	8
42031802	minus	unassigned	Teo	4
42032374	minus	unassigned	Teo	10
42032961	minus	nbr	B73	30
42032740	minus	nbr	B73	167
42031873	plus	unassigned	B73	4
42032166	plus	unassigned	B73	3
42031703	plus	unassigned	B73	1
42032476	plus	unassigned	Teo	1
42032515	plus	unassigned	B73	3
42031684	plus	ppl2	B73	1
42033060	plus	unassigned	B73	5
42033327	plus	unassigned	B73	3
42032959	minus	nbr	Teo	7
42032738	minus	nbr	Teo	17
42032825	plus	unassigned	Teo	492
42033200	plus	unassigned	Teo	1
42032551	minus	unassigned	Teo	16
42031798	minus	unassigned	B73	8
42031683	plus	unassigned	B73	2
42033182	minus	nbr	B73	30
42032381	plus	ppl2	B73	21
42032160	plus	ppl2	B73	10
42032325	plus	unassigned	B73	3
42031823	plus	unassigned	Teo	2
42032116	plus	unassigned	Teo	3
42032518	minus	unassigned	B73	18
42032635	plus	unassigned	Teo	24
42032634	plus	ppl2	Teo	268
42033180	plus	unassigned	Teo	1
42032549	minus	unassigned	Teo	16
42032641	plus	unassigned	B73	3
42032166	minus	unassigned	B73	13
42032908	plus	unassigned	B73	85
42032379	plus	ppl2	Teo	183
42032158	plus	ppl2	Teo	90
42032532	minus	unassigned	Teo	10
42032951	plus	unassigned	Teo	6
42033218	minus	nbr	B73	20
42032638	plus	ppl2	B73	43
42032865	minus	nbr	Teo	3
42031843	plus	ppl2	Teo	10
42032369	plus	unassigned	B73	3
42031867	plus	unassigned	Teo	3
42031906	plus	unassigned	B73	2
42032888	plus	unassigned	B73	363
42032147	minus	unassigned	B73	15
42032903	minus	nbr	B73	22
42032513	minus	unassigned	Teo	10
42032718	plus	unassigned	B73	249
42032509	plus	unassigned	Teo	1
42032130	minus	unassigned	B73	13
42032970	plus	unassigned	B73	8
42033263	plus	unassigned	B73	3
42032869	minus	nbr	B73	28
42032761	plus	unassigned	Teo	346
42032800	plus	unassigned	B73	1337
42032161	minus	unassigned	Teo	35
42031847	plus	ppl2	B73	3
42033120	minus	nbr	Teo	1
42033086	minus	nbr	Teo	2
42032540	plus	ppl2	Teo	411
42032707	minus	unassigned	Teo	1
42032324	minus	unassigned	B73	14
42031886	plus	unassigned	B73	2
42032355	minus	unassigned	Teo	33
42032844	minus	unassigned	B73	2
42032489	plus	unassigned	Teo	1
42032319	plus	unassigned	Teo	16
42033345	minus	nbr	B73	4
42033124	minus	nbr	B73	56
42032571	plus	unassigned	Teo	30
42032544	plus	ppl2	B73	54
42032323	plus	ppl2	B73	13
42032992	minus	nbr	Teo	8
42032771	minus	nbr	Teo	19
42032844	plus	unassigned	B73	1646
42033137	plus	unassigned	B73	5
42032686	minus	unassigned	B73	1
42032996	minus	nbr	B73	48
42032775	minus	nbr	B73	167
42032336	minus	unassigned	Teo	36
42032938	minus	nbr	B73	30
42032717	minus	nbr	B73	137
42032807	minus	nbr	Teo	15
42031842	plus	unassigned	B73	4
42031793	minus	unassigned	Teo	4
42032135	plus	unassigned	B73	3
42032964	plus	unassigned	Teo	3
42033257	plus	unassigned	Teo	1
42033251	minus	nbr	B73	13
42033030	minus	nbr	B73	56
42032667	minus	unassigned	B73	3
42032317	minus	unassigned	Teo	34
42032650	minus	unassigned	B73	5
42032671	plus	ppl2	B73	1
42033159	minus	nbr	B73	40
42032613	plus	ppl2	B73	52
42032137	plus	ppl2	B73	8
42032579	plus	ppl2	B73	54
42032358	plus	ppl2	B73	14
42031652	plus	unassigned	B73	2
42033028	minus	nbr	Teo	9
42032669	plus	ppl2	Teo	1
42032698	plus	unassigned	B73	11
42032128	minus	unassigned	B73	13
42032528	plus	unassigned	B73	3
42032844	minus	nbr	B73	65
42032111	minus	unassigned	B73	11
42032780	plus	unassigned	B73	1080
42033073	plus	unassigned	B73	7
42031880	plus	ppl2	B73	4
42032159	minus	unassigned	Teo	35
42032838	plus	unassigned	Teo	447
42032610	plus	unassigned	B73	2
42031822	plus	ppl2	B73	2
42032401	plus	unassigned	Teo	17
42032142	minus	unassigned	Teo	36
42032648	minus	unassigned	B73	11
42032934	minus	nbr	Teo	5
42032713	minus	nbr	Teo	5
42032920	plus	unassigned	Teo	12
42033213	plus	unassigned	Teo	1
42031878	plus	ppl2	Teo	27
42031696	plus	unassigned	B73	2
42032825	minus	unassigned	B73	4
42032109	minus	unassigned	B73	11
42033320	minus	nbr	B73	4
42032338	plus	unassigned	B73	3
42031836	plus	unassigned	Teo	2
42032129	plus	unassigned	Teo	10
42032590	plus	unassigned	B73	3
42033286	minus	nbr	B73	11
42033065	minus	nbr	B73	57
42032857	plus	unassigned	B73	1523
42032381	plus	unassigned	Teo	17
42032648	plus	unassigned	Teo	21
42031901	minus	unassigned	B73	10
42032123	minus	unassigned	Teo	33
42033193	plus	unassigned	Teo	1
42033232	plus	unassigned	B73	5
42032730	plus	unassigned	Teo	209
42033155	minus	nbr	Teo	1
42032575	plus	ppl2	Teo	381
42032354	plus	ppl2	Teo	156
42032133	plus	ppl2	Teo	81
42032517	plus	ppl2	Teo	372
42032971	minus	nbr	B73	37
42032750	minus	nbr	B73	169
42032806	minus	unassigned	B73	10
42032840	minus	nbr	Teo	13
42032969	minus	nbr	Teo	7
42032748	minus	nbr	Teo	18
42031919	plus	unassigned	B73	2
42031547	minus	unassigned	B73	1
42032485	minus	unassigned	Teo	1
42031530	minus	unassigned	B73	1
42032983	plus	unassigned	B73	6
42033276	plus	unassigned	B73	1
42032774	plus	unassigned	Teo	382
42032813	plus	unassigned	B73	1432
42033106	plus	unassigned	B73	6
42032604	plus	unassigned	Teo	27
42033192	minus	nbr	B73	25
42032631	minus	unassigned	B73	18
42032391	plus	ppl2	B73	20
42032170	plus	ppl2	B73	10
42033061	minus	nbr	Teo	7
42033003	minus	nbr	Teo	8
42031899	plus	unassigned	B73	2
42032644	plus	ppl2	Teo	262
42031981	plus	unassigned	B73	1
42032168	plus	ppl2	Teo	100
42031811	plus	unassigned	B73	3
42032389	plus	ppl2	Teo	178
42032083	minus	unassigned	B73	3
42032104	plus	unassigned	B73	1
42032793	plus	unassigned	B73	1323
42033086	plus	unassigned	B73	8
42032584	plus	unassigned	Teo	30
42031892	minus	unassigned	B73	10
42032623	plus	unassigned	B73	2
42032933	plus	unassigned	Teo	6
42033226	plus	unassigned	Teo	1
42033228	minus	nbr	B73	19
42033007	minus	nbr	B73	49
42032629	minus	unassigned	B73	18
42032648	plus	ppl2	B73	43
42032875	minus	nbr	Teo	2
42032612	minus	unassigned	B73	19
42031690	plus	ppl2	Teo	1
42031853	plus	ppl2	Teo	19
42032643	minus	unassigned	Teo	13
42032913	minus	nbr	B73	30
42032879	minus	nbr	B73	21
42031855	plus	unassigned	B73	4
42032148	plus	unassigned	B73	3
42031694	plus	ppl2	B73	2
42031636	plus	ppl2	B73	2
42031857	plus	ppl2	B73	3
42032104	minus	unassigned	Teo	7
42033130	minus	nbr	Teo	1
42032977	plus	unassigned	Teo	1
42033042	plus	unassigned	B73	4
42032540	plus	unassigned	Teo	35
42033309	plus	unassigned	B73	3
42032807	plus	unassigned	Teo	468
42033096	minus	nbr	Teo	1
42032550	plus	ppl2	Teo	405
42032624	minus	unassigned	Teo	14
42033355	minus	nbr	B73	4
42033134	minus	nbr	B73	57
42031665	plus	unassigned	B73	2
42032112	plus	ppl2	B73	4
42032554	plus	ppl2	B73	55
42032333	plus	ppl2	B73	11
42032781	minus	nbr	Teo	18
42031805	plus	unassigned	Teo	2
42032996	plus	unassigned	B73	6
42032787	plus	unassigned	Teo	463
42031528	minus	unassigned	B73	1
42032466	minus	unassigned	Teo	1
42032350	plus	unassigned	Teo	18
42032617	plus	unassigned	Teo	26
42031511	minus	unassigned	B73	1
42033371	plus	unassigned	B73	3
42033162	plus	unassigned	Teo	1
42032785	minus	nbr	B73	162
42031696	minus	unassigned	B73	8
42032817	minus	nbr	Teo	13
42032416	minus	unassigned	B73	3
42032797	minus	unassigned	B73	12
42031509	minus	unassigned	B73	1
42031791	plus	unassigned	B73	3
42032780	minus	unassigned	B73	25
42031849	plus	unassigned	Teo	3
42031621	plus	unassigned	B73	1
42032394	plus	unassigned	Teo	17
42031873	minus	unassigned	B73	6
42032095	minus	unassigned	Teo	1
42033261	minus	nbr	B73	12
42033040	minus	nbr	B73	55
42032952	plus	unassigned	B73	9
42033245	plus	unassigned	B73	3
42032743	plus	unassigned	Teo	228
42033038	minus	nbr	Teo	9
42032679	plus	ppl2	Teo	1
42031700	minus	unassigned	Teo	4
42032778	minus	unassigned	B73	25
42031868	plus	unassigned	B73	4
42032761	minus	unassigned	B73	25
42031890	plus	ppl2	B73	4
42031950	plus	unassigned	B73	2
42031854	minus	unassigned	B73	6
42032944	minus	nbr	Teo	6
42032723	minus	nbr	Teo	15
42031885	minus	unassigned	Teo	19
42033055	plus	unassigned	B73	7
42032553	plus	unassigned	Teo	33
42032826	plus	unassigned	B73	1564
42031888	plus	ppl2	Teo	29
42033119	plus	unassigned	B73	3
42032605	minus	unassigned	Teo	14
42033201	plus	unassigned	B73	5
42032948	minus	nbr	B73	33
42032727	minus	nbr	B73	157
42032390	minus	unassigned	B73	17
42031994	plus	unassigned	B73	1
42033165	minus	nbr	Teo	1
42031824	plus	unassigned	B73	3
42032117	plus	unassigned	B73	1
42033099	plus	unassigned	B73	8
42032597	plus	unassigned	Teo	29
42032143	plus	ppl2	Teo	77
42032585	plus	ppl2	Teo	355
42032364	plus	ppl2	Teo	171
42032636	plus	unassigned	B73	3
42032160	plus	unassigned	Teo	10
42033181	plus	unassigned	B73	5
42032946	plus	unassigned	Teo	6
42033239	plus	unassigned	Teo	1
42033011	plus	unassigned	B73	5
42033203	minus	nbr	B73	21
42032584	minus	unassigned	B73	22
42033169	minus	nbr	B73	38
42032402	plus	ppl2	B73	20
42031677	minus	unassigned	B73	7
42032623	plus	ppl2	B73	48
42032850	minus	nbr	Teo	8
42031660	minus	unassigned	B73	6
42032368	plus	ppl2	B73	18
42032147	plus	ppl2	B73	10
42032589	plus	ppl2	B73	54
42031691	minus	unassigned	Teo	3
42031794	plus	ppl2	Teo	1
42031634	plus	unassigned	B73	1
42032854	minus	nbr	B73	43
42032756	plus	unassigned	Teo	324
42031832	plus	ppl2	B73	3
42032762	plus	unassigned	B73	726
42031798	plus	ppl2	B73	2
42032565	minus	unassigned	B73	27
42031658	minus	unassigned	B73	6
42032596	minus	unassigned	Teo	12
42031641	minus	unassigned	B73	4
42033071	minus	nbr	Teo	6
42032902	plus	unassigned	Teo	39
42031689	minus	unassigned	Teo	3
42031672	minus	unassigned	Teo	2
42032759	minus	unassigned	B73	25
42032409	minus	unassigned	Teo	8
42031678	plus	unassigned	B73	2
42033330	minus	nbr	B73	4
42032742	minus	unassigned	B73	27
42033296	minus	nbr	B73	9
42033075	minus	nbr	B73	63
42031760	plus	unassigned	B73	2
42031835	minus	unassigned	B73	10
42032773	minus	unassigned	Teo	1
42031818	plus	unassigned	Teo	2
42032658	plus	ppl2	B73	9
42032572	plus	unassigned	B73	3
42031866	minus	unassigned	Teo	10
42032839	plus	unassigned	B73	1616
42032363	plus	unassigned	Teo	18
42032402	plus	unassigned	B73	2
42031900	plus	unassigned	Teo	2
42033107	minus	nbr	Teo	1
42033384	plus	unassigned	B73	3
42032882	plus	unassigned	Teo	142
42033175	plus	unassigned	Teo	1
42032921	plus	unassigned	B73	29
42033214	plus	unassigned	B73	5
42032712	plus	unassigned	Teo	127
42032527	plus	ppl2	Teo	414
42032981	minus	nbr	B73	38
42032760	minus	nbr	B73	168
42032723	minus	unassigned	B73	27
42031570	plus	unassigned	B73	1
42031816	minus	unassigned	B73	9
42032388	minus	unassigned	B73	17
42031798	plus	unassigned	Teo	2
42032979	minus	nbr	Teo	7
42032758	minus	nbr	Teo	17
42032754	minus	unassigned	Teo	1
42032371	minus	unassigned	B73	13
42032382	plus	unassigned	B73	3
42031880	plus	unassigned	Teo	2
42031847	minus	unassigned	Teo	9
42032173	plus	unassigned	Teo	9
42031830	minus	unassigned	Teo	8
42032965	plus	unassigned	B73	5
42033258	plus	unassigned	B73	3
42033340	plus	unassigned	B73	3
42032564	plus	ppl2	B73	55
42033013	minus	nbr	Teo	8
42032369	minus	unassigned	B73	13
42032352	minus	unassigned	B73	15
42032654	plus	ppl2	Teo	1
42032399	plus	ppl2	Teo	210
42032383	minus	unassigned	Teo	8
42031963	plus	unassigned	B73	2
42032775	plus	unassigned	B73	908
42033068	plus	unassigned	B73	7
42032566	plus	unassigned	Teo	30
42033238	minus	nbr	B73	14
42033017	minus	nbr	B73	49
42032605	plus	unassigned	B73	2
42033150	plus	unassigned	B73	5
42032546	minus	unassigned	B73	27
42032885	minus	nbr	Teo	2
42032915	plus	unassigned	Teo	19
42033208	plus	unassigned	Teo	1
42031639	minus	unassigned	B73	4
42032577	minus	unassigned	Teo	15
42031863	plus	ppl2	Teo	23
42032560	minus	unassigned	Teo	16
42032923	minus	nbr	B73	31
42032889	minus	nbr	B73	22
42031901	plus	ppl2	B73	5
42031773	plus	unassigned	B73	2
42031790	minus	unassigned	B73	8
42031867	plus	ppl2	B73	4
42031646	plus	ppl2	B73	1
42031809	plus	ppl2	B73	2
42032376	plus	unassigned	Teo	17
42031837	plus	unassigned	B73	3
42033140	minus	nbr	Teo	1
42032527	minus	unassigned	B73	22
42032649	plus	unassigned	B73	3
42032560	plus	ppl2	Teo	394
42033194	plus	unassigned	B73	5
42032558	minus	unassigned	Teo	16
42032959	plus	unassigned	Teo	3
42032731	plus	unassigned	B73	324
42032175	minus	unassigned	B73	13
42033024	plus	unassigned	B73	5
42032541	minus	unassigned	Teo	12
42032522	plus	unassigned	Teo	36
42033365	minus	nbr	B73	4
42033144	minus	nbr	B73	52
42033307	minus	nbr	B73	8
42032704	minus	unassigned	B73	27
42032343	plus	ppl2	B73	10
42032122	plus	ppl2	B73	7
42032791	minus	nbr	Teo	14
42032735	minus	unassigned	Teo	1
42031647	plus	unassigned	B73	2
42031828	minus	unassigned	Teo	8
42031811	minus	unassigned	Teo	7
42032978	plus	unassigned	B73	8
42032769	plus	unassigned	Teo	364
42032541	plus	unassigned	B73	3
42032156	minus	unassigned	B73	13
42032808	plus	unassigned	B73	1422
42032332	plus	unassigned	Teo	17
42033353	plus	unassigned	B73	3
42032795	minus	nbr	B73	90
42032851	plus	unassigned	Teo	438
42032958	minus	nbr	B73	31
42032737	minus	nbr	B73	166
42032170	minus	unassigned	Teo	35
42032827	minus	nbr	Teo	12
42031805	plus	ppl2	Teo	4
42032716	minus	unassigned	Teo	1
42032333	minus	unassigned	B73	16
42032595	plus	ppl2	Teo	343
42031809	minus	unassigned	Teo	5
42032364	minus	unassigned	Teo	10
42032142	plus	unassigned	Teo	10
42031603	plus	unassigned	B73	1
42033271	minus	nbr	B73	14
42033050	minus	nbr	B73	61
42033213	minus	nbr	B73	21
42032585	plus	unassigned	B73	3
42033179	minus	nbr	B73	30
42032633	plus	ppl2	B73	43
42033397	plus	unassigned	B73	3
42032895	plus	unassigned	Teo	59
42033188	plus	unassigned	Teo	1
42032934	plus	unassigned	B73	13
42033227	plus	unassigned	B73	5
42032725	plus	unassigned	Teo	191
42032599	plus	ppl2	B73	53
42032378	plus	ppl2	B73	21
42032157	plus	ppl2	B73	10
42033270	plus	unassigned	Teo	1
42033048	minus	nbr	Teo	9
42032314	minus	unassigned	B73	13
42032695	minus	unassigned	B73	1
42032345	minus	unassigned	Teo	35
42032864	minus	nbr	B73	30
42031583	plus	unassigned	B73	1
42031842	plus	ppl2	B73	3
42032954	minus	nbr	Teo	7
42032733	minus	nbr	Teo	16
42031893	plus	unassigned	Teo	2
42032395	plus	unassigned	B73	2
42031932	plus	unassigned	B73	2
42032744	plus	unassigned	B73	446
42033037	plus	unassigned	B73	4
42031898	plus	ppl2	Teo	45
42032535	plus	unassigned	Teo	35
42031677	plus	ppl2	Teo	1
42032539	minus	unassigned	Teo	12
42032522	minus	unassigned	Teo	12
42032676	minus	unassigned	B73	3
42033340	minus	nbr	B73	4
42033085	minus	nbr	B73	67
42033117	minus	nbr	Teo	1
42032374	plus	ppl2	Teo	177
42032153	plus	ppl2	Teo	88
42031976	plus	unassigned	B73	2
42032316	plus	ppl2	Teo	100
42032537	plus	ppl2	Teo	411
42031806	plus	unassigned	B73	3
42032788	plus	unassigned	B73	1256
42032579	plus	unassigned	Teo	30
42032137	minus	unassigned	B73	18
42032351	plus	unassigned	B73	3
42032618	plus	unassigned	B73	2
42032503	minus	unassigned	Teo	1
42032991	minus	nbr	B73	42
42032770	minus	nbr	B73	166
42032409	plus	unassigned	Teo	16
42032120	minus	unassigned	B73	12
42032870	plus	unassigned	B73	1116
42033163	plus	unassigned	B73	4
42032168	minus	unassigned	Teo	35
42032928	plus	unassigned	Teo	6
42032700	plus	unassigned	B73	26
42032151	minus	unassigned	Teo	36
42032860	minus	nbr	Teo	6
42032802	minus	nbr	Teo	14
42032989	minus	nbr	Teo	8
42032768	minus	nbr	Teo	18
42031786	plus	unassigned	B73	2
42031616	plus	unassigned	B73	1
42032806	minus	nbr	B73	86
42032598	plus	unassigned	B73	3
42032834	minus	unassigned	B73	4
42032118	minus	unassigned	B73	12
42032389	plus	unassigned	Teo	17
42032161	plus	unassigned	B73	3
42032101	minus	unassigned	B73	3
42032471	plus	unassigned	Teo	1
42032149	minus	unassigned	Teo	36
42032738	plus	unassigned	Teo	220
42032510	plus	unassigned	B73	3
42031910	minus	unassigned	B73	10
42032132	minus	unassigned	Teo	33
42032820	plus	unassigned	Teo	491
42033081	minus	nbr	Teo	2
42033023	minus	nbr	Teo	9
42032664	plus	ppl2	Teo	1
42032326	minus	unassigned	Teo	34
42033248	minus	nbr	B73	13
42033027	minus	nbr	B73	56
42032668	plus	ppl2	B73	4
42032895	minus	nbr	Teo	1
42031742	plus	unassigned	B73	2
42031873	plus	ppl2	Teo	26
42031556	minus	unassigned	B73	1
42032554	plus	unassigned	B73	3
42032494	minus	unassigned	Teo	1
42032345	plus	unassigned	Teo	18
42033366	plus	unassigned	B73	3
42032864	plus	unassigned	Teo	352
42033157	plus	unassigned	Teo	1
42032903	plus	unassigned	B73	101
42032933	minus	nbr	B73	31
42032712	minus	nbr	B73	52
42032899	minus	nbr	B73	22
42031911	plus	ppl2	B73	5
42032657	minus	unassigned	B73	3
42031877	plus	ppl2	B73	5
42032640	minus	unassigned	B73	13
42031656	plus	ppl2	B73	1
42033150	minus	nbr	Teo	1
42031989	plus	unassigned	B73	1
42031909	plus	ppl2	Teo	52
42031819	plus	unassigned	B73	3
42032570	plus	ppl2	Teo	386
42032364	plus	unassigned	B73	3
42031862	plus	unassigned	Teo	3
42031901	plus	unassigned	B73	2
42032155	plus	unassigned	Teo	10
42033176	plus	unassigned	B73	5
42032504	plus	unassigned	Teo	1
42032947	plus	unassigned	B73	11
42033375	minus	nbr	B73	3
42033154	minus	nbr	B73	41
42032638	minus	unassigned	B73	13
42032353	plus	ppl2	B73	14
42032132	plus	ppl2	B73	8
42032574	plus	ppl2	B73	54
42033322	plus	unassigned	B73	3
42032621	minus	unassigned	B73	18
42032606	plus	ppl2	Teo	313
42031596	plus	unassigned	B73	1
42032815	minus	unassigned	B73	9
42031945	plus	unassigned	B73	2
42031908	minus	unassigned	B73	10
42032757	plus	unassigned	B73	689
42032548	plus	unassigned	Teo	34
42032320	plus	unassigned	B73	3
42032837	minus	nbr	Teo	13
42032111	plus	unassigned	Teo	3
42032113	minus	unassigned	Teo	31
42033132	plus	unassigned	B73	4
42032630	plus	unassigned	Teo	25
42031815	plus	ppl2	Teo	4
42033281	minus	nbr	B73	11
42033060	minus	nbr	B73	59
42031819	plus	ppl2	B73	2
42031755	plus	unassigned	B73	2
42032567	plus	unassigned	B73	3
42032130	plus	unassigned	B73	2
42032358	plus	unassigned	Teo	18
42033058	minus	nbr	Teo	8
42032877	plus	unassigned	Teo	165
42031537	minus	unassigned	B73	1
42032512	plus	ppl2	Teo	209
42032475	minus	unassigned	Teo	1
42031903	minus	unassigned	Teo	26
42032092	minus	unassigned	B73	3
42031520	minus	unassigned	B73	1
42032883	plus	unassigned	B73	584
42033252	plus	unassigned	Teo	1
42032713	plus	unassigned	B73	197
42033006	plus	unassigned	B73	5
42033317	minus	nbr	B73	4
42032516	plus	ppl2	B73	39
42032964	minus	nbr	Teo	7
42032743	minus	nbr	Teo	18
42031500	plus	ppl2	Teo	1
42031799	plus	unassigned	B73	3
42031687	plus	ppl2	Teo	1
42031629	plus	unassigned	B73	1
42031518	minus	unassigned	B73	1
42031881	plus	unassigned	B73	4
42032174	plus	unassigned	B73	3
42031501	minus	unassigned	B73	4
42032004	plus	unassigned	B73	1
42031899	minus	unassigned	B73	10
42032693	plus	unassigned	B73	1
42031882	minus	unassigned	B73	7
42032484	plus	unassigned	Teo	1
42032968	minus	nbr	B73	37
42032747	minus	nbr	B73	170
42032523	plus	unassigned	B73	3
42032314	plus	unassigned	Teo	16
42033335	plus	unassigned	B73	3
42032833	plus	unassigned	Teo	472
42032619	minus	unassigned	B73	18
42032602	minus	unassigned	B73	21
42032633	minus	unassigned	Teo	14
42032384	plus	ppl2	Teo	183
42032163	plus	ppl2	Teo	92
42032787	minus	unassigned	B73	24
42031691	plus	unassigned	B73	2
42032770	minus	unassigned	B73	25
42033223	minus	nbr	B73	19
42033002	minus	nbr	B73	49
42031863	minus	unassigned	B73	6
42032085	minus	unassigned	Teo	1
42031831	plus	unassigned	Teo	2
42032124	plus	unassigned	Teo	2
42033189	minus	nbr	B73	28
42032643	plus	ppl2	B73	43
42032870	minus	nbr	Teo	2
42031894	minus	unassigned	Teo	23
42032167	plus	ppl2	B73	10
42032388	plus	ppl2	B73	20
42032109	plus	ppl2	B73	4
42033379	plus	unassigned	B73	3
42032916	plus	unassigned	B73	64
42033209	plus	unassigned	B73	5
42032707	plus	unassigned	Teo	56
42032614	minus	unassigned	Teo	14
42032874	minus	nbr	B73	22
42032816	minus	nbr	B73	77
42031852	plus	ppl2	B73	3
42031631	plus	ppl2	B73	2
42032906	minus	nbr	Teo	1
42031565	plus	unassigned	B73	1
42032377	plus	unassigned	B73	3
42031875	plus	unassigned	Teo	3
42033091	minus	nbr	Teo	1
42031914	plus	unassigned	B73	2
42032168	plus	unassigned	Teo	10
42032896	plus	unassigned	B73	205
42033189	plus	unassigned	B73	5
42032726	plus	unassigned	B73	304
42033019	plus	unassigned	B73	5
42032517	plus	unassigned	Teo	36
42033271	plus	unassigned	B73	2
42033101	plus	unassigned	B73	7
42033350	minus	nbr	B73	4
42032593	minus	unassigned	B73	22
42033095	minus	nbr	B73	59
42031686	minus	unassigned	B73	7
42033258	minus	nbr	B73	12
42033127	minus	nbr	Teo	1
42031894	plus	unassigned	B73	2
42032105	plus	ppl2	Teo	52
42032406	minus	unassigned	B73	21
42032547	plus	ppl2	Teo	405
42032326	plus	ppl2	Teo	108
42032497	plus	unassigned	Teo	1
42031958	plus	unassigned	B73	2
42032327	plus	unassigned	Teo	17
42032780	minus	nbr	B73	164
42032943	minus	nbr	B73	32
42032722	minus	nbr	B73	155
42032333	plus	unassigned	B73	3
42031700	plus	ppl2	B73	2
42032852	plus	unassigned	B73	1626
42032574	minus	unassigned	B73	25
42033145	plus	unassigned	B73	5
42032812	minus	nbr	Teo	15
42032643	plus	unassigned	Teo	22
42031887	plus	ppl2	B73	4
42031667	minus	unassigned	B73	6
42032999	minus	nbr	Teo	8
42032778	minus	nbr	Teo	19
42031698	minus	unassigned	Teo	4
42032768	minus	unassigned	B73	25
42031768	plus	unassigned	B73	2
42032751	minus	unassigned	B73	26
42032401	minus	unassigned	Teo	9
42031850	plus	unassigned	B73	4
42031844	minus	unassigned	B73	10
42033385	minus	nbr	B73	3
42033164	minus	nbr	B73	40
42032782	minus	unassigned	Teo	1
42032143	plus	unassigned	B73	3
42031908	plus	unassigned	Teo	2
42031875	minus	unassigned	Teo	10
42032142	plus	ppl2	B73	9
42032584	plus	ppl2	B73	54
42032363	plus	ppl2	B73	14
42032929	plus	unassigned	B73	19
42033033	minus	nbr	Teo	9
42032972	plus	unassigned	Teo	1
42033265	plus	unassigned	Teo	1
42033304	plus	unassigned	B73	3
42032802	plus	unassigned	Teo	462
42032674	plus	ppl2	Teo	1
42032616	plus	ppl2	Teo	295
42032749	minus	unassigned	B73	27
42031578	plus	unassigned	B73	1
42033037	minus	nbr	B73	54
42032732	minus	unassigned	B73	27
42032397	minus	unassigned	B73	19
42031888	plus	unassigned	Teo	2
42031660	plus	unassigned	B73	2
42031825	minus	unassigned	B73	9
42032763	minus	unassigned	Teo	1
42032847	minus	nbr	Teo	9
42032380	minus	unassigned	B73	14
42031856	minus	unassigned	Teo	9
42031883	plus	ppl2	Teo	28
42031825	plus	ppl2	Teo	5
42032536	plus	unassigned	B73	3
42033081	plus	unassigned	B73	8
42033348	plus	unassigned	B73	3
42032846	plus	unassigned	Teo	446
42033221	plus	unassigned	Teo	1
42033291	minus	nbr	B73	11
42031666	plus	ppl2	B73	1
42031829	plus	ppl2	B73	3
42031650	minus	unassigned	B73	6
42033160	minus	nbr	Teo	1
42032378	minus	unassigned	B73	14
42033102	minus	nbr	Teo	1
42031681	minus	unassigned	Teo	3
42032580	plus	ppl2	Teo	371
42033068	minus	nbr	Teo	6
42032522	plus	ppl2	Teo	383
42031844	plus	unassigned	Teo	3
42032346	plus	unassigned	B73	3
42032137	plus	unassigned	Teo	10
42032865	plus	unassigned	B73	1352
42033158	plus	unassigned	B73	4
42033327	minus	nbr	B73	4
42033106	minus	nbr	B73	58
42033240	plus	unassigned	B73	5
42032555	minus	unassigned	B73	27
42032526	plus	ppl2	B73	47
42032974	minus	nbr	Teo	7
42032753	minus	nbr	Teo	19
42031648	minus	unassigned	B73	6
42032586	minus	unassigned	Teo	12
42031631	minus	unassigned	B73	4
42031679	minus	unassigned	Teo	3
42032978	minus	nbr	B73	38
42032757	minus	nbr	B73	168
42031793	plus	ppl2	B73	2
42031927	plus	unassigned	B73	2
42032536	minus	unassigned	B73	26
42032739	plus	unassigned	B73	369
42031800	plus	unassigned	Teo	2
42032991	plus	unassigned	B73	6
42031629	minus	unassigned	B73	4
42033284	plus	unassigned	B73	1
42032782	plus	unassigned	Teo	458
42032567	minus	unassigned	Teo	16
42032821	plus	unassigned	B73	1512
42033114	plus	unassigned	B73	3
42032612	plus	unassigned	Teo	27
42032550	minus	unassigned	Teo	16
42032173	plus	ppl2	Teo	106
42032394	plus	ppl2	Teo	177
42033070	minus	nbr	B73	60
42033233	minus	nbr	B73	14
42033012	minus	nbr	B73	49
42032713	minus	unassigned	B73	30
42033199	minus	nbr	B73	24
42032653	plus	ppl2	B73	9
42032880	minus	nbr	Teo	2
42031806	minus	unassigned	B73	8
42032744	minus	unassigned	Teo	1
42032398	plus	ppl2	B73	20
42031737	plus	unassigned	B73	2
42032361	minus	unassigned	B73	17
42031837	minus	unassigned	Teo	9
42032549	plus	unassigned	B73	3
42031820	minus	unassigned	Teo	8
42032392	minus	unassigned	Teo	8
42032112	plus	unassigned	B73	1
42033094	plus	unassigned	B73	8
42032592	plus	unassigned	Teo	29
42032859	plus	unassigned	Teo	389
42032631	plus	unassigned	B73	3
42032941	plus	unassigned	Teo	6
42033234	plus	unassigned	Teo	1
42032884	minus	nbr	B73	22
42031641	plus	ppl2	B73	1
42031862	plus	ppl2	B73	4
42032916	minus	nbr	Teo	3
42032359	minus	unassigned	B73	18
42032725	minus	unassigned	Teo	1
42031697	plus	ppl2	Teo	1
42032342	minus	unassigned	B73	15
42031818	minus	unassigned	Teo	8
42032373	minus	unassigned	Teo	10
42031801	minus	unassigned	Teo	4
42031863	plus	unassigned	B73	4
42032156	plus	unassigned	B73	3
42033360	minus	nbr	B73	4
42032466	plus	unassigned	Teo	1
42032985	plus	unassigned	Teo	1
42033278	plus	unassigned	Teo	1
42033050	plus	unassigned	B73	7
42033317	plus	unassigned	B73	3
42032815	plus	unassigned	Teo	503
42033137	minus	nbr	Teo	1
42032115	plus	ppl2	Teo	62
42032557	plus	ppl2	Teo	394
42032336	plus	ppl2	Teo	125
42032323	minus	unassigned	B73	14
42032354	minus	unassigned	Teo	33
42032790	minus	nbr	B73	87
42031797	minus	unassigned	B73	9
42031673	plus	unassigned	B73	2
42032822	minus	nbr	Teo	13
42032315	plus	unassigned	B73	3
42031813	plus	unassigned	Teo	2
42032106	plus	unassigned	Teo	3
42032119	plus	ppl2	B73	7
42032788	minus	nbr	Teo	15
42032795	plus	unassigned	Teo	467
42031800	plus	ppl2	Teo	3
42032517	minus	unassigned	B73	17
42032625	plus	unassigned	Teo	26
42033170	plus	unassigned	Teo	1
42032548	minus	unassigned	Teo	16
42032165	minus	unassigned	B73	13
42032531	minus	unassigned	Teo	10
42032826	minus	nbr	B73	76
42032685	minus	unassigned	B73	1
42031804	plus	ppl2	B73	2
42033043	minus	nbr	Teo	9
42032359	plus	unassigned	B73	3
42031857	plus	unassigned	Teo	3
42032878	plus	unassigned	B73	674
42032529	minus	unassigned	Teo	10
42032146	minus	unassigned	B73	15
42032708	plus	unassigned	B73	154
42032512	minus	unassigned	Teo	10
42032960	plus	unassigned	B73	5
42033253	plus	unassigned	B73	3
42032751	plus	unassigned	Teo	268
42033302	minus	nbr	B73	9
42032160	minus	unassigned	Teo	35
42033268	minus	nbr	B73	14
42033047	minus	nbr	B73	59
42031893	plus	ppl2	Teo	45
42032706	minus	unassigned	Teo	1
42031876	plus	unassigned	B73	4
42032169	plus	unassigned	B73	3
42031706	plus	unassigned	B73	1
42032953	minus	nbr	B73	30
42032732	minus	nbr	B73	166
42032843	minus	unassigned	B73	2
42032479	plus	unassigned	Teo	1
42032127	minus	unassigned	B73	13
42033063	plus	unassigned	B73	7
42032561	plus	unassigned	Teo	30
42032158	minus	unassigned	Teo	35
42031897	plus	ppl2	B73	5
42031676	plus	ppl2	B73	1
42032834	plus	unassigned	B73	1615
42033127	plus	unassigned	B73	4
42032590	plus	ppl2	Teo	348
42032335	minus	unassigned	Teo	36
42033395	minus	nbr	B73	1
42033174	minus	nbr	B73	35
42032152	plus	ppl2	B73	10
42032594	plus	ppl2	B73	57
42031793	plus	unassigned	Teo	2
42032373	plus	ppl2	B73	18
42031832	plus	unassigned	B73	3
42031792	minus	unassigned	Teo	4
42032125	plus	unassigned	B73	1
42032644	plus	unassigned	B73	3
42032626	plus	ppl2	Teo	276
42032405	plus	ppl2	Teo	214
42032954	plus	unassigned	Teo	4
42033247	plus	unassigned	Teo	1
42032666	minus	unassigned	B73	3
42032316	minus	unassigned	Teo	34
42032409	plus	ppl2	B73	18
42032857	minus	nbr	Teo	6
42031835	plus	ppl2	Teo	6
42031642	plus	unassigned	B73	2
42032518	plus	unassigned	B73	3
42032110	minus	unassigned	B73	11
42032770	plus	unassigned	B73	851
42033080	minus	nbr	B73	64
42032828	plus	unassigned	Teo	491
42032600	plus	unassigned	B73	3
42032141	minus	unassigned	Teo	36
42031839	plus	ppl2	B73	3
42032647	minus	unassigned	B73	12
42032910	plus	unassigned	Teo	24
42032630	minus	unassigned	B73	18
42033203	plus	unassigned	Teo	1
42033112	minus	nbr	Teo	1
42033078	minus	nbr	Teo	2
42032532	plus	ppl2	Teo	415
42031686	plus	unassigned	B73	2
42032824	minus	unassigned	B73	4
42032108	minus	unassigned	B73	11
42031826	plus	unassigned	Teo	2
42032328	plus	unassigned	B73	3
42033337	minus	nbr	B73	4
42033116	minus	nbr	B73	58
42032119	plus	unassigned	Teo	3
42032580	plus	unassigned	B73	3
42032847	plus	unassigned	B73	1617
42032139	minus	unassigned	Teo	35
42032371	plus	unassigned	Teo	17
42032638	plus	unassigned	Teo	24
42032315	plus	ppl2	B73	12
42032410	plus	unassigned	B73	2
42031900	minus	unassigned	B73	10
42032536	plus	ppl2	B73	52
42032984	minus	nbr	Teo	8
42032763	minus	nbr	Teo	18
42032122	minus	unassigned	Teo	33
42033392	plus	unassigned	B73	3
42032890	plus	unassigned	Teo	78
42033183	plus	unassigned	Teo	1
42033222	plus	unassigned	B73	5
42032720	plus	unassigned	Teo	163
42032801	minus	nbr	B73	84
42032988	minus	nbr	B73	41
42032767	minus	nbr	B73	167
42032709	minus	nbr	B73	22
42032805	minus	unassigned	B73	10
42031908	plus	ppl2	B73	5
42032138	plus	unassigned	B73	3
42032390	plus	unassigned	B73	3
42032103	minus	unassigned	Teo	7
42031909	plus	unassigned	B73	2
42031546	minus	unassigned	B73	1
42032484	minus	unassigned	Teo	1
42032601	plus	ppl2	Teo	337
42031912	minus	unassigned	Teo	1
42032973	plus	unassigned	B73	8
42033266	plus	unassigned	B73	3
42032764	plus	unassigned	Teo	352
42032803	plus	unassigned	B73	1393
42033243	minus	nbr	B73	14
42033022	minus	nbr	B73	51
42032663	plus	ppl2	B73	7
42032890	minus	nbr	Teo	1
42032605	plus	ppl2	B73	52
42032129	plus	ppl2	B73	8
42031889	plus	unassigned	B73	2
42032099	minus	unassigned	B73	3
42031971	plus	unassigned	B73	2
42032465	minus	unassigned	Teo	1
42032082	minus	unassigned	B73	3
42031801	plus	unassigned	B73	3
42032783	plus	unassigned	B73	1203
42033076	plus	unassigned	B73	7
42032574	plus	unassigned	Teo	30
42031891	minus	unassigned	B73	10
42032894	minus	nbr	B73	21
42032613	plus	unassigned	B73	2
42032836	minus	nbr	B73	69
42032404	plus	unassigned	Teo	17
42031872	plus	ppl2	B73	5
42031651	plus	ppl2	B73	1
42032923	plus	unassigned	Teo	12
42031814	plus	ppl2	B73	2
42033216	plus	unassigned	Teo	1
42032926	minus	nbr	Teo	3
42032628	minus	unassigned	B73	18
42032611	minus	unassigned	B73	19
42031904	plus	ppl2	Teo	49
42032642	minus	unassigned	Teo	13
42031699	plus	unassigned	B73	2
42031781	plus	unassigned	B73	2
42033370	minus	nbr	B73	5
42032384	plus	unassigned	Teo	17
42033312	minus	nbr	B73	4
42031845	plus	unassigned	B73	4
42033278	minus	nbr	B73	11
42033057	minus	nbr	B73	61
42032511	plus	ppl2	B73	19
42032609	minus	unassigned	B73	21
42032967	plus	unassigned	Teo	3
42033147	minus	nbr	Teo	1
42033032	plus	unassigned	B73	4
42032530	plus	unassigned	Teo	36
42032346	plus	ppl2	Teo	135
42032125	plus	ppl2	Teo	64
42032567	plus	ppl2	Teo	391
42032623	minus	unassigned	Teo	14
42032963	minus	nbr	B73	31
42032742	minus	nbr	B73	168
42032832	minus	nbr	Teo	13
42031655	plus	unassigned	B73	2
42031686	plus	ppl2	B73	1
42032798	minus	nbr	Teo	14
42031810	plus	ppl2	Teo	4
42032986	plus	unassigned	B73	6
42033279	plus	unassigned	B73	1
42032777	plus	unassigned	Teo	413
42031527	minus	unassigned	B73	1
42032340	plus	unassigned	Teo	18
42033109	plus	unassigned	B73	5
42032607	plus	unassigned	Teo	27
42031510	minus	unassigned	B73	1
42033361	plus	unassigned	B73	3
42033152	plus	unassigned	Teo	1
42031695	minus	unassigned	B73	8
42033184	minus	nbr	B73	28
42032383	plus	ppl2	B73	21
42032162	plus	ppl2	B73	10
42033053	minus	nbr	Teo	8
42032415	minus	unassigned	B73	3
42032636	plus	ppl2	Teo	266
42032796	minus	unassigned	B73	12
42031508	minus	unassigned	B73	1
42032150	plus	unassigned	Teo	10
42031839	plus	unassigned	Teo	2
42031611	plus	unassigned	B73	1
42031889	minus	unassigned	B73	10
42032593	plus	unassigned	B73	3
42031872	minus	unassigned	B73	6
42032094	minus	unassigned	Teo	1
42033196	plus	unassigned	Teo	1
42032942	plus	unassigned	B73	11
42033235	plus	unassigned	B73	5
42032733	plus	unassigned	Teo	218
42032901	minus	nbr	Teo	1
42032867	minus	nbr	Teo	3
42031682	plus	ppl2	Teo	1
42031845	plus	ppl2	Teo	14
42032777	minus	unassigned	B73	25
42031591	plus	unassigned	B73	1
42032905	minus	nbr	B73	23
42031858	plus	unassigned	B73	4
42032760	minus	unassigned	B73	25
42032410	minus	unassigned	Teo	8
42031940	plus	unassigned	B73	2
42031853	minus	unassigned	B73	7
42033090	minus	nbr	B73	66
42031628	plus	ppl2	B73	2
42031849	plus	ppl2	B73	3
42032752	plus	unassigned	B73	529
42031884	minus	unassigned	Teo	18
42033045	plus	unassigned	B73	7
42032543	plus	unassigned	Teo	35
42033122	minus	nbr	Teo	1
42032816	plus	unassigned	B73	1480
42033088	minus	nbr	Teo	2
42032321	plus	ppl2	Teo	106
42032542	plus	ppl2	Teo	410
42032604	minus	unassigned	Teo	14
42032758	minus	unassigned	B73	25
42033347	minus	nbr	B73	4
42033126	minus	nbr	B73	56
42032546	plus	ppl2	B73	54
42032325	plus	ppl2	B73	12
42032994	minus	nbr	Teo	8
42032773	minus	nbr	Teo	19
42031984	plus	unassigned	B73	1
42031814	plus	unassigned	B73	3
42032107	plus	unassigned	B73	1
42032796	plus	unassigned	B73	1322
42033089	plus	unassigned	B73	8
42032587	plus	unassigned	Teo	30
42032626	plus	unassigned	B73	2
42033171	plus	unassigned	B73	5
42032936	plus	unassigned	Teo	6
42032811	minus	nbr	B73	83
42033229	plus	unassigned	Teo	1
42033001	plus	unassigned	B73	6
42032998	minus	nbr	B73	48
42032777	minus	nbr	B73	166
42032583	minus	unassigned	B73	23
42031676	minus	unassigned	B73	7
42032809	minus	nbr	Teo	16
42031690	minus	unassigned	Teo	3
42031794	plus	unassigned	B73	3
42031624	plus	unassigned	B73	1
42032397	plus	unassigned	Teo	17
42032746	plus	unassigned	Teo	265
42033253	minus	nbr	B73	13
42033032	minus	nbr	B73	54
42032564	minus	unassigned	B73	27
42032673	plus	ppl2	B73	1
42031657	minus	unassigned	B73	6
42032595	minus	unassigned	Teo	12
42031640	minus	unassigned	B73	4
42031688	minus	unassigned	Teo	3
42031671	minus	unassigned	Teo	2
42032408	minus	unassigned	Teo	8
42031668	plus	unassigned	B73	2
42032741	minus	unassigned	B73	27
42031882	plus	ppl2	B73	4
42031661	plus	ppl2	B73	1
42031750	plus	unassigned	B73	2
42031834	minus	unassigned	B73	10
42032772	minus	unassigned	Teo	1
42031808	plus	unassigned	Teo	2
42032999	plus	unassigned	B73	6
42032936	minus	nbr	Teo	5
42032715	minus	nbr	Teo	7
42032562	plus	unassigned	B73	3
42031865	minus	unassigned	Teo	10
42032829	plus	unassigned	B73	1578
42032353	plus	unassigned	Teo	18
42033374	plus	unassigned	B73	3
42032872	plus	unassigned	Teo	255
42033165	plus	unassigned	Teo	1
42032911	plus	unassigned	B73	80
42033204	plus	unassigned	B73	5
42032702	plus	unassigned	Teo	41
42032719	minus	nbr	B73	142
42033380	minus	nbr	B73	3
42032739	minus	unassigned	B73	27
42032722	minus	unassigned	B73	27
42031997	plus	unassigned	B73	1
42032387	minus	unassigned	B73	17
42031788	plus	unassigned	Teo	2
42031560	plus	unassigned	B73	1
42031815	minus	unassigned	B73	8
42032753	minus	unassigned	Teo	1
42031827	plus	unassigned	B73	3
42032370	minus	unassigned	B73	13
42032372	plus	unassigned	B73	3
42031870	plus	unassigned	Teo	3
42031846	minus	unassigned	Teo	9
42033157	minus	nbr	Teo	1
42032611	plus	ppl2	Teo	309
42032163	plus	unassigned	Teo	10
42033184	plus	unassigned	B73	5
42032577	plus	ppl2	Teo	380
42032356	plus	ppl2	Teo	159
42032135	plus	ppl2	Teo	81
42032512	plus	unassigned	Teo	36
42032955	plus	unassigned	B73	5
42033248	plus	unassigned	B73	3
42033330	plus	unassigned	B73	3
42032615	plus	ppl2	B73	52
42032842	minus	nbr	Teo	13
42032703	minus	unassigned	B73	25
42032139	plus	ppl2	B73	9
42031820	plus	ppl2	Teo	5
42032368	minus	unassigned	B73	13
42032734	minus	unassigned	Teo	1
42032351	minus	unassigned	B73	15
42031827	minus	unassigned	Teo	8
42032399	minus	unassigned	Teo	8
42032382	minus	unassigned	Teo	8
42031953	plus	unassigned	B73	2
42032846	minus	nbr	B73	64
42032765	plus	unassigned	B73	777
42033058	plus	unassigned	B73	7
42032556	plus	unassigned	Teo	32
42031824	plus	ppl2	B73	2
42033140	plus	unassigned	B73	5
42032545	minus	unassigned	B73	27
42032905	plus	unassigned	Teo	32
42031638	minus	unassigned	B73	4
42032576	minus	unassigned	Teo	15
42033063	minus	nbr	Teo	7
42031669	minus	unassigned	Teo	2
42031763	plus	unassigned	B73	2
42033322	minus	nbr	B73	4
42033101	minus	nbr	B73	59
42033288	minus	nbr	B73	11
42033067	minus	nbr	B73	58
42032521	plus	ppl2	B73	46
42032366	plus	unassigned	Teo	17
42031903	plus	unassigned	Teo	2
42033178	plus	unassigned	Teo	1
42032526	minus	unassigned	B73	22
42032639	plus	unassigned	B73	3
42031692	plus	ppl2	Teo	1
42032891	plus	unassigned	B73	262
42032557	minus	unassigned	Teo	16
42032949	plus	unassigned	Teo	6
42032174	minus	unassigned	B73	13
42032519	plus	ppl2	Teo	378
42032721	plus	unassigned	B73	261
42033014	plus	unassigned	B73	5
42032540	minus	unassigned	Teo	12
42032973	minus	nbr	B73	38
42032752	minus	nbr	B73	171
42032915	minus	nbr	B73	30
42031696	plus	ppl2	B73	2
42031637	plus	unassigned	B73	2
42031810	minus	unassigned	Teo	5
42032968	plus	unassigned	B73	7
42032492	plus	unassigned	Teo	1
42032538	minus	unassigned	Teo	12
42032759	plus	unassigned	Teo	332
42032531	plus	unassigned	B73	3
42032155	minus	unassigned	B73	13
42032322	plus	unassigned	Teo	16
42033343	plus	unassigned	B73	3
42032841	plus	unassigned	Teo	482
42033194	minus	nbr	B73	25
42033357	minus	nbr	B73	4
42032172	plus	ppl2	B73	10
42032393	plus	ppl2	B73	20
42032556	plus	ppl2	B73	55
42032335	plus	ppl2	B73	11
42033005	minus	nbr	Teo	8
42032349	minus	unassigned	B73	15
42032715	minus	unassigned	Teo	1
42032332	minus	unassigned	B73	15
42032646	plus	ppl2	Teo	258
42031808	minus	unassigned	Teo	5
42032363	minus	unassigned	Teo	29
42032821	minus	nbr	B73	72
42032132	plus	unassigned	Teo	10
42032575	plus	unassigned	B73	3
42033009	minus	nbr	B73	49
42032911	minus	nbr	Teo	2
42032405	plus	unassigned	B73	2
42033387	plus	unassigned	B73	3
42032885	plus	unassigned	Teo	105
42032877	minus	nbr	Teo	2
42032924	plus	unassigned	B73	29
42033217	plus	unassigned	B73	5
42032819	minus	nbr	Teo	13
42032715	plus	unassigned	Teo	145
42031855	plus	ppl2	Teo	19
42033260	plus	unassigned	Teo	1
42032694	minus	unassigned	B73	1
42032344	minus	unassigned	Teo	35
42031573	plus	unassigned	B73	1
42033263	minus	nbr	B73	13
42031638	plus	ppl2	B73	2
42031859	plus	ppl2	B73	4
42032385	plus	unassigned	B73	3
42031883	plus	unassigned	Teo	2
42032176	plus	unassigned	Teo	9
42031922	plus	unassigned	B73	2
42033197	plus	unassigned	B73	5
42033132	minus	nbr	Teo	1
42032734	plus	unassigned	B73	347
42033027	plus	unassigned	B73	5
42032525	plus	unassigned	Teo	36
42033098	minus	nbr	Teo	1
42032552	plus	ppl2	Teo	407
42032331	plus	ppl2	Teo	111
42032110	plus	ppl2	Teo	59
42032521	minus	unassigned	Teo	12
42032675	minus	unassigned	B73	3
42033136	minus	nbr	B73	57
42032114	plus	ppl2	B73	4
42032783	minus	nbr	Teo	19
42032946	minus	nbr	Teo	6
42032725	minus	nbr	Teo	15
42031799	minus	unassigned	Teo	4
42031966	plus	unassigned	B73	2
42032778	plus	unassigned	B73	1061
42032519	minus	unassigned	Teo	10
42032569	plus	unassigned	Teo	30
42032136	minus	unassigned	B73	16
42032341	plus	unassigned	B73	3
42032608	plus	unassigned	B73	2
42032502	minus	unassigned	Teo	1
42032860	plus	unassigned	B73	1465
42032787	minus	nbr	B73	160
42033153	plus	unassigned	B73	6
42032729	minus	nbr	B73	161
42032167	minus	unassigned	Teo	35
42032918	plus	unassigned	Teo	13
42033390	minus	nbr	B73	3
42032150	minus	unassigned	Teo	36
42032400	plus	ppl2	Teo	212
42032621	plus	ppl2	Teo	281
42032145	plus	ppl2	Teo	87
42032587	plus	ppl2	Teo	354
42032366	plus	ppl2	Teo	172
42031776	plus	unassigned	B73	2
42031606	plus	unassigned	B73	1
42032588	plus	unassigned	B73	3
42032833	minus	unassigned	B73	4
42032151	plus	unassigned	B73	3
42032117	minus	unassigned	B73	12
42032379	plus	unassigned	Teo	17
42033042	minus	nbr	B73	57
42032100	minus	unassigned	B73	3
42033205	minus	nbr	B73	21
42032898	plus	unassigned	Teo	41
42032148	minus	unassigned	Teo	36
42032461	plus	unassigned	Teo	1
42032728	plus	unassigned	Teo	193
42032404	plus	ppl2	B73	19
42032131	minus	unassigned	Teo	33
42032625	plus	ppl2	B73	47
42032980	plus	unassigned	Teo	1
42032852	minus	nbr	Teo	8
42033273	plus	unassigned	Teo	1
42033312	plus	unassigned	B73	3
42032810	plus	unassigned	Teo	469
42032149	plus	ppl2	B73	10
42031830	plus	ppl2	Teo	5
42031586	plus	unassigned	B73	1
42032856	minus	nbr	B73	40
42032325	minus	unassigned	Teo	34
42031671	plus	ppl2	B73	1
42031892	plus	ppl2	B73	5
42031896	plus	unassigned	Teo	2
42031834	plus	ppl2	B73	3
42031555	minus	unassigned	B73	1
42032544	plus	unassigned	B73	3
42032493	minus	unassigned	Teo	1
42032335	plus	unassigned	Teo	18
42033356	plus	unassigned	B73	3
42032854	plus	unassigned	Teo	409
42033332	minus	nbr	B73	4
42033111	minus	nbr	B73	59
42032656	minus	unassigned	B73	3
42033298	minus	nbr	B73	9
42033077	minus	nbr	B73	63
42032531	plus	ppl2	B73	50
42031979	plus	unassigned	B73	2
42033109	minus	nbr	Teo	1
42031809	plus	unassigned	B73	3
42032354	plus	unassigned	B73	3
42031852	plus	unassigned	Teo	3
42032529	plus	ppl2	Teo	416
42032091	minus	unassigned	B73	3
42032145	plus	unassigned	Teo	11
42032873	plus	unassigned	B73	1094
42033166	plus	unassigned	B73	4
42032983	minus	nbr	B73	38
42032762	minus	nbr	B73	169
42032937	plus	unassigned	B73	13
42032637	minus	unassigned	B73	13
42032620	minus	unassigned	B73	18
42031796	plus	ppl2	Teo	1
42032398	plus	unassigned	B73	2
42032814	minus	unassigned	B73	9
42031935	plus	unassigned	B73	2
42031907	minus	unassigned	B73	10
42032747	plus	unassigned	B73	484
42032129	minus	unassigned	Teo	35
42032538	plus	unassigned	Teo	35
42032112	minus	unassigned	Teo	31
42032790	plus	unassigned	Teo	464
42033122	plus	unassigned	B73	3
42033073	minus	nbr	Teo	6
42032620	plus	unassigned	Teo	26
42033015	minus	nbr	Teo	9
42032656	plus	ppl2	Teo	1
42033019	minus	nbr	B73	49
42031745	plus	unassigned	B73	2
42032921	minus	nbr	Teo	3
42032887	minus	nbr	Teo	2
42032557	plus	unassigned	B73	3
42032348	plus	unassigned	Teo	18
42032120	plus	unassigned	B73	1
42031865	plus	ppl2	Teo	23
42032867	plus	unassigned	Teo	281
42031536	minus	unassigned	B73	1
42032474	minus	unassigned	Teo	1
42031902	minus	unassigned	Teo	25
42033242	plus	unassigned	Teo	1
42032703	plus	unassigned	B73	53
42032925	minus	nbr	B73	31
42031903	plus	ppl2	B73	5
42031869	plus	ppl2	B73	4
42031648	plus	ppl2	B73	1
42033142	minus	nbr	Teo	1
42031789	plus	unassigned	B73	3
42032424	minus	unassigned	B73	3
42032120	plus	ppl2	Teo	64
42032562	plus	ppl2	Teo	393
42031619	plus	unassigned	B73	1
42032341	plus	ppl2	Teo	128
42031517	minus	unassigned	B73	1
42031871	plus	unassigned	B73	4
42032089	minus	unassigned	B73	3
42032164	plus	unassigned	B73	3
42031500	minus	unassigned	B73	4
42031701	plus	unassigned	B73	1
42031898	minus	unassigned	B73	10
42032474	plus	unassigned	Teo	1
42031881	minus	unassigned	B73	6
42032513	plus	unassigned	B73	3
42033325	plus	unassigned	B73	3
42033367	minus	nbr	B73	4
42033146	minus	nbr	B73	43
42032823	plus	unassigned	Teo	493
42032600	plus	ppl2	B73	53
42032345	plus	ppl2	B73	14
42032618	minus	unassigned	B73	18
42032124	plus	ppl2	B73	6
42032566	plus	ppl2	B73	53
42032793	minus	nbr	Teo	14
42032601	minus	unassigned	B73	22
42032649	minus	unassigned	Teo	12
42032632	minus	unassigned	Teo	14
42031599	plus	unassigned	B73	1
42032786	minus	unassigned	B73	24
42031681	plus	unassigned	B73	2
42032831	minus	nbr	B73	69
42031948	plus	unassigned	B73	2
42031879	minus	unassigned	B73	6
42032797	minus	nbr	B73	90
42031862	minus	unassigned	B73	6
42031821	plus	unassigned	Teo	2
42032084	minus	unassigned	Teo	1
42032323	plus	unassigned	B73	3
42032114	plus	unassigned	Teo	3
42031893	minus	unassigned	Teo	23
42032633	plus	unassigned	Teo	25
42032829	minus	nbr	Teo	12
42033369	plus	unassigned	B73	3
42031807	plus	ppl2	Teo	4
42032906	plus	unassigned	B73	96
42032613	minus	unassigned	Teo	13
42033273	minus	nbr	B73	12
42033052	minus	nbr	B73	61
42031865	plus	unassigned	Teo	3
42032367	plus	unassigned	B73	3
42032158	plus	unassigned	Teo	10
42031904	plus	unassigned	B73	2
42032886	plus	unassigned	B73	398
42033179	plus	unassigned	B73	5
42032716	plus	unassigned	B73	230
42033009	plus	unassigned	B73	5
42032507	plus	unassigned	Teo	1
42033261	plus	unassigned	B73	3
42032592	minus	unassigned	B73	22
42033309	minus	nbr	B73	7
42031681	plus	ppl2	B73	1
42031685	minus	unassigned	B73	7
42032956	minus	nbr	Teo	7
42032735	minus	nbr	Teo	16
42031884	plus	unassigned	B73	4
42031679	plus	ppl2	Teo	1
42032405	minus	unassigned	B73	21
42032487	plus	unassigned	Teo	1
42032317	plus	unassigned	Teo	16
42032739	minus	nbr	B73	167
42032842	plus	unassigned	B73	1639
42032573	minus	unassigned	B73	25
42033135	plus	unassigned	B73	5
42031666	minus	unassigned	B73	6
42031697	minus	unassigned	Teo	3
42032410	plus	ppl2	Teo	208
42032631	plus	ppl2	Teo	271
42031680	minus	unassigned	Teo	3
42032376	plus	ppl2	Teo	178
42032155	plus	ppl2	Teo	87
42032597	plus	ppl2	Teo	343
42032767	minus	unassigned	B73	25
42031758	plus	unassigned	B73	2
42032750	minus	unassigned	B73	27
42032400	minus	unassigned	Teo	9
42033215	minus	nbr	B73	21
42031840	plus	unassigned	B73	4
42031843	minus	unassigned	B73	10
42032781	minus	unassigned	Teo	1
42032133	plus	unassigned	B73	3
42032635	plus	ppl2	B73	43
42032862	minus	nbr	Teo	4
42032652	plus	unassigned	B73	1
42031874	minus	unassigned	Teo	10
42032919	plus	unassigned	B73	29
42032159	plus	ppl2	B73	10
42031840	plus	ppl2	Teo	9
42032962	plus	unassigned	Teo	3
42033255	plus	unassigned	Teo	1
42032900	minus	nbr	B73	23
42032866	minus	nbr	B73	30
42032808	minus	nbr	B73	86
42032748	minus	unassigned	B73	27
42031568	plus	unassigned	B73	1
42031844	plus	ppl2	B73	3
42032731	minus	unassigned	B73	27
42032779	minus	unassigned	Teo	1
42031650	plus	unassigned	B73	2
42031824	minus	unassigned	B73	9
42032396	minus	unassigned	B73	19
42031878	plus	unassigned	Teo	3
42032762	minus	unassigned	Teo	1
42031855	minus	unassigned	Teo	9
42033083	minus	nbr	Teo	2
42032696	plus	unassigned	B73	4
42032526	plus	unassigned	B73	3
42033071	plus	unassigned	B73	7
42033338	plus	unassigned	B73	3
42032836	plus	unassigned	Teo	477
42033342	minus	nbr	B73	4
42033121	minus	nbr	B73	55
42033211	plus	unassigned	Teo	1
42033087	minus	nbr	B73	66
42032320	plus	ppl2	B73	13
42032541	plus	ppl2	B73	52
42033029	minus	nbr	B73	56
42032377	minus	unassigned	B73	13
42033119	minus	nbr	Teo	1
42032360	minus	unassigned	B73	18
42031694	plus	unassigned	B73	2
42032539	plus	ppl2	Teo	410
42032318	plus	ppl2	Teo	101
42032391	minus	unassigned	Teo	8
42032336	plus	unassigned	B73	3
42031834	plus	unassigned	Teo	2
42032993	minus	nbr	B73	43
42032772	minus	nbr	B73	166
42032127	plus	unassigned	Teo	2
42032935	minus	nbr	B73	30
42032714	minus	nbr	B73	60
42032855	plus	unassigned	B73	1571
42033148	plus	unassigned	B73	5
42032646	plus	unassigned	Teo	21
42033191	plus	unassigned	Teo	1
42033230	plus	unassigned	B73	5
42032804	minus	nbr	Teo	14
42031658	plus	ppl2	B73	1
42031879	plus	ppl2	B73	4
42032554	minus	unassigned	B73	27
42031647	minus	unassigned	B73	6
42032585	minus	unassigned	Teo	12
42031630	minus	unassigned	B73	4
42031678	minus	unassigned	Teo	3
42033377	minus	nbr	B73	3
42033156	minus	nbr	B73	40
42032610	plus	ppl2	B73	52
42031917	plus	unassigned	B73	2
42032899	plus	unassigned	B73	139
42032576	plus	ppl2	B73	54
42032355	plus	ppl2	B73	14
42032134	plus	ppl2	B73	8
42032535	minus	unassigned	B73	24
42032729	plus	unassigned	B73	306
42033025	minus	nbr	Teo	9
42032981	plus	unassigned	B73	6
42031628	minus	unassigned	B73	4
42033274	plus	unassigned	B73	1
42032772	plus	unassigned	Teo	384
42032566	minus	unassigned	Teo	16
42032811	plus	unassigned	B73	1429
42032666	plus	ppl2	Teo	1
42033104	plus	unassigned	B73	6
42032602	plus	unassigned	Teo	28
42032608	plus	ppl2	Teo	311
42032841	minus	nbr	B73	67
42032729	minus	unassigned	B73	27
42032931	minus	nbr	Teo	5
42032710	minus	nbr	Teo	4
42032712	minus	unassigned	B73	30
42031897	plus	unassigned	B73	2
42032897	minus	nbr	Teo	1
42031805	minus	unassigned	B73	8
42032839	minus	nbr	Teo	13
42032743	minus	unassigned	Teo	1
42031875	plus	ppl2	Teo	26
42031817	plus	ppl2	Teo	4
42031836	minus	unassigned	Teo	9
42032539	plus	unassigned	B73	3
42032791	plus	unassigned	B73	1322
42033084	plus	unassigned	B73	8
42032582	plus	unassigned	Teo	30
42032849	plus	unassigned	Teo	443
42032621	plus	unassigned	B73	2
42032164	minus	unassigned	B73	13
42032412	plus	unassigned	Teo	11
42032931	plus	unassigned	Teo	6
42033224	plus	unassigned	Teo	1
42033283	minus	nbr	B73	11
42033062	minus	nbr	B73	58
42033152	minus	nbr	Teo	1
42032358	minus	unassigned	B73	16
42032724	minus	unassigned	Teo	1
42032351	plus	ppl2	Teo	138
42032130	plus	ppl2	Teo	77
42032572	plus	ppl2	Teo	385
42032341	minus	unassigned	B73	15
42032514	plus	ppl2	Teo	211
42032389	minus	unassigned	Teo	8
42031817	minus	unassigned	Teo	7
42032372	minus	unassigned	Teo	10
42031800	minus	unassigned	Teo	4
42032392	plus	unassigned	Teo	17
42031853	plus	unassigned	B73	4
42032146	plus	unassigned	B73	3
42033319	minus	nbr	B73	4
42031691	plus	ppl2	B73	1
42032975	plus	unassigned	Teo	1
42033268	plus	unassigned	Teo	1
42033040	plus	unassigned	B73	4
42032518	plus	ppl2	B73	45
42033307	plus	unassigned	B73	3
42032966	minus	nbr	Teo	7
42032745	minus	nbr	Teo	18
42032805	plus	unassigned	Teo	466
42031502	plus	ppl2	Teo	1
42031689	plus	ppl2	Teo	1
42032339	minus	unassigned	B73	16
42032322	minus	unassigned	B73	14
42032353	minus	unassigned	Teo	33
42031796	minus	unassigned	B73	9
42032749	minus	nbr	B73	169
42031663	plus	unassigned	B73	2
42031803	plus	unassigned	Teo	2
42032994	plus	unassigned	B73	6
42032785	plus	unassigned	Teo	463
42033000	minus	nbr	Teo	8
42032516	minus	unassigned	B73	17
42033117	plus	unassigned	B73	3
42032615	plus	unassigned	Teo	27
42032641	plus	ppl2	Teo	264
42033160	plus	unassigned	Teo	1
42032547	minus	unassigned	Teo	16
42032386	plus	ppl2	Teo	180
42032530	minus	unassigned	Teo	10
42032165	plus	ppl2	Teo	91
42032684	minus	unassigned	B73	3
42033225	minus	nbr	B73	19
42033004	minus	nbr	B73	49
42032645	plus	ppl2	B73	43
42032872	minus	nbr	Teo	2
42032169	plus	ppl2	B73	10
42031850	plus	ppl2	Teo	18
42031847	plus	unassigned	Teo	3
42032349	plus	unassigned	B73	3
42032868	plus	unassigned	B73	1181
42032528	minus	unassigned	Teo	10
42032145	minus	unassigned	B73	15
42032910	minus	nbr	B73	28
42032511	minus	unassigned	Teo	9
42032950	plus	unassigned	B73	11
42033243	plus	unassigned	B73	5
42032876	minus	nbr	B73	22
42032741	plus	unassigned	Teo	227
42032176	minus	unassigned	Teo	35
42031633	plus	ppl2	B73	2
42031854	plus	ppl2	B73	3
42032908	minus	nbr	Teo	2
42033093	minus	nbr	Teo	1
42032705	minus	unassigned	Teo	1
42031866	plus	unassigned	B73	4
42032159	plus	unassigned	B73	3
42032842	minus	unassigned	B73	3
42032126	minus	unassigned	B73	13
42032469	plus	unassigned	Teo	1
42033352	minus	nbr	B73	4
42033131	minus	nbr	B73	57
42032760	plus	unassigned	B73	720
42033053	plus	unassigned	B73	7
42032551	plus	unassigned	Teo	33
42032157	minus	unassigned	Teo	35
42033097	minus	nbr	B73	59
42032551	plus	ppl2	B73	55
42032330	plus	ppl2	B73	11
42032140	minus	unassigned	Teo	36
42032824	plus	unassigned	B73	1557
42033129	minus	nbr	Teo	1
42032107	plus	ppl2	Teo	52
42032549	plus	ppl2	Teo	406
42032328	plus	ppl2	Teo	111
42032782	minus	nbr	B73	165
42032334	minus	unassigned	Teo	37
42031992	plus	unassigned	B73	1
42032814	minus	nbr	Teo	16
42031822	plus	unassigned	B73	3
42031791	minus	unassigned	Teo	4
42032115	plus	unassigned	B73	1
42033097	plus	unassigned	B73	8
42032595	plus	unassigned	Teo	29
42032634	plus	unassigned	B73	3
42032944	plus	unassigned	Teo	6
42033237	plus	unassigned	Teo	1
42032818	minus	nbr	B73	68
42032665	minus	unassigned	B73	3
42032315	minus	unassigned	Teo	34
42031789	minus	unassigned	Teo	4
42031632	plus	unassigned	B73	1
42033035	minus	nbr	Teo	9
42032676	plus	ppl2	Teo	1
42032754	plus	unassigned	Teo	295
42032509	minus	unassigned	Teo	1
42032818	plus	unassigned	Teo	492
42033039	minus	nbr	B73	54
42032646	minus	unassigned	B73	13
42032941	minus	nbr	Teo	6
42032720	minus	nbr	Teo	13
42032900	plus	unassigned	Teo	39
42031885	plus	ppl2	Teo	28
42031676	plus	unassigned	B73	2
42032945	minus	nbr	B73	32
42032724	minus	nbr	B73	157
42032823	minus	unassigned	B73	4
42032107	minus	unassigned	B73	11
42032318	plus	unassigned	B73	3
42031816	plus	unassigned	Teo	2
42032109	plus	unassigned	Teo	3
42032798	plus	unassigned	Teo	468
42032570	plus	unassigned	B73	3
42032837	plus	unassigned	B73	1617
42032361	plus	unassigned	Teo	18
42031668	plus	ppl2	B73	1
42032138	minus	unassigned	Teo	35
42031889	plus	ppl2	B73	4
42032628	plus	unassigned	Teo	26
42032400	plus	unassigned	B73	2
42032121	minus	unassigned	Teo	33
42033382	plus	unassigned	B73	3
42032880	plus	unassigned	Teo	144
42033173	plus	unassigned	Teo	1
42033212	plus	unassigned	B73	5
42032710	plus	unassigned	Teo	117
42033162	minus	nbr	Teo	1
42032582	plus	ppl2	Teo	366
42032361	plus	ppl2	Teo	158
42032140	plus	ppl2	Teo	80
42033200	minus	nbr	B73	24
42031796	plus	unassigned	Teo	2
42033387	minus	nbr	B73	3
42033166	minus	nbr	B73	38
42032804	minus	unassigned	B73	10
42031835	plus	unassigned	B73	3
42032620	plus	ppl2	B73	48
42032128	plus	unassigned	B73	2
42032380	plus	unassigned	B73	3
42032144	plus	ppl2	B73	10
42032586	plus	ppl2	B73	54
42032365	plus	ppl2	B73	15
42032171	plus	unassigned	Teo	10
42032528	plus	ppl2	B73	49
42032119	minus	unassigned	Teo	30
42032102	minus	unassigned	Teo	1
42031791	plus	ppl2	Teo	1
42031545	minus	unassigned	B73	1
42032483	minus	unassigned	Teo	1
42032520	plus	unassigned	Teo	36
42031911	minus	unassigned	Teo	25
42032618	plus	ppl2	Teo	288
42032963	plus	unassigned	B73	5
42033256	plus	unassigned	B73	3
42032851	minus	nbr	B73	45
42031795	plus	ppl2	B73	2
42032849	minus	nbr	Teo	9
42031879	plus	unassigned	B73	4
42031827	plus	ppl2	Teo	5
42031961	plus	unassigned	B73	2
42032098	minus	unassigned	B73	3
42031526	minus	unassigned	B73	1
42032464	minus	unassigned	Teo	1
42032773	plus	unassigned	B73	859
42033066	plus	unassigned	B73	7
42032564	plus	unassigned	Teo	30
42031890	minus	unassigned	B73	10
42032603	plus	unassigned	B73	2
42033293	minus	nbr	B73	10
42033072	minus	nbr	B73	63
42032913	plus	unassigned	Teo	23
42033206	plus	unassigned	Teo	1
42032627	minus	unassigned	B73	18
42032655	plus	ppl2	B73	9
42032610	minus	unassigned	B73	19
42033104	minus	nbr	Teo	1
42032641	minus	unassigned	Teo	13
42032524	plus	ppl2	Teo	390
42031689	plus	unassigned	B73	2
42032795	minus	unassigned	B73	12
42031771	plus	unassigned	B73	2
42032920	minus	nbr	B73	31
42031829	plus	unassigned	Teo	2
42031888	minus	unassigned	B73	10
42032374	plus	unassigned	Teo	17
42033329	minus	nbr	B73	4
42033108	minus	nbr	B73	58
42033186	plus	unassigned	Teo	1
42032647	plus	unassigned	B73	3
42032976	minus	nbr	Teo	7
42032755	minus	nbr	Teo	17
42032918	minus	nbr	Teo	3
42033192	plus	unassigned	B73	5
42032608	minus	unassigned	B73	21
42032957	plus	unassigned	Teo	3
42033022	plus	unassigned	B73	5
42031699	plus	ppl2	Teo	1
42032639	minus	unassigned	Teo	13
42032622	minus	unassigned	Teo	14
42032759	minus	nbr	B73	168
42033362	minus	nbr	B73	4
42031645	plus	unassigned	B73	2
42032561	plus	ppl2	B73	54
42032340	plus	ppl2	B73	10
42033010	minus	nbr	Teo	8
42032976	plus	unassigned	B73	8
42032651	plus	ppl2	Teo	1
42031909	minus	unassigned	Teo	26
42033269	plus	unassigned	B73	3
42032767	plus	unassigned	Teo	364
42032806	plus	unassigned	B73	1397
42032330	plus	unassigned	Teo	17
42032175	plus	ppl2	Teo	103
42032396	plus	ppl2	Teo	177
42032338	plus	ppl2	Teo	126
42032559	plus	ppl2	Teo	394
42033351	plus	unassigned	B73	3
42033235	minus	nbr	B73	14
42033014	minus	nbr	B73	49
42031694	minus	unassigned	B73	8
42032882	minus	nbr	Teo	2
42032824	minus	nbr	Teo	13
42031860	plus	ppl2	Teo	23
42031802	plus	ppl2	Teo	3
42032414	minus	unassigned	B73	3
42031507	minus	unassigned	B73	1
42032140	plus	unassigned	Teo	10
42031601	plus	unassigned	B73	1
42032583	plus	unassigned	B73	3
42032886	minus	nbr	B73	21
42031871	minus	unassigned	B73	6
42032828	minus	nbr	B73	71
42032093	minus	unassigned	Teo	1
42031911	plus	unassigned	Teo	2
42032599	minus	unassigned	B73	23
42033395	plus	unassigned	B73	3
42032893	plus	unassigned	Teo	66
42031643	plus	ppl2	B73	1
42031864	plus	ppl2	B73	4
42032932	plus	unassigned	B73	16
42031806	plus	ppl2	B73	2
42033225	plus	unassigned	B73	5
42032723	plus	unassigned	Teo	187
42032776	minus	unassigned	B73	25
42031581	plus	unassigned	B73	1
42031848	plus	unassigned	B73	4
42031869	minus	unassigned	B73	6
42033141	minus	nbr	B73	51
42032393	plus	unassigned	B73	2
42031891	plus	unassigned	Teo	2
42033304	minus	nbr	B73	8
42031930	plus	unassigned	B73	2
42031852	minus	unassigned	B73	7
42033049	minus	nbr	B73	57
42032951	minus	nbr	Teo	7
42032730	minus	nbr	Teo	16
42032742	plus	unassigned	B73	383
42031883	minus	unassigned	Teo	16
42033035	plus	unassigned	B73	4
42032533	plus	unassigned	Teo	35
42033139	minus	nbr	Teo	1
42032117	plus	ppl2	Teo	63
42032603	minus	unassigned	Teo	14
42032792	minus	nbr	B73	88
42032955	minus	nbr	B73	32
42032734	minus	nbr	B73	167
42032757	minus	unassigned	B73	25
42032740	minus	unassigned	B73	27
42031899	plus	ppl2	B73	5
42031678	plus	ppl2	B73	1
42031833	minus	unassigned	B73	10
42032771	minus	unassigned	Teo	1
42031864	minus	unassigned	Teo	10
42031974	plus	unassigned	B73	2
42031804	plus	unassigned	B73	3
42032786	plus	unassigned	B73	1255
42033079	plus	unassigned	B73	8
42032577	plus	unassigned	Teo	30
42032592	plus	ppl2	Teo	349
42032371	plus	ppl2	Teo	184
42032616	plus	unassigned	B73	2
42032407	plus	unassigned	Teo	16
42033161	plus	unassigned	B73	4
42032926	plus	unassigned	Teo	6
42033219	plus	unassigned	Teo	1
42033210	minus	nbr	B73	21
42032582	minus	unassigned	B73	23
42033397	minus	nbr	B73	1
42033176	minus	nbr	B73	32
42031675	minus	unassigned	B73	6
42032630	plus	ppl2	B73	44
42032375	plus	ppl2	B73	21
42032154	plus	ppl2	B73	10
42032596	plus	ppl2	B73	53
42033045	minus	nbr	Teo	9
42031784	plus	unassigned	B73	2
42032628	plus	ppl2	Teo	272
42032407	plus	ppl2	Teo	211
42031614	plus	unassigned	B73	1
42032596	plus	unassigned	B73	3
42032387	plus	unassigned	Teo	17
42032861	minus	nbr	B73	32
42033199	plus	unassigned	Teo	1
42033238	plus	unassigned	B73	5
42032736	plus	unassigned	Teo	219
42033281	plus	unassigned	Teo	1
42032563	minus	unassigned	B73	27
42031656	minus	unassigned	B73	6
42032859	minus	nbr	Teo	6
42032594	minus	unassigned	Teo	12
42031895	plus	ppl2	Teo	45
42031687	minus	unassigned	Teo	3
42031837	plus	ppl2	Teo	8
42031670	minus	unassigned	Teo	2
42032407	minus	unassigned	Teo	9
42031658	plus	unassigned	B73	2
42033082	minus	nbr	B73	66
42031740	plus	unassigned	B73	2
42032989	plus	unassigned	B73	6
42032552	plus	unassigned	B73	3
42032544	minus	unassigned	B73	27
42032819	plus	unassigned	B73	1501
42032343	plus	unassigned	Teo	18
42033114	minus	nbr	Teo	1
42031637	minus	unassigned	B73	4
42033364	plus	unassigned	B73	3
42032862	plus	unassigned	Teo	367
42032575	minus	unassigned	Teo	15
42033155	plus	unassigned	Teo	1
42032901	plus	unassigned	B73	124
42032150	plus	ppl2	Teo	86
42032534	plus	ppl2	Teo	410
42031668	minus	unassigned	Teo	2
42032738	minus	unassigned	B73	27
42033339	minus	nbr	B73	4
42033118	minus	nbr	B73	56
42032721	minus	unassigned	B73	29
42032769	minus	unassigned	Teo	1
42031987	plus	unassigned	B73	1
42032538	plus	ppl2	B73	52
42032386	minus	unassigned	B73	17
42032317	plus	ppl2	B73	12
42031814	minus	unassigned	B73	8
42032986	minus	nbr	Teo	8
42032765	minus	nbr	Teo	18
42032752	minus	unassigned	Teo	1
42031817	plus	unassigned	B73	3
42032799	plus	unassigned	B73	1321
42031860	plus	unassigned	Teo	3
42031845	minus	unassigned	Teo	9
42032362	plus	unassigned	B73	3
42032153	plus	unassigned	Teo	10
42032881	plus	unassigned	B73	592
42033174	plus	unassigned	B73	5
42033004	plus	unassigned	B73	6
42032502	plus	unassigned	Teo	1
42032945	plus	unassigned	B73	11
42032803	minus	nbr	B73	86
42032769	minus	nbr	B73	166
42033320	plus	unassigned	B73	3
42032719	minus	unassigned	B73	29
42032702	minus	unassigned	B73	5
42033020	minus	nbr	Teo	9
42032367	minus	unassigned	B73	12
42032733	minus	unassigned	Teo	1
42032350	minus	unassigned	B73	15
42032661	plus	ppl2	Teo	1
42032398	minus	unassigned	Teo	8
42031826	minus	unassigned	Teo	8
42031594	plus	unassigned	B73	1
42032381	minus	unassigned	Teo	8
42031943	plus	unassigned	B73	2
42032755	plus	unassigned	B73	621
42033048	plus	unassigned	B73	7
42032546	plus	unassigned	Teo	35
42033245	minus	nbr	B73	14
42033024	minus	nbr	B73	54
42033130	plus	unassigned	B73	4
42032665	plus	ppl2	B73	7
42032892	minus	nbr	Teo	1
42031870	plus	ppl2	Teo	26
42032348	minus	unassigned	B73	15
42032379	minus	unassigned	Teo	8
42032930	minus	nbr	B73	31
42032896	minus	nbr	B73	21
42031753	plus	unassigned	B73	2
42031874	plus	ppl2	B73	5
42031653	plus	ppl2	B73	1
42032565	plus	unassigned	B73	3
42032356	plus	unassigned	Teo	18
42032928	minus	nbr	Teo	5
42032875	plus	unassigned	Teo	176
42033168	plus	unassigned	Teo	1
42032525	minus	unassigned	B73	22
42032629	plus	unassigned	B73	3
42031906	plus	ppl2	Teo	53
42033250	plus	unassigned	Teo	1
42032556	minus	unassigned	Teo	16
42032939	plus	unassigned	Teo	6
42032173	minus	unassigned	B73	13
42032711	plus	unassigned	B73	169
42033372	minus	nbr	B73	5
42033151	minus	nbr	B73	43
42032350	plus	ppl2	B73	14
42032571	plus	ppl2	B73	53
42031797	plus	unassigned	B73	3
42031627	plus	unassigned	B73	1
42033149	minus	nbr	Teo	1
42032172	plus	unassigned	B73	3
42032603	plus	ppl2	Teo	333
42032002	plus	unassigned	B73	1
42032569	plus	ppl2	Teo	387
42032348	plus	ppl2	Teo	140
42032127	plus	ppl2	Teo	64
42032958	plus	unassigned	B73	5
42032537	minus	unassigned	Teo	12
42032482	plus	unassigned	Teo	1
42032749	plus	unassigned	Teo	267
42032521	plus	unassigned	B73	3
42032154	minus	unassigned	B73	13
42032520	minus	unassigned	Teo	11
42032312	plus	unassigned	Teo	5
42033333	plus	unassigned	B73	3
42032831	plus	unassigned	Teo	486
42032607	plus	ppl2	B73	52
42032834	minus	nbr	Teo	13
42031812	plus	ppl2	Teo	4
42032714	minus	unassigned	Teo	1
42032331	minus	unassigned	B73	15
42031807	minus	unassigned	Teo	5
42032362	minus	unassigned	Teo	32
42032559	plus	unassigned	Teo	31
42032331	plus	unassigned	B73	3
42032838	minus	nbr	B73	67
42032122	plus	unassigned	Teo	2
42032641	plus	unassigned	Teo	23
42031816	plus	ppl2	B73	2
42033377	plus	unassigned	B73	3
42032914	plus	unassigned	B73	76
42033207	plus	unassigned	B73	5
42032705	plus	unassigned	Teo	54
42033055	minus	nbr	Teo	8
42032329	minus	unassigned	B73	14
42032693	minus	unassigned	B73	1
42032343	minus	unassigned	Teo	36
42033314	minus	nbr	B73	4
42031563	plus	unassigned	B73	1
42033059	minus	nbr	B73	59
42032513	plus	ppl2	B73	20
42032961	minus	nbr	Teo	7
42032740	minus	nbr	Teo	18
42032375	plus	unassigned	B73	3
42031873	plus	unassigned	Teo	3
42031912	plus	unassigned	B73	2
42032166	plus	unassigned	Teo	10
42032894	plus	unassigned	B73	251
42033187	plus	unassigned	B73	5
42032724	plus	unassigned	B73	293
42033017	plus	unassigned	B73	5
42031684	plus	ppl2	Teo	1
42032515	plus	unassigned	Teo	36
42032965	minus	nbr	B73	33
42032744	minus	nbr	B73	169
42032907	minus	nbr	B73	25
42032674	minus	unassigned	B73	3
42032324	minus	unassigned	Teo	34
42031501	plus	ppl2	B73	2
42031688	plus	ppl2	B73	1
42031892	plus	unassigned	B73	2
42031798	minus	unassigned	Teo	4
42032495	plus	unassigned	Teo	1
42032381	plus	ppl2	Teo	183
42031956	plus	unassigned	B73	2
42032160	plus	ppl2	Teo	93
42032325	plus	unassigned	Teo	16
42032768	plus	unassigned	B73	782
42032518	minus	unassigned	Teo	10
42032135	minus	unassigned	B73	15
42032501	minus	unassigned	Teo	1
42032850	plus	unassigned	B73	1631
42033220	minus	nbr	B73	19
42033143	plus	unassigned	B73	5
42032166	minus	unassigned	Teo	35
42032908	plus	unassigned	Teo	25
42033186	minus	nbr	B73	27
42032640	plus	ppl2	B73	43
42033349	minus	nbr	B73	4
42033128	minus	nbr	B73	56
42032385	plus	ppl2	B73	20
42032164	plus	ppl2	B73	10
42032106	plus	ppl2	B73	4
42032548	plus	ppl2	B73	55
42032327	plus	ppl2	B73	12
42032638	plus	ppl2	Teo	264
42031766	plus	unassigned	B73	2
42032871	minus	nbr	B73	22
42032849	minus	unassigned	B73	1
42032813	minus	nbr	B73	80
42032578	plus	unassigned	B73	3
42032832	minus	unassigned	B73	4
42032369	plus	unassigned	Teo	17
42032141	plus	unassigned	B73	3
42032116	minus	unassigned	B73	12
42032408	plus	unassigned	B73	2
42031906	plus	unassigned	Teo	2
42032779	minus	nbr	B73	164
42032888	plus	unassigned	Teo	99
42032927	plus	unassigned	B73	26
42032147	minus	unassigned	Teo	36
42032903	minus	nbr	Teo	1
42032718	plus	unassigned	Teo	162
42032130	minus	unassigned	Teo	33
42032970	plus	unassigned	Teo	1
42033263	plus	unassigned	Teo	1
42032869	minus	nbr	Teo	3
42032800	plus	unassigned	Teo	468
42031847	plus	ppl2	Teo	14
42031576	plus	unassigned	B73	1
42031886	plus	unassigned	Teo	2
42033092	minus	nbr	B73	59
42032813	minus	unassigned	B73	9
42033255	minus	nbr	B73	13
42033034	minus	nbr	B73	55
42031906	minus	unassigned	B73	10
42032675	plus	ppl2	B73	1
42032128	minus	unassigned	Teo	35
42033124	minus	nbr	Teo	1
42031554	minus	unassigned	B73	1
42032534	plus	unassigned	B73	3
42032492	minus	unassigned	Teo	1
42032544	plus	ppl2	Teo	409
42032323	plus	ppl2	Teo	108
42033346	plus	unassigned	B73	3
42032844	plus	unassigned	Teo	462
42032940	minus	nbr	B73	34
42032655	minus	unassigned	B73	3
42031663	plus	ppl2	B73	1
42031884	plus	ppl2	B73	4
42032996	minus	nbr	Teo	8
42032775	minus	nbr	Teo	19
42032938	minus	nbr	Teo	6
42032717	minus	nbr	Teo	13
42031969	plus	unassigned	B73	2
42031842	plus	unassigned	Teo	3
42032344	plus	unassigned	B73	3
42032090	minus	unassigned	B73	3
42032135	plus	unassigned	Teo	10
42032863	plus	unassigned	B73	1398
42033156	plus	unassigned	B73	4
42033382	minus	nbr	B73	3
42033161	minus	nbr	B73	42
42032636	minus	unassigned	B73	14
42032581	plus	ppl2	B73	54
42032360	plus	ppl2	B73	14
42033030	minus	nbr	Teo	9
42032650	minus	unassigned	Teo	1
42032671	plus	ppl2	Teo	1
42033159	minus	nbr	Teo	1
42032613	plus	ppl2	Teo	305
42032137	plus	ppl2	Teo	81
42032579	plus	ppl2	Teo	372
42032358	plus	ppl2	Teo	160
42032388	plus	unassigned	B73	3
42031925	plus	unassigned	B73	2
42031790	plus	ppl2	B73	2
42032698	plus	unassigned	Teo	1
42032737	plus	unassigned	B73	353
42032528	plus	unassigned	Teo	36
42032617	plus	ppl2	B73	51
42032844	minus	nbr	Teo	12
42032111	minus	unassigned	Teo	31
42033282	plus	unassigned	B73	1
42032780	plus	unassigned	Teo	438
42032617	minus	unassigned	B73	18
42031880	plus	ppl2	Teo	27
42033112	plus	unassigned	B73	3
42032610	plus	unassigned	Teo	27
42031822	plus	ppl2	Teo	5
42032648	minus	unassigned	Teo	12
42032848	minus	nbr	B73	47
42031826	plus	ppl2	B73	3
42031735	plus	unassigned	B73	2
42032547	plus	unassigned	B73	3
42032109	minus	unassigned	Teo	31
42032338	plus	unassigned	Teo	18
42032110	plus	unassigned	B73	1
42033092	plus	unassigned	B73	8
42032590	plus	unassigned	Teo	29
42033359	plus	unassigned	B73	3
42033065	minus	nbr	Teo	7
42032857	plus	unassigned	Teo	397
42031535	minus	unassigned	B73	1
42032473	minus	unassigned	Teo	1
42031901	minus	unassigned	Teo	27
42033232	plus	unassigned	Teo	1
42033324	minus	nbr	B73	4
42033103	minus	nbr	B73	60
42033069	minus	nbr	B73	61
42032523	plus	ppl2	B73	47
42032971	minus	nbr	Teo	7
42032750	minus	nbr	Teo	20
42031779	plus	unassigned	B73	2
42031694	plus	ppl2	Teo	1
42032423	minus	unassigned	B73	3
42031609	plus	unassigned	B73	1
42032088	minus	unassigned	B73	3
42031516	minus	unassigned	B73	1
42031861	plus	unassigned	B73	4
42032154	plus	unassigned	B73	3
42031897	minus	unassigned	B73	10
42032464	plus	unassigned	Teo	1
42031880	minus	unassigned	B73	6
42032975	minus	nbr	B73	38
42032754	minus	nbr	B73	169
42032983	plus	unassigned	Teo	1
42033276	plus	unassigned	Teo	1
42033315	plus	unassigned	B73	3
42032813	plus	unassigned	Teo	461
42031698	plus	ppl2	B73	2
42032600	minus	unassigned	B73	23
42032631	minus	unassigned	Teo	14
42031589	plus	unassigned	B73	1
42032391	plus	ppl2	Teo	178
42032170	plus	ppl2	Teo	104
42032785	minus	unassigned	B73	24
42031671	plus	unassigned	B73	2
42031899	plus	unassigned	Teo	2
42031938	plus	unassigned	B73	2
42031878	minus	unassigned	B73	6
42033230	minus	nbr	B73	19
42031861	minus	unassigned	B73	6
42031811	plus	unassigned	Teo	2
42032083	minus	unassigned	Teo	1
42032104	plus	unassigned	Teo	2
42033196	minus	nbr	B73	25
42032793	plus	unassigned	Teo	472
42032650	plus	ppl2	B73	9
42031892	minus	unassigned	Teo	23
42032623	plus	unassigned	Teo	26
42032174	plus	ppl2	B73	10
42032395	plus	ppl2	B73	20
42033007	minus	nbr	Teo	8
42032629	minus	unassigned	Teo	14
42032648	plus	ppl2	Teo	254
42032612	minus	unassigned	Teo	13
42032881	minus	nbr	B73	21
42032913	minus	nbr	Teo	2
42032879	minus	nbr	Teo	2
42032357	plus	unassigned	B73	3
42031855	plus	unassigned	Teo	3
42032148	plus	unassigned	Teo	11
42031857	plus	ppl2	Teo	19
42032876	plus	unassigned	B73	788
42033169	plus	unassigned	B73	5
42032706	plus	unassigned	B73	127
42033251	plus	unassigned	B73	3
42032917	minus	nbr	B73	30
42032591	minus	unassigned	B73	22
42031684	minus	unassigned	B73	7
42033134	minus	nbr	Teo	1
42031874	plus	unassigned	B73	4
42032167	plus	unassigned	B73	3
42032112	plus	ppl2	Teo	60
42031704	plus	unassigned	B73	1
42032554	plus	ppl2	Teo	402
42032404	minus	unassigned	B73	21
42032333	plus	ppl2	Teo	110
42032477	plus	unassigned	Teo	1
42033061	plus	unassigned	B73	7
42032589	minus	unassigned	B73	22
42033359	minus	nbr	B73	4
42033138	minus	nbr	B73	57
42032832	plus	unassigned	B73	1578
42032572	minus	unassigned	B73	25
42033125	plus	unassigned	B73	4
42032337	plus	ppl2	B73	11
42031665	minus	unassigned	B73	6
42032116	plus	ppl2	B73	6
42032558	plus	ppl2	B73	55
42032785	minus	nbr	Teo	18
42031696	minus	unassigned	Teo	3
42032823	minus	nbr	B73	76
42032766	minus	unassigned	B73	25
42031748	plus	unassigned	B73	2
42032789	minus	nbr	B73	95
42031859	minus	unassigned	B73	6
42031801	plus	ppl2	B73	2
42031791	plus	unassigned	Teo	2
42031830	plus	unassigned	B73	3
42031842	minus	unassigned	B73	10
42032780	minus	unassigned	Teo	1
42032123	plus	unassigned	B73	1
42032642	plus	unassigned	B73	3
42031873	minus	unassigned	Teo	10
42032909	plus	unassigned	B73	82
42033040	minus	nbr	Teo	9
42032952	plus	unassigned	Teo	6
42033245	plus	unassigned	Teo	1
42032747	minus	unassigned	B73	27
42031558	plus	unassigned	B73	1
42033265	minus	nbr	B73	13
42033044	minus	nbr	B73	57
42032730	minus	unassigned	B73	27
42032778	minus	unassigned	Teo	1
42031868	plus	unassigned	Teo	3
42031640	plus	unassigned	B73	2
42031823	minus	unassigned	B73	9
42032395	minus	unassigned	B73	17
42032761	minus	unassigned	Teo	1
42032627	plus	ppl2	B73	45
42032406	plus	ppl2	B73	19
42031890	plus	ppl2	Teo	29
42031854	minus	unassigned	Teo	9
42032762	plus	unassigned	Teo	348
42032516	plus	unassigned	B73	3
42032950	minus	nbr	B73	33
42033328	plus	unassigned	B73	3
42032826	plus	unassigned	Teo	492
42033201	plus	unassigned	Teo	1
42031673	plus	ppl2	B73	1
42031894	plus	ppl2	B73	5
42032728	minus	unassigned	B73	27
42032948	minus	nbr	Teo	7
42032727	minus	nbr	Teo	15
42032759	minus	unassigned	Teo	1
42032376	minus	unassigned	B73	13
42031684	plus	unassigned	B73	2
42032390	minus	unassigned	Teo	8
42032326	plus	unassigned	B73	3
42031824	plus	unassigned	Teo	2
42032117	plus	unassigned	Teo	3
42032845	plus	unassigned	B73	1622
42033138	plus	unassigned	B73	5
42032636	plus	unassigned	Teo	24
42033392	minus	nbr	B73	1
42033171	minus	nbr	B73	37
42033390	plus	unassigned	B73	3
42033181	plus	unassigned	Teo	1
42033220	plus	unassigned	B73	5
42032553	minus	unassigned	B73	27
42032591	plus	ppl2	B73	55
42032370	plus	ppl2	B73	18
42032533	plus	ppl2	B73	52
42031646	minus	unassigned	B73	5
42032584	minus	unassigned	Teo	12
42032402	plus	ppl2	Teo	211
42031677	minus	unassigned	Teo	2
42032623	plus	ppl2	Teo	280
42032368	plus	ppl2	Teo	184
42032147	plus	ppl2	Teo	88
42032589	plus	ppl2	Teo	351
42032136	plus	unassigned	B73	3
42033207	minus	nbr	B73	21
42031907	plus	unassigned	B73	2
42032854	minus	nbr	Teo	8
42032889	plus	unassigned	B73	286
42032534	minus	unassigned	B73	24
42032719	plus	unassigned	B73	252
42031832	plus	ppl2	Teo	5
42032971	plus	unassigned	B73	8
42031627	minus	unassigned	B73	4
42033264	plus	unassigned	B73	3
42031798	plus	ppl2	Teo	3
42032565	minus	unassigned	Teo	16
42032801	plus	unassigned	B73	1333
42032858	minus	nbr	B73	37
42031836	plus	ppl2	B73	3
42032711	minus	unassigned	B73	30
42032660	plus	ppl2	B73	9
42031887	plus	unassigned	B73	2
42031804	minus	unassigned	B73	8
42032742	minus	unassigned	Teo	1
42032699	plus	unassigned	B73	14
42033075	minus	nbr	Teo	6
42031835	minus	unassigned	Teo	9
42032529	plus	unassigned	B73	3
42032781	plus	unassigned	B73	1173
42033074	plus	unassigned	B73	7
42032658	plus	ppl2	Teo	1
42032572	plus	unassigned	Teo	30
42032839	plus	unassigned	Teo	448
42032611	plus	unassigned	B73	2
42032163	minus	unassigned	B73	13
42032402	plus	unassigned	Teo	17
42032921	plus	unassigned	Teo	12
42033214	plus	unassigned	Teo	1
42033334	minus	nbr	B73	4
42033113	minus	nbr	B73	59
42033079	minus	nbr	B73	64
42032981	minus	nbr	Teo	7
42032760	minus	nbr	Teo	17
42032709	minus	unassigned	B73	30
42032923	minus	nbr	Teo	3
42031697	plus	unassigned	B73	2
42031901	plus	ppl2	Teo	48
42032357	minus	unassigned	B73	16
42032723	minus	unassigned	Teo	1
42032340	minus	unassigned	B73	15
42031816	minus	unassigned	Teo	7
42032388	minus	unassigned	Teo	8
42032371	minus	unassigned	Teo	10
42032382	plus	unassigned	Teo	17
42031843	plus	unassigned	B73	4
42032985	minus	nbr	B73	39
42032764	minus	nbr	B73	167
42032927	minus	nbr	B73	31
42031905	plus	ppl2	B73	5
42032965	plus	unassigned	Teo	3
42033258	plus	unassigned	Teo	1
42033030	plus	unassigned	B73	4
42032338	minus	unassigned	B73	16
42032704	minus	unassigned	Teo	1
42032564	plus	ppl2	Teo	395
42032321	minus	unassigned	B73	14
42032369	minus	unassigned	Teo	10
42032352	minus	unassigned	Teo	33
42031795	minus	unassigned	B73	8
42033240	minus	nbr	B73	14
42031653	plus	unassigned	B73	2
42033369	minus	nbr	B73	5
42033148	minus	nbr	B73	43
42032602	plus	ppl2	B73	52
42032984	plus	unassigned	B73	6
42032568	plus	ppl2	B73	53
42032347	plus	ppl2	B73	14
42032126	plus	ppl2	B73	6
42033277	plus	unassigned	B73	1
42032775	plus	unassigned	Teo	393
42032814	plus	unassigned	B73	1441
42032515	minus	unassigned	B73	17
42033107	plus	unassigned	B73	6
42033017	minus	nbr	Teo	9
42032605	plus	unassigned	Teo	27
42032546	minus	unassigned	Teo	16
42032891	minus	nbr	B73	22
42032833	minus	nbr	B73	70
42032683	minus	unassigned	B73	3
42032799	minus	nbr	B73	88
42031811	plus	ppl2	B73	2
42032889	minus	nbr	Teo	2
42031790	minus	unassigned	Teo	4
42031867	plus	ppl2	Teo	24
42031809	plus	ppl2	Teo	4
42032339	plus	unassigned	B73	3
42031837	plus	unassigned	Teo	2
42032591	plus	unassigned	B73	3
42032858	plus	unassigned	B73	1512
42032527	minus	unassigned	Teo	11
42032649	plus	unassigned	Teo	20
42032144	minus	unassigned	B73	15
42032510	minus	unassigned	Teo	1
42033194	plus	unassigned	Teo	1
42032940	plus	unassigned	B73	11
42033233	plus	unassigned	B73	5
42032731	plus	unassigned	Teo	209
42032175	minus	unassigned	Teo	35
42033275	minus	nbr	B73	11
42033054	minus	nbr	B73	61
42033144	minus	nbr	Teo	1
42032343	plus	ppl2	Teo	128
42032122	plus	ppl2	Teo	64
42031856	plus	unassigned	B73	4
42032149	plus	unassigned	B73	3
42032960	minus	nbr	B73	31
42032508	minus	unassigned	Teo	1
42032841	minus	unassigned	B73	3
42032125	minus	unassigned	B73	13
42032978	plus	unassigned	Teo	1
42032750	plus	unassigned	B73	526
42033043	plus	unassigned	B73	4
42032541	plus	unassigned	Teo	35
42032156	minus	unassigned	Teo	35
42032808	plus	unassigned	Teo	473
42031683	plus	ppl2	B73	1
42032795	minus	nbr	Teo	14
42032958	minus	nbr	Teo	7
42032737	minus	nbr	Teo	17
42032319	minus	unassigned	B73	13
42032333	minus	unassigned	Teo	36
42033181	minus	nbr	B73	30
42031982	plus	unassigned	B73	1
42032380	plus	ppl2	B73	21
42031812	plus	unassigned	B73	3
42032105	plus	unassigned	B73	1
42033050	minus	nbr	Teo	8
42032794	plus	unassigned	B73	1322
42033087	plus	unassigned	B73	8
42032585	plus	unassigned	Teo	30
42032624	plus	unassigned	B73	2
42032633	plus	ppl2	Teo	270
42032934	plus	unassigned	Teo	6
42033227	plus	unassigned	Teo	1
42032599	plus	ppl2	Teo	338
42032378	plus	ppl2	Teo	182
42032157	plus	ppl2	Teo	85
42032664	minus	unassigned	B73	3
42032314	minus	unassigned	Teo	34
42033217	minus	nbr	B73	21
42032637	plus	ppl2	B73	43
42032864	minus	nbr	Teo	3
42031792	plus	unassigned	B73	3
42031622	plus	unassigned	B73	1
42031842	plus	ppl2	Teo	9
42032395	plus	unassigned	Teo	17
42032744	plus	unassigned	Teo	255
42032902	minus	nbr	B73	22
42032868	minus	nbr	B73	28
42031846	plus	ppl2	B73	3
42032645	minus	unassigned	B73	13
42033085	minus	nbr	Teo	2
42031666	plus	unassigned	B73	2
42032839	minus	unassigned	B73	3
42032822	minus	unassigned	B73	4
42032106	minus	unassigned	B73	11
42031806	plus	unassigned	Teo	2
42033344	minus	nbr	B73	4
42033123	minus	nbr	B73	56
42032997	plus	unassigned	B73	6
42032788	plus	unassigned	Teo	463
42032560	plus	unassigned	B73	3
42032827	plus	unassigned	B73	1573
42032137	minus	unassigned	Teo	35
42032351	plus	unassigned	Teo	18
42033089	minus	nbr	B73	66
42032618	plus	unassigned	Teo	26
42032322	plus	ppl2	B73	13
42032543	plus	ppl2	B73	53
42032991	minus	nbr	Teo	8
42032770	minus	nbr	Teo	19
42032120	minus	unassigned	Teo	30
42033372	plus	unassigned	B73	3
42032870	plus	unassigned	Teo	257
42033163	plus	unassigned	Teo	1
42033202	plus	unassigned	B73	5
42032700	plus	unassigned	Teo	3
42032995	minus	nbr	B73	48
42032774	minus	nbr	B73	167
42031995	plus	unassigned	B73	1
42032803	minus	unassigned	B73	10
42031825	plus	unassigned	B73	3
42032118	plus	unassigned	B73	1
42032806	minus	nbr	Teo	15
42032598	plus	unassigned	Teo	29
42032370	plus	unassigned	B73	3
42032118	minus	unassigned	Teo	30
42032161	plus	unassigned	Teo	10
42032101	minus	unassigned	Teo	1
42033182	plus	unassigned	B73	5
42032499	minus	unassigned	Teo	1
42031544	minus	unassigned	B73	1
42032482	minus	unassigned	Teo	1
42032510	plus	unassigned	Teo	31
42031910	minus	unassigned	Teo	26
42032953	plus	unassigned	B73	6
42033246	plus	unassigned	B73	3
42033250	minus	nbr	B73	13
42032670	plus	ppl2	B73	2
42031869	plus	unassigned	B73	4
42033027	minus	nbr	Teo	9
42032668	plus	ppl2	Teo	1
42031525	minus	unassigned	B73	1
42031951	plus	unassigned	B73	2
42032097	minus	unassigned	B73	3
42032463	minus	unassigned	Teo	1
42032763	plus	unassigned	B73	737
42033056	plus	unassigned	B73	7
42032554	plus	unassigned	Teo	33
42032903	plus	unassigned	Teo	36
42032933	minus	nbr	Teo	5
42032712	minus	nbr	Teo	5
42032626	minus	unassigned	B73	18
42032899	minus	nbr	Teo	1
42031911	plus	ppl2	Teo	52
42031877	plus	ppl2	Teo	27
42032640	minus	unassigned	Teo	13
42031679	plus	unassigned	B73	2
42032794	minus	unassigned	B73	12
42031761	plus	unassigned	B73	2
42031819	plus	unassigned	Teo	2
42032937	minus	nbr	B73	30
42032716	minus	nbr	B73	131
42031887	minus	unassigned	B73	9
42032573	plus	unassigned	B73	3
42032364	plus	unassigned	Teo	17
42031901	plus	unassigned	Teo	2
42032883	plus	unassigned	Teo	140
42033176	plus	unassigned	Teo	1
42032637	plus	unassigned	B73	3
42032607	minus	unassigned	B73	21
42032947	plus	unassigned	Teo	6
42033154	minus	nbr	Teo	1
42033012	plus	unassigned	B73	5
42032638	minus	unassigned	Teo	13
42032353	plus	ppl2	Teo	148
42032132	plus	ppl2	Teo	77
42032574	plus	ppl2	Teo	381
42032621	minus	unassigned	Teo	14
42033379	minus	nbr	B73	3
42033158	minus	nbr	B73	40
42032612	plus	ppl2	B73	52
42031635	plus	unassigned	B73	1
42032136	plus	ppl2	B73	8
42032578	plus	ppl2	B73	54
42032357	plus	ppl2	B73	14
42032966	plus	unassigned	B73	5
42032490	plus	unassigned	Teo	1
42031908	minus	unassigned	Teo	26
42033259	plus	unassigned	B73	3
42032757	plus	unassigned	Teo	322
42032320	plus	unassigned	Teo	16
42033341	plus	unassigned	B73	3
42032843	minus	nbr	B73	65
42031821	plus	ppl2	B73	2
42031693	minus	unassigned	B73	8
42033060	minus	nbr	Teo	6
42031819	plus	ppl2	Teo	5
42032413	minus	unassigned	B73	3
42032567	plus	unassigned	Teo	30
42031506	minus	unassigned	B73	1
42032130	plus	unassigned	Teo	10
42031870	minus	unassigned	B73	6
42032092	minus	unassigned	Teo	1
42032403	plus	unassigned	B73	2
42032598	minus	unassigned	B73	23
42033385	plus	unassigned	B73	3
42033285	minus	nbr	B73	11
42033064	minus	nbr	B73	56
42032922	plus	unassigned	B73	29
42032581	minus	unassigned	B73	23
42033215	plus	unassigned	B73	5
42033227	minus	nbr	B73	19
42033006	minus	nbr	B73	49
42032713	plus	unassigned	Teo	134
42032647	plus	ppl2	B73	43
42032516	plus	ppl2	Teo	335
42032970	minus	nbr	B73	37
42032775	minus	unassigned	B73	25
42031799	plus	unassigned	Teo	2
42031571	plus	unassigned	B73	1
42032912	minus	nbr	B73	27
42031838	plus	unassigned	B73	3
42031868	minus	unassigned	B73	6
42032878	minus	nbr	B73	21
42031881	plus	unassigned	Teo	2
42032383	plus	unassigned	B73	3
42032174	plus	unassigned	Teo	9
42031920	plus	unassigned	B73	2
42031851	minus	unassigned	B73	8
42031693	plus	ppl2	B73	2
42031899	minus	unassigned	Teo	27
42031856	plus	ppl2	B73	3
42033195	plus	unassigned	B73	5
42031882	minus	unassigned	Teo	11
42032732	plus	unassigned	B73	325
42033025	plus	unassigned	B73	5
42032968	minus	nbr	Teo	7
42032747	minus	nbr	Teo	18
42032523	plus	unassigned	Teo	36
42032619	minus	unassigned	Teo	14
42032602	minus	unassigned	Teo	14
42032756	minus	unassigned	B73	25
42033191	minus	nbr	B73	25
42033354	minus	nbr	B73	4
42033133	minus	nbr	B73	57
42031849	minus	unassigned	B73	10
42032787	minus	unassigned	Teo	1
42031832	minus	unassigned	B73	10
42032390	plus	ppl2	B73	20
42032770	minus	unassigned	Teo	1
42032111	plus	ppl2	B73	4
42032553	plus	ppl2	B73	55
42032332	plus	ppl2	B73	11
42033002	minus	nbr	Teo	8
42031863	minus	unassigned	Teo	10
42031964	plus	unassigned	B73	2
42032333	plus	unassigned	Teo	17
42032643	plus	ppl2	Teo	263
42032776	plus	unassigned	B73	981
42033069	plus	unassigned	B73	7
42032606	plus	unassigned	B73	2
42032167	plus	ppl2	Teo	95
42032388	plus	ppl2	Teo	178
42032109	plus	ppl2	Teo	58
42033151	plus	unassigned	B73	6
42032916	plus	unassigned	Teo	18
42033209	plus	unassigned	Teo	1
42031674	minus	unassigned	B73	6
42032874	minus	nbr	Teo	2
42032816	minus	nbr	Teo	16
42032385	minus	unassigned	B73	16
42031852	plus	ppl2	Teo	19
42031774	plus	unassigned	B73	2
42031604	plus	unassigned	B73	1
42032586	plus	unassigned	B73	3
42032377	plus	unassigned	Teo	17
42033398	plus	unassigned	B73	3
42032896	plus	unassigned	Teo	51
42033189	plus	unassigned	Teo	1
42032935	plus	unassigned	B73	13
42033228	plus	unassigned	B73	5
42032726	plus	unassigned	Teo	191
42033260	minus	nbr	B73	12
42031635	plus	ppl2	B73	2
42032579	minus	unassigned	B73	25
42033271	plus	unassigned	Teo	1
42033310	plus	unassigned	B73	3
42032562	minus	unassigned	B73	27
42031655	minus	unassigned	B73	6
42032593	minus	unassigned	Teo	12
42033095	minus	nbr	Teo	1
42031686	minus	unassigned	Teo	3
42033037	minus	nbr	Teo	9
42032678	plus	ppl2	Teo	1
42031584	plus	unassigned	B73	1
42031894	plus	unassigned	Teo	2
42032406	minus	unassigned	Teo	9
42031648	plus	unassigned	B73	2
42033099	minus	nbr	B73	59
42032780	minus	nbr	Teo	19
42032979	plus	unassigned	B73	8
42032943	minus	nbr	Teo	6
42032722	minus	nbr	Teo	15
42032542	plus	unassigned	B73	3
42032543	minus	unassigned	B73	27
42032809	plus	unassigned	B73	1430
42031700	plus	ppl2	Teo	1
42031636	minus	unassigned	B73	4
42033354	plus	unassigned	B73	3
42032852	plus	unassigned	Teo	423
42032574	minus	unassigned	Teo	15
42031887	plus	ppl2	Teo	29
42031667	minus	unassigned	Teo	2
42032784	minus	nbr	B73	165
42032947	minus	nbr	B73	33
42032726	minus	nbr	B73	157
42032737	minus	unassigned	B73	27
42032720	minus	unassigned	B73	29
42032768	minus	unassigned	Teo	1
42031977	plus	unassigned	B73	2
42031813	minus	unassigned	B73	8
42032751	minus	unassigned	Teo	1
42031807	plus	unassigned	B73	3
42032789	plus	unassigned	B73	1266
42032352	plus	unassigned	B73	3
42031850	plus	unassigned	Teo	3
42031844	minus	unassigned	Teo	9
42033164	minus	nbr	Teo	1
42032619	plus	unassigned	B73	2
42032143	plus	unassigned	Teo	10
42032871	plus	unassigned	B73	1116
42033164	plus	unassigned	B73	4
42032142	plus	ppl2	Teo	78
42032584	plus	ppl2	Teo	366
42032363	plus	ppl2	Teo	170
42032929	plus	unassigned	Teo	6
42032701	plus	unassigned	B73	33
42033202	minus	nbr	B73	21
42033389	minus	nbr	B73	3
42033168	minus	nbr	B73	38
42032718	minus	unassigned	B73	29
42032401	plus	ppl2	B73	22
42032622	plus	ppl2	B73	48
42032701	minus	unassigned	B73	4
42032367	plus	ppl2	B73	16
42032146	plus	ppl2	B73	10
42032588	plus	ppl2	B73	54
42032749	minus	unassigned	Teo	1
42032366	minus	unassigned	B73	12
42032732	minus	unassigned	Teo	1
42031793	plus	ppl2	Teo	1
42032397	minus	unassigned	Teo	8
42031825	minus	unassigned	Teo	8
42032380	minus	unassigned	Teo	8
42032396	plus	unassigned	B73	2
42031933	plus	unassigned	B73	2
42032853	minus	nbr	B73	45
42032745	plus	unassigned	B73	446
42033038	plus	unassigned	B73	4
42032536	plus	unassigned	Teo	35
42031831	plus	ppl2	B73	3
42031797	plus	ppl2	B73	2
42033120	plus	unassigned	B73	3
42033070	minus	nbr	Teo	6
42031829	plus	ppl2	Teo	5
42032347	minus	unassigned	B73	15
42032330	minus	unassigned	B73	14
42032378	minus	unassigned	Teo	8
42032361	minus	unassigned	Teo	34
42031743	plus	unassigned	B73	2
42033295	minus	nbr	B73	9
42033074	minus	nbr	B73	63
42032555	plus	unassigned	B73	3
42032346	plus	unassigned	Teo	18
42032865	plus	unassigned	Teo	340
42033158	plus	unassigned	Teo	1
42032524	minus	unassigned	B73	22
42033106	minus	nbr	Teo	1
42033240	plus	unassigned	Teo	1
42032555	minus	unassigned	Teo	16
42032526	plus	ppl2	Teo	395
42032172	minus	unassigned	B73	13
42032980	minus	nbr	B73	39
42031787	plus	unassigned	B73	2
42032978	minus	nbr	Teo	7
42032757	minus	nbr	Teo	17
42031617	plus	unassigned	B73	1
42032599	plus	unassigned	B73	3
42032162	plus	unassigned	B73	3
42032948	plus	unassigned	B73	11
42032536	minus	unassigned	Teo	11
42032472	plus	unassigned	Teo	1
42032739	plus	unassigned	Teo	221
42032511	plus	unassigned	B73	3
42032153	minus	unassigned	B73	13
42033323	plus	unassigned	B73	3
42032821	plus	unassigned	Teo	490
42033012	minus	nbr	Teo	8
42031597	plus	unassigned	B73	1
42032713	minus	unassigned	Teo	1
42032653	plus	ppl2	Teo	1
42031946	plus	unassigned	B73	2
42031806	minus	unassigned	Teo	5
42032398	plus	ppl2	Teo	178
42032134	minus	unassigned	B73	15
42032549	plus	unassigned	Teo	33
42032321	plus	unassigned	B73	3
42032112	plus	unassigned	Teo	3
42032631	plus	unassigned	Teo	25
42032165	minus	unassigned	Teo	35
42033237	minus	nbr	B73	14
42033016	minus	nbr	B73	49
42033367	plus	unassigned	B73	3
42032657	plus	ppl2	B73	9
42032884	minus	nbr	Teo	2
42032904	plus	unassigned	B73	99
42031862	plus	ppl2	Teo	23
42032328	minus	unassigned	B73	14
42032359	minus	unassigned	Teo	34
42032922	minus	nbr	B73	31
42032342	minus	unassigned	Teo	36
42032888	minus	nbr	B73	22
42031900	plus	ppl2	B73	5
42031866	plus	ppl2	B73	4
42031645	plus	ppl2	B73	1
42032365	plus	unassigned	B73	3
42031863	plus	unassigned	Teo	3
42032156	plus	unassigned	Teo	10
42031902	plus	unassigned	B73	2
42032884	plus	unassigned	B73	568
42033177	plus	unassigned	B73	5
42032714	plus	unassigned	B73	208
42033007	plus	unassigned	B73	5
42032505	plus	unassigned	Teo	1
42032673	minus	unassigned	B73	3
42032323	minus	unassigned	Teo	34
42033364	minus	nbr	B73	4
42033143	minus	nbr	B73	50
42032121	plus	ppl2	B73	7
42032563	plus	ppl2	B73	55
42032342	plus	ppl2	B73	10
42032790	minus	nbr	Teo	14
42031797	minus	unassigned	Teo	4
42031882	plus	unassigned	B73	4
42032175	plus	unassigned	B73	3
42032694	plus	unassigned	B73	3
42032485	plus	unassigned	Teo	1
42032315	plus	unassigned	Teo	16
42032119	plus	ppl2	Teo	64
42032758	plus	unassigned	B73	703
42032517	minus	unassigned	Teo	10
42032500	minus	unassigned	Teo	1
42032794	minus	nbr	B73	90
42032840	plus	unassigned	B73	1620
42033133	plus	unassigned	B73	4
42032654	minus	unassigned	B73	3
42032826	minus	nbr	Teo	13
42031804	plus	ppl2	Teo	4
42031756	plus	unassigned	B73	2
42032848	minus	unassigned	B73	1
42032568	plus	unassigned	B73	3
42032831	minus	unassigned	B73	4
42032115	minus	unassigned	B73	12
42032359	plus	unassigned	Teo	18
42032131	plus	unassigned	B73	2
42033270	minus	nbr	B73	14
42032878	plus	unassigned	Teo	157
42032650	plus	unassigned	B73	1
42031808	plus	ppl2	B73	2
42032917	plus	unassigned	B73	39
42032146	minus	unassigned	Teo	36
42032708	plus	unassigned	Teo	57
42032632	plus	ppl2	B73	43
42032960	plus	unassigned	Teo	3
42033253	plus	unassigned	Teo	1
42033047	minus	nbr	Teo	9
42031566	plus	unassigned	B73	1
42032829	minus	unassigned	B73	4
42033306	minus	nbr	B73	8
42032378	plus	unassigned	B73	3
42031876	plus	unassigned	Teo	3
42032812	minus	unassigned	B73	10
42032169	plus	unassigned	Teo	10
42032953	minus	nbr	Teo	7
42032732	minus	nbr	Teo	16
42031905	minus	unassigned	B73	10
42032127	minus	unassigned	Teo	34
42032110	minus	unassigned	Teo	31
42031553	minus	unassigned	B73	1
42032524	plus	unassigned	B73	3
42032491	minus	unassigned	Teo	1
42031897	plus	ppl2	Teo	45
42033336	plus	unassigned	B73	3
42032834	plus	unassigned	Teo	478
42032957	minus	nbr	B73	31
42032736	minus	nbr	B73	166
42031692	plus	unassigned	B73	2
42031959	plus	unassigned	B73	2
42032489	minus	unassigned	Teo	1
42032152	plus	ppl2	Teo	87
42032594	plus	ppl2	Teo	348
42032373	plus	ppl2	Teo	177
42032334	plus	unassigned	B73	3
42031832	plus	unassigned	Teo	2
42032536	plus	ppl2	Teo	411
42032125	plus	unassigned	Teo	2
42032853	plus	unassigned	B73	1618
42033146	plus	unassigned	B73	5
42032644	plus	unassigned	Teo	22
42033212	minus	nbr	B73	21
42033399	minus	nbr	B73	1
42033178	minus	nbr	B73	30
42032635	minus	unassigned	B73	16
42032377	plus	ppl2	B73	21
42032156	plus	ppl2	B73	10
42032598	plus	ppl2	B73	53
42032319	plus	ppl2	B73	13
42032409	plus	ppl2	Teo	208
42032144	plus	unassigned	B73	3
42032863	minus	nbr	B73	30
42032805	minus	nbr	B73	86
42031915	plus	unassigned	B73	2
42031841	plus	ppl2	B73	3
42032897	plus	unassigned	B73	154
42032727	plus	unassigned	B73	304
42032518	plus	unassigned	Teo	36
42033272	plus	unassigned	B73	2
42032770	plus	unassigned	Teo	384
42032616	minus	unassigned	B73	18
42033102	plus	unassigned	B73	7
42033080	minus	nbr	Teo	2
42032600	plus	unassigned	Teo	29
42031839	plus	ppl2	Teo	9
42032647	minus	unassigned	Teo	12
42032663	plus	ppl2	Teo	1
42032630	minus	unassigned	Teo	14
42031895	plus	unassigned	B73	2
42033084	minus	nbr	B73	67
42033247	minus	nbr	B73	14
42033026	minus	nbr	B73	56
42032667	plus	ppl2	B73	4
42032498	plus	unassigned	Teo	1
42032537	plus	unassigned	B73	3
42032108	minus	unassigned	Teo	31
42032328	plus	unassigned	Teo	17
42033116	minus	nbr	Teo	1
42033082	plus	unassigned	B73	8
42032580	plus	unassigned	Teo	30
42033349	plus	unassigned	B73	3
42032847	plus	unassigned	Teo	435
42031534	minus	unassigned	B73	1
42032472	minus	unassigned	Teo	1
42032315	plus	ppl2	Teo	97
42032410	plus	unassigned	Teo	16
42031900	minus	unassigned	Teo	27
42033222	plus	unassigned	Teo	1
42032990	minus	nbr	B73	42
42032932	minus	nbr	B73	31
42032711	minus	nbr	B73	38
42032898	minus	nbr	B73	22
42031910	plus	ppl2	B73	5
42032801	minus	nbr	Teo	13
42031876	plus	ppl2	B73	5
42031655	plus	ppl2	B73	1
42032988	minus	nbr	Teo	8
42032767	minus	nbr	Teo	18
42032709	minus	nbr	Teo	2
42031769	plus	unassigned	B73	2
42031908	plus	ppl2	Teo	52
42032422	minus	unassigned	B73	3
42032138	plus	unassigned	Teo	10
42032390	plus	unassigned	Teo	17
42031851	plus	unassigned	B73	4
42032087	minus	unassigned	B73	3
42031515	minus	unassigned	B73	1
42031909	plus	unassigned	Teo	2
42031896	minus	unassigned	B73	10
42032973	plus	unassigned	Teo	1
42033266	plus	unassigned	Teo	1
42033305	plus	unassigned	B73	3
42033374	minus	nbr	B73	3
42033153	minus	nbr	B73	41
42032803	plus	unassigned	Teo	466
42032352	plus	ppl2	B73	14
42032131	plus	ppl2	B73	8
42032573	plus	ppl2	B73	54
42033022	minus	nbr	Teo	9
42032605	plus	ppl2	Teo	319
42031579	plus	unassigned	B73	1
42032403	minus	unassigned	B73	21
42032129	plus	ppl2	Teo	77
42032784	minus	unassigned	B73	25
42031661	plus	unassigned	B73	2
42031889	plus	unassigned	Teo	2
42031928	plus	unassigned	B73	2
42031877	minus	unassigned	B73	6
42032099	minus	unassigned	Teo	1
42031860	minus	unassigned	B73	6
42032082	minus	unassigned	Teo	1
42031801	plus	unassigned	Teo	2
42032992	plus	unassigned	B73	6
42032783	plus	unassigned	Teo	459
42031891	minus	unassigned	Teo	23
42033115	plus	unassigned	B73	3
42032894	minus	nbr	Teo	1
42032613	plus	unassigned	Teo	27
42032609	plus	ppl2	B73	52
42032836	minus	nbr	Teo	13
42031872	plus	ppl2	Teo	26
42031814	plus	ppl2	Teo	4
42032628	minus	unassigned	Teo	14
42032611	minus	unassigned	Teo	13
42033280	minus	nbr	B73	11
42031818	plus	ppl2	B73	2
42032347	plus	unassigned	B73	3
42031845	plus	unassigned	Teo	3
42033057	minus	nbr	Teo	8
42032866	plus	unassigned	B73	1194
42032511	plus	ppl2	Teo	209
42033159	plus	unassigned	B73	4
42032609	minus	unassigned	Teo	14
42033241	plus	unassigned	B73	5
42032590	minus	unassigned	B73	22
42033316	minus	nbr	B73	4
42031683	minus	unassigned	B73	7
42032515	plus	ppl2	B73	39
42032963	minus	nbr	Teo	7
42032742	minus	nbr	Teo	18
42031864	plus	unassigned	B73	4
42032157	plus	unassigned	B73	3
42031686	plus	ppl2	Teo	1
42032467	plus	unassigned	Teo	1
42032986	plus	unassigned	Teo	1
42033279	plus	unassigned	Teo	1
42033051	plus	unassigned	B73	7
42032967	minus	nbr	B73	34
42032746	minus	nbr	B73	170
42032816	plus	unassigned	Teo	505
42032588	minus	unassigned	B73	22
42031503	plus	ppl2	B73	2
42032822	plus	unassigned	B73	1546
42032571	minus	unassigned	B73	27
42031664	minus	unassigned	B73	6
42031695	minus	unassigned	Teo	3
42032383	plus	ppl2	Teo	182
42032162	plus	ppl2	Teo	92
42032765	minus	unassigned	B73	25
42031738	plus	unassigned	B73	2
42031990	plus	unassigned	B73	1
42031858	minus	unassigned	B73	5
42033222	minus	nbr	B73	17
42033001	minus	nbr	B73	47
42031820	plus	unassigned	B73	3
42031841	minus	unassigned	B73	10
42032113	plus	unassigned	B73	1
42033188	minus	nbr	B73	28
42031889	minus	unassigned	Teo	23
42032642	plus	ppl2	B73	43
42033095	plus	unassigned	B73	8
42032593	plus	unassigned	Teo	29
42032632	plus	unassigned	B73	3
42031872	minus	unassigned	Teo	10
42032166	plus	ppl2	B73	10
42032387	plus	ppl2	B73	20
42032942	plus	unassigned	Teo	6
42033235	plus	unassigned	Teo	1
42032873	minus	nbr	B73	22
42032746	minus	unassigned	B73	27
42031851	plus	ppl2	B73	3
42031630	plus	ppl2	B73	2
42031839	minus	unassigned	B73	10
42032777	minus	unassigned	Teo	1
42032905	minus	nbr	Teo	1
42032394	minus	unassigned	B73	17
42031858	plus	unassigned	Teo	3
42031630	plus	unassigned	B73	1
42031822	minus	unassigned	B73	9
42032760	minus	unassigned	Teo	1
42031853	minus	unassigned	Teo	9
42033090	minus	nbr	Teo	2
42031849	plus	ppl2	Teo	18
42032752	plus	unassigned	Teo	269
42033318	plus	unassigned	B73	3
42032909	minus	nbr	B73	28
42033400	plus	unassigned	B73	3
42033094	minus	nbr	B73	59
42032727	minus	unassigned	B73	27
42032758	minus	unassigned	Teo	1
42032375	minus	unassigned	B73	13
42033126	minus	nbr	Teo	1
42031674	plus	unassigned	B73	2
42032546	plus	ppl2	Teo	409
42032325	plus	ppl2	Teo	109
42031814	plus	unassigned	Teo	2
42032316	plus	unassigned	B73	3
42032107	plus	unassigned	Teo	3
42032796	plus	unassigned	Teo	467
42032835	plus	unassigned	B73	1618
42033128	plus	unassigned	B73	4
42032626	plus	unassigned	Teo	26
42033380	plus	unassigned	B73	3
42032569	minus	unassigned	B73	28
42033171	plus	unassigned	Teo	1
42033210	plus	unassigned	B73	5
42032811	minus	nbr	Teo	16
42032552	minus	unassigned	B73	27
42032108	plus	ppl2	B73	4
42032329	plus	ppl2	B73	11
42032998	minus	nbr	Teo	8
42032777	minus	nbr	Teo	19
42031645	minus	unassigned	B73	6
42032583	minus	unassigned	Teo	13
42031676	minus	unassigned	Teo	2
42032815	minus	nbr	B73	79
42031794	plus	unassigned	Teo	2
42031833	plus	unassigned	B73	3
42032126	plus	unassigned	B73	1
42033190	plus	unassigned	B73	5
42032879	plus	unassigned	B73	625
42032533	minus	unassigned	B73	22
42032709	plus	unassigned	B73	156
42033032	minus	nbr	Teo	9
42032961	plus	unassigned	B73	5
42031626	minus	unassigned	B73	1
42033254	plus	unassigned	B73	3
42032564	minus	unassigned	Teo	16
42032673	plus	ppl2	Teo	1
42033257	minus	nbr	B73	13
42033036	minus	nbr	B73	55
42032710	minus	unassigned	B73	30
42031877	plus	unassigned	B73	4
42032619	plus	ppl2	B73	48
42031803	minus	unassigned	B73	8
42032741	minus	unassigned	Teo	1
42031707	plus	unassigned	B73	1
42031882	plus	ppl2	Teo	28
42031834	minus	unassigned	Teo	9
42032519	plus	unassigned	B73	3
42032771	plus	unassigned	B73	853
42033064	plus	unassigned	B73	7
42032562	plus	unassigned	Teo	30
42032829	plus	unassigned	Teo	490
42032601	plus	unassigned	B73	3
42032162	minus	unassigned	B73	13
42032942	minus	nbr	B73	32
42032721	minus	nbr	B73	154
42032911	plus	unassigned	Teo	24
42033204	plus	unassigned	Teo	1
42031665	plus	ppl2	B73	1
42031886	plus	ppl2	B73	4
42031828	plus	ppl2	B73	3
42032708	minus	unassigned	B73	30
42032719	minus	nbr	Teo	13
42032739	minus	unassigned	Teo	1
42031687	plus	unassigned	B73	2
42032356	minus	unassigned	B73	16
42032722	minus	unassigned	Teo	1
42032387	minus	unassigned	Teo	8
42031815	minus	unassigned	Teo	7
42031827	plus	unassigned	Teo	2
42032370	minus	unassigned	Teo	10
42032372	plus	unassigned	Teo	17
42033184	plus	unassigned	Teo	1
42032645	plus	unassigned	B73	3
42033384	minus	nbr	B73	3
42033163	minus	nbr	B73	40
42033326	minus	nbr	B73	4
42033105	minus	nbr	B73	60
42032955	plus	unassigned	Teo	3
42032583	plus	ppl2	B73	54
42032362	plus	ppl2	B73	14
42032141	plus	ppl2	B73	9
42033248	plus	unassigned	Teo	1
42033020	plus	unassigned	B73	5
42032525	plus	ppl2	B73	48
42032615	plus	ppl2	Teo	299
42032337	minus	unassigned	B73	16
42032703	minus	unassigned	Teo	1
42032139	plus	ppl2	Teo	81
42032320	minus	unassigned	B73	14
42032368	minus	unassigned	Teo	10
42032351	minus	unassigned	Teo	35
42031794	minus	unassigned	B73	8
42032977	minus	nbr	B73	38
42031643	plus	unassigned	B73	2
42031792	plus	ppl2	B73	2
42032846	minus	nbr	Teo	9
42032974	plus	unassigned	B73	8
42033267	plus	unassigned	B73	3
42032765	plus	unassigned	Teo	363
42032804	plus	unassigned	B73	1397
42031824	plus	ppl2	Teo	5
42032514	minus	unassigned	B73	17
42032545	minus	unassigned	Teo	16
42032699	minus	unassigned	B73	2
42032682	minus	unassigned	B73	3
42033290	minus	nbr	B73	11
42033232	minus	nbr	B73	19
42032652	plus	ppl2	B73	9
42033101	minus	nbr	Teo	1
42033067	minus	nbr	Teo	6
42032575	plus	unassigned	Teo	30
42032521	plus	ppl2	Teo	381
42032329	plus	unassigned	B73	3
42032581	plus	unassigned	B73	3
42032848	plus	unassigned	B73	1618
42032526	minus	unassigned	Teo	11
42032639	plus	unassigned	Teo	24
42032411	plus	unassigned	B73	2
42032143	minus	unassigned	B73	15
42033393	plus	unassigned	B73	3
42032891	plus	unassigned	Teo	69
42032930	plus	unassigned	B73	17
42033223	plus	unassigned	B73	5
42032721	plus	unassigned	Teo	176
42032174	minus	unassigned	Teo	35
42031861	plus	ppl2	B73	4
42032973	minus	nbr	Teo	7
42032752	minus	nbr	Teo	19
42032915	minus	nbr	Teo	3
42031696	plus	ppl2	Teo	1
42031859	plus	ppl2	Teo	21
42031846	plus	unassigned	B73	4
42032139	plus	unassigned	B73	3
42032391	plus	unassigned	B73	2
42032507	minus	unassigned	Teo	1
42032756	minus	nbr	B73	168
42032840	minus	unassigned	B73	3
42032124	minus	unassigned	B73	13
42032919	minus	nbr	B73	31
42032968	plus	unassigned	Teo	3
42032740	plus	unassigned	B73	381
42033033	plus	unassigned	B73	4
42032155	minus	unassigned	Teo	35
42032531	plus	unassigned	Teo	36
42033136	minus	nbr	Teo	1
42032393	plus	ppl2	Teo	177
42032172	plus	ppl2	Teo	105
42032114	plus	ppl2	Teo	62
42032556	plus	ppl2	Teo	396
42032318	minus	unassigned	B73	13
42032335	plus	ppl2	Teo	124
42032349	minus	unassigned	Teo	35
42032332	minus	unassigned	Teo	36
42032838	minus	unassigned	B73	3
42033011	minus	nbr	B73	48
42033198	minus	nbr	B73	25
42031972	plus	unassigned	B73	2
42032821	minus	nbr	Teo	13
42032176	plus	ppl2	B73	10
42031802	plus	unassigned	B73	3
42032397	plus	ppl2	B73	20
42032339	plus	ppl2	B73	10
42032118	plus	ppl2	B73	6
42032784	plus	unassigned	B73	1249
42033077	plus	unassigned	B73	8
42033009	minus	nbr	Teo	8
42032614	plus	unassigned	B73	2
42032405	plus	unassigned	Teo	17
42032924	plus	unassigned	Teo	12
42033217	plus	unassigned	Teo	1
42032883	minus	nbr	B73	22
42032825	minus	nbr	B73	76
42032663	minus	unassigned	B73	3
42031640	plus	ppl2	B73	1
42031803	plus	ppl2	B73	2
42032313	minus	unassigned	Teo	1
42031782	plus	unassigned	B73	2
42031612	plus	unassigned	B73	1
42033042	minus	nbr	Teo	9
42032594	plus	unassigned	B73	3
42032385	plus	unassigned	Teo	17
42033197	plus	unassigned	Teo	1
42033236	plus	unassigned	B73	5
42032734	plus	unassigned	Teo	218
42033301	minus	nbr	B73	9
42033267	minus	nbr	B73	14
42033046	minus	nbr	B73	58
42032644	minus	unassigned	B73	13
42031592	plus	unassigned	B73	1
42031892	plus	ppl2	Teo	45
42031656	plus	unassigned	B73	2
42032952	minus	nbr	B73	31
42032731	minus	nbr	B73	166
42032821	minus	unassigned	B73	6
42032105	minus	unassigned	B73	11
42032987	plus	unassigned	B73	6
42032778	plus	unassigned	Teo	431
42032550	plus	unassigned	B73	3
42032817	plus	unassigned	B73	1478
42031896	plus	ppl2	B73	5
42032136	minus	unassigned	Teo	35
42031675	plus	ppl2	B73	1
42032341	plus	unassigned	Teo	18
42032608	plus	unassigned	Teo	27
42033362	plus	unassigned	B73	3
42032860	plus	unassigned	Teo	381
42032787	minus	nbr	Teo	19
42033153	plus	unassigned	Teo	1
42032729	minus	nbr	Teo	16
42032819	minus	unassigned	B73	6
42031985	plus	unassigned	B73	1
42033394	minus	nbr	B73	1
42033173	minus	nbr	B73	35
42032802	minus	unassigned	B73	10
42031815	plus	unassigned	B73	3
42032108	plus	unassigned	B73	1
42032797	plus	unassigned	B73	1325
42032588	plus	unassigned	Teo	29
42032151	plus	ppl2	B73	10
42032593	plus	ppl2	B73	56
42032360	plus	unassigned	B73	3
42032372	plus	ppl2	B73	18
42032627	plus	unassigned	B73	2
42032151	plus	unassigned	Teo	10
42032117	minus	unassigned	Teo	31
42032100	minus	unassigned	Teo	1
42033172	plus	unassigned	B73	5
42032498	minus	unassigned	Teo	1
42032937	plus	unassigned	Teo	6
42031543	minus	unassigned	B73	1
42033002	plus	unassigned	B73	6
42032481	minus	unassigned	Teo	1
42032500	plus	unassigned	Teo	1
42032404	plus	ppl2	Teo	214
42032625	plus	ppl2	Teo	277
42032943	plus	unassigned	B73	11
42032149	plus	ppl2	Teo	88
42033209	minus	nbr	B73	21
42032629	plus	ppl2	B73	45
42032408	plus	ppl2	B73	18
42032856	minus	nbr	Teo	7
42031834	plus	ppl2	Teo	6
42031859	plus	unassigned	B73	4
42032479	minus	unassigned	Teo	1
42031907	minus	unassigned	Teo	26
42032096	minus	unassigned	B73	3
42031524	minus	unassigned	B73	1
42031941	plus	unassigned	B73	2
42032462	minus	unassigned	Teo	1
42032753	plus	unassigned	B73	530
42033046	plus	unassigned	B73	7
42032544	plus	unassigned	Teo	35
42031838	plus	ppl2	B73	3
42032625	minus	unassigned	B73	18
42033111	minus	nbr	Teo	1
42033077	minus	nbr	Teo	6
42032531	plus	ppl2	Teo	416
42031669	plus	unassigned	B73	2
42032793	minus	unassigned	B73	12
42031751	plus	unassigned	B73	2
42031809	plus	unassigned	Teo	2
42031886	minus	unassigned	B73	9
42032563	plus	unassigned	B73	3
42032354	plus	unassigned	Teo	18
42032091	minus	unassigned	Teo	1
42033336	minus	nbr	B73	4
42033115	minus	nbr	B73	59
42032873	plus	unassigned	Teo	254
42033166	plus	unassigned	Teo	1
42032314	plus	ppl2	B73	10
42032535	plus	ppl2	B73	52
42032983	minus	nbr	Teo	8
42032762	minus	nbr	Teo	18
42032606	minus	unassigned	B73	21
42032637	minus	unassigned	Teo	13
42032620	minus	unassigned	Teo	14
42032800	minus	nbr	B73	87
42032987	minus	nbr	B73	39
42032766	minus	nbr	B73	166
42031795	plus	unassigned	B73	3
42031625	plus	unassigned	B73	1
42032398	plus	unassigned	Teo	17
42032170	plus	unassigned	B73	3
42032000	plus	unassigned	B73	1
42032956	plus	unassigned	B73	5
42032480	plus	unassigned	Teo	1
42033249	plus	unassigned	B73	3
42032747	plus	unassigned	Teo	265
42032310	plus	unassigned	Teo	1
42032618	minus	unassigned	Teo	14
42033331	plus	unassigned	B73	3
42033242	minus	nbr	B73	14
42033021	minus	nbr	B73	51
42031692	minus	unassigned	B73	8
42032662	plus	ppl2	B73	7
42031954	plus	unassigned	B73	2
42033019	minus	nbr	Teo	9
42032412	minus	unassigned	B73	3
42031505	minus	unassigned	B73	1
42032557	plus	unassigned	Teo	32
42032120	plus	unassigned	Teo	3
42032893	minus	nbr	B73	21
42032597	minus	unassigned	B73	22
42033375	plus	unassigned	B73	3
42031871	plus	ppl2	B73	5
42031650	plus	ppl2	B73	1
42032912	plus	unassigned	B73	80
42032580	minus	unassigned	B73	24
42033205	plus	unassigned	B73	5
42032703	plus	unassigned	Teo	50
42032925	minus	nbr	Teo	3
42031673	minus	unassigned	B73	6
42031903	plus	ppl2	Teo	49
42031869	plus	ppl2	Teo	24
42031998	plus	unassigned	B73	1
42032774	minus	unassigned	B73	25
42031561	plus	unassigned	B73	1
42031789	plus	unassigned	Teo	2
42031828	plus	unassigned	B73	3
42032929	minus	nbr	B73	31
42032708	minus	nbr	B73	9
42031867	minus	unassigned	B73	6
42032373	plus	unassigned	B73	3
42031871	plus	unassigned	Teo	3
42032089	minus	unassigned	Teo	1
42031910	plus	unassigned	B73	2
42031850	minus	unassigned	B73	8
42032164	plus	unassigned	Teo	10
42031907	plus	ppl2	B73	5
42032892	plus	unassigned	B73	259
42031898	minus	unassigned	Teo	27
42033185	plus	unassigned	B73	5
42032722	plus	unassigned	B73	263
42031881	minus	unassigned	Teo	11
42033015	plus	unassigned	B73	5
42032513	plus	unassigned	Teo	36
42033146	minus	nbr	Teo	1
42032600	plus	ppl2	Teo	338
42032345	plus	ppl2	Teo	136
42032124	plus	ppl2	Teo	64
42032566	plus	ppl2	Teo	393
42032601	minus	unassigned	Teo	14
42032755	minus	unassigned	B73	25
42031638	plus	unassigned	B73	2
42031890	plus	unassigned	B73	2
42031848	minus	unassigned	B73	10
42032786	minus	unassigned	Teo	1
42032604	plus	ppl2	B73	52
42032831	minus	nbr	Teo	12
42031831	minus	unassigned	B73	10
42032349	plus	ppl2	B73	14
42031879	minus	unassigned	Teo	10
42032128	plus	ppl2	B73	8
42032797	minus	nbr	Teo	14
42032493	plus	unassigned	Teo	1
42031862	minus	unassigned	Teo	9
42032323	plus	unassigned	Teo	16
42032766	plus	unassigned	B73	780
42033059	plus	unassigned	B73	7
42033141	plus	unassigned	B73	5
42032906	plus	unassigned	Teo	32
42032835	minus	nbr	B73	70
42031813	plus	ppl2	B73	2
42032384	minus	unassigned	B73	16
42033052	minus	nbr	Teo	8
42031764	plus	unassigned	B73	2
42032635	plus	ppl2	Teo	266
42032576	plus	unassigned	B73	3
42032367	plus	unassigned	Teo	17
42032406	plus	unassigned	B73	2
42031904	plus	unassigned	Teo	2
42033388	plus	unassigned	B73	3
42032886	plus	unassigned	Teo	107
42033179	plus	unassigned	Teo	1
42032925	plus	unassigned	B73	27
42033311	minus	nbr	B73	7
42033218	plus	unassigned	B73	5
42032716	plus	unassigned	Teo	153
42032578	minus	unassigned	B73	25
42033261	plus	unassigned	Teo	1
42033277	minus	nbr	B73	11
42033056	minus	nbr	B73	61
42033219	minus	nbr	B73	19
42032561	minus	unassigned	B73	27
42031654	minus	unassigned	B73	6
42032639	plus	ppl2	B73	43
42032592	minus	unassigned	Teo	12
42031681	plus	ppl2	Teo	1
42031685	minus	unassigned	Teo	3
42031574	plus	unassigned	B73	1
42032962	minus	nbr	B73	29
42032741	minus	nbr	B73	167
42031884	plus	unassigned	Teo	2
42032386	plus	unassigned	B73	3
42032904	minus	nbr	B73	23
42032405	minus	unassigned	Teo	9
42031685	plus	ppl2	B73	1
42031627	plus	ppl2	B73	2
42031848	plus	ppl2	B73	3
42032559	minus	unassigned	B73	27
42032969	plus	unassigned	B73	8
42032739	minus	nbr	Teo	18
42032532	plus	unassigned	B73	3
42032542	minus	unassigned	B73	27
42031635	minus	unassigned	B73	4
42033344	plus	unassigned	B73	3
42032842	plus	unassigned	Teo	463
42032573	minus	unassigned	Teo	15
42031666	minus	unassigned	Teo	2
42032736	minus	unassigned	B73	27
42033183	minus	nbr	B73	28
42033346	minus	nbr	B73	4
42033125	minus	nbr	B73	56
42031829	minus	unassigned	B73	10
42032767	minus	unassigned	Teo	1
42032382	plus	ppl2	B73	21
42032161	plus	ppl2	B73	10
42031967	plus	unassigned	B73	2
42032545	plus	ppl2	B73	54
42031812	minus	unassigned	B73	8
42032324	plus	ppl2	B73	12
42032750	minus	unassigned	Teo	1
42032779	plus	unassigned	B73	1066
42032342	plus	unassigned	B73	3
42031840	plus	unassigned	Teo	3
42031843	minus	unassigned	Teo	9
42032609	plus	unassigned	B73	2
42032133	plus	unassigned	Teo	10
42032861	plus	unassigned	B73	1449
42033154	plus	unassigned	B73	6
42032919	plus	unassigned	Teo	13
42032159	plus	ppl2	Teo	93
42032810	minus	nbr	B73	86
42032997	minus	nbr	B73	48
42032776	minus	nbr	B73	167
42032900	minus	nbr	Teo	1
42032717	minus	unassigned	B73	29
42032866	minus	nbr	Teo	3
42032700	minus	unassigned	B73	3
42032808	minus	nbr	Teo	15
42032748	minus	unassigned	Teo	1
42032365	minus	unassigned	B73	12
42031844	plus	ppl2	Teo	10
42032731	minus	unassigned	Teo	1
42031824	minus	unassigned	Teo	8
42032396	minus	unassigned	Teo	8
42031923	plus	unassigned	B73	2
42033198	plus	unassigned	B73	5
42032735	plus	unassigned	B73	349
42033028	plus	unassigned	B73	4
42032526	plus	unassigned	Teo	36
42033252	minus	nbr	B73	13
42033031	minus	nbr	B73	55
42033280	plus	unassigned	B73	1
42033110	plus	unassigned	B73	4
42032672	plus	ppl2	B73	1
42033121	minus	nbr	Teo	1
42033087	minus	nbr	Teo	2
42032320	plus	ppl2	Teo	106
42032541	plus	ppl2	Teo	410
42033029	minus	nbr	Teo	9
42032346	minus	unassigned	B73	15
42032377	minus	unassigned	Teo	9
42032360	minus	unassigned	Teo	34
42031881	plus	ppl2	B73	4
42031660	plus	ppl2	B73	1
42032545	plus	unassigned	B73	3
42032336	plus	unassigned	Teo	18
42032993	minus	nbr	Teo	8
42032772	minus	nbr	Teo	19
42033090	plus	unassigned	B73	8
42032935	minus	nbr	Teo	5
42032714	minus	nbr	Teo	7
42033357	plus	unassigned	B73	3
42032855	plus	unassigned	Teo	407
42032523	minus	unassigned	B73	23
42033230	plus	unassigned	Teo	1
42031879	plus	ppl2	Teo	26
42032554	minus	unassigned	Teo	16
42032171	minus	unassigned	B73	13
42032939	minus	nbr	B73	30
42032718	minus	nbr	B73	142
42031777	plus	unassigned	B73	2
42032146	plus	unassigned	Teo	11
42031607	plus	unassigned	B73	1
42032589	plus	unassigned	B73	3
42033156	minus	nbr	Teo	1
42032610	plus	ppl2	Teo	309
42032152	plus	unassigned	B73	3
42032899	plus	unassigned	Teo	41
42032576	plus	ppl2	Teo	380
42032169	minus	unassigned	B73	13
42032355	plus	ppl2	Teo	160
42032134	plus	ppl2	Teo	81
42032938	plus	unassigned	B73	13
42032535	minus	unassigned	Teo	11
42032462	plus	unassigned	Teo	1
42032729	plus	unassigned	Teo	197
42032152	minus	unassigned	B73	13
42032981	plus	unassigned	Teo	1
42033274	plus	unassigned	Teo	1
42033313	plus	unassigned	B73	3
42032811	plus	unassigned	Teo	462
42032614	plus	ppl2	B73	52
42032841	minus	nbr	Teo	13
42032138	plus	ppl2	B73	9
42032359	plus	ppl2	B73	14
42032729	minus	unassigned	Teo	1
42031587	plus	unassigned	B73	1
42032712	minus	unassigned	Teo	1
42032399	plus	unassigned	B73	2
42031897	plus	unassigned	Teo	2
42031936	plus	unassigned	B73	2
42031805	minus	unassigned	Teo	5
42032748	plus	unassigned	B73	493
42032133	minus	unassigned	B73	14
42032539	plus	unassigned	Teo	35
42032845	minus	nbr	B73	64
42032791	plus	unassigned	Teo	472
42033123	plus	unassigned	B73	3
42032621	plus	unassigned	Teo	26
42031823	plus	ppl2	B73	2
42032164	minus	unassigned	Teo	35
42031789	plus	ppl2	B73	2
42033062	minus	nbr	Teo	7
42032327	minus	unassigned	B73	14
42032358	minus	unassigned	Teo	33
42032341	minus	unassigned	Teo	36
42033321	minus	nbr	B73	4
42033100	minus	nbr	B73	59
42033287	minus	nbr	B73	11
42033066	minus	nbr	B73	57
42032520	plus	ppl2	B73	46
42032355	plus	unassigned	B73	3
42031853	plus	unassigned	Teo	3
42032874	plus	unassigned	B73	1003
42033167	plus	unassigned	B73	4
42032704	plus	unassigned	B73	84
42031691	plus	ppl2	Teo	1
42032518	plus	ppl2	Teo	377
42032972	minus	nbr	B73	38
42032751	minus	nbr	B73	171
42032339	minus	unassigned	Teo	36
42032672	minus	unassigned	B73	3
42032322	minus	unassigned	Teo	34
42031695	plus	ppl2	B73	2
42031872	plus	unassigned	B73	4
42031796	minus	unassigned	Teo	4
42032749	minus	nbr	Teo	19
42032165	plus	unassigned	B73	3
42031702	plus	unassigned	B73	1
42032475	plus	unassigned	Teo	1
42032516	minus	unassigned	Teo	10
42032830	plus	unassigned	B73	1580
42033193	minus	nbr	B73	25
42032653	minus	unassigned	B73	5
42032392	plus	ppl2	B73	20
42032171	plus	ppl2	B73	10
42033004	minus	nbr	Teo	8
42032645	plus	ppl2	Teo	261
42031746	plus	unassigned	B73	2
42032169	plus	ppl2	Teo	104
42032847	minus	unassigned	B73	1
42032558	plus	unassigned	B73	3
42032830	minus	unassigned	B73	4
42032121	plus	unassigned	B73	1
42032114	minus	unassigned	B73	12
42032349	plus	unassigned	Teo	18
42032868	plus	unassigned	Teo	276
42032640	plus	unassigned	B73	3
42033229	minus	nbr	B73	19
42033008	minus	nbr	B73	49
42032907	plus	unassigned	B73	90
42032145	minus	unassigned	Teo	36
42032910	minus	nbr	Teo	2
42032950	plus	unassigned	Teo	6
42032649	plus	ppl2	B73	42
42033243	plus	unassigned	Teo	1
42032876	minus	nbr	Teo	2
42031854	plus	ppl2	Teo	19
42032914	minus	nbr	B73	30
42032828	minus	unassigned	B73	4
42032368	plus	unassigned	B73	3
42031866	plus	unassigned	Teo	3
42032811	minus	unassigned	B73	10
42032159	plus	unassigned	Teo	10
42031637	plus	ppl2	B73	2
42031858	plus	ppl2	B73	3
42031904	minus	unassigned	B73	10
42032126	minus	unassigned	Teo	34
42032508	plus	unassigned	Teo	1
42033131	minus	nbr	Teo	1
42032760	plus	unassigned	Teo	346
42031552	minus	unassigned	B73	1
42032514	plus	unassigned	B73	3
42032490	minus	unassigned	Teo	1
42033097	minus	nbr	Teo	1
42032551	plus	ppl2	Teo	410
42032330	plus	ppl2	Teo	107
42033326	plus	unassigned	B73	3
42032824	plus	unassigned	Teo	493
42033356	minus	nbr	B73	4
42033135	minus	nbr	B73	57
42032113	plus	ppl2	B73	4
42032555	plus	ppl2	B73	55
42032334	plus	ppl2	B73	11
42032782	minus	nbr	Teo	18
42031682	plus	unassigned	B73	2
42031949	plus	unassigned	B73	2
42032488	minus	unassigned	Teo	1
42031533	minus	unassigned	B73	1
42032471	minus	unassigned	Teo	1
42032324	plus	unassigned	B73	3
42031822	plus	unassigned	Teo	2
42032115	plus	unassigned	Teo	3
42032843	plus	unassigned	B73	1642
42033136	plus	unassigned	B73	5
42032820	minus	nbr	B73	72
42032634	plus	unassigned	Teo	25
42032786	minus	nbr	B73	162
42032634	minus	unassigned	B73	16
42032818	minus	nbr	Teo	13
42031759	plus	unassigned	B73	2
42031841	plus	unassigned	B73	4
42032134	plus	unassigned	B73	3
42031905	plus	unassigned	B73	2
42033262	minus	nbr	B73	12
42033041	minus	nbr	B73	56
42033204	minus	nbr	B73	21
42032887	plus	unassigned	B73	367
42032717	plus	unassigned	B73	234
42032403	plus	ppl2	B73	19
42032624	plus	ppl2	B73	47
42033262	plus	unassigned	B73	3
42032615	minus	unassigned	B73	18
42033039	minus	nbr	Teo	9
42032646	minus	unassigned	Teo	13
42032809	minus	unassigned	B73	10
42031670	plus	ppl2	B73	1
42031885	plus	unassigned	B73	2
42031891	plus	ppl2	B73	4
42032945	minus	nbr	Teo	6
42032724	minus	nbr	Teo	15
42032697	plus	unassigned	B73	6
42032488	plus	unassigned	Teo	1
42032527	plus	unassigned	B73	3
42032107	minus	unassigned	Teo	31
42032318	plus	unassigned	Teo	16
42033072	plus	unassigned	B73	7
42032570	plus	unassigned	Teo	30
42033339	plus	unassigned	B73	3
42032837	plus	unassigned	Teo	478
42031889	plus	ppl2	Teo	29
42032400	plus	unassigned	Teo	17
42033212	plus	unassigned	Teo	1
42032949	minus	nbr	B73	33
42032728	minus	nbr	B73	160
42033331	minus	nbr	B73	4
42032530	plus	ppl2	B73	50
42031695	plus	unassigned	B73	2
42031835	plus	unassigned	Teo	2
42032620	plus	ppl2	Teo	282
42032421	minus	unassigned	B73	3
42032128	plus	unassigned	Teo	10
42032469	minus	unassigned	Teo	1
42032380	plus	unassigned	Teo	17
42032144	plus	ppl2	Teo	78
42032586	plus	ppl2	Teo	354
42032365	plus	ppl2	Teo	171
42031514	minus	unassigned	B73	1
42032528	plus	ppl2	Teo	414
42032086	minus	unassigned	B73	3
42033192	plus	unassigned	Teo	1
42031895	minus	unassigned	B73	10
42032963	plus	unassigned	Teo	3
42033256	plus	unassigned	Teo	1
42032851	minus	nbr	Teo	8
42032369	plus	ppl2	B73	18
42032148	plus	ppl2	B73	10
42031795	plus	ppl2	Teo	1
42032419	minus	unassigned	B73	3
42031569	plus	unassigned	B73	1
42032402	minus	unassigned	B73	19
42032783	minus	unassigned	B73	25
42031879	plus	unassigned	Teo	2
42031651	plus	unassigned	B73	2
42031918	plus	unassigned	B73	2
42032855	minus	nbr	B73	43
42031876	minus	unassigned	B73	6
42032098	minus	unassigned	Teo	1
42031833	plus	ppl2	B73	3
42032982	plus	unassigned	B73	6
42033275	plus	unassigned	B73	1
42032773	plus	unassigned	Teo	384
42031799	plus	ppl2	B73	2
42032812	plus	unassigned	B73	1430
42031890	minus	unassigned	Teo	23
42033105	plus	unassigned	B73	6
42032603	plus	unassigned	Teo	27
42033072	minus	nbr	Teo	6
42032627	minus	unassigned	Teo	14
42032655	plus	ppl2	Teo	1
42032610	minus	unassigned	Teo	13
42032764	minus	unassigned	B73	25
42033110	minus	nbr	B73	58
42031857	minus	unassigned	B73	5
42033297	minus	nbr	B73	9
42033076	minus	nbr	B73	63
42033239	minus	nbr	B73	14
42033018	minus	nbr	B73	49
42032920	minus	nbr	Teo	3
42031888	minus	unassigned	Teo	23
42032659	plus	ppl2	B73	9
42032337	plus	unassigned	B73	3
42033108	minus	nbr	Teo	1
42032856	plus	unassigned	B73	1533
42033149	plus	unassigned	B73	5
42032647	plus	unassigned	Teo	21
42032608	minus	unassigned	Teo	14
42033231	plus	unassigned	B73	5
42032982	minus	nbr	B73	38
42032761	minus	nbr	B73	168
42032924	minus	nbr	B73	31
42031902	plus	ppl2	B73	5
42031699	minus	unassigned	B73	8
42031682	minus	unassigned	B73	7
42031868	plus	ppl2	B73	4
42031647	plus	ppl2	B73	1
42032759	minus	nbr	Teo	17
42031854	plus	unassigned	B73	4
42032147	plus	unassigned	B73	3
42032561	plus	ppl2	Teo	394
42032340	plus	ppl2	Teo	127
42032976	plus	unassigned	Teo	1
42033269	plus	unassigned	Teo	1
42033041	plus	unassigned	B73	4
42032806	plus	unassigned	Teo	467
42033400	minus	nbr	B73	1
42032587	minus	unassigned	B73	22
42033366	minus	nbr	B73	4
42033145	minus	nbr	B73	45
42032570	minus	unassigned	B73	27
42032344	plus	ppl2	B73	14
42032123	plus	ppl2	B73	7
42032565	plus	ppl2	B73	55
42031663	minus	unassigned	B73	6
42033014	minus	nbr	Teo	8
42031694	minus	unassigned	Teo	3
42031898	plus	unassigned	B73	2
42032830	minus	nbr	B73	68
42032796	minus	nbr	B73	90
42031980	plus	unassigned	B73	1
42031810	plus	unassigned	B73	3
42031840	minus	unassigned	B73	10
42032103	plus	unassigned	B73	1
42032792	plus	unassigned	B73	1323
42032568	minus	unassigned	B73	28
42033085	plus	unassigned	B73	8
42032583	plus	unassigned	Teo	30
42032886	minus	nbr	Teo	2
42032622	plus	unassigned	B73	2
42031871	minus	unassigned	Teo	10
42032828	minus	nbr	Teo	12
42032413	plus	unassigned	Teo	1
42032599	minus	unassigned	Teo	12
42031864	plus	ppl2	Teo	23
42032932	plus	unassigned	Teo	6
42031806	plus	ppl2	Teo	4
42033225	plus	unassigned	Teo	1
42032745	minus	unassigned	B73	27
42033272	minus	nbr	B73	13
42033051	minus	nbr	B73	61
42031790	plus	unassigned	B73	3
42031838	minus	unassigned	B73	10
42032776	minus	unassigned	Teo	1
42031821	minus	unassigned	B73	9
42032393	minus	unassigned	B73	17
42031848	plus	unassigned	Teo	3
42031620	plus	unassigned	B73	1
42031869	minus	unassigned	Teo	10
42033141	minus	nbr	Teo	1
42032869	plus	unassigned	B73	1120
42032393	plus	unassigned	Teo	17
42031852	minus	unassigned	Teo	9
42033049	minus	nbr	Teo	8
42033244	plus	unassigned	B73	3
42032742	plus	unassigned	Teo	227
42033308	plus	unassigned	B73	3
42033308	minus	nbr	B73	8
42031680	plus	ppl2	B73	1
42032726	minus	unassigned	B73	27
42032792	minus	nbr	Teo	14
42032955	minus	nbr	Teo	7
42032734	minus	nbr	Teo	16
42031819	minus	unassigned	B73	9
42032757	minus	unassigned	Teo	1
42031802	minus	unassigned	B73	8
42032374	minus	unassigned	B73	13
42032740	minus	unassigned	Teo	1
42031664	plus	unassigned	B73	2
42031899	plus	ppl2	Teo	46
42031678	plus	ppl2	Teo	1
42031833	minus	unassigned	Teo	9
42031804	plus	unassigned	Teo	2
42032995	plus	unassigned	B73	6
42032786	plus	unassigned	Teo	463
42032959	minus	nbr	B73	31
42032738	minus	nbr	B73	166
42032825	plus	unassigned	B73	1561
42033118	plus	unassigned	B73	3
42032616	plus	unassigned	Teo	27
42033370	plus	unassigned	B73	3
42033161	plus	unassigned	Teo	1
42033200	plus	unassigned	B73	5
42032551	minus	unassigned	B73	27
42031644	minus	unassigned	B73	6
42032582	minus	unassigned	Teo	13
42031675	minus	unassigned	Teo	2
42032630	plus	ppl2	Teo	272
42032375	plus	ppl2	Teo	179
42032154	plus	ppl2	Teo	87
42032596	plus	ppl2	Teo	343
42031993	plus	unassigned	B73	1
42031823	plus	unassigned	B73	3
42032116	plus	unassigned	B73	1
42033214	minus	nbr	B73	21
42033098	plus	unassigned	B73	8
42032596	plus	unassigned	Teo	29
42032634	plus	ppl2	B73	43
42033180	plus	unassigned	B73	5
42032861	minus	nbr	Teo	5
42032549	minus	unassigned	B73	27
42033238	plus	unassigned	Teo	1
42033010	plus	unassigned	B73	5
42032379	plus	ppl2	B73	21
42032158	plus	ppl2	B73	10
42032532	minus	unassigned	B73	22
42032951	plus	unassigned	B73	8
42031625	minus	unassigned	B73	1
42032563	minus	unassigned	Teo	16
42032865	minus	nbr	B73	30
42031843	plus	ppl2	B73	3
42031867	plus	unassigned	B73	4
42033082	minus	nbr	Teo	2
42032513	minus	unassigned	B73	16
42032761	plus	unassigned	B73	723
42033054	plus	unassigned	B73	7
42032544	minus	unassigned	Teo	15
42032552	plus	unassigned	Teo	33
42032819	plus	unassigned	Teo	490
42032161	minus	unassigned	B73	13
42032901	plus	unassigned	Teo	39
42033341	minus	nbr	B73	4
42033120	minus	nbr	B73	54
42033086	minus	nbr	B73	67
42032540	plus	ppl2	B73	52
42032707	minus	unassigned	B73	30
42032738	minus	unassigned	Teo	1
42031677	plus	unassigned	B73	2
42032355	minus	unassigned	B73	16
42033118	minus	nbr	Teo	1
42032721	minus	unassigned	Teo	1
42032538	plus	ppl2	Teo	411
42032386	minus	unassigned	Teo	8
42032317	plus	ppl2	Teo	99
42031814	minus	unassigned	Teo	7
42031817	plus	unassigned	Teo	2
42032319	plus	unassigned	B73	3
42032799	plus	unassigned	Teo	466
42032571	plus	unassigned	B73	3
42032362	plus	unassigned	Teo	18
42032629	plus	unassigned	Teo	26
42032992	minus	nbr	B73	42
42032771	minus	nbr	B73	166
42032881	plus	unassigned	Teo	142
42033174	plus	unassigned	Teo	1
42032635	plus	unassigned	B73	3
42032945	plus	unassigned	Teo	6
42032803	minus	nbr	Teo	14
42032769	minus	nbr	Teo	19
42032719	minus	unassigned	Teo	1
42032336	minus	unassigned	B73	16
42032702	minus	unassigned	Teo	1
42032367	minus	unassigned	Teo	10
42032350	minus	unassigned	Teo	35
42032807	minus	nbr	B73	86
42031793	minus	unassigned	B73	8
42031633	plus	unassigned	B73	1
42032964	plus	unassigned	B73	5
42033257	plus	unassigned	B73	3
42032755	plus	unassigned	Teo	299
42033024	minus	nbr	Teo	9
42032665	plus	ppl2	Teo	1
42032317	minus	unassigned	B73	13
42032698	minus	unassigned	B73	2
42032348	minus	unassigned	Teo	35
42032681	minus	unassigned	B73	3
42033249	minus	nbr	B73	13
42033028	minus	nbr	B73	56
42032930	minus	nbr	Teo	5
42032669	plus	ppl2	B73	2
42031962	plus	unassigned	B73	2
42032896	minus	nbr	Teo	1
42031874	plus	ppl2	Teo	26
42032565	plus	unassigned	Teo	30
42032159	minus	unassigned	B73	13
42032838	plus	unassigned	B73	1614
42032525	minus	unassigned	Teo	11
42032401	plus	unassigned	B73	2
42032142	minus	unassigned	B73	15
42033383	plus	unassigned	B73	3
42032934	minus	nbr	B73	30
42032713	minus	nbr	B73	54
42032920	plus	unassigned	B73	29
42033213	plus	unassigned	B73	5
42032711	plus	unassigned	Teo	123
42032173	minus	unassigned	Teo	35
42031878	plus	ppl2	B73	5
42031657	plus	ppl2	B73	1
42033151	minus	nbr	Teo	1
42032350	plus	ppl2	Teo	138
42032571	plus	ppl2	Teo	383
42031797	plus	unassigned	Teo	2
42031836	plus	unassigned	B73	3
42032129	plus	unassigned	B73	2
42032381	plus	unassigned	B73	3
42032648	plus	unassigned	B73	3
42032506	minus	unassigned	Teo	1
42032172	plus	unassigned	Teo	10
42032123	minus	unassigned	B73	13
42033193	plus	unassigned	B73	5
42032958	plus	unassigned	Teo	3
42032730	plus	unassigned	B73	324
42033376	minus	nbr	B73	3
42033155	minus	nbr	B73	40
42033023	plus	unassigned	B73	5
42032521	plus	unassigned	Teo	36
42032154	minus	unassigned	Teo	36
42033318	minus	nbr	B73	4
42032575	plus	ppl2	B73	54
42032354	plus	ppl2	B73	14
42032133	plus	ppl2	B73	8
42032517	plus	ppl2	B73	43
42032607	plus	ppl2	Teo	313
42032840	minus	nbr	B73	67
42031646	plus	unassigned	B73	2
42032331	minus	unassigned	Teo	35
42032837	minus	unassigned	B73	4
42032969	minus	nbr	B73	37
42032748	minus	nbr	B73	170
42032820	minus	unassigned	B73	6
42032331	plus	unassigned	Teo	17
42032838	minus	nbr	Teo	13
42032774	plus	unassigned	B73	858
42033067	plus	unassigned	B73	7
42031816	plus	ppl2	Teo	4
42032604	plus	unassigned	B73	2
42032914	plus	unassigned	Teo	20
42033207	plus	unassigned	Teo	1
42032679	minus	unassigned	B73	3
42032329	minus	unassigned	Teo	35
42032662	minus	unassigned	B73	3
42033282	minus	nbr	B73	11
42033061	minus	nbr	B73	59
42032312	minus	unassigned	Teo	1
42033224	minus	nbr	B73	19
42033003	minus	nbr	B73	48
42032644	plus	ppl2	B73	43
42031772	plus	unassigned	B73	2
42032168	plus	ppl2	B73	10
42032389	plus	ppl2	B73	20
42031602	plus	unassigned	B73	1
42033059	minus	nbr	Teo	7
42032584	plus	unassigned	B73	3
42032513	plus	ppl2	Teo	211
42032375	plus	unassigned	Teo	17
42031912	plus	unassigned	Teo	1
42033396	plus	unassigned	B73	3
42032894	plus	unassigned	Teo	64
42033187	plus	unassigned	Teo	1
42032933	plus	unassigned	B73	13
42033226	plus	unassigned	B73	5
42032724	plus	unassigned	Teo	191
42032875	minus	nbr	B73	22
42031690	plus	ppl2	B73	1
42031632	plus	ppl2	B73	2
42031853	plus	ppl2	B73	3
42032643	minus	unassigned	B73	13
42032965	minus	nbr	Teo	7
42032744	minus	nbr	Teo	18
42032907	minus	nbr	Teo	1
42031501	plus	ppl2	Teo	1
42031582	plus	unassigned	B73	1
42031688	plus	ppl2	Teo	1
42031892	plus	unassigned	Teo	2
42032104	minus	unassigned	B73	3
42033351	minus	nbr	B73	4
42033130	minus	nbr	B73	57
42032977	plus	unassigned	B73	8
42032768	plus	unassigned	Teo	362
42032540	plus	unassigned	B73	3
42032807	plus	unassigned	B73	1402
42032135	minus	unassigned	Teo	33
42032550	plus	ppl2	B73	55
42033352	plus	unassigned	B73	3
42032850	plus	unassigned	Teo	440
42032624	minus	unassigned	B73	18
42032640	plus	ppl2	Teo	264
42033128	minus	nbr	Teo	1
42032385	plus	ppl2	Teo	185
42032164	plus	ppl2	Teo	92
42032106	plus	ppl2	Teo	52
42032548	plus	ppl2	Teo	408
42032327	plus	ppl2	Teo	112
42032781	minus	nbr	B73	164
42032818	minus	unassigned	B73	8
42031975	plus	unassigned	B73	2
42032801	minus	unassigned	B73	10
42031805	plus	unassigned	B73	3
42032871	minus	nbr	Teo	2
42032787	plus	unassigned	B73	1256
42032813	minus	nbr	Teo	15
42032578	plus	unassigned	Teo	30
42032350	plus	unassigned	B73	3
42032617	plus	unassigned	B73	2
42032141	plus	unassigned	Teo	10
42032116	minus	unassigned	Teo	31
42032408	plus	unassigned	Teo	16
42032779	minus	nbr	Teo	19
42033162	plus	unassigned	B73	4
42032497	minus	unassigned	Teo	1
42032927	plus	unassigned	Teo	6
42031542	minus	unassigned	B73	1
42032480	minus	unassigned	Teo	1
42032817	minus	nbr	B73	68
42033092	minus	nbr	Teo	1
42031849	plus	unassigned	B73	4
42033034	minus	nbr	Teo	9
42032478	minus	unassigned	Teo	1
42032394	plus	unassigned	B73	2
42031906	minus	unassigned	Teo	26
42032675	plus	ppl2	Teo	1
42031931	plus	unassigned	B73	2
42032095	minus	unassigned	B73	3
42031523	minus	unassigned	B73	1
42032461	minus	unassigned	Teo	1
42032743	plus	unassigned	B73	382
42033036	plus	unassigned	B73	4
42032534	plus	unassigned	Teo	35
42033096	minus	nbr	B73	58
42033259	minus	nbr	B73	12
42033038	minus	nbr	B73	54
42032940	minus	nbr	Teo	6
42031700	minus	unassigned	B73	8
42031884	plus	ppl2	Teo	28
42031659	plus	unassigned	B73	2
42032792	minus	unassigned	B73	13
42031741	plus	unassigned	B73	2
42032944	minus	nbr	B73	32
42032723	minus	nbr	B73	157
42031885	minus	unassigned	B73	8
42032553	plus	unassigned	B73	3
42032344	plus	unassigned	Teo	18
42032090	minus	unassigned	Teo	1
42033365	plus	unassigned	B73	3
42032863	plus	unassigned	Teo	364
42033156	plus	unassigned	Teo	1
42031667	plus	ppl2	B73	1
42031888	plus	ppl2	B73	4
42032605	minus	unassigned	B73	21
42033161	minus	nbr	Teo	1
42032636	minus	unassigned	Teo	14
42032581	plus	ppl2	Teo	370
42032360	plus	ppl2	Teo	158
42031785	plus	unassigned	B73	2
42033386	minus	nbr	B73	3
42033165	minus	nbr	B73	39
42031615	plus	unassigned	B73	1
42032597	plus	unassigned	B73	3
42032143	plus	ppl2	B73	10
42032585	plus	ppl2	B73	54
42032364	plus	ppl2	B73	14
42032160	plus	unassigned	B73	3
42032388	plus	unassigned	Teo	17
42031790	plus	ppl2	Teo	1
42032946	plus	unassigned	B73	11
42032470	plus	unassigned	Teo	1
42033239	plus	unassigned	B73	5
42032737	plus	unassigned	Teo	219
42032617	plus	ppl2	Teo	295
42032617	minus	unassigned	Teo	14
42033321	plus	unassigned	B73	3
42032600	minus	unassigned	Teo	14
42032850	minus	nbr	B73	46
42031691	minus	unassigned	B73	8
42031794	plus	ppl2	B73	2
42031595	plus	unassigned	B73	1
42032848	minus	nbr	Teo	9
42031944	plus	unassigned	B73	2
42031826	plus	ppl2	Teo	5
42032411	minus	unassigned	B73	3
42033049	plus	unassigned	B73	7
42032547	plus	unassigned	Teo	34
42031504	minus	unassigned	B73	1
42032110	plus	unassigned	Teo	3
42033131	plus	unassigned	B73	4
42032596	minus	unassigned	B73	22
42033292	minus	nbr	B73	11
42033071	minus	nbr	B73	63
42032902	plus	unassigned	B73	122
42031689	minus	unassigned	B73	8
42031672	minus	unassigned	B73	6
42033103	minus	nbr	Teo	1
42033069	minus	nbr	Teo	6
42032523	plus	ppl2	Teo	390
42032409	minus	unassigned	B73	19
42031988	plus	unassigned	B73	1
42032773	minus	unassigned	B73	25
42031818	plus	unassigned	B73	3
42031866	minus	unassigned	B73	6
42032088	minus	unassigned	Teo	1
42032363	plus	unassigned	B73	3
42031861	plus	unassigned	Teo	3
42031900	plus	unassigned	B73	2
42032154	plus	unassigned	Teo	10
42033328	minus	nbr	B73	4
42033107	minus	nbr	B73	58
42032882	plus	unassigned	B73	590
42031897	minus	unassigned	Teo	27
42033175	plus	unassigned	B73	5
42032712	plus	unassigned	B73	184
42032527	plus	ppl2	B73	49
42031880	minus	unassigned	Teo	10
42033005	plus	unassigned	B73	6
42032975	minus	nbr	Teo	7
42032754	minus	nbr	Teo	18
42032503	plus	unassigned	Teo	1
42031698	plus	ppl2	Teo	1
42031798	plus	unassigned	B73	3
42032979	minus	nbr	B73	39
42032758	minus	nbr	B73	168
42032754	minus	unassigned	B73	26
42032404	minus	unassigned	Teo	9
42031628	plus	unassigned	B73	1
42031880	plus	unassigned	B73	4
42031847	minus	unassigned	B73	10
42032785	minus	unassigned	Teo	1
42032173	plus	unassigned	B73	3
42031830	minus	unassigned	B73	10
42032003	plus	unassigned	B73	1
42031878	minus	unassigned	Teo	10
42032483	plus	unassigned	Teo	1
42031861	minus	unassigned	Teo	9
42032313	plus	unassigned	Teo	7
42032650	plus	ppl2	Teo	6
42032756	plus	unassigned	B73	688
42032174	plus	ppl2	Teo	104
42032395	plus	ppl2	Teo	178
42033234	minus	nbr	B73	14
42033013	minus	nbr	B73	49
42032654	plus	ppl2	B73	9
42032881	minus	nbr	Teo	2
42032399	plus	ppl2	B73	23
42032383	minus	unassigned	B73	16
42031754	plus	unassigned	B73	2
42032566	plus	unassigned	B73	3
42032357	plus	unassigned	Teo	18
42033378	plus	unassigned	B73	3
42032876	plus	unassigned	Teo	170
42033169	plus	unassigned	Teo	1
42032915	plus	unassigned	B73	71
42032885	minus	nbr	B73	21
42033208	plus	unassigned	B73	5
42032706	plus	unassigned	Teo	56
42031642	plus	ppl2	B73	1
42032577	minus	unassigned	B73	25
42031863	plus	ppl2	B73	4
42033251	plus	unassigned	Teo	1
42032560	minus	unassigned	B73	27
42032917	minus	nbr	Teo	3
42031653	minus	unassigned	B73	6
42032591	minus	unassigned	Teo	12
42031684	minus	unassigned	Teo	3
42031564	plus	unassigned	B73	1
42032376	plus	unassigned	B73	3
42031874	plus	unassigned	Teo	3
42032167	plus	unassigned	Teo	10
42033361	minus	nbr	B73	4
42033140	minus	nbr	B73	53
42032560	plus	ppl2	B73	54
42032558	minus	unassigned	B73	27
42032959	plus	unassigned	B73	5
42032522	plus	unassigned	B73	3
42032541	minus	unassigned	B73	27
42032589	minus	unassigned	Teo	12
42031634	minus	unassigned	B73	4
42033334	plus	unassigned	B73	3
42033138	minus	nbr	Teo	1
42032832	plus	unassigned	Teo	483
42032572	minus	unassigned	Teo	15
42032337	plus	ppl2	Teo	126
42031665	minus	unassigned	Teo	2
42032116	plus	ppl2	Teo	62
42032558	plus	ppl2	Teo	394
42032791	minus	nbr	B73	88
42032735	minus	unassigned	B73	27
42031690	plus	unassigned	B73	2
42031828	minus	unassigned	B73	10
42032823	minus	nbr	Teo	13
42032766	minus	unassigned	Teo	1
42031957	plus	unassigned	B73	2
42031811	minus	unassigned	B73	8
42032789	minus	nbr	Teo	15
42031859	minus	unassigned	Teo	9
42031801	plus	ppl2	Teo	3
42032769	plus	unassigned	B73	783
42031830	plus	unassigned	Teo	2
42031842	minus	unassigned	Teo	9
42032332	plus	unassigned	B73	3
42032123	plus	unassigned	Teo	2
42032851	plus	unassigned	B73	1629
42033144	plus	unassigned	B73	5
42032642	plus	unassigned	Teo	23
42032909	plus	unassigned	Teo	25
42032170	minus	unassigned	B73	13
42032827	minus	nbr	B73	72
42031805	plus	ppl2	B73	2
42032716	minus	unassigned	B73	30
42031809	minus	unassigned	B73	8
42032747	minus	unassigned	Teo	1
42031767	plus	unassigned	B73	2
42032364	minus	unassigned	B73	12
42033044	minus	nbr	Teo	9
42032730	minus	unassigned	Teo	1
42032142	plus	unassigned	B73	3
42031823	minus	unassigned	Teo	8
42032395	minus	unassigned	Teo	8
42032627	plus	ppl2	Teo	276
42032406	plus	ppl2	Teo	213
42031913	plus	unassigned	B73	2
42032895	plus	unassigned	B73	240
42033188	plus	unassigned	B73	5
42033303	minus	nbr	B73	8
42032725	plus	unassigned	B73	297
42033018	plus	unassigned	B73	5
42032516	plus	unassigned	Teo	36
42033270	plus	unassigned	B73	2
42033269	minus	nbr	B73	14
42033048	minus	nbr	B73	59
42032950	minus	nbr	Teo	8
42033100	plus	unassigned	B73	7
42031894	plus	ppl2	Teo	45
42032728	minus	unassigned	Teo	1
42032345	minus	unassigned	B73	15
42032376	minus	unassigned	Teo	10
42032954	minus	nbr	B73	30
42032733	minus	nbr	B73	167
42031893	plus	unassigned	B73	2
42032496	plus	unassigned	Teo	1
42032535	plus	unassigned	B73	3
42031898	plus	ppl2	B73	5
42031677	plus	ppl2	B73	1
42032326	plus	unassigned	Teo	17
42033080	plus	unassigned	B73	8
42032539	minus	unassigned	B73	27
42033347	plus	unassigned	B73	3
42032845	plus	unassigned	Teo	447
42032522	minus	unassigned	B73	23
42033220	plus	unassigned	Teo	1
42032553	minus	unassigned	Teo	16
42032591	plus	ppl2	Teo	348
42032370	plus	ppl2	Teo	186
42032533	plus	ppl2	Teo	408
42033396	minus	nbr	B73	1
42033175	minus	nbr	B73	32
42033338	minus	nbr	B73	4
42033117	minus	nbr	B73	58
42032374	plus	ppl2	B73	18
42032153	plus	ppl2	B73	10
42032595	plus	ppl2	B73	53
42032537	plus	ppl2	B73	52
42032316	plus	ppl2	B73	12
42031843	plus	unassigned	Teo	3
42032136	plus	unassigned	Teo	10
42032579	plus	unassigned	B73	3
42032409	plus	unassigned	B73	2
42031907	plus	unassigned	Teo	2
42032889	plus	unassigned	Teo	83
42032168	minus	unassigned	B73	13
42032928	plus	unassigned	B73	21
42032534	minus	unassigned	Teo	11
42032719	plus	unassigned	Teo	164
42032151	minus	unassigned	B73	14
42032971	plus	unassigned	Teo	1
42032860	minus	nbr	B73	40
42033264	plus	unassigned	Teo	1
42032802	minus	nbr	B73	84
42033303	plus	unassigned	B73	3
42032801	plus	unassigned	Teo	463
42032989	minus	nbr	B73	41
42032768	minus	nbr	B73	167
42032858	minus	nbr	Teo	6
42031836	plus	ppl2	Teo	8
42031577	plus	unassigned	B73	1
42032711	minus	unassigned	Teo	1
42032660	plus	ppl2	Teo	1
42032389	plus	unassigned	B73	3
42031887	plus	unassigned	Teo	2
42031926	plus	unassigned	B73	2
42031804	minus	unassigned	Teo	5
42032699	plus	unassigned	Teo	1
42032149	minus	unassigned	B73	14
42032738	plus	unassigned	B73	358
42032132	minus	unassigned	B73	13
42032529	plus	unassigned	Teo	36
42032990	plus	unassigned	B73	6
42033283	plus	unassigned	B73	1
42032781	plus	unassigned	Teo	458
42032820	plus	unassigned	B73	1515
42033113	plus	unassigned	B73	3
42033081	minus	nbr	B73	64
42032611	plus	unassigned	Teo	27
42032163	minus	unassigned	Teo	35
42033244	minus	nbr	B73	14
42033023	minus	nbr	B73	52
42032664	plus	ppl2	B73	7
42033113	minus	nbr	Teo	1
42033079	minus	nbr	Teo	2
42032709	minus	unassigned	Teo	1
42032326	minus	unassigned	B73	14
42032357	minus	unassigned	Teo	33
42032340	minus	unassigned	Teo	36
42032895	minus	nbr	B73	21
42031873	plus	ppl2	B73	5
42031652	plus	ppl2	B73	1
42032345	plus	unassigned	B73	3
42032985	minus	nbr	Teo	8
42032764	minus	nbr	Teo	18
42032927	minus	nbr	Teo	5
42032864	plus	unassigned	B73	1381
42033157	plus	unassigned	B73	4
42031905	plus	ppl2	Teo	51
42032338	minus	unassigned	Teo	36
42032671	minus	unassigned	B73	3
42032321	minus	unassigned	Teo	33
42033371	minus	nbr	B73	5
42033150	minus	nbr	B73	43
42031909	plus	ppl2	B73	5
42032570	plus	ppl2	B73	53
42031862	plus	unassigned	B73	4
42031795	minus	unassigned	Teo	4
42032155	plus	unassigned	B73	3
42033148	minus	nbr	Teo	1
42032602	plus	ppl2	Teo	335
42032465	plus	unassigned	Teo	1
42032984	plus	unassigned	Teo	1
42032347	plus	ppl2	Teo	139
42032126	plus	ppl2	Teo	64
42032568	plus	ppl2	Teo	388
42033277	plus	unassigned	Teo	1
42032814	plus	unassigned	Teo	463
42032515	minus	unassigned	Teo	9
42032669	minus	unassigned	B73	3
42032652	minus	unassigned	B73	5
42032891	minus	nbr	Teo	1
42032606	plus	ppl2	B73	52
42032833	minus	nbr	Teo	13
42032799	minus	nbr	Teo	13
42031811	plus	ppl2	Teo	4
42031736	plus	unassigned	B73	2
42032846	minus	unassigned	B73	2
42032548	plus	unassigned	B73	3
42032837	minus	nbr	B73	67
42032339	plus	unassigned	Teo	18
42032111	plus	unassigned	B73	1
42032113	minus	unassigned	B73	12
42033093	plus	unassigned	B73	8
42032591	plus	unassigned	Teo	29
42032858	plus	unassigned	Teo	390
42032630	plus	unassigned	B73	3
42031815	plus	ppl2	B73	2
42032144	minus	unassigned	Teo	36
42032940	plus	unassigned	Teo	6
42033233	plus	unassigned	Teo	1
42033054	minus	nbr	Teo	8
42032827	minus	unassigned	B73	4
42033313	minus	nbr	B73	4
42031856	plus	unassigned	Teo	3
42032358	plus	unassigned	B73	3
42032810	minus	unassigned	B73	10
42032149	plus	unassigned	Teo	10
42033279	minus	nbr	B73	11
42033058	minus	nbr	B73	60
42032512	plus	ppl2	B73	19
42032960	minus	nbr	Teo	7
42031903	minus	unassigned	B73	10
42032125	minus	unassigned	Teo	33
42032750	plus	unassigned	Teo	268
42031551	minus	unassigned	B73	1
42031683	plus	ppl2	Teo	1
42033316	plus	unassigned	B73	3
42032964	minus	nbr	B73	31
42032743	minus	nbr	B73	169
42032319	minus	unassigned	Teo	34
42031500	plus	ppl2	B73	2
42031687	plus	ppl2	B73	1
42031672	plus	unassigned	B73	2
42031939	plus	unassigned	B73	2
42031549	minus	unassigned	B73	1
42032487	minus	unassigned	Teo	1
42032380	plus	ppl2	Teo	183
42031532	minus	unassigned	B73	1
42032470	minus	unassigned	Teo	1
42032314	plus	unassigned	B73	3
42031812	plus	unassigned	Teo	2
42032105	plus	unassigned	Teo	3
42032794	plus	unassigned	Teo	470
42032833	plus	unassigned	B73	1578
42033126	plus	unassigned	B73	4
42032624	plus	unassigned	Teo	26
42033185	minus	nbr	B73	27
42032633	minus	unassigned	B73	17
42032384	plus	ppl2	B73	21
42032163	plus	ppl2	B73	10
42031749	plus	unassigned	B73	2
42032637	plus	ppl2	Teo	266
42031792	plus	unassigned	Teo	2
42031831	plus	unassigned	B73	3
42032124	plus	unassigned	B73	1
42032870	minus	nbr	B73	24
42031894	minus	unassigned	B73	10
42032877	plus	unassigned	B73	730
42033246	plus	unassigned	Teo	1
42032902	minus	nbr	Teo	1
42032707	plus	unassigned	B73	132
42033252	plus	unassigned	B73	3
42032868	minus	nbr	Teo	3
42032614	minus	unassigned	B73	19
42031846	plus	ppl2	Teo	14
42032645	minus	unassigned	Teo	13
42032906	minus	nbr	B73	23
42032808	minus	unassigned	B73	10
42031875	plus	unassigned	B73	4
42033091	minus	nbr	B73	59
42032168	plus	unassigned	B73	3
42031629	plus	ppl2	B73	2
42031705	plus	unassigned	B73	1
42032478	plus	unassigned	Teo	1
42032517	plus	unassigned	B73	3
42032106	minus	unassigned	Teo	31
42033123	minus	nbr	Teo	1
42033062	plus	unassigned	B73	7
42032560	plus	unassigned	Teo	31
42033329	plus	unassigned	B73	3
42032827	plus	unassigned	Teo	489
42033089	minus	nbr	Teo	2
42032322	plus	ppl2	Teo	106
42032543	plus	ppl2	Teo	409
42033202	plus	unassigned	Teo	1
42033348	minus	nbr	B73	4
42033127	minus	nbr	B73	56
42031685	plus	unassigned	B73	2
42032105	plus	ppl2	B73	4
42032547	plus	ppl2	B73	54
42032326	plus	ppl2	B73	12
42032995	minus	nbr	Teo	8
42032774	minus	nbr	Teo	19
42031825	plus	unassigned	Teo	2
42032420	minus	unassigned	B73	3
42032118	plus	unassigned	Teo	3
42032468	minus	unassigned	Teo	1
42032370	plus	unassigned	Teo	17
42032085	minus	unassigned	B73	3
42031513	minus	unassigned	B73	1
42033182	plus	unassigned	Teo	1
42032812	minus	nbr	B73	84
42032643	plus	unassigned	B73	3
42032999	minus	nbr	B73	49
42032778	minus	nbr	B73	166
42032953	plus	unassigned	Teo	4
42031698	minus	unassigned	B73	8
42032670	plus	ppl2	Teo	1
42032418	minus	unassigned	B73	3
42031559	plus	unassigned	B73	1
42032401	minus	unassigned	B73	19
42032799	minus	unassigned	B73	11
42032782	minus	unassigned	B73	25
42031869	plus	unassigned	Teo	3
42031641	plus	unassigned	B73	2
42031908	plus	unassigned	B73	2
42031875	minus	unassigned	B73	6
42032097	minus	unassigned	Teo	1
42033254	minus	nbr	B73	13
42033033	minus	nbr	B73	54
42032972	plus	unassigned	B73	8
42033265	plus	unassigned	B73	3
42032763	plus	unassigned	Teo	349
42032802	plus	unassigned	B73	1391
42032674	plus	ppl2	B73	1
42032616	plus	ppl2	B73	51
42032626	minus	unassigned	Teo	14
42031888	plus	unassigned	B73	2
42032763	minus	unassigned	B73	25
42032847	minus	nbr	B73	47
42031856	minus	unassigned	B73	5
42031883	plus	ppl2	B73	4
42031662	plus	ppl2	B73	1
42031825	plus	ppl2	B73	3
42032937	minus	nbr	Teo	6
42032716	minus	nbr	Teo	12
42031887	minus	unassigned	Teo	23
42032573	plus	unassigned	Teo	30
42031870	minus	unassigned	Teo	10
42032327	plus	unassigned	B73	3
42032846	plus	unassigned	B73	1628
42033139	plus	unassigned	B73	5
42032637	plus	unassigned	Teo	24
42033391	plus	unassigned	B73	3
42032607	minus	unassigned	Teo	14
42033221	plus	unassigned	B73	5
42033381	minus	nbr	B73	3
42033160	minus	nbr	B73	40
42033323	minus	nbr	B73	4
42033102	minus	nbr	B73	60
42031681	minus	unassigned	B73	7
42032580	plus	ppl2	B73	54
42033289	minus	nbr	B73	11
42032522	plus	ppl2	B73	47
42033158	minus	nbr	Teo	1
42031844	plus	unassigned	B73	4
42032612	plus	ppl2	Teo	308
42032137	plus	unassigned	B73	3
42032136	plus	ppl2	Teo	81
42032578	plus	ppl2	Teo	376
42032357	plus	ppl2	Teo	160
42032966	plus	unassigned	Teo	3
42033259	plus	unassigned	Teo	1
42033031	plus	unassigned	B73	4
42032974	minus	nbr	B73	38
42032753	minus	nbr	B73	169
42032586	minus	unassigned	B73	22
42031679	minus	unassigned	B73	7
42032843	minus	nbr	Teo	12
42031662	minus	unassigned	B73	6
42031821	plus	ppl2	Teo	5
42031693	minus	unassigned	Teo	3
42031654	plus	unassigned	B73	2
42031970	plus	unassigned	B73	2
42031800	plus	unassigned	B73	3
42032782	plus	unassigned	B73	1191
42032567	minus	unassigned	B73	28
42033075	plus	unassigned	B73	7
42032612	plus	unassigned	B73	2
42032550	minus	unassigned	B73	27
42032173	plus	ppl2	B73	10
42032403	plus	unassigned	Teo	17
42032394	plus	ppl2	B73	20
42032598	minus	unassigned	Teo	12
42031643	minus	unassigned	B73	6
42033064	minus	nbr	Teo	7
42032922	plus	unassigned	Teo	12
42032581	minus	unassigned	Teo	13
42033215	plus	unassigned	Teo	1
42033006	minus	nbr	Teo	8
42031674	minus	unassigned	Teo	2
42032647	plus	ppl2	Teo	256
42032880	minus	nbr	B73	20
42031698	plus	unassigned	B73	2
42032744	minus	unassigned	B73	27
42033068	minus	nbr	B73	59
42031780	plus	unassigned	B73	2
42031837	minus	unassigned	B73	10
42032970	minus	nbr	Teo	7
42032775	minus	unassigned	Teo	1
42032912	minus	nbr	Teo	2
42031610	plus	unassigned	B73	1
42031820	minus	unassigned	B73	9
42032392	minus	unassigned	B73	17
42031838	plus	unassigned	Teo	2
42032592	plus	unassigned	B73	3
42031868	minus	unassigned	Teo	10
42032878	minus	nbr	Teo	2
42032859	plus	unassigned	B73	1474
42032383	plus	unassigned	Teo	17
42031851	minus	unassigned	Teo	9
42031693	plus	ppl2	Teo	1
42031856	plus	ppl2	Teo	19
42033195	plus	unassigned	Teo	1
42032941	plus	unassigned	B73	11
42033234	plus	unassigned	B73	5
42032732	plus	unassigned	Teo	212
42032916	minus	nbr	B73	30
42032725	minus	unassigned	B73	27
42031697	plus	ppl2	B73	2
42031639	plus	ppl2	B73	1
42031590	plus	unassigned	B73	1
42031818	minus	unassigned	B73	9
42032756	minus	unassigned	Teo	1
42032373	minus	unassigned	B73	13
42031801	minus	unassigned	B73	8
42033133	minus	nbr	Teo	1
42031849	minus	unassigned	Teo	9
42032390	plus	ppl2	Teo	178
42031832	minus	unassigned	Teo	8
42032111	plus	ppl2	Teo	60
42032553	plus	ppl2	Teo	405
42032332	plus	ppl2	Teo	111
42032985	plus	unassigned	B73	6
42033278	plus	unassigned	B73	1
42032776	plus	unassigned	Teo	413
42032815	plus	unassigned	B73	1469
42033108	plus	unassigned	B73	5
42032606	plus	unassigned	Teo	27
42033360	plus	unassigned	B73	3
42033195	minus	nbr	B73	25
42033358	minus	nbr	B73	4
42033151	plus	unassigned	Teo	1
42033137	minus	nbr	B73	57
42032336	plus	ppl2	B73	11
42032115	plus	ppl2	B73	5
42032557	plus	ppl2	B73	55
42032784	minus	nbr	Teo	18
42032354	minus	unassigned	B73	15
42032385	minus	unassigned	Teo	8
42031983	plus	unassigned	B73	1
42032822	minus	nbr	B73	75
42031813	plus	unassigned	B73	3
42032106	plus	unassigned	B73	1
42032788	minus	nbr	B73	95
42032795	plus	unassigned	B73	1316
42031800	plus	ppl2	B73	2
42033088	plus	unassigned	B73	8
42032586	plus	unassigned	Teo	30
42032625	plus	unassigned	B73	2
42033170	plus	unassigned	B73	5
42032548	minus	unassigned	B73	27
42032935	plus	unassigned	Teo	6
42033228	plus	unassigned	Teo	1
42033000	plus	unassigned	B73	6
42032531	minus	unassigned	B73	22
42032579	minus	unassigned	Teo	15
42031624	minus	unassigned	B73	1
42032562	minus	unassigned	Teo	16
42033264	minus	nbr	B73	13
42033043	minus	nbr	B73	57
42031857	plus	unassigned	B73	4
42032529	minus	unassigned	B73	22
42032512	minus	unassigned	B73	16
42033099	minus	nbr	Teo	1
42032979	plus	unassigned	Teo	1
42032751	plus	unassigned	B73	526
42033044	plus	unassigned	B73	4
42032542	plus	unassigned	Teo	35
42032543	minus	unassigned	Teo	15
42032809	plus	unassigned	Teo	471
42032160	minus	unassigned	B73	13
42031672	plus	ppl2	B73	1
42031893	plus	ppl2	B73	5
42032706	minus	unassigned	B73	29
42032947	minus	nbr	Teo	6
42032726	minus	nbr	Teo	15
42032737	minus	unassigned	Teo	1
42031667	plus	unassigned	B73	2
42032720	minus	unassigned	Teo	1
42031813	minus	unassigned	Teo	7
42031807	plus	unassigned	Teo	2
42032789	plus	unassigned	Teo	464
42032561	plus	unassigned	B73	3
42032158	minus	unassigned	B73	13
42032352	plus	unassigned	Teo	18
42032619	plus	unassigned	Teo	26
42032871	plus	unassigned	Teo	258
42033164	plus	unassigned	Teo	1
42032701	plus	unassigned	Teo	37
42033391	minus	nbr	B73	1
42033170	minus	nbr	B73	38
42032590	plus	ppl2	B73	55
42032718	minus	unassigned	Teo	1
42032401	plus	ppl2	Teo	210
42032622	plus	ppl2	Teo	281
42032335	minus	unassigned	B73	16
42032701	minus	unassigned	Teo	1
42032367	plus	ppl2	Teo	178
42032146	plus	ppl2	Teo	87
42032588	plus	ppl2	Teo	353
42032366	minus	unassigned	Teo	10
42031793	plus	unassigned	B73	3
42031792	minus	unassigned	B73	8
42031623	plus	unassigned	B73	1
42033206	minus	nbr	B73	21
42032396	plus	unassigned	Teo	17
42032626	plus	ppl2	B73	45
42032405	plus	ppl2	B73	19
42032853	minus	nbr	Teo	8
42032954	plus	unassigned	B73	6
42033247	plus	unassigned	B73	3
42032745	plus	unassigned	Teo	255
42031831	plus	ppl2	Teo	5
42031797	plus	ppl2	Teo	3
42032316	minus	unassigned	B73	13
42032697	minus	unassigned	B73	2
42032347	minus	unassigned	Teo	35
42032857	minus	nbr	B73	40
42032680	minus	unassigned	B73	3
42032330	minus	unassigned	Teo	35
42031835	plus	ppl2	B73	3
42031952	plus	unassigned	B73	2
42033057	plus	unassigned	B73	7
42033074	minus	nbr	Teo	6
42032555	plus	unassigned	Teo	32
42032998	plus	unassigned	B73	6
42032828	plus	unassigned	B73	1576
42032524	minus	unassigned	Teo	10
42032141	minus	unassigned	B73	17
42033373	plus	unassigned	B73	3
42032910	plus	unassigned	B73	81
42033203	plus	unassigned	B73	5
42032172	minus	unassigned	Teo	35
42032678	minus	unassigned	B73	3
42033333	minus	nbr	B73	4
42033112	minus	nbr	B73	59
